id,nom,prenom,genre,age,pays,ville,type_etablissement,etablissement,niveau,email,moyenne,absence,diplome
STU_000001,López,Valeria,F,25,Espagne,Bilbao,Universidad,Universidad de Barcelona,3º Curso,valeria.lópez819@edu,11.97,11,Grado
STU_000002,Johnson,Sophia,F,17,USA,Miami,University,UC Berkeley,Sophomore,sophia.johnson400@school.edu,11.63,12,PhD
STU_000003,Thomas,Ava,F,6,UK,Oxford,Primary School,Victoria Primary,Year 3,ava.thomas506@school.edu,15.39,9,A-Level
STU_000004,Sánchez,Sofía,F,12,Espagne,Valencia,Primaria,Colegio Goya,5º Primaria,sofía.sánchez167@school.edu,9.58,0,Bachillerato
STU_000005,Gómez,Martina,F,13,Espagne,Madrid,Secundaria,Instituto Giner de los Ríos,2º ESO,martina.gómez783@school.edu,11.46,4,Doctorado
STU_000006,Wilson,Isabella,F,9,UK,London,University,Imperial College London,Second Year,isabella.wilson125@school.edu,12.71,8,PhD
STU_000007,Davies,Ava,F,17,UK,Liverpool,Secondary School,Westminster School,Year 12,ava.davies673@school.edu,8.91,3,A-Level
STU_000008,Taylor,Sophie,F,16,UK,Cambridge,Secondary School,Eton College,Year 13,sophie.taylor87@school.edu,11.09,6,Master's
STU_000009,Robert,Inès,F,22,France,Nantes,Université,Université Paris-Saclay,Licence 2,ines.robert821@edu,10.2,10,Master
STU_000010,Dupont,Zoé,F,6,France,Strasbourg,École Primaire,École Jules Ferry,CP,zoe.dupont489@school.edu,13.2,6,Brevet
STU_000011,García,Lucas,M,22,Espagne,Valencia,Universidad,Universidad de Salamanca,1º Curso,lucas.garcía226@edu,11.95,3,Grado
STU_000012,Fassi,Karim,M,24,Maroc,Casablanca,Université,Université Ibn Tofail,S2,karim.fassi657@edu,12.5,10,Doctorat
STU_000013,Wilson,James,M,10,Canada,Vancouver,University,UBC,First Year,james.wilson345@school.edu,9.87,8,PhD
STU_000014,MacDonald,Ava,F,17,Canada,Montreal,University,University of Toronto,Second Year,ava.macdonald760@edu,16.18,6,Master's
STU_000015,Robert,Camille,F,17,France,Nantes,Lycée,Lycée Condorcet,Seconde,camille.robert874@school.edu,15.47,6,Doctorat
STU_000016,Martínez,Lucas,M,12,Espagne,Málaga,Secundaria,Instituto Giner de los Ríos,1º Bachillerato,lucas.martínez518@school.edu,12.35,9,Máster
STU_000017,Johnson,Emily,F,6,UK,Oxford,University,UCL,First Year,emily.johnson31@school.edu,14.69,4,Master's
STU_000018,Brown,Harper,F,11,USA,Seattle,Elementary School,Washington Elementary,Grade 3,harper.brown709@school.edu,11.15,5,PhD
STU_000019,Dupont,Léa,F,16,France,Marseille,Lycée,Lycée Henri IV,Terminale,lea.dupont744@school.edu,11.19,2,Brevet
STU_000020,Johnson,Oliver,M,11,UK,Edinburgh,Secondary School,Eton College,Year 8,oliver.johnson296@school.edu,11.14,0,PhD
STU_000021,Martin,Lucas,M,15,France,Nantes,Collège,Collège Molière,5ème,lucas.martin414@school.edu,14.41,1,Baccalauréat
STU_000022,Jones,Olivia,F,16,USA,Seattle,University,MIT,Senior,olivia.jones837@school.edu,14.39,12,High School Diploma
STU_000023,Leroy,Arthur,M,11,France,Lille,École Primaire,École Pasteur,CE1,arthur.leroy972@school.edu,13.92,0,Brevet
STU_000024,Bernard,Arthur,M,20,France,Toulouse,Université,Université Grenoble Alpes,Licence 3,arthur.bernard135@edu,11.16,9,Master
STU_000025,Sánchez,Mateo,M,6,Espagne,Granada,Primaria,Colegio Cervantes,2º Primaria,mateo.sánchez525@school.edu,13.03,6,ESO
STU_000026,Durand,Hugo,M,17,France,Marseille,Lycée,Lycée Henri IV,Première,hugo.durand4@school.edu,8.88,4,Baccalauréat
STU_000027,Alaoui,Ikram,F,22,Maroc,Casablanca,Université,Université Mohammed V,S2,ikram.alaoui178@edu,11.85,12,Certificat Primaire
STU_000028,González,Manuel,M,23,Espagne,Granada,Universidad,Universidad de Salamanca,4º Curso,manuel.gonzález746@edu,14.85,15,ESO
STU_000029,Wilson,Oliver,M,13,UK,Bristol,Secondary School,Westminster School,Year 10,oliver.wilson259@school.edu,14.07,7,Master's
STU_000030,Martin,Hugo,M,15,France,Strasbourg,Collège,Collège Jean Moulin,4ème,hugo.martin652@school.edu,15.47,3,Doctorat
STU_000031,Robert,Emma,F,18,France,Paris,Université,Université Grenoble Alpes,Licence 3,emma.robert65@edu,15.34,13,Baccalauréat
STU_000032,Garcia,Charlotte,F,11,USA,San Francisco,Middle School,Madison Middle School,Grade 7,charlotte.garcia795@school.edu,13.53,2,PhD
STU_000033,Jones,John,M,11,USA,Miami,Middle School,Kennedy Middle School,Grade 8,john.jones363@school.edu,16.59,6,High School Diploma
STU_000034,Martin,Charlotte,F,6,Canada,Winnipeg,University,University of Alberta,First Year,charlotte.martin818@edu,15.82,1,Bachelor's
STU_000035,Meyer,Finn,M,25,Allemagne,Köln,Universität,Universität Hamburg,1. Semester,finn.meyer717@edu,11.9,7,Bachelor
STU_000036,Smith,Oliver,M,12,Canada,Winnipeg,University,University of Toronto,Graduate,oliver.smith17@edu,11.3,12,Master's
STU_000037,Chakir,Amine,M,12,Maroc,Oujda,Collège,Collège Averroès,2ème AC,amine.chakir200@school.edu,11.55,6,Baccalauréat
STU_000038,Benali,Amine,M,13,Maroc,Casablanca,Collège,Collège Ibn Khaldoun,1ère AC,amine.benali544@school.edu,15.41,7,Doctorat
STU_000039,Sánchez,Álvaro,M,16,Espagne,Madrid,Secundaria,Instituto Lope de Vega,2º ESO,álvaro.sánchez212@school.edu,14.9,1,ESO
STU_000040,Fernández,Mateo,M,11,Espagne,Granada,Primaria,Colegio Velázquez,6º Primaria,mateo.fernández435@school.edu,11.75,2,Doctorado
STU_000041,Rodríguez,Martín,M,23,Espagne,Madrid,Universidad,Universidad de Salamanca,3º Curso,martín.rodríguez273@edu,10.18,3,ESO
STU_000042,Hoffmann,Leon,M,14,Allemagne,Hamburg,Gymnasium,Kant-Gymnasium,Klasse 10,leon.hoffmann290@school.edu,10.3,8,Doktor
STU_000043,MacDonald,Sophia,F,17,Canada,Edmonton,Secondary School,Toronto High School,Grade 10,sophia.macdonald803@school.edu,11.88,4,High School Diploma
STU_000044,Johnson,Amelia,F,17,UK,Cambridge,Secondary School,Eton College,Year 7,amelia.johnson483@school.edu,11.21,5,Bachelor's
STU_000045,Bennani,Amine,M,11,Maroc,Meknès,Collège,Collège Ibn Khaldoun,2ème AC,amine.bennani998@school.edu,14.44,0,Licence
STU_000046,Dupont,Clara,F,18,France,Lille,Lycée,Lycée Henri IV,Première,clara.dupont234@school.edu,11.72,3,Master
STU_000047,MacDonald,Liam,M,8,Canada,Quebec City,University,University of Toronto,Graduate,liam.macdonald408@edu,10.65,19,PhD
STU_000048,Rodriguez,Joseph,M,6,USA,Boston,Elementary School,Lincoln Elementary,Grade 4,joseph.rodriguez694@school.edu,13.45,9,PhD
STU_000049,Johnson,Sophie,F,10,UK,London,Primary School,Victoria Primary,Year 4,sophie.johnson146@school.edu,13.49,7,Master's
STU_000050,Bennani,Laila,F,20,Maroc,Meknès,Université,Université Hassan II,S4,laila.bennani562@edu,12.04,8,Brevet
STU_000051,Johnson,Lucas,M,16,Canada,Calgary,University,McGill University,First Year,lucas.johnson430@edu,11.88,4,High School Diploma
STU_000052,Smith,Isla,F,9,UK,Edinburgh,Primary School,St. Mary's Primary,Year 3,isla.smith432@school.edu,10.71,0,GCSE
STU_000053,Simon,Raphaël,M,18,France,Bordeaux,Lycée,Lycée Janson de Sailly,Seconde,raphaël.simon615@school.edu,15.05,0,Baccalauréat
STU_000054,El Amrani,Karim,M,12,Maroc,Rabat,Collège,Collège Al Ghazali,1ère AC,karim.elamrani545@school.edu,15.65,1,Brevet
STU_000055,Brown,Thomas,M,13,USA,Boston,Middle School,Kennedy Middle School,Grade 7,thomas.brown497@school.edu,12.06,1,High School Diploma
STU_000056,Thomas,Mathis,M,13,France,Strasbourg,Collège,Collège Pierre et Marie Curie,6ème,mathis.thomas983@school.edu,12.82,4,Licence
STU_000057,Evans,Olivia,F,12,UK,London,University,LSE,Postgraduate,olivia.evans89@school.edu,11.36,6,Master's
STU_000058,Smith,James,M,11,USA,San Francisco,Middle School,Franklin Middle School,Grade 6,james.smith997@school.edu,10.64,3,Master's Degree
STU_000059,Bernard,Zoé,F,21,France,Lille,Université,Université Paris-Saclay,Master 1,zoe.bernard411@edu,15.02,12,Licence
STU_000060,López,Paula,F,22,Espagne,Valencia,Universidad,Universidad Complutense,4º Curso,paula.lópez897@edu,13.95,19,Máster
STU_000061,Sánchez,Daniela,F,12,Espagne,Barcelona,Primaria,Colegio Cervantes,2º Primaria,daniela.sánchez853@school.edu,11.32,9,Grado
STU_000062,Rodriguez,John,M,12,USA,Boston,Middle School,Madison Middle School,Grade 6,john.rodriguez827@school.edu,15.34,2,Bachelor's Degree
STU_000063,Taylor,Chloe,F,15,Canada,Montreal,Secondary School,Vancouver High School,Grade 8,chloe.taylor241@school.edu,12.5,1,PhD
STU_000064,Garcia,Emma,F,9,USA,Boston,University,Harvard University,Freshman,emma.garcia778@edu,12.14,15,Bachelor's Degree
STU_000065,Davies,George,M,8,UK,Manchester,University,Imperial College London,Second Year,george.davies223@school.edu,14.4,2,GCSE
STU_000066,Anderson,Noah,M,6,Canada,Quebec City,Elementary School,Pine Elementary,Grade 1,noah.anderson748@school.edu,14.0,7,PhD
STU_000067,Smith,Lily,F,9,UK,Bristol,Primary School,Westminster Primary,Year 1,lily.smith665@school.edu,10.04,0,A-Level
STU_000068,Davies,Jack,M,8,UK,Liverpool,Primary School,Victoria Primary,Year 4,jack.davies468@school.edu,12.5,3,A-Level
STU_000069,Thomas,Harry,M,10,UK,Liverpool,Primary School,King's Primary School,Year 1,harry.thomas569@school.edu,11.37,6,PhD
STU_000070,Pérez,Álvaro,M,15,Espagne,Sevilla,Secundaria,Instituto Ramón y Cajal,2º ESO,álvaro.perez322@school.edu,15.25,4,Máster
STU_000071,Bennani,Aicha,F,6,Maroc,Agadir,École Primaire,École Ibn Sina,3ème année,aicha.bennani375@school.edu,12.08,1,Licence
STU_000072,Wilson,Charlotte,F,11,Canada,Quebec City,Secondary School,Vancouver High School,Grade 11,charlotte.wilson112@school.edu,9.92,0,Bachelor's
STU_000073,Wagner,Anna,F,6,Allemagne,München,Grundschule,Schiller Grundschule,Klasse 1,anna.wagner527@school.edu,11.55,5,Bachelor
STU_000074,Chakir,Rachid,M,15,Maroc,Tanger,Lycée,Lycée Moulay Youssef,Tronc Commun,rachid.chakir412@school.edu,9.4,4,Licence
STU_000075,Jones,James,M,10,USA,Boston,University,UC Berkeley,Freshman,james.jones269@school.edu,10.1,2,PhD
STU_000076,Roy,Jack,M,6,Canada,Vancouver,Elementary School,Cedar Elementary,Grade 2,jack.roy626@school.edu,14.72,8,High School Diploma
STU_000077,Bernard,Emma,F,6,France,Lille,École Primaire,École Élémentaire Victor Hugo,CM1,emma.bernard252@school.edu,15.83,2,Brevet
STU_000078,Tazi,Zineb,F,13,Maroc,Agadir,Collège,Collège Al Khawarizmi,2ème AC,zineb.tazi374@school.edu,13.45,1,Baccalauréat
STU_000079,Brown,Charlie,M,11,UK,London,Secondary School,Cambridge High School,Year 9,charlie.brown654@school.edu,11.61,4,Master's
STU_000080,Tremblay,Noah,M,11,Canada,Montreal,University,McGill University,Fourth Year,noah.tremblay626@edu,14.53,8,Bachelor's
STU_000081,Benali,Salma,F,25,Maroc,Casablanca,Université,Université Mohammed V,S6,salma.benali450@edu,14.11,7,Licence
STU_000082,Bennani,Mohamed,M,6,Maroc,Oujda,École Primaire,École Ibn Sina,2ème année,mohamed.bennani802@school.edu,14.48,5,Brevet
STU_000083,Brown,Jessica,F,15,UK,Manchester,Secondary School,Cambridge High School,Year 11,jessica.brown995@school.edu,14.28,2,Bachelor's
STU_000084,Miller,Matthew,M,17,USA,Chicago,High School,East High School,Grade 11,matthew.miller869@school.edu,9.47,5,PhD
STU_000085,Martin,Louis,M,10,France,Marseille,École Primaire,École Jean Jaurès,CE2,louis.martin537@school.edu,11.63,4,Master
STU_000086,Brown,Ava,F,14,UK,London,Secondary School,Oxford High School,Year 11,ava.brown368@school.edu,11.14,0,Bachelor's
STU_000087,Fassi,Amine,M,13,Maroc,Casablanca,Collège,Collège Ibn Khaldoun,3ème AC,amine.fassi822@school.edu,11.18,4,Brevet
STU_000088,Smith,Thomas,M,13,UK,Oxford,University,LSE,Postgraduate,thomas.smith255@school.edu,15.11,13,PhD
STU_000089,Benjelloun,Sanae,F,13,Maroc,Agadir,Collège,Collège Ibn Khaldoun,2ème AC,sanae.benjelloun463@school.edu,9.5,6,Master
STU_000090,Rodríguez,Alejandro,M,18,Espagne,Valencia,Secundaria,Instituto Giner de los Ríos,3º ESO,alejandro.rodríguez268@school.edu,13.32,8,ESO
STU_000091,MacDonald,Chloe,F,11,Canada,Montreal,Elementary School,Maple Elementary,Grade 6,chloe.macdonald126@school.edu,11.03,0,Bachelor's
STU_000092,Moreau,Jules,M,19,France,Paris,Université,Sorbonne Université,Licence 3,jules.moreau393@edu,11.99,2,Baccalauréat
STU_000093,Becker,Marie,F,6,Allemagne,München,Grundschule,Mozart Grundschule,Klasse 3,marie.becker762@school.edu,9.3,7,Doktor
STU_000094,Wilson,Amelia,F,14,UK,Liverpool,University,LSE,Second Year,amelia.wilson799@school.edu,12.19,12,A-Level
STU_000095,Meyer,Noah,M,25,Allemagne,Stuttgart,Universität,Universität Hamburg,4. Semester,noah.meyer334@edu,12.4,15,Bachelor
STU_000096,Pérez,Lucas,M,9,Espagne,Barcelona,Primaria,Colegio Velázquez,6º Primaria,lucas.perez989@school.edu,10.2,4,Doctorado
STU_000097,Davies,Charlie,M,10,UK,Edinburgh,Primary School,King's Primary School,Year 6,charlie.davies565@school.edu,10.99,9,PhD
STU_000098,Martín,Pablo,M,23,Espagne,Zaragoza,Universidad,Universidad Complutense,4º Curso,pablo.martín368@edu,9.48,17,Doctorado
STU_000099,Smith,Noah,M,10,UK,Manchester,Primary School,Westminster Primary,Year 1,noah.smith555@school.edu,12.33,2,Master's
STU_000100,Schneider,Leon,M,7,Allemagne,Leipzig,Grundschule,Schiller Grundschule,Klasse 2,leon.schneider678@school.edu,13.18,1,Doktor
STU_000101,Benjelloun,Aicha,F,15,Maroc,Meknès,Collège,Collège Al Ghazali,1ère AC,aicha.benjelloun554@school.edu,9.51,0,Master
STU_000102,Petit,Raphaël,M,15,France,Nantes,Lycée,Lycée Condorcet,Première,raphaël.petit892@school.edu,15.0,6,Licence
STU_000103,Wilson,Poppy,F,8,UK,Birmingham,University,University of Oxford,Second Year,poppy.wilson456@edu,12.8,18,Master's
STU_000104,Schulz,Marie,F,8,Allemagne,Stuttgart,Grundschule,Schiller Grundschule,Klasse 4,marie.schulz688@school.edu,11.38,6,Bachelor
STU_000105,Martin,Ethan,M,7,Canada,Toronto,Elementary School,Maple Elementary,Grade 2,ethan.martin67@school.edu,10.1,6,PhD
STU_000106,Martínez,Sofía,F,6,Espagne,Madrid,Primaria,Colegio Goya,1º Primaria,sofía.martínez66@school.edu,11.82,7,Máster
STU_000107,Pérez,Paula,F,23,Espagne,Málaga,Universidad,Universidad de Salamanca,3º Curso,paula.perez912@edu,9.73,16,Máster
STU_000108,Brown,Evelyn,F,17,USA,New York,High School,South High School,Grade 9,evelyn.brown595@school.edu,14.06,4,Master's Degree
STU_000109,Thomas,Charlie,M,11,UK,Edinburgh,Primary School,St. Mary's Primary,Year 5,charlie.thomas862@school.edu,12.44,9,GCSE
STU_000110,Weber,Lea,F,23,Allemagne,Stuttgart,Universität,Universität Heidelberg,1. Semester,lea.weber617@edu,10.23,6,Doktor
STU_000111,Brown,Jessica,F,9,UK,Birmingham,Primary School,Victoria Primary,Year 4,jessica.brown400@school.edu,11.8,0,Bachelor's
STU_000112,Fernández,Lucas,M,15,Espagne,Zaragoza,Secundaria,Instituto Lope de Vega,3º ESO,lucas.fernández287@school.edu,12.46,7,ESO
STU_000113,Wagner,Marie,F,25,Allemagne,Hamburg,Universität,Universität Heidelberg,6. Semester,marie.wagner886@edu,15.48,18,Bachelor
STU_000114,Thomas,Raphaël,M,22,France,Strasbourg,Université,Université Grenoble Alpes,Master 2,raphaël.thomas186@edu,11.79,19,Master
STU_000115,Moreau,Clara,F,11,France,Lille,Collège,Collège Voltaire,6ème,clara.moreau284@school.edu,9.96,3,Baccalauréat
STU_000116,López,Leo,M,18,Espagne,Málaga,Secundaria,Instituto Giner de los Ríos,4º ESO,leo.lópez516@school.edu,11.6,9,ESO
STU_000117,González,Emma,F,26,Espagne,Zaragoza,Universidad,Universidad Complutense,1º Curso,emma.gonzález650@edu,11.82,11,Máster
STU_000118,Moreau,Noah,M,17,France,Lyon,Lycée,Lycée Condorcet,Seconde,noah.moreau691@school.edu,12.2,7,Licence
STU_000119,García,María,F,20,Espagne,Valencia,Universidad,Universidad de Salamanca,4º Curso,maría.garcía237@edu,13.58,0,Doctorado
STU_000120,Petit,Jules,M,10,France,Paris,École Primaire,École Pasteur,CP,jules.petit18@school.edu,11.23,7,Master
STU_000121,Bennani,Aicha,F,6,Maroc,Fès,École Primaire,École Hassan II,1ère année,aicha.bennani815@school.edu,11.27,8,Brevet
STU_000122,Müller,Marie,F,24,Allemagne,Stuttgart,Universität,Universität München,5. Semester,marie.muller928@edu,13.03,3,Master
STU_000123,Davis,Emma,F,16,USA,San Francisco,High School,North High School,Grade 9,emma.davis414@school.edu,11.43,3,Bachelor's Degree
STU_000124,Schmidt,Mia,F,13,Allemagne,Düsseldorf,Gymnasium,Goethe-Gymnasium,Klasse 7,mia.schmidt932@school.edu,11.66,8,Abitur
STU_000125,Tremblay,William,M,12,Canada,Edmonton,Secondary School,Montreal High School,Grade 9,william.tremblay9@school.edu,12.32,7,Master's
STU_000126,Sánchez,Martín,M,12,Espagne,Madrid,Primaria,Colegio Velázquez,1º Primaria,martín.sánchez420@school.edu,10.33,9,Máster
STU_000127,Martínez,Pablo,M,8,Espagne,Valencia,Primaria,Colegio Goya,5º Primaria,pablo.martínez29@school.edu,15.33,9,Bachillerato
STU_000128,González,María,F,15,Espagne,Granada,Secundaria,Instituto Giner de los Ríos,3º ESO,maría.gonzález656@school.edu,12.81,6,Grado
STU_000129,Schmidt,Elias,M,22,Allemagne,Düsseldorf,Universität,Universität Heidelberg,1. Semester,elias.schmidt348@edu,10.72,11,Bachelor
STU_000130,Brown,Lucas,M,13,Canada,Calgary,Secondary School,Toronto High School,Grade 11,lucas.brown661@school.edu,9.86,2,PhD
STU_000131,Brown,Thomas,M,10,USA,Los Angeles,Elementary School,Washington Elementary,Grade 1,thomas.brown576@school.edu,15.6,3,Master's Degree
STU_000132,Wilson,Ava,F,7,UK,Cambridge,Primary School,King's Primary School,Year 6,ava.wilson879@school.edu,11.51,8,PhD
STU_000133,Fassi,Mohamed,M,24,Maroc,Casablanca,Université,Université Hassan II,S5,mohamed.fassi450@edu,14.21,13,Master
STU_000134,Hoffmann,Leon,M,16,Allemagne,München,Gymnasium,Humboldt-Gymnasium,Klasse 9,leon.hoffmann380@school.edu,9.2,7,Doktor
STU_000135,Hoffmann,Anna,F,10,Allemagne,Berlin,Grundschule,Schiller Grundschule,Klasse 2,anna.hoffmann699@school.edu,14.48,0,Abitur
STU_000136,Bennani,Sanae,F,11,Maroc,Marrakech,Collège,Collège Al Khawarizmi,1ère AC,sanae.bennani366@school.edu,10.85,2,Certificat Primaire
STU_000137,Bennani,Ikram,F,16,Maroc,Casablanca,Lycée,Lycée Hassan II,Tronc Commun,ikram.bennani227@school.edu,15.36,9,Brevet
STU_000138,Meyer,Emma,F,21,Allemagne,Köln,Universität,Universität München,3. Semester,emma.meyer118@edu,11.02,1,Master
STU_000139,Martin,James,M,7,Canada,Edmonton,Elementary School,Pine Elementary,Grade 3,james.martin412@school.edu,9.9,1,PhD
STU_000140,Becker,Anna,F,9,Allemagne,Düsseldorf,Grundschule,Schiller Grundschule,Klasse 4,anna.becker951@school.edu,11.32,7,Abitur
STU_000141,Jones,Oliver,M,5,UK,Liverpool,Primary School,King's Primary School,Year 2,oliver.jones356@school.edu,11.47,5,Bachelor's
STU_000142,Leroy,Mathis,M,13,France,Marseille,Collège,Collège Pierre et Marie Curie,4ème,mathis.leroy254@school.edu,12.18,5,Master
STU_000143,Davies,Isla,F,14,UK,Liverpool,Secondary School,Westminster School,Year 9,isla.davies543@school.edu,10.16,3,Bachelor's
STU_000144,Simon,Lucas,M,9,France,Nantes,École Primaire,École Jules Ferry,CP,lucas.simon673@school.edu,15.35,0,Baccalauréat
STU_000145,Sánchez,Hugo,M,6,Espagne,Granada,Primaria,Colegio Picasso,6º Primaria,hugo.sánchez727@school.edu,13.75,6,Máster
STU_000146,Thomas,William,M,11,UK,Cambridge,Primary School,King's Primary School,Year 2,william.thomas444@school.edu,10.74,7,A-Level
STU_000147,Sqalli,Omar,M,17,Maroc,Tanger,Lycée,Lycée Hassan II,2ème Bac,omar.sqalli681@school.edu,11.99,1,Master
STU_000148,Benali,Karim,M,16,Maroc,Marrakech,Lycée,Lycée Hassan II,2ème Bac,karim.benali81@school.edu,13.04,1,Brevet
STU_000149,González,Pablo,M,8,Espagne,Zaragoza,Primaria,Colegio Picasso,3º Primaria,pablo.gonzález46@school.edu,9.22,0,Doctorado
STU_000150,Pérez,Alejandro,M,6,Espagne,Málaga,Primaria,Colegio Velázquez,5º Primaria,alejandro.perez49@school.edu,11.47,3,Máster
STU_000151,MacDonald,Olivia,F,16,Canada,Edmonton,University,McGill University,Second Year,olivia.macdonald449@edu,13.37,5,Master's
STU_000152,MacDonald,Charlotte,F,11,Canada,Edmonton,Secondary School,Calgary High School,Grade 11,charlotte.macdonald810@school.edu,14.2,4,Master's
STU_000153,Moreau,Inès,F,14,France,Nantes,Collège,Collège Jean Moulin,6ème,ines.moreau407@school.edu,11.08,3,Licence
STU_000154,Becker,Jonas,M,14,Allemagne,München,Gymnasium,Goethe-Gymnasium,Klasse 8,jonas.becker880@school.edu,11.41,3,Doktor
STU_000155,Dupont,Mathis,M,8,France,Toulouse,École Primaire,École Pasteur,CM1,mathis.dupont283@school.edu,11.08,9,Baccalauréat
STU_000156,MacDonald,Benjamin,M,18,Canada,Edmonton,University,McGill University,Third Year,benjamin.macdonald473@edu,9.75,14,PhD
STU_000157,Pérez,Martina,F,8,Espagne,Zaragoza,Primaria,Colegio Goya,6º Primaria,martina.perez416@school.edu,11.47,6,Máster
STU_000158,Fassi,Amine,M,11,Maroc,Oujda,École Primaire,École Mohammed V,3ème année,amine.fassi979@school.edu,10.35,6,Master
STU_000159,Müller,Elias,M,6,Allemagne,München,Grundschule,Einstein Grundschule,Klasse 4,elias.muller600@school.edu,10.63,1,Doktor
STU_000160,Smith,Olivia,F,18,USA,San Francisco,University,Stanford University,Junior,olivia.smith121@edu,13.53,1,Master's Degree
STU_000161,Robert,Jules,M,13,France,Strasbourg,Collège,Collège Voltaire,6ème,jules.robert3@school.edu,8.78,3,Master
STU_000162,Taylor,Oliver,M,17,Canada,Toronto,Secondary School,Calgary High School,Grade 8,oliver.taylor316@school.edu,12.09,0,High School Diploma
STU_000163,Johnson,Noah,M,15,Canada,Ottawa,University,McGill University,Third Year,noah.johnson460@edu,9.57,16,PhD
STU_000164,Smith,Sophia,F,16,Canada,Winnipeg,Secondary School,Calgary High School,Grade 11,sophia.smith227@school.edu,12.9,3,PhD
STU_000165,Johnson,Amelia,F,6,USA,Boston,University,Stanford University,Graduate,amelia.johnson79@edu,11.7,12,Master's Degree
STU_000166,Smith,Amelia,F,18,USA,New York,High School,South High School,Grade 12,amelia.smith657@school.edu,10.93,7,PhD
STU_000167,Thomas,Noah,M,17,France,Toulouse,Lycée,Lycée Condorcet,Première,noah.thomas754@school.edu,9.16,5,Baccalauréat
STU_000168,Tremblay,Mia,F,16,Canada,Montreal,University,UBC,Second Year,mia.tremblay544@school.edu,15.88,14,Master's
STU_000169,Rodríguez,Martina,F,18,Espagne,Sevilla,Secundaria,Instituto Ramón y Cajal,1º Bachillerato,martina.rodríguez775@school.edu,10.51,7,Doctorado
STU_000170,Schulz,Ben,M,9,Allemagne,München,Grundschule,Mozart Grundschule,Klasse 3,ben.schulz723@school.edu,12.27,4,Abitur
STU_000171,Williams,Mia,F,14,USA,New York,Middle School,Adams Middle School,Grade 7,mia.williams71@school.edu,13.27,6,High School Diploma
STU_000172,Davies,Jack,M,11,UK,Cambridge,Secondary School,Westminster School,Year 9,jack.davies896@school.edu,12.38,7,Master's
STU_000173,Dupont,Manon,F,12,France,Marseille,Collège,Collège Jean Moulin,3ème,manon.dupont197@school.edu,12.02,6,Baccalauréat
STU_000174,González,Mateo,M,6,Espagne,Valencia,Primaria,Colegio Velázquez,5º Primaria,mateo.gonzález58@school.edu,12.27,3,Doctorado
STU_000175,Martín,Sofía,F,19,Espagne,Málaga,Universidad,Universidad de Barcelona,2º Curso,sofía.martín424@edu,12.28,13,ESO
STU_000176,Miller,Matthew,M,16,USA,Boston,High School,South High School,Grade 9,matthew.miller469@school.edu,14.44,9,Bachelor's Degree
STU_000177,Martínez,Martina,F,25,Espagne,Madrid,Universidad,Universidad de Salamanca,3º Curso,martina.martínez624@edu,15.53,15,Grado
STU_000178,Fernández,Paula,F,14,Espagne,Zaragoza,Secundaria,Instituto Lope de Vega,1º ESO,paula.fernández48@school.edu,11.68,5,ESO
STU_000179,Benali,Laila,F,9,Maroc,Casablanca,École Primaire,École Hassan II,1ère année,laila.benali435@school.edu,15.52,8,Certificat Primaire
STU_000180,Thomas,Jessica,F,11,UK,Cambridge,Primary School,St. Mary's Primary,Year 5,jessica.thomas185@school.edu,10.49,9,PhD
STU_000181,Idrissi,Sanae,F,9,Maroc,Tanger,École Primaire,École Ibn Sina,4ème année,sanae.idrissi879@school.edu,11.53,1,Certificat Primaire
STU_000182,Evans,Lily,F,8,UK,Birmingham,Primary School,King's Primary School,Year 4,lily.evans839@school.edu,15.93,5,GCSE
STU_000183,Petit,Manon,F,8,France,Strasbourg,École Primaire,École Élémentaire Victor Hugo,CE1,manon.petit165@school.edu,15.0,2,Baccalauréat
STU_000184,Wilson,Olivia,F,17,Canada,Toronto,University,University of Toronto,First Year,olivia.wilson727@edu,11.57,17,Master's
STU_000185,Davis,Ava,F,11,USA,New York,Elementary School,Washington Elementary,Grade 4,ava.davis331@school.edu,12.65,5,PhD
STU_000186,Johnson,Olivia,F,11,UK,Manchester,Secondary School,Westminster School,Year 7,olivia.johnson330@school.edu,11.43,3,PhD
STU_000187,Martin,Emma,F,17,Canada,Edmonton,Secondary School,Montreal High School,Grade 8,emma.martin121@school.edu,14.86,4,Bachelor's
STU_000188,Sqalli,Aicha,F,17,Maroc,Oujda,Lycée,Lycée Descartes,Tronc Commun,aicha.sqalli213@school.edu,9.8,4,Doctorat
STU_000189,Schulz,Noah,M,25,Allemagne,München,Universität,TU Berlin,1. Semester,noah.schulz823@school.edu,11.02,18,Abitur
STU_000190,Evans,Emily,F,11,UK,Birmingham,University,UCL,Postgraduate,emily.evans507@school.edu,11.41,15,GCSE
STU_000191,Fassi,Youssef,M,19,Maroc,Marrakech,Université,Université Hassan II,S6,youssef.fassi553@edu,9.94,3,Licence
STU_000192,González,Daniela,F,16,Espagne,Sevilla,Secundaria,Instituto Lope de Vega,2º Bachillerato,daniela.gonzález865@school.edu,15.64,2,Máster
STU_000193,Brown,Oliver,M,15,Canada,Edmonton,Secondary School,Montreal High School,Grade 9,oliver.brown916@school.edu,11.23,6,PhD
STU_000194,Williams,Anthony,M,14,USA,San Francisco,High School,Central High School,Grade 9,anthony.williams801@school.edu,10.73,0,High School Diploma
STU_000195,Simon,Léa,F,9,France,Bordeaux,École Primaire,École Pasteur,CM1,lea.simon168@school.edu,11.87,5,Doctorat
STU_000196,Schmidt,Marie,F,9,Allemagne,Berlin,Grundschule,Einstein Grundschule,Klasse 4,marie.schmidt995@school.edu,12.7,3,Master
STU_000197,Benali,Nour,F,16,Maroc,Meknès,Lycée,Lycée Hassan II,1ère Bac,nour.benali546@school.edu,11.61,0,Doctorat
STU_000198,Benali,Salma,F,20,Maroc,Casablanca,Université,Université Mohammed V,Master 1,salma.benali830@edu,12.22,16,Doctorat
STU_000199,Johnson,Isabella,F,15,UK,Oxford,Secondary School,Cambridge High School,Year 8,isabella.johnson996@school.edu,14.64,4,A-Level
STU_000200,Johnson,Benjamin,M,12,Canada,Montreal,University,University of Toronto,Fourth Year,benjamin.johnson987@edu,12.37,4,High School Diploma
STU_000201,Johnson,Matthew,M,14,USA,Seattle,High School,Central High School,Grade 9,matthew.johnson787@school.edu,15.07,9,High School Diploma
STU_000202,Johnson,Jacob,M,17,UK,Manchester,University,University of Cambridge,First Year,jacob.johnson427@edu,12.67,6,A-Level
STU_000203,Smith,Isabella,F,9,Canada,Calgary,Elementary School,Oak Elementary,Grade 6,isabella.smith709@school.edu,13.55,3,High School Diploma
STU_000204,Roy,Jack,M,9,Canada,Winnipeg,Elementary School,Maple Elementary,Grade 4,jack.roy703@school.edu,12.27,8,High School Diploma
STU_000205,Johnson,David,M,11,USA,Seattle,Middle School,Madison Middle School,Grade 6,david.johnson221@school.edu,11.51,3,High School Diploma
STU_000206,Tremblay,William,M,15,Canada,Vancouver,Secondary School,Toronto High School,Grade 11,william.tremblay10@school.edu,12.54,6,Master's
STU_000207,Brown,Evelyn,F,11,USA,Chicago,Elementary School,Lincoln Elementary,Grade 3,evelyn.brown120@school.edu,11.35,4,Bachelor's Degree
STU_000208,Tazi,Rachid,M,16,Maroc,Marrakech,Lycée,Lycée Descartes,2ème Bac,rachid.tazi635@school.edu,15.5,4,Doctorat
STU_000209,Fischer,Lina,F,17,Allemagne,Düsseldorf,Gymnasium,Goethe-Gymnasium,Klasse 8,lina.fischer247@school.edu,15.61,5,Bachelor
STU_000210,Petit,Raphaël,M,7,France,Paris,École Primaire,École Jules Ferry,CE1,raphaël.petit360@school.edu,10.08,7,Brevet
STU_000211,Müller,Emma,F,10,Allemagne,Leipzig,Gymnasium,Schiller-Gymnasium,Klasse 11,emma.muller909@school.edu,9.75,4,Doktor
STU_000212,Dupont,Camille,F,10,France,Strasbourg,École Primaire,École Jules Ferry,CM2,camille.dupont221@school.edu,15.13,2,Doctorat
STU_000213,Schmidt,Emma,F,18,Allemagne,Berlin,Gymnasium,Kant-Gymnasium,Klasse 5,emma.schmidt773@school.edu,12.41,5,Master
STU_000214,Taylor,Jack,M,11,Canada,Ottawa,University,University of Alberta,Second Year,jack.taylor506@edu,12.58,11,Master's
STU_000215,Johnson,Olivia,F,8,USA,Boston,Elementary School,Washington Elementary,Grade 3,olivia.johnson58@school.edu,12.08,1,Bachelor's Degree
STU_000216,Schulz,Lina,F,7,Allemagne,Frankfurt,Grundschule,Einstein Grundschule,Klasse 1,lina.schulz827@school.edu,14.18,7,Doktor
STU_000217,Smith,Alexander,M,9,Canada,Vancouver,Elementary School,Oak Elementary,Grade 1,alexander.smith460@school.edu,12.48,7,Master's
STU_000218,Martinez,Daniel,M,11,USA,Chicago,Middle School,Madison Middle School,Grade 6,daniel.martinez128@school.edu,11.44,2,PhD
STU_000219,Sqalli,Amina,F,10,Maroc,Rabat,École Primaire,École Ibn Sina,5ème année,amina.sqalli699@school.edu,15.28,7,Licence
STU_000220,Martínez,Alejandro,M,14,Espagne,Valencia,Secundaria,Instituto Giner de los Ríos,4º ESO,alejandro.martínez717@school.edu,12.64,8,Grado
STU_000221,Rodriguez,William,M,9,USA,Seattle,University,Stanford University,Junior,william.rodriguez86@edu,15.16,4,High School Diploma
STU_000222,Fischer,Paul,M,10,Allemagne,Hamburg,Grundschule,Mozart Grundschule,Klasse 2,paul.fischer104@school.edu,11.73,4,Bachelor
STU_000223,Benali,Aicha,F,6,Maroc,Rabat,École Primaire,École Al Massira,4ème année,aicha.benali143@school.edu,12.98,5,Doctorat
STU_000224,Sánchez,Alba,F,10,Espagne,Barcelona,Primaria,Colegio Goya,1º Primaria,alba.sánchez205@school.edu,15.88,6,Grado
STU_000225,Davies,Emily,F,18,UK,Cambridge,University,University of Oxford,Postgraduate,emily.davies641@edu,12.29,2,PhD
STU_000226,Garcia,Thomas,M,11,USA,Houston,Middle School,Kennedy Middle School,Grade 7,thomas.garcia758@school.edu,15.41,4,Master's Degree
STU_000227,Martín,Valeria,F,6,Espagne,Granada,Primaria,Colegio Cervantes,2º Primaria,valeria.martín38@school.edu,11.48,0,Bachillerato
STU_000228,Johnson,Olivia,F,15,Canada,Quebec City,University,University of Alberta,Fourth Year,olivia.johnson363@edu,11.6,10,PhD
STU_000229,Smith,Evelyn,F,14,USA,Seattle,High School,North High School,Grade 9,evelyn.smith621@school.edu,12.42,9,PhD
STU_000230,Bennani,Karim,M,8,Maroc,Meknès,École Primaire,École Mohammed V,5ème année,karim.bennani309@school.edu,12.25,4,Certificat Primaire
STU_000231,Rodriguez,Harper,F,13,USA,Miami,Middle School,Kennedy Middle School,Grade 7,harper.rodriguez52@school.edu,8.23,3,Master's Degree
STU_000232,Chakir,Amine,M,8,Maroc,Casablanca,École Primaire,École Hassan II,1ère année,amine.chakir1@school.edu,10.95,0,Baccalauréat
STU_000233,Taylor,Isla,F,17,UK,Cambridge,Secondary School,Cambridge High School,Year 8,isla.taylor11@school.edu,12.58,6,GCSE
STU_000234,Tremblay,Lucas,M,11,Canada,Vancouver,Elementary School,Oak Elementary,Grade 1,lucas.tremblay826@school.edu,13.73,0,PhD
STU_000235,Jones,Oliver,M,9,UK,Cambridge,Primary School,Westminster Primary,Year 3,oliver.jones747@school.edu,11.84,7,Master's
STU_000236,Sqalli,Omar,M,17,Maroc,Rabat,Lycée,Lycée Hassan II,1ère Bac,omar.sqalli640@school.edu,15.19,9,Doctorat
STU_000237,Schmidt,Jonas,M,23,Allemagne,Leipzig,Universität,Universität Heidelberg,4. Semester,jonas.schmidt936@edu,15.4,1,Master
STU_000238,Evans,Oscar,M,17,UK,London,Secondary School,Cambridge High School,Year 12,oscar.evans214@school.edu,14.77,9,A-Level
STU_000239,Williams,Emily,F,13,UK,Birmingham,Secondary School,Oxford High School,Year 13,emily.williams995@school.edu,15.3,4,A-Level
STU_000240,Johnson,Isabella,F,9,Canada,Ottawa,Elementary School,Maple Elementary,Grade 6,isabella.johnson956@school.edu,15.2,5,Bachelor's
STU_000241,El Amrani,Sanae,F,9,Maroc,Agadir,École Primaire,École Ibn Sina,4ème année,sanae.elamrani755@school.edu,10.82,8,Master
STU_000242,Jones,Jacob,M,6,UK,Liverpool,Primary School,King's Primary School,Year 1,jacob.jones556@school.edu,11.2,6,Master's
STU_000243,Thomas,Louis,M,12,France,Toulouse,Collège,Collège Voltaire,5ème,louis.thomas518@school.edu,14.78,5,Licence
STU_000244,Jones,Mia,F,6,USA,Seattle,University,MIT,Senior,mia.jones668@school.edu,15.61,10,High School Diploma
STU_000245,Benjelloun,Youssef,M,13,Maroc,Agadir,Collège,Collège Al Khawarizmi,2ème AC,youssef.benjelloun415@school.edu,15.15,3,Certificat Primaire
STU_000246,Schneider,Finn,M,11,Allemagne,Hamburg,Gymnasium,Kant-Gymnasium,Klasse 6,finn.schneider8@school.edu,14.18,0,Master
STU_000247,Fassi,Ahmed,M,11,Maroc,Fès,École Primaire,École Mohammed V,1ère année,ahmed.fassi5@school.edu,11.05,8,Licence
STU_000248,Schneider,Sophia,F,22,Allemagne,Berlin,Universität,Universität München,6. Semester,sophia.schneider362@edu,14.73,10,Doktor
STU_000249,Taylor,Amelia,F,17,Canada,Calgary,University,University of Alberta,Graduate,amelia.taylor694@edu,9.47,4,Bachelor's
STU_000250,Rodríguez,Martina,F,10,Espagne,Granada,Primaria,Colegio Velázquez,6º Primaria,martina.rodríguez112@school.edu,12.35,7,ESO
STU_000251,Williams,George,M,5,UK,Manchester,Primary School,Victoria Primary,Year 2,george.williams273@school.edu,11.41,6,Bachelor's
STU_000252,Fassi,Mehdi,M,15,Maroc,Marrakech,Lycée,Lycée Moulay Youssef,Tronc Commun,mehdi.fassi422@school.edu,10.84,7,Doctorat
STU_000253,Wagner,Hannah,F,6,Allemagne,Düsseldorf,Grundschule,Mozart Grundschule,Klasse 4,hannah.wagner265@school.edu,10.02,0,Master
STU_000254,Taylor,Emily,F,15,UK,Oxford,Secondary School,Eton College,Year 8,emily.taylor458@school.edu,15.11,8,GCSE
STU_000255,Sánchez,Daniel,M,11,Espagne,Zaragoza,Primaria,Colegio Cervantes,6º Primaria,daniel.sánchez212@school.edu,11.0,0,Grado
STU_000256,Meyer,Finn,M,16,Allemagne,München,Gymnasium,Kant-Gymnasium,Klasse 9,finn.meyer78@school.edu,11.36,2,Master
STU_000257,López,Hugo,M,16,Espagne,Zaragoza,Secundaria,Instituto Giner de los Ríos,1º Bachillerato,hugo.lópez782@school.edu,16.19,7,Bachillerato
STU_000258,Smith,Amelia,F,10,Canada,Vancouver,University,University of Toronto,Fourth Year,amelia.smith666@edu,13.5,10,Bachelor's
STU_000259,Brown,Amelia,F,15,Canada,Toronto,Secondary School,Calgary High School,Grade 9,amelia.brown221@school.edu,10.9,0,High School Diploma
STU_000260,El Amrani,Amine,M,6,Maroc,Oujda,École Primaire,École Ibn Sina,1ère année,amine.elamrani369@school.edu,15.65,0,Doctorat
STU_000261,Sqalli,Fatima,F,13,Maroc,Fès,Collège,Collège Al Khawarizmi,1ère AC,fatima.sqalli958@school.edu,9.96,5,Master
STU_000262,Smith,Amelia,F,18,USA,Seattle,High School,Central High School,Grade 12,amelia.smith347@school.edu,14.56,4,PhD
STU_000263,Brown,Jacob,M,7,UK,Oxford,Primary School,Westminster Primary,Year 1,jacob.brown25@school.edu,10.03,5,A-Level
STU_000264,Davis,Ava,F,7,USA,Boston,Elementary School,Washington Elementary,Grade 4,ava.davis976@school.edu,15.13,2,Bachelor's Degree
STU_000265,Evans,George,M,15,UK,Edinburgh,University,UCL,Third Year,george.evans420@school.edu,14.37,9,A-Level
STU_000266,Hoffmann,Marie,F,10,Allemagne,Leipzig,Gymnasium,Kant-Gymnasium,Klasse 12,marie.hoffmann354@school.edu,14.0,9,Bachelor
STU_000267,Martin,Hugo,M,16,France,Toulouse,Lycée,Lycée Louis le Grand,Première,hugo.martin720@school.edu,12.85,5,Master
STU_000268,Martin,Sarah,F,13,France,Toulouse,Collège,Collège Pierre et Marie Curie,3ème,sarah.martin417@school.edu,10.57,1,Brevet
STU_000269,Schmidt,Finn,M,19,Allemagne,Leipzig,Universität,Universität Heidelberg,1. Semester,finn.schmidt515@edu,11.55,12,Doktor
STU_000270,Moreau,Clara,F,14,France,Lille,Collège,Collège Jean Moulin,3ème,clara.moreau215@school.edu,14.97,3,Brevet
STU_000271,Davis,Emma,F,11,USA,Miami,Elementary School,Jefferson Elementary,Grade 2,emma.davis907@school.edu,12.03,3,High School Diploma
STU_000272,Martin,Zoé,F,11,France,Lille,École Primaire,École Élémentaire Victor Hugo,CM2,zoe.martin112@school.edu,12.15,6,Baccalauréat
STU_000273,Martínez,Daniel,M,19,Espagne,Zaragoza,Universidad,Universidad Complutense,4º Curso,daniel.martínez954@edu,9.77,13,ESO
STU_000274,González,María,F,18,Espagne,Zaragoza,Universidad,Universidad Complutense,3º Curso,maría.gonzález704@edu,11.93,2,Máster
STU_000275,Sánchez,Sofía,F,6,Espagne,Bilbao,Primaria,Colegio Picasso,4º Primaria,sofía.sánchez914@school.edu,14.97,2,ESO
STU_000276,El Amrani,Zineb,F,21,Maroc,Casablanca,Université,Université Mohammed V,S3,zineb.elamrani559@edu,10.76,0,Baccalauréat
STU_000277,Sqalli,Ikram,F,8,Maroc,Meknès,École Primaire,École Ibn Sina,6ème année,ikram.sqalli428@school.edu,8.9,4,Master
STU_000278,Thomas,Zoé,F,23,France,Lyon,Université,Sorbonne Université,Licence 2,zoe.thomas733@edu,11.95,16,Doctorat
STU_000279,Schmidt,Lena,F,8,Allemagne,Hamburg,Grundschule,Goethe Grundschule,Klasse 4,lena.schmidt699@school.edu,12.92,0,Doktor
STU_000280,Brown,Anthony,M,15,USA,Houston,High School,Central High School,Grade 12,anthony.brown562@school.edu,15.04,2,Bachelor's Degree
STU_000281,Garcia,Sophia,F,11,USA,Los Angeles,Elementary School,Lincoln Elementary,Grade 5,sophia.garcia709@school.edu,15.87,2,Bachelor's Degree
STU_000282,Dupont,Jules,M,17,France,Lille,Lycée,Lycée Condorcet,Seconde,jules.dupont216@school.edu,12.83,3,Master
STU_000283,Alaoui,Ali,M,19,Maroc,Rabat,Université,Université Hassan II,Master 2,ali.alaoui413@edu,12.85,18,Certificat Primaire
STU_000284,Williams,Oliver,M,16,UK,Birmingham,Secondary School,Westminster School,Year 11,oliver.williams733@school.edu,9.56,5,Bachelor's
STU_000285,Tremblay,Lucas,M,6,Canada,Quebec City,Elementary School,Oak Elementary,Grade 6,lucas.tremblay380@school.edu,11.0,3,High School Diploma
STU_000286,El Amrani,Ali,M,17,Maroc,Meknès,Lycée,Lycée Descartes,2ème Bac,ali.elamrani602@school.edu,11.29,7,Certificat Primaire
STU_000287,Müller,Ben,M,15,Allemagne,Leipzig,Gymnasium,Schiller-Gymnasium,Klasse 8,ben.muller232@school.edu,15.31,0,Master
STU_000288,López,Álvaro,M,7,Espagne,Barcelona,Primaria,Colegio Velázquez,5º Primaria,álvaro.lópez835@school.edu,11.27,7,ESO
STU_000289,Garcia,Joseph,M,10,USA,Chicago,Elementary School,Jefferson Elementary,Grade 5,joseph.garcia258@school.edu,10.4,0,Bachelor's Degree
STU_000290,Williams,Evelyn,F,6,USA,Houston,Elementary School,Washington Elementary,Grade 5,evelyn.williams665@school.edu,11.97,0,Bachelor's Degree
STU_000291,Anderson,Emily,F,11,Canada,Vancouver,Secondary School,Vancouver High School,Grade 8,emily.anderson256@school.edu,12.18,6,Bachelor's
STU_000292,Davies,Lily,F,11,UK,Birmingham,Secondary School,Westminster School,Year 10,lily.davies403@school.edu,15.42,0,PhD
STU_000293,Leroy,Léa,F,24,France,Lille,Université,Sorbonne Université,Doctorat,lea.leroy424@edu,15.54,8,Licence
STU_000294,Johnson,Jessica,F,15,UK,London,Secondary School,Eton College,Year 8,jessica.johnson770@school.edu,12.93,7,A-Level
STU_000295,Leroy,Jules,M,17,France,Lyon,Lycée,Lycée Janson de Sailly,Première,jules.leroy979@school.edu,10.3,0,Master
STU_000296,Evans,Olivia,F,18,UK,Manchester,Secondary School,Eton College,Year 13,olivia.evans65@school.edu,11.9,1,Master's
STU_000297,Brown,Isabella,F,18,UK,Cambridge,Secondary School,Cambridge High School,Year 10,isabella.brown190@school.edu,12.0,1,A-Level
STU_000298,Bennani,Ahmed,M,18,Maroc,Tanger,Lycée,Lycée Moulay Youssef,1ère Bac,ahmed.bennani603@school.edu,11.49,1,Baccalauréat
STU_000299,Rodriguez,William,M,10,USA,Los Angeles,Elementary School,Washington Elementary,Grade 1,william.rodriguez950@school.edu,14.6,5,PhD
STU_000300,Durand,Arthur,M,7,France,Bordeaux,École Primaire,École Élémentaire Victor Hugo,CM2,arthur.durand173@school.edu,11.17,3,Licence
STU_000301,Garcia,Thomas,M,11,USA,San Francisco,Elementary School,Washington Elementary,Grade 2,thomas.garcia759@school.edu,10.33,7,High School Diploma
STU_000302,Robert,Léa,F,12,France,Paris,Collège,Collège Jean Moulin,3ème,lea.robert768@school.edu,11.27,0,Baccalauréat
STU_000303,Garcia,Thomas,M,8,USA,Los Angeles,University,UC Berkeley,Junior,thomas.garcia628@school.edu,10.99,14,PhD
STU_000304,Martín,Mateo,M,25,Espagne,Málaga,Universidad,Universidad de Barcelona,4º Curso,mateo.martín561@edu,14.68,9,Bachillerato
STU_000305,Gómez,Martina,F,13,Espagne,Bilbao,Secundaria,Instituto Giner de los Ríos,1º ESO,martina.gómez227@school.edu,8.96,3,ESO
STU_000306,Müller,Luis,M,16,Allemagne,Stuttgart,Gymnasium,Schiller-Gymnasium,Klasse 7,luis.muller581@school.edu,11.92,9,Master
STU_000307,Bernard,Hugo,M,9,France,Strasbourg,École Primaire,École Jules Ferry,CE2,hugo.bernard934@school.edu,9.47,4,Brevet
STU_000308,Taylor,Lily,F,11,UK,Oxford,Primary School,St. Mary's Primary,Year 1,lily.taylor388@school.edu,10.93,8,Master's
STU_000309,Chakir,Nour,F,20,Maroc,Oujda,Université,Université Hassan II,Master 1,nour.chakir401@edu,9.82,4,Baccalauréat
STU_000310,Chakir,Mehdi,M,10,Maroc,Meknès,École Primaire,École Ibn Sina,1ère année,mehdi.chakir638@school.edu,14.58,2,Licence
STU_000311,Garcia,David,M,11,USA,Miami,Middle School,Madison Middle School,Grade 8,david.garcia949@school.edu,9.03,3,PhD
STU_000312,Wagner,Ben,M,7,Allemagne,Köln,Grundschule,Goethe Grundschule,Klasse 2,ben.wagner213@school.edu,15.22,9,Doktor
STU_000313,Weber,Lina,F,6,Allemagne,Frankfurt,Grundschule,Einstein Grundschule,Klasse 1,lina.weber53@school.edu,14.62,6,Abitur
STU_000314,Idrissi,Amina,F,9,Maroc,Casablanca,École Primaire,École Ibn Sina,5ème année,amina.idrissi624@school.edu,13.1,0,Licence
STU_000315,Schmidt,Lukas,M,22,Allemagne,Berlin,Universität,Universität Hamburg,4. Semester,lukas.schmidt671@edu,12.38,5,Doktor
STU_000316,Weber,Felix,M,12,Allemagne,Köln,Gymnasium,Goethe-Gymnasium,Klasse 5,felix.weber752@school.edu,15.04,7,Abitur
STU_000317,Simon,Hugo,M,18,France,Strasbourg,Lycée,Lycée Louis le Grand,Terminale,hugo.simon662@school.edu,12.18,0,Brevet
STU_000318,Smith,Charlotte,F,8,Canada,Montreal,Elementary School,Oak Elementary,Grade 2,charlotte.smith139@school.edu,10.32,7,High School Diploma
STU_000319,Davies,Jacob,M,11,UK,London,Primary School,Westminster Primary,Year 4,jacob.davies418@school.edu,14.91,6,Bachelor's
STU_000320,Davies,Lily,F,10,UK,London,University,LSE,Third Year,lily.davies625@school.edu,12.1,0,PhD
STU_000321,Smith,Emily,F,18,UK,Birmingham,University,University of Oxford,Third Year,emily.smith143@edu,12.03,8,Bachelor's
STU_000322,Martin,Sarah,F,21,France,Lille,Université,Sorbonne Université,Doctorat,sarah.martin882@edu,11.28,10,Doctorat
STU_000323,Fischer,Jonas,M,7,Allemagne,Leipzig,Grundschule,Goethe Grundschule,Klasse 4,jonas.fischer509@school.edu,12.38,2,Abitur
STU_000324,Schneider,Lena,F,12,Allemagne,München,Gymnasium,Kant-Gymnasium,Klasse 7,lena.schneider650@school.edu,14.08,1,Bachelor
STU_000325,Thomas,Jacob,M,17,UK,London,University,UCL,Third Year,jacob.thomas486@school.edu,12.07,10,A-Level
STU_000326,Davies,Jessica,F,5,UK,Cambridge,Primary School,St. Mary's Primary,Year 4,jessica.davies992@school.edu,11.27,2,A-Level
STU_000327,Williams,Jack,M,5,UK,Bristol,Primary School,Victoria Primary,Year 6,jack.williams437@school.edu,11.63,0,PhD
STU_000328,Jones,Jessica,F,5,UK,Bristol,Primary School,St. Mary's Primary,Year 6,jessica.jones816@school.edu,14.27,9,PhD
STU_000329,Tremblay,Emma,F,10,Canada,Ottawa,University,University of Alberta,Second Year,emma.tremblay543@edu,11.12,2,Master's
STU_000330,Smith,George,M,5,UK,Liverpool,Primary School,St. Mary's Primary,Year 1,george.smith293@school.edu,12.7,5,PhD
STU_000331,Dupont,Inès,F,26,France,Lille,Université,Université Paris-Saclay,Master 1,ines.dupont620@edu,11.04,2,Master
STU_000332,Wilson,Charlie,M,5,UK,Birmingham,Primary School,Victoria Primary,Year 6,charlie.wilson284@school.edu,12.09,4,Master's
STU_000333,Martínez,Mateo,M,7,Espagne,Sevilla,Primaria,Colegio Goya,6º Primaria,mateo.martínez671@school.edu,11.67,8,Doctorado
STU_000334,Smith,Matthew,M,18,USA,New York,University,Harvard University,Sophomore,matthew.smith838@edu,14.11,6,PhD
STU_000335,Idrissi,Mehdi,M,18,Maroc,Casablanca,Université,Université Hassan II,S1,mehdi.idrissi14@edu,11.45,1,Master
STU_000336,Becker,Leon,M,6,Allemagne,Stuttgart,Grundschule,Goethe Grundschule,Klasse 1,leon.becker634@school.edu,12.72,0,Master
STU_000337,Martinez,Emma,F,15,USA,New York,High School,Central High School,Grade 9,emma.martinez727@school.edu,14.64,6,Bachelor's Degree
STU_000338,Becker,Lukas,M,10,Allemagne,Berlin,Grundschule,Goethe Grundschule,Klasse 1,lukas.becker272@school.edu,12.98,3,Doktor
STU_000339,Sánchez,Manuel,M,8,Espagne,Málaga,Primaria,Colegio Velázquez,3º Primaria,manuel.sánchez25@school.edu,13.25,6,Doctorado
STU_000340,Pérez,Lucía,F,18,Espagne,Zaragoza,Universidad,Universidad Complutense,Máster,lucía.perez935@edu,10.47,5,Bachillerato
STU_000341,Wilson,Poppy,F,10,UK,Oxford,Primary School,Victoria Primary,Year 6,poppy.wilson322@school.edu,15.2,6,GCSE
STU_000342,Rodríguez,María,F,15,Espagne,Bilbao,Secundaria,Instituto Giner de los Ríos,1º ESO,maría.rodríguez806@school.edu,10.34,3,Máster
STU_000343,Brown,Daniel,M,8,USA,Los Angeles,Elementary School,Washington Elementary,Grade 4,daniel.brown681@school.edu,9.37,2,Master's Degree
STU_000344,Sqalli,Rachid,M,12,Maroc,Tanger,Collège,Collège Averroès,3ème AC,rachid.sqalli103@school.edu,10.16,4,Certificat Primaire
STU_000345,Wagner,Lukas,M,22,Allemagne,Hamburg,Universität,Universität Hamburg,6. Semester,lukas.wagner866@edu,10.57,18,Doktor
STU_000346,Johnson,Amelia,F,8,USA,Chicago,Elementary School,Washington Elementary,Grade 4,amelia.johnson883@school.edu,15.4,2,Master's Degree
STU_000347,Roy,Ethan,M,6,Canada,Quebec City,Elementary School,Cedar Elementary,Grade 1,ethan.roy40@school.edu,11.88,3,Master's
STU_000348,Petit,Léa,F,17,France,Bordeaux,Lycée,Lycée Henri IV,Terminale,lea.petit235@school.edu,12.24,7,Brevet
STU_000349,Schneider,Emma,F,26,Allemagne,Düsseldorf,Universität,Universität Hamburg,4. Semester,emma.schneider832@edu,11.07,17,Master
STU_000350,Rodriguez,Evelyn,F,13,USA,Miami,Middle School,Franklin Middle School,Grade 6,evelyn.rodriguez89@school.edu,14.91,3,Bachelor's Degree
STU_000351,Taylor,Jacob,M,11,UK,London,Primary School,Westminster Primary,Year 1,jacob.taylor100@school.edu,12.04,2,PhD
STU_000352,Tremblay,Olivia,F,16,Canada,Edmonton,University,UBC,Third Year,olivia.tremblay144@school.edu,15.15,6,Bachelor's
STU_000353,Becker,Anna,F,15,Allemagne,Leipzig,Gymnasium,Schiller-Gymnasium,Klasse 8,anna.becker82@school.edu,14.21,1,Abitur
STU_000354,Robert,Hugo,M,13,France,Marseille,Collège,Collège Molière,3ème,hugo.robert589@school.edu,12.66,0,Master
STU_000355,Johnson,Ava,F,18,UK,Edinburgh,University,University of Cambridge,Second Year,ava.johnson571@edu,11.81,0,Bachelor's
STU_000356,Anderson,Sophia,F,7,Canada,Calgary,Elementary School,Pine Elementary,Grade 6,sophia.anderson229@school.edu,8.9,5,PhD
STU_000357,Dupont,Jules,M,10,France,Bordeaux,École Primaire,École Pasteur,CM1,jules.dupont603@school.edu,10.88,2,Licence
STU_000358,Roy,Emily,F,15,Canada,Vancouver,University,UBC,Third Year,emily.roy866@school.edu,12.12,6,High School Diploma
STU_000359,Jones,Emma,F,13,USA,Houston,Middle School,Adams Middle School,Grade 6,emma.jones395@school.edu,9.41,7,Master's Degree
STU_000360,Williams,Daniel,M,9,USA,Chicago,Elementary School,Jefferson Elementary,Grade 2,daniel.williams513@school.edu,13.7,4,PhD
STU_000361,Davis,Olivia,F,11,USA,Chicago,Middle School,Kennedy Middle School,Grade 7,olivia.davis781@school.edu,8.76,4,High School Diploma
STU_000362,Brown,Oliver,M,13,UK,Cambridge,Secondary School,Eton College,Year 13,oliver.brown798@school.edu,12.61,1,PhD
STU_000363,Jones,Mia,F,11,USA,Houston,Middle School,Adams Middle School,Grade 8,mia.jones197@school.edu,15.19,7,PhD
STU_000364,Davies,William,M,8,UK,Manchester,Primary School,Victoria Primary,Year 3,william.davies274@school.edu,9.57,9,Master's
STU_000365,Hoffmann,Elias,M,17,Allemagne,Stuttgart,Gymnasium,Kant-Gymnasium,Klasse 5,elias.hoffmann590@school.edu,12.8,0,Abitur
STU_000366,Williams,Matthew,M,12,USA,Boston,Middle School,Kennedy Middle School,Grade 8,matthew.williams653@school.edu,11.4,9,PhD
STU_000367,Evans,Noah,M,8,UK,Cambridge,Primary School,Victoria Primary,Year 1,noah.evans800@school.edu,15.59,8,Bachelor's
STU_000368,Bernard,Raphaël,M,15,France,Marseille,Lycée,Lycée Henri IV,Terminale,raphaël.bernard583@school.edu,14.76,0,Doctorat
STU_000369,Chakir,Laila,F,16,Maroc,Rabat,Lycée,Lycée Moulay Youssef,1ère Bac,laila.chakir968@school.edu,10.95,0,Certificat Primaire
STU_000370,Wilson,Lily,F,8,UK,Oxford,University,University of Oxford,Second Year,lily.wilson562@edu,10.67,0,Master's
STU_000371,Tazi,Mehdi,M,14,Maroc,Casablanca,Collège,Collège Averroès,3ème AC,mehdi.tazi967@school.edu,14.31,6,Baccalauréat
STU_000372,Leroy,Gabriel,M,26,France,Strasbourg,Université,Université Paris-Saclay,Master 1,gabriel.leroy372@edu,12.46,3,Doctorat
STU_000373,Miller,Amelia,F,11,USA,San Francisco,Elementary School,Lincoln Elementary,Grade 4,amelia.miller881@school.edu,14.87,6,Bachelor's Degree
STU_000374,Williams,Olivia,F,14,USA,Los Angeles,High School,North High School,Grade 12,olivia.williams80@school.edu,12.88,4,Master's Degree
STU_000375,Benali,Laila,F,14,Maroc,Oujda,Collège,Collège Al Khawarizmi,1ère AC,laila.benali235@school.edu,11.55,6,Baccalauréat
STU_000376,Davis,Charlotte,F,11,USA,San Francisco,Middle School,Adams Middle School,Grade 8,charlotte.davis287@school.edu,10.24,9,High School Diploma
STU_000377,Gómez,Hugo,M,14,Espagne,Zaragoza,Secundaria,Instituto Ramón y Cajal,1º Bachillerato,hugo.gómez819@school.edu,12.89,6,ESO
STU_000378,Dupont,Arthur,M,16,France,Lyon,Lycée,Lycée Condorcet,Première,arthur.dupont667@school.edu,11.71,3,Doctorat
STU_000379,Schmidt,Sophia,F,13,Allemagne,Stuttgart,Gymnasium,Goethe-Gymnasium,Klasse 8,sophia.schmidt572@school.edu,14.94,1,Doktor
STU_000380,Sánchez,Martina,F,13,Espagne,Barcelona,Secundaria,Instituto Lope de Vega,2º Bachillerato,martina.sánchez545@school.edu,15.34,7,Bachillerato
STU_000381,García,Manuel,M,19,Espagne,Barcelona,Universidad,Universidad Complutense,1º Curso,manuel.garcía437@edu,9.87,17,Grado
STU_000382,Martin,Raphaël,M,26,France,Bordeaux,Université,Université Paris-Saclay,Doctorat,raphaël.martin127@edu,13.76,15,Doctorat
STU_000383,Moreau,Louis,M,17,France,Nantes,Lycée,Lycée Henri IV,Première,louis.moreau733@school.edu,12.5,8,Baccalauréat
STU_000384,Schneider,Marie,F,7,Allemagne,Düsseldorf,Grundschule,Goethe Grundschule,Klasse 2,marie.schneider712@school.edu,15.08,4,Abitur
STU_000385,Miller,Daniel,M,11,USA,Boston,Middle School,Adams Middle School,Grade 8,daniel.miller417@school.edu,10.44,8,Master's Degree
STU_000386,Smith,James,M,9,Canada,Ottawa,University,University of Toronto,First Year,james.smith638@edu,16.65,7,High School Diploma
STU_000387,Smith,William,M,5,UK,Cambridge,Primary School,King's Primary School,Year 4,william.smith41@school.edu,11.13,7,GCSE
STU_000388,Fassi,Salma,F,19,Maroc,Tanger,Université,Université Cadi Ayyad,S1,salma.fassi787@edu,10.79,19,Certificat Primaire
STU_000389,Thomas,Harry,M,10,UK,Bristol,Primary School,King's Primary School,Year 3,harry.thomas469@school.edu,12.4,3,Master's
STU_000390,Taylor,Noah,M,17,Canada,Vancouver,University,University of Alberta,Second Year,noah.taylor297@edu,14.3,17,Bachelor's
STU_000391,Davies,Thomas,M,14,UK,Liverpool,Secondary School,Oxford High School,Year 10,thomas.davies597@school.edu,11.48,3,Bachelor's
STU_000392,Wilson,Liam,M,17,Canada,Calgary,Secondary School,Montreal High School,Grade 11,liam.wilson601@school.edu,15.58,3,Bachelor's
STU_000393,Meyer,Finn,M,12,Allemagne,Frankfurt,Gymnasium,Goethe-Gymnasium,Klasse 5,finn.meyer42@school.edu,11.64,5,Abitur
STU_000394,Martínez,Lucía,F,7,Espagne,Sevilla,Primaria,Colegio Goya,1º Primaria,lucía.martínez632@school.edu,10.55,2,Grado
STU_000395,Wagner,Leon,M,23,Allemagne,München,Universität,Universität München,4. Semester,leon.wagner279@edu,16.53,17,Doktor
STU_000396,Johnson,Matthew,M,6,USA,New York,Elementary School,Lincoln Elementary,Grade 5,matthew.johnson459@school.edu,11.42,7,PhD
STU_000397,López,Daniela,F,8,Espagne,Bilbao,Primaria,Colegio Goya,4º Primaria,daniela.lópez33@school.edu,10.85,1,ESO
STU_000398,Leroy,Mathis,M,21,France,Marseille,Université,Université Paris-Saclay,Doctorat,mathis.leroy276@edu,14.39,2,Brevet
STU_000399,Brown,Noah,M,9,Canada,Quebec City,Elementary School,Pine Elementary,Grade 4,noah.brown665@school.edu,11.62,5,Bachelor's
STU_000400,Tazi,Ikram,F,8,Maroc,Rabat,École Primaire,École Ibn Sina,4ème année,ikram.tazi90@school.edu,8.92,5,Brevet
STU_000401,Durand,Noah,M,12,France,Paris,Collège,Collège Pierre et Marie Curie,5ème,noah.durand616@school.edu,15.28,9,Doctorat
STU_000402,Davis,William,M,16,USA,Chicago,University,UC Berkeley,Senior,william.davis948@school.edu,9.19,14,Master's Degree
STU_000403,Pérez,Julia,F,13,Espagne,Málaga,Secundaria,Instituto Ramón y Cajal,1º ESO,julia.perez524@school.edu,9.29,4,Bachillerato
STU_000404,Alaoui,Ali,M,7,Maroc,Casablanca,École Primaire,École Hassan II,6ème année,ali.alaoui160@school.edu,11.7,6,Certificat Primaire
STU_000405,Bennani,Amine,M,12,Maroc,Agadir,Collège,Collège Ibn Khaldoun,2ème AC,amine.bennani929@school.edu,11.85,5,Brevet
STU_000406,Wilson,Oliver,M,8,Canada,Ottawa,Elementary School,Oak Elementary,Grade 4,oliver.wilson458@school.edu,14.75,6,High School Diploma
STU_000407,Petit,Louise,F,9,France,Marseille,École Primaire,École Pasteur,CM1,louise.petit708@school.edu,11.22,8,Master
STU_000408,Bennani,Ikram,F,11,Maroc,Meknès,École Primaire,École Mohammed V,3ème année,ikram.bennani399@school.edu,12.12,2,Baccalauréat
STU_000409,Idrissi,Nour,F,6,Maroc,Rabat,École Primaire,École Hassan II,5ème année,nour.idrissi819@school.edu,7.98,9,Certificat Primaire
STU_000410,Brown,Olivia,F,13,Canada,Montreal,University,University of Alberta,Graduate,olivia.brown774@edu,11.17,12,Bachelor's
STU_000411,Müller,Elias,M,23,Allemagne,Stuttgart,Universität,Universität Hamburg,2. Semester,elias.muller91@edu,14.55,2,Abitur
STU_000412,Roy,Amelia,F,18,Canada,Ottawa,Secondary School,Vancouver High School,Grade 9,amelia.roy709@school.edu,11.36,1,Master's
STU_000413,Chakir,Mehdi,M,8,Maroc,Tanger,École Primaire,École Hassan II,1ère année,mehdi.chakir581@school.edu,12.37,6,Brevet
STU_000414,Taylor,Amelia,F,13,Canada,Montreal,Secondary School,Calgary High School,Grade 9,amelia.taylor466@school.edu,12.51,3,PhD
STU_000415,Tremblay,Liam,M,6,Canada,Vancouver,Elementary School,Cedar Elementary,Grade 3,liam.tremblay220@school.edu,15.83,0,PhD
STU_000416,Benali,Fatima,F,10,Maroc,Fès,École Primaire,École Ibn Sina,5ème année,fatima.benali419@school.edu,14.82,5,Baccalauréat
STU_000417,Smith,Harry,M,14,UK,Birmingham,Secondary School,Cambridge High School,Year 11,harry.smith379@school.edu,11.81,5,PhD
STU_000418,Rodriguez,Matthew,M,11,USA,New York,Elementary School,Lincoln Elementary,Grade 1,matthew.rodriguez726@school.edu,15.78,5,High School Diploma
STU_000419,Roy,Lucas,M,8,Canada,Ottawa,University,University of Alberta,Third Year,lucas.roy930@edu,10.28,1,High School Diploma
STU_000420,Miller,Thomas,M,18,USA,Boston,High School,North High School,Grade 12,thomas.miller447@school.edu,10.16,0,High School Diploma
STU_000421,Alaoui,Aicha,F,8,Maroc,Oujda,École Primaire,École Al Massira,1ère année,aicha.alaoui964@school.edu,10.77,2,Brevet
STU_000422,Taylor,Lily,F,11,UK,Liverpool,Secondary School,Eton College,Year 9,lily.taylor146@school.edu,9.32,1,PhD
STU_000423,Johnson,Isabella,F,8,USA,Houston,Elementary School,Roosevelt Elementary,Grade 2,isabella.johnson233@school.edu,11.93,5,PhD
STU_000424,Leroy,Gabriel,M,22,France,Bordeaux,Université,Université Lyon 1,Master 2,gabriel.leroy371@edu,11.04,4,Baccalauréat
STU_000425,Wilson,Benjamin,M,11,Canada,Winnipeg,Elementary School,Maple Elementary,Grade 2,benjamin.wilson922@school.edu,12.72,9,Bachelor's
STU_000426,Garcia,Ava,F,16,USA,Houston,High School,East High School,Grade 12,ava.garcia234@school.edu,11.96,9,PhD
STU_000427,Simon,Léo,M,11,France,Bordeaux,Collège,Collège Jean Moulin,5ème,leo.simon726@school.edu,15.58,4,Brevet
STU_000428,Fischer,Noah,M,23,Allemagne,Köln,Universität,Universität Hamburg,6. Semester,noah.fischer367@edu,9.87,8,Doktor
STU_000429,Simon,Sarah,F,11,France,Lyon,Collège,Collège Molière,4ème,sarah.simon481@school.edu,11.22,4,Brevet
STU_000430,El Amrani,Ikram,F,26,Maroc,Meknès,Université,Université Ibn Tofail,S4,ikram.elamrani573@edu,11.44,12,Master
STU_000431,Smith,Emma,F,6,Canada,Calgary,University,University of Toronto,Third Year,emma.smith363@edu,11.48,9,High School Diploma
STU_000432,Chakir,Sanae,F,10,Maroc,Meknès,École Primaire,École Hassan II,2ème année,sanae.chakir590@school.edu,14.8,5,Certificat Primaire
STU_000433,Fassi,Rachid,M,9,Maroc,Fès,École Primaire,École Mohammed V,6ème année,rachid.fassi511@school.edu,15.27,3,Brevet
STU_000434,Durand,Lucas,M,21,France,Marseille,Université,Université Paris-Saclay,Licence 1,lucas.durand95@edu,15.21,13,Licence
STU_000435,Bernard,Jules,M,19,France,Paris,Université,Sorbonne Université,Licence 2,jules.bernard842@edu,11.31,16,Brevet
STU_000436,Garcia,Michael,M,8,USA,Miami,Elementary School,Washington Elementary,Grade 1,michael.garcia216@school.edu,12.4,3,Master's Degree
STU_000437,Johnson,Benjamin,M,8,Canada,Vancouver,Elementary School,Oak Elementary,Grade 6,benjamin.johnson725@school.edu,12.48,1,PhD
STU_000438,Rodriguez,Anthony,M,7,USA,Seattle,University,UC Berkeley,Senior,anthony.rodriguez816@school.edu,12.07,9,PhD
STU_000439,Davis,William,M,16,USA,Seattle,High School,North High School,Grade 12,william.davis712@school.edu,15.2,2,Bachelor's Degree
STU_000440,Rodríguez,Lucas,M,10,Espagne,Málaga,Primaria,Colegio Cervantes,4º Primaria,lucas.rodríguez864@school.edu,10.0,6,Grado
STU_000441,Garcia,Emma,F,11,USA,Houston,Elementary School,Washington Elementary,Grade 1,emma.garcia543@school.edu,13.4,6,Master's Degree
STU_000442,Rodriguez,John,M,15,USA,Chicago,High School,North High School,Grade 9,john.rodriguez802@school.edu,11.23,0,Master's Degree
STU_000443,Petit,Jules,M,17,France,Lille,Lycée,Lycée Condorcet,Terminale,jules.petit855@school.edu,12.2,7,Licence
STU_000444,Johnson,Amelia,F,11,Canada,Toronto,Secondary School,Vancouver High School,Grade 8,amelia.johnson985@school.edu,9.44,6,Master's
STU_000445,Müller,Felix,M,18,Allemagne,Köln,Gymnasium,Goethe-Gymnasium,Klasse 6,felix.muller135@school.edu,9.89,0,Bachelor
STU_000446,El Amrani,Ikram,F,17,Maroc,Marrakech,Lycée,Lycée Mohammed V,2ème Bac,ikram.elamrani83@school.edu,10.22,7,Certificat Primaire
STU_000447,Leroy,Hugo,M,13,France,Lyon,Collège,Collège Jean Moulin,5ème,hugo.leroy391@school.edu,11.2,1,Licence
STU_000448,Brown,Joseph,M,17,USA,Houston,High School,Central High School,Grade 10,joseph.brown47@school.edu,10.24,7,PhD
STU_000449,Jones,John,M,13,USA,San Francisco,Middle School,Madison Middle School,Grade 8,john.jones392@school.edu,12.74,2,Bachelor's Degree
STU_000450,Moreau,Arthur,M,16,France,Toulouse,Lycée,Lycée Janson de Sailly,Terminale,arthur.moreau718@school.edu,12.62,9,Baccalauréat
STU_000451,Martinez,Harper,F,8,USA,San Francisco,Elementary School,Jefferson Elementary,Grade 3,harper.martinez385@school.edu,13.13,6,High School Diploma
STU_000452,Schulz,Emma,F,10,Allemagne,Berlin,Grundschule,Mozart Grundschule,Klasse 1,emma.schulz381@school.edu,10.22,5,Bachelor
STU_000453,Bernard,Jules,M,10,France,Paris,École Primaire,École Jean Jaurès,CM1,jules.bernard77@school.edu,11.0,4,Brevet
STU_000454,Schmidt,Felix,M,21,Allemagne,Hamburg,Universität,Universität Heidelberg,2. Semester,felix.schmidt259@edu,11.4,14,Master
STU_000455,Gómez,Mateo,M,18,Espagne,Granada,Universidad,Universidad de Barcelona,3º Curso,mateo.gómez949@edu,14.82,10,Bachillerato
STU_000456,Thomas,Louise,F,9,France,Bordeaux,École Primaire,École Pasteur,CP,louise.thomas604@school.edu,15.7,9,Master
STU_000457,Becker,Paul,M,18,Allemagne,Hamburg,Universität,Universität München,2. Semester,paul.becker934@edu,11.63,13,Bachelor
STU_000458,Sqalli,Sanae,F,14,Maroc,Marrakech,Collège,Collège Al Khawarizmi,3ème AC,sanae.sqalli947@school.edu,11.46,1,Doctorat
STU_000459,Meyer,Felix,M,8,Allemagne,Hamburg,Grundschule,Einstein Grundschule,Klasse 4,felix.meyer399@school.edu,12.93,1,Master
STU_000460,Moreau,Arthur,M,15,France,Lille,Lycée,Lycée Louis le Grand,Seconde,arthur.moreau100@school.edu,15.35,0,Brevet
STU_000461,Martinez,John,M,15,USA,San Francisco,High School,South High School,Grade 12,john.martinez501@school.edu,14.51,8,High School Diploma
STU_000462,Benali,Amina,F,13,Maroc,Oujda,Collège,Collège Averroès,2ème AC,amina.benali383@school.edu,15.46,7,Brevet
STU_000463,MacDonald,Emily,F,9,Canada,Winnipeg,Elementary School,Pine Elementary,Grade 6,emily.macdonald707@school.edu,12.15,7,PhD
STU_000464,Petit,Louis,M,15,France,Lille,Collège,Collège Pierre et Marie Curie,6ème,louis.petit192@school.edu,13.11,0,Baccalauréat
STU_000465,Benali,Amina,F,18,Maroc,Meknès,Lycée,Lycée Moulay Youssef,Tronc Commun,amina.benali580@school.edu,12.2,4,Licence
STU_000466,Taylor,Oliver,M,10,UK,London,University,University of Cambridge,Third Year,oliver.taylor901@edu,11.63,11,PhD
STU_000467,Durand,Léo,M,18,France,Lille,Université,Université Paris-Saclay,Master 1,leo.durand754@edu,15.15,5,Baccalauréat
STU_000468,García,Lucía,F,8,Espagne,Málaga,Primaria,Colegio Cervantes,1º Primaria,lucía.garcía602@school.edu,12.45,1,Bachillerato
STU_000469,Weber,Noah,M,16,Allemagne,Frankfurt,Gymnasium,Kant-Gymnasium,Klasse 5,noah.weber345@school.edu,10.58,9,Bachelor
STU_000470,López,Daniela,F,24,Espagne,Bilbao,Universidad,Universidad Complutense,4º Curso,daniela.lópez10@edu,12.58,4,Máster
STU_000471,Wilson,Sophia,F,11,Canada,Edmonton,Secondary School,Montreal High School,Grade 12,sophia.wilson264@school.edu,11.56,5,Master's
STU_000472,Sqalli,Amine,M,16,Maroc,Fès,Lycée,Lycée Descartes,2ème Bac,amine.sqalli268@school.edu,15.4,8,Master
STU_000473,Evans,Jacob,M,17,UK,Oxford,University,Imperial College London,Second Year,jacob.evans832@school.edu,13.39,14,Master's
STU_000474,Smith,Matthew,M,12,USA,Chicago,Middle School,Kennedy Middle School,Grade 8,matthew.smith630@school.edu,15.21,9,Bachelor's Degree
STU_000475,Benali,Ahmed,M,16,Maroc,Casablanca,Lycée,Lycée Mohammed V,1ère Bac,ahmed.benali762@school.edu,11.19,0,Baccalauréat
STU_000476,Johnson,William,M,12,Canada,Ottawa,Secondary School,Toronto High School,Grade 11,william.johnson571@school.edu,8.72,9,Bachelor's
STU_000477,Sánchez,Lucía,F,6,Espagne,Málaga,Primaria,Colegio Cervantes,1º Primaria,lucía.sánchez195@school.edu,14.23,2,Máster
STU_000478,Jones,Michael,M,14,USA,Houston,High School,East High School,Grade 10,michael.jones987@school.edu,11.94,8,PhD
STU_000479,Dupont,Inès,F,9,France,Marseille,École Primaire,École Élémentaire Victor Hugo,CP,ines.dupont562@school.edu,10.67,0,Brevet
STU_000480,Bernard,Louis,M,13,France,Nantes,Collège,Collège Pierre et Marie Curie,6ème,louis.bernard407@school.edu,15.11,0,Baccalauréat
STU_000481,Becker,Lena,F,11,Allemagne,Leipzig,Gymnasium,Kant-Gymnasium,Klasse 12,lena.becker296@school.edu,15.89,0,Doktor
STU_000482,Becker,Lena,F,18,Allemagne,Berlin,Universität,Universität Hamburg,4. Semester,lena.becker890@edu,15.3,12,Doktor
STU_000483,Martin,Benjamin,M,8,Canada,Ottawa,Elementary School,Pine Elementary,Grade 2,benjamin.martin97@school.edu,11.3,7,Master's
STU_000484,Wagner,Marie,F,13,Allemagne,Frankfurt,Gymnasium,Schiller-Gymnasium,Klasse 7,marie.wagner462@school.edu,9.05,1,Master
STU_000485,García,Martín,M,10,Espagne,Barcelona,Primaria,Colegio Velázquez,4º Primaria,martín.garcía639@school.edu,13.38,1,Doctorado
STU_000486,Moreau,Inès,F,15,France,Strasbourg,Collège,Collège Jean Moulin,6ème,ines.moreau758@school.edu,14.23,2,Brevet
STU_000487,Brown,George,M,12,UK,Edinburgh,University,UCL,First Year,george.brown87@school.edu,12.27,12,A-Level
STU_000488,Martín,Julia,F,7,Espagne,Zaragoza,Primaria,Colegio Velázquez,3º Primaria,julia.martín991@school.edu,13.77,2,Bachillerato
STU_000489,Anderson,Benjamin,M,16,Canada,Vancouver,Secondary School,Toronto High School,Grade 11,benjamin.anderson77@school.edu,12.88,2,Master's
STU_000490,Johnson,Daniel,M,13,USA,Houston,Middle School,Madison Middle School,Grade 7,daniel.johnson889@school.edu,12.61,3,Master's Degree
STU_000491,Sqalli,Salma,F,15,Maroc,Oujda,Lycée,Lycée Hassan II,1ère Bac,salma.sqalli716@school.edu,15.2,2,Certificat Primaire
STU_000492,González,Daniel,M,16,Espagne,Málaga,Secundaria,Instituto Ramón y Cajal,1º ESO,daniel.gonzález483@school.edu,9.54,1,ESO
STU_000493,Tazi,Nour,F,14,Maroc,Tanger,Collège,Collège Al Khawarizmi,3ème AC,nour.tazi146@school.edu,11.2,8,Certificat Primaire
STU_000494,Hoffmann,Sophia,F,9,Allemagne,Berlin,Grundschule,Mozart Grundschule,Klasse 4,sophia.hoffmann661@school.edu,15.68,5,Doktor
STU_000495,Wilson,Benjamin,M,10,Canada,Quebec City,Elementary School,Maple Elementary,Grade 3,benjamin.wilson111@school.edu,15.2,2,Bachelor's
STU_000496,Schulz,Emilia,F,16,Allemagne,Leipzig,Gymnasium,Kant-Gymnasium,Klasse 12,emilia.schulz641@school.edu,12.39,8,Abitur
STU_000497,Becker,Emma,F,23,Allemagne,Köln,Universität,Universität München,6. Semester,emma.becker765@edu,13.92,3,Bachelor
STU_000498,Williams,William,M,11,UK,Oxford,Primary School,Victoria Primary,Year 3,william.williams678@school.edu,14.47,3,A-Level
STU_000499,Williams,Jack,M,14,UK,Oxford,Secondary School,Eton College,Year 12,jack.williams297@school.edu,14.39,7,GCSE
STU_000500,Schmidt,Marie,F,8,Allemagne,Leipzig,Grundschule,Mozart Grundschule,Klasse 4,marie.schmidt426@school.edu,12.65,6,Doktor
STU_000501,Jones,Sophia,F,9,USA,New York,Elementary School,Lincoln Elementary,Grade 3,sophia.jones649@school.edu,12.18,6,PhD
STU_000502,Alaoui,Ikram,F,19,Maroc,Oujda,Université,Université Cadi Ayyad,Master 1,ikram.alaoui791@edu,10.4,15,Master
STU_000503,Tremblay,Jack,M,11,Canada,Calgary,Elementary School,Oak Elementary,Grade 2,jack.tremblay334@school.edu,9.72,4,High School Diploma
STU_000504,Jones,Lily,F,16,UK,Oxford,University,University of Cambridge,Postgraduate,lily.jones523@edu,12.11,14,Master's
STU_000505,Taylor,Alexander,M,8,Canada,Edmonton,Elementary School,Cedar Elementary,Grade 2,alexander.taylor583@school.edu,14.82,6,High School Diploma
STU_000506,Davies,Thomas,M,15,UK,London,Secondary School,Cambridge High School,Year 13,thomas.davies671@school.edu,12.19,3,A-Level
STU_000507,Tazi,Fatima,F,18,Maroc,Fès,Lycée,Lycée Moulay Youssef,2ème Bac,fatima.tazi728@school.edu,11.56,7,Baccalauréat
STU_000508,Becker,Hannah,F,11,Allemagne,Köln,Gymnasium,Goethe-Gymnasium,Klasse 9,hannah.becker538@school.edu,10.76,8,Doktor
STU_000509,Meyer,Sophia,F,17,Allemagne,Frankfurt,Gymnasium,Kant-Gymnasium,Klasse 12,sophia.meyer798@school.edu,12.09,2,Abitur
STU_000510,Johnson,Jessica,F,17,UK,Birmingham,Secondary School,Oxford High School,Year 10,jessica.johnson162@school.edu,14.3,6,PhD
STU_000511,Roy,James,M,8,Canada,Vancouver,University,University of Alberta,First Year,james.roy430@edu,15.72,11,Bachelor's
STU_000512,Fassi,Karim,M,21,Maroc,Tanger,Université,Université Cadi Ayyad,Master 1,karim.fassi614@edu,11.65,8,Master
STU_000513,Smith,Liam,M,16,Canada,Vancouver,Secondary School,Montreal High School,Grade 11,liam.smith69@school.edu,9.26,0,High School Diploma
STU_000514,Benali,Amine,M,18,Maroc,Agadir,Lycée,Lycée Descartes,1ère Bac,amine.benali133@school.edu,9.45,1,Brevet
STU_000515,González,Mateo,M,9,Espagne,Granada,Primaria,Colegio Picasso,1º Primaria,mateo.gonzález189@school.edu,13.82,6,ESO
STU_000516,Davis,Amelia,F,9,USA,New York,University,MIT,Senior,amelia.davis723@school.edu,14.11,17,Master's Degree
STU_000517,Benali,Nour,F,25,Maroc,Oujda,Université,Université Hassan II,Master 1,nour.benali755@edu,11.76,6,Doctorat
STU_000518,Bennani,Karim,M,25,Maroc,Oujda,Université,Université Hassan II,S2,karim.bennani678@edu,11.81,0,Master
STU_000519,Smith,Isabella,F,11,UK,London,Primary School,Victoria Primary,Year 2,isabella.smith924@school.edu,14.09,2,GCSE
STU_000520,Fassi,Omar,M,25,Maroc,Fès,Université,Université Hassan II,S3,omar.fassi922@edu,12.79,10,Baccalauréat
STU_000521,Tazi,Karim,M,9,Maroc,Oujda,École Primaire,École Al Massira,1ère année,karim.tazi573@school.edu,15.12,5,Certificat Primaire
STU_000522,Wilson,Mia,F,7,Canada,Vancouver,University,University of Alberta,First Year,mia.wilson874@edu,15.33,14,PhD
STU_000523,Wilson,Oscar,M,9,UK,London,Primary School,St. Mary's Primary,Year 1,oscar.wilson279@school.edu,12.43,8,A-Level
STU_000524,Wilson,Ethan,M,16,Canada,Ottawa,University,University of Alberta,First Year,ethan.wilson430@edu,13.95,2,Bachelor's
STU_000525,Williams,George,M,10,UK,Cambridge,Primary School,King's Primary School,Year 2,george.williams625@school.edu,10.03,7,A-Level
STU_000526,Martínez,Daniela,F,14,Espagne,Valencia,Secundaria,Instituto Lope de Vega,2º ESO,daniela.martínez542@school.edu,12.84,3,Doctorado
STU_000527,Brown,William,M,11,USA,Seattle,Elementary School,Jefferson Elementary,Grade 1,william.brown835@school.edu,13.13,6,PhD
STU_000528,Taylor,Charlie,M,5,UK,Manchester,Primary School,St. Mary's Primary,Year 2,charlie.taylor988@school.edu,13.5,5,PhD
STU_000529,Martin,Benjamin,M,7,Canada,Toronto,Elementary School,Maple Elementary,Grade 5,benjamin.martin161@school.edu,11.7,7,High School Diploma
STU_000530,Davis,Thomas,M,16,USA,Seattle,University,Stanford University,Sophomore,thomas.davis746@edu,15.5,3,Master's Degree
STU_000531,Durand,Zoé,F,11,France,Nantes,Collège,Collège Jean Moulin,5ème,zoe.durand899@school.edu,11.62,1,Licence
STU_000532,Bennani,Ahmed,M,13,Maroc,Casablanca,Collège,Collège Ibn Khaldoun,3ème AC,ahmed.bennani453@school.edu,11.41,6,Baccalauréat
STU_000533,Robert,Clara,F,15,France,Paris,Lycée,Lycée Janson de Sailly,Première,clara.robert889@school.edu,14.71,3,Licence
STU_000534,Schneider,Ben,M,18,Allemagne,Leipzig,Universität,Universität Heidelberg,1. Semester,ben.schneider851@edu,12.42,12,Bachelor
STU_000535,Davis,Emma,F,13,USA,Chicago,Middle School,Madison Middle School,Grade 8,emma.davis170@school.edu,16.27,8,PhD
STU_000536,Robert,Clara,F,10,France,Lille,École Primaire,École Pasteur,CE1,clara.robert830@school.edu,16.22,8,Licence
STU_000537,Bernard,Louis,M,17,France,Bordeaux,Lycée,Lycée Janson de Sailly,Seconde,louis.bernard698@school.edu,11.77,6,Doctorat
STU_000538,Garcia,James,M,15,USA,Houston,High School,East High School,Grade 10,james.garcia57@school.edu,12.14,4,PhD
STU_000539,Martin,Lucas,M,14,Canada,Vancouver,Secondary School,Montreal High School,Grade 7,lucas.martin240@school.edu,11.59,2,PhD
STU_000540,Thomas,Olivia,F,15,UK,Edinburgh,University,UCL,Second Year,olivia.thomas769@school.edu,15.43,2,Bachelor's
STU_000541,Müller,Marie,F,10,Allemagne,Leipzig,Gymnasium,Goethe-Gymnasium,Klasse 12,marie.muller358@school.edu,15.41,8,Doktor
STU_000542,Fassi,Laila,F,17,Maroc,Oujda,Lycée,Lycée Descartes,2ème Bac,laila.fassi201@school.edu,10.36,8,Brevet
STU_000543,Garcia,Amelia,F,14,USA,Houston,Middle School,Kennedy Middle School,Grade 7,amelia.garcia444@school.edu,15.74,3,High School Diploma
STU_000544,Jones,Daniel,M,14,USA,Miami,High School,North High School,Grade 11,daniel.jones837@school.edu,11.92,0,High School Diploma
STU_000545,Martin,Noah,M,18,France,Toulouse,Lycée,Lycée Condorcet,Première,noah.martin827@school.edu,11.98,9,Master
STU_000546,García,Emma,F,14,Espagne,Málaga,Secundaria,Instituto Ramón y Cajal,2º ESO,emma.garcía302@school.edu,14.73,4,Doctorado
STU_000547,Thomas,Emma,F,11,France,Bordeaux,Collège,Collège Pierre et Marie Curie,5ème,emma.thomas106@school.edu,11.91,7,Baccalauréat
STU_000548,Anderson,Ethan,M,15,Canada,Toronto,Secondary School,Calgary High School,Grade 12,ethan.anderson802@school.edu,11.65,9,Master's
STU_000549,El Amrani,Omar,M,18,Maroc,Meknès,Lycée,Lycée Descartes,2ème Bac,omar.elamrani101@school.edu,12.94,3,Baccalauréat
STU_000550,Wilson,Charlotte,F,7,Canada,Winnipeg,University,University of Alberta,Third Year,charlotte.wilson97@edu,11.0,9,PhD
STU_000551,Evans,Thomas,M,15,UK,Liverpool,University,LSE,Postgraduate,thomas.evans665@school.edu,8.57,19,Master's
STU_000552,Roy,Emily,F,9,Canada,Toronto,Elementary School,Pine Elementary,Grade 2,emily.roy938@school.edu,10.83,8,Master's
STU_000553,Johnson,Isabella,F,10,UK,Liverpool,Primary School,Victoria Primary,Year 5,isabella.johnson29@school.edu,15.34,8,GCSE
STU_000554,Hoffmann,Elias,M,9,Allemagne,München,Grundschule,Mozart Grundschule,Klasse 3,elias.hoffmann506@school.edu,15.42,6,Master
STU_000555,Leroy,Arthur,M,6,France,Paris,École Primaire,École Jules Ferry,CP,arthur.leroy665@school.edu,11.0,9,Master
STU_000556,Chakir,Mohamed,M,11,Maroc,Oujda,Collège,Collège Averroès,1ère AC,mohamed.chakir438@school.edu,9.93,7,Baccalauréat
STU_000557,Chakir,Mohamed,M,11,Maroc,Tanger,École Primaire,École Ibn Sina,6ème année,mohamed.chakir379@school.edu,11.57,3,Doctorat
STU_000558,Meyer,Luis,M,10,Allemagne,Berlin,Grundschule,Einstein Grundschule,Klasse 1,luis.meyer73@school.edu,12.12,7,Master
STU_000559,Davies,Poppy,F,12,UK,London,Secondary School,Oxford High School,Year 13,poppy.davies254@school.edu,9.5,5,PhD
STU_000560,Wilson,Amelia,F,14,Canada,Montreal,Secondary School,Vancouver High School,Grade 8,amelia.wilson963@school.edu,15.62,2,PhD
STU_000561,Wagner,Lina,F,20,Allemagne,Düsseldorf,Universität,TU Berlin,3. Semester,lina.wagner911@school.edu,13.95,2,Doktor
STU_000562,Williams,Isabella,F,13,USA,Miami,University,MIT,Senior,isabella.williams516@school.edu,10.4,10,PhD
STU_000563,Williams,Emma,F,15,USA,San Francisco,University,UC Berkeley,Graduate,emma.williams749@school.edu,14.4,19,Master's Degree
STU_000564,Pérez,Mateo,M,19,Espagne,Zaragoza,Universidad,Universidad de Barcelona,4º Curso,mateo.perez550@edu,13.57,18,Máster
STU_000565,Sánchez,Manuel,M,12,Espagne,Valencia,Primaria,Colegio Picasso,4º Primaria,manuel.sánchez20@school.edu,12.68,7,Doctorado
STU_000566,Garcia,Evelyn,F,11,USA,Boston,Middle School,Madison Middle School,Grade 6,evelyn.garcia625@school.edu,14.66,3,High School Diploma
STU_000567,Bennani,Karim,M,14,Maroc,Tanger,Collège,Collège Al Khawarizmi,2ème AC,karim.bennani535@school.edu,14.28,7,Certificat Primaire
STU_000568,Schmidt,Lea,F,26,Allemagne,Leipzig,Universität,Universität Hamburg,2. Semester,lea.schmidt421@edu,13.73,2,Bachelor
STU_000569,Williams,Jessica,F,18,UK,London,Secondary School,Eton College,Year 9,jessica.williams446@school.edu,12.43,9,PhD
STU_000570,Robert,Louis,M,23,France,Marseille,Université,Sorbonne Université,Doctorat,louis.robert879@edu,14.42,12,Doctorat
STU_000571,Hoffmann,Lina,F,24,Allemagne,Frankfurt,Universität,Universität München,4. Semester,lina.hoffmann136@edu,11.7,8,Doktor
STU_000572,Moreau,Mathis,M,17,France,Bordeaux,Lycée,Lycée Henri IV,Terminale,mathis.moreau505@school.edu,14.45,5,Baccalauréat
STU_000573,Thomas,Isabella,F,12,UK,London,Secondary School,Oxford High School,Year 13,isabella.thomas933@school.edu,10.3,4,PhD
STU_000574,Schulz,Lina,F,7,Allemagne,Frankfurt,Grundschule,Schiller Grundschule,Klasse 3,lina.schulz760@school.edu,10.5,4,Abitur
STU_000575,Jones,William,M,11,USA,Seattle,Middle School,Kennedy Middle School,Grade 8,william.jones301@school.edu,11.17,2,High School Diploma
STU_000576,Petit,Louise,F,16,France,Marseille,Lycée,Lycée Condorcet,Seconde,louise.petit609@school.edu,10.0,1,Licence
STU_000577,Rodriguez,Mia,F,17,USA,Houston,University,Stanford University,Sophomore,mia.rodriguez33@edu,14.37,5,PhD
STU_000578,Becker,Lea,F,25,Allemagne,Düsseldorf,Universität,TU Berlin,6. Semester,lea.becker647@school.edu,11.55,0,Abitur
STU_000579,Smith,Emma,F,9,Canada,Montreal,Elementary School,Oak Elementary,Grade 5,emma.smith767@school.edu,9.2,6,Bachelor's
STU_000580,MacDonald,Jack,M,14,Canada,Calgary,Secondary School,Montreal High School,Grade 11,jack.macdonald278@school.edu,12.59,4,Master's
STU_000581,González,Martina,F,10,Espagne,Granada,Primaria,Colegio Picasso,5º Primaria,martina.gonzález133@school.edu,15.65,3,Doctorado
STU_000582,Thomas,Noah,M,16,UK,Manchester,Secondary School,Eton College,Year 10,noah.thomas750@school.edu,13.34,8,GCSE
STU_000583,Wagner,Hannah,F,15,Allemagne,Stuttgart,Gymnasium,Humboldt-Gymnasium,Klasse 7,hannah.wagner527@school.edu,14.81,9,Master
STU_000584,Thomas,Emily,F,11,UK,Bristol,University,Imperial College London,Third Year,emily.thomas789@school.edu,11.17,15,Bachelor's
STU_000585,Gómez,Mateo,M,18,Espagne,Sevilla,Secundaria,Instituto Giner de los Ríos,1º Bachillerato,mateo.gómez126@school.edu,14.58,0,Grado
STU_000586,Schmidt,Sophia,F,9,Allemagne,München,Grundschule,Schiller Grundschule,Klasse 1,sophia.schmidt345@school.edu,12.38,3,Master
STU_000587,Schulz,Jonas,M,10,Allemagne,Hamburg,Grundschule,Goethe Grundschule,Klasse 3,jonas.schulz17@school.edu,15.23,2,Doktor
STU_000588,Jones,Amelia,F,9,UK,Oxford,Primary School,Westminster Primary,Year 6,amelia.jones824@school.edu,15.23,5,PhD
STU_000589,Robert,Léo,M,19,France,Nantes,Université,Université Lyon 1,Licence 2,leo.robert562@edu,11.44,12,Baccalauréat
STU_000590,Robert,Lucas,M,14,France,Lyon,Collège,Collège Voltaire,5ème,lucas.robert647@school.edu,15.83,0,Baccalauréat
STU_000591,Benali,Mehdi,M,18,Maroc,Marrakech,Lycée,Lycée Moulay Youssef,Tronc Commun,mehdi.benali630@school.edu,12.44,4,Brevet
STU_000592,Johnson,Joseph,M,11,USA,Houston,Elementary School,Roosevelt Elementary,Grade 2,joseph.johnson378@school.edu,12.33,1,Bachelor's Degree
STU_000593,Johnson,William,M,6,UK,Bristol,Primary School,St. Mary's Primary,Year 1,william.johnson818@school.edu,11.83,1,GCSE
STU_000594,Martin,Mia,F,18,Canada,Toronto,Secondary School,Vancouver High School,Grade 9,mia.martin60@school.edu,11.29,1,Bachelor's
STU_000595,Moreau,Inès,F,26,France,Lyon,Université,Sorbonne Université,Licence 1,ines.moreau637@edu,14.7,8,Master
STU_000596,Smith,Harry,M,11,UK,Cambridge,University,UCL,Postgraduate,harry.smith467@school.edu,13.59,2,A-Level
STU_000597,López,Martín,M,11,Espagne,Barcelona,Primaria,Colegio Goya,5º Primaria,martín.lópez628@school.edu,11.45,3,Máster
STU_000598,Meyer,Lea,F,15,Allemagne,Frankfurt,Gymnasium,Schiller-Gymnasium,Klasse 9,lea.meyer391@school.edu,14.73,4,Master
STU_000599,Thomas,Emma,F,24,France,Marseille,Université,Sorbonne Université,Doctorat,emma.thomas936@edu,10.65,19,Doctorat
STU_000600,Jones,David,M,6,USA,Miami,University,Stanford University,Senior,david.jones685@edu,11.5,19,PhD
STU_000601,Taylor,Liam,M,15,Canada,Montreal,Secondary School,Vancouver High School,Grade 10,liam.taylor187@school.edu,14.95,4,Master's
STU_000602,López,Lucía,F,20,Espagne,Sevilla,Universidad,Universidad de Salamanca,1º Curso,lucía.lópez498@edu,11.98,9,Bachillerato
STU_000603,Tremblay,Lucas,M,6,Canada,Edmonton,Elementary School,Maple Elementary,Grade 5,lucas.tremblay600@school.edu,14.92,8,PhD
STU_000604,Johnson,Alexander,M,12,Canada,Calgary,University,University of Toronto,Fourth Year,alexander.johnson715@edu,16.22,11,Bachelor's
STU_000605,Martínez,Valeria,F,14,Espagne,Málaga,Secundaria,Instituto Lope de Vega,4º ESO,valeria.martínez361@school.edu,11.72,8,Máster
STU_000606,Smith,Liam,M,18,Canada,Edmonton,Secondary School,Toronto High School,Grade 10,liam.smith823@school.edu,14.54,5,High School Diploma
STU_000607,Jones,Ava,F,18,USA,Houston,High School,East High School,Grade 12,ava.jones832@school.edu,12.14,2,PhD
STU_000608,Martínez,Sofía,F,26,Espagne,Zaragoza,Universidad,Universidad de Barcelona,3º Curso,sofía.martínez449@edu,10.8,5,Grado
STU_000609,Davies,Jack,M,13,UK,Birmingham,University,Imperial College London,Postgraduate,jack.davies694@school.edu,14.37,9,A-Level
STU_000610,Rodriguez,Charlotte,F,12,USA,Houston,University,Stanford University,Junior,charlotte.rodriguez864@edu,12.89,19,PhD
STU_000611,Benali,Omar,M,18,Maroc,Agadir,Lycée,Lycée Moulay Youssef,1ère Bac,omar.benali680@school.edu,10.39,2,Brevet
STU_000612,Idrissi,Fatima,F,23,Maroc,Fès,Université,Université Ibn Tofail,S3,fatima.idrissi181@edu,14.78,14,Doctorat
STU_000613,Rodriguez,David,M,8,USA,Chicago,University,MIT,Senior,david.rodriguez812@school.edu,15.2,10,High School Diploma
STU_000614,Schulz,Luis,M,6,Allemagne,Stuttgart,Grundschule,Goethe Grundschule,Klasse 1,luis.schulz959@school.edu,9.88,5,Master
STU_000615,Evans,Oliver,M,16,UK,Birmingham,Secondary School,Cambridge High School,Year 9,oliver.evans130@school.edu,10.94,1,Master's
STU_000616,Taylor,Noah,M,13,Canada,Ottawa,Secondary School,Toronto High School,Grade 12,noah.taylor975@school.edu,12.64,8,Master's
STU_000617,Müller,Hannah,F,21,Allemagne,Stuttgart,Universität,Universität Hamburg,6. Semester,hannah.muller149@edu,12.2,5,Bachelor
STU_000618,Jones,Evelyn,F,12,USA,San Francisco,University,UC Berkeley,Sophomore,evelyn.jones472@school.edu,14.83,16,High School Diploma
STU_000619,Rodríguez,Lucía,F,6,Espagne,Barcelona,Primaria,Colegio Cervantes,2º Primaria,lucía.rodríguez818@school.edu,16.32,1,Máster
STU_000620,Martin,Emily,F,9,Canada,Ottawa,Elementary School,Maple Elementary,Grade 4,emily.martin721@school.edu,11.3,3,High School Diploma
STU_000621,Simon,Manon,F,26,France,Lyon,Université,Université Paris-Saclay,Doctorat,manon.simon623@edu,11.62,8,Doctorat
STU_000622,Martin,Charlotte,F,13,Canada,Vancouver,Secondary School,Calgary High School,Grade 9,charlotte.martin948@school.edu,10.1,9,Master's
STU_000623,Taylor,Isla,F,11,UK,Manchester,Primary School,St. Mary's Primary,Year 6,isla.taylor500@school.edu,12.13,4,A-Level
STU_000624,Schmidt,Emilia,F,14,Allemagne,München,Gymnasium,Schiller-Gymnasium,Klasse 6,emilia.schmidt649@school.edu,12.14,9,Bachelor
STU_000625,Sánchez,Alba,F,15,Espagne,Málaga,Secundaria,Instituto Ramón y Cajal,2º Bachillerato,alba.sánchez355@school.edu,9.81,1,Máster
STU_000626,Schmidt,Finn,M,26,Allemagne,Stuttgart,Universität,Universität Heidelberg,5. Semester,finn.schmidt916@edu,8.65,10,Abitur
STU_000627,Tazi,Omar,M,10,Maroc,Fès,École Primaire,École Mohammed V,5ème année,omar.tazi211@school.edu,14.75,0,Certificat Primaire
STU_000628,Fischer,Paul,M,19,Allemagne,Stuttgart,Universität,Universität München,4. Semester,paul.fischer658@edu,9.87,13,Abitur
STU_000629,Jones,Mia,F,12,USA,Seattle,Middle School,Kennedy Middle School,Grade 8,mia.jones596@school.edu,16.14,0,Master's Degree
STU_000630,Smith,Isabella,F,14,USA,Los Angeles,Middle School,Kennedy Middle School,Grade 7,isabella.smith30@school.edu,11.71,4,Bachelor's Degree
STU_000631,Robert,Mathis,M,17,France,Lille,Lycée,Lycée Condorcet,Terminale,mathis.robert577@school.edu,12.68,6,Doctorat
STU_000632,Rodriguez,James,M,11,USA,Miami,Middle School,Kennedy Middle School,Grade 7,james.rodriguez24@school.edu,12.89,8,High School Diploma
STU_000633,Tazi,Amine,M,13,Maroc,Tanger,Collège,Collège Averroès,3ème AC,amine.tazi984@school.edu,10.81,8,Brevet
STU_000634,Chakir,Salma,F,20,Maroc,Tanger,Université,Université Cadi Ayyad,S6,salma.chakir943@edu,15.73,0,Baccalauréat
STU_000635,Fernández,Martina,F,25,Espagne,Zaragoza,Universidad,Universidad Complutense,3º Curso,martina.fernández723@edu,10.13,3,Grado
STU_000636,Roy,Alexander,M,6,Canada,Montreal,Elementary School,Pine Elementary,Grade 6,alexander.roy222@school.edu,9.27,0,Bachelor's
STU_000637,Simon,Lucas,M,18,France,Strasbourg,Lycée,Lycée Janson de Sailly,Première,lucas.simon602@school.edu,11.84,2,Licence
STU_000638,El Amrani,Ikram,F,26,Maroc,Oujda,Université,Université Hassan II,S6,ikram.elamrani618@edu,12.66,9,Master
STU_000639,López,Daniel,M,19,Espagne,Málaga,Universidad,Universidad Complutense,2º Curso,daniel.lópez684@edu,10.72,14,Bachillerato
STU_000640,Pérez,Lucas,M,21,Espagne,Granada,Universidad,Universidad de Salamanca,1º Curso,lucas.perez742@edu,14.52,19,Grado
STU_000641,Jones,Lily,F,13,UK,Bristol,University,University of Cambridge,Postgraduate,lily.jones925@edu,12.91,3,A-Level
STU_000642,Martin,Alexander,M,12,Canada,Montreal,Secondary School,Montreal High School,Grade 8,alexander.martin589@school.edu,11.99,3,Bachelor's
STU_000643,Fassi,Ahmed,M,17,Maroc,Marrakech,Lycée,Lycée Moulay Youssef,2ème Bac,ahmed.fassi580@school.edu,9.65,4,Baccalauréat
STU_000644,Becker,Emilia,F,8,Allemagne,Hamburg,Grundschule,Goethe Grundschule,Klasse 3,emilia.becker877@school.edu,11.58,8,Abitur
STU_000645,González,Lucía,F,20,Espagne,Zaragoza,Universidad,Universidad Complutense,1º Curso,lucía.gonzález401@edu,8.62,15,Bachillerato
STU_000646,Meyer,Elias,M,12,Allemagne,Leipzig,Gymnasium,Schiller-Gymnasium,Klasse 8,elias.meyer865@school.edu,9.68,3,Doktor
STU_000647,Wagner,Lina,F,14,Allemagne,Leipzig,Gymnasium,Humboldt-Gymnasium,Klasse 6,lina.wagner901@school.edu,10.49,8,Master
STU_000648,Bernard,Sarah,F,24,France,Marseille,Université,Université Lyon 1,Licence 3,sarah.bernard604@edu,13.08,8,Licence
STU_000649,López,Hugo,M,9,Espagne,Zaragoza,Primaria,Colegio Goya,3º Primaria,hugo.lópez512@school.edu,12.03,0,Doctorado
STU_000650,Williams,Daniel,M,14,USA,Miami,Middle School,Adams Middle School,Grade 7,daniel.williams88@school.edu,10.16,4,Bachelor's Degree
STU_000651,Rodriguez,William,M,18,USA,Miami,High School,Central High School,Grade 10,william.rodriguez465@school.edu,15.48,8,High School Diploma
STU_000652,Brown,Charlie,M,5,UK,Manchester,Primary School,Westminster Primary,Year 1,charlie.brown50@school.edu,12.34,3,PhD
STU_000653,Petit,Zoé,F,12,France,Lille,Collège,Collège Pierre et Marie Curie,4ème,zoe.petit103@school.edu,12.37,4,Doctorat
STU_000654,García,Lucas,M,25,Espagne,Sevilla,Universidad,Universidad de Barcelona,1º Curso,lucas.garcía368@edu,11.85,3,ESO
STU_000655,Jones,Oliver,M,7,UK,Liverpool,Primary School,Westminster Primary,Year 2,oliver.jones936@school.edu,11.67,1,GCSE
STU_000656,Bernard,Manon,F,6,France,Marseille,École Primaire,École Élémentaire Victor Hugo,CE1,manon.bernard492@school.edu,11.33,9,Master
STU_000657,Jones,Isabella,F,16,UK,Liverpool,Secondary School,Oxford High School,Year 11,isabella.jones558@school.edu,15.0,1,Master's
STU_000658,Wagner,Lena,F,26,Allemagne,Stuttgart,Universität,Universität Heidelberg,2. Semester,lena.wagner691@edu,11.63,1,Doktor
STU_000659,Thomas,Emily,F,14,UK,Cambridge,University,UCL,Third Year,emily.thomas779@school.edu,12.11,15,Master's
STU_000660,Thomas,George,M,11,UK,Birmingham,Primary School,Victoria Primary,Year 5,george.thomas268@school.edu,14.46,0,PhD
STU_000661,Sqalli,Ali,M,6,Maroc,Meknès,École Primaire,École Mohammed V,5ème année,ali.sqalli397@school.edu,9.97,2,Master
STU_000662,López,Daniela,F,21,Espagne,Zaragoza,Universidad,Universidad de Salamanca,Máster,daniela.lópez320@edu,9.08,14,Doctorado
STU_000663,Wilson,William,M,8,UK,Bristol,Primary School,Westminster Primary,Year 2,william.wilson520@school.edu,15.51,9,Master's
STU_000664,Martín,Alejandro,M,19,Espagne,Bilbao,Universidad,Universidad Complutense,1º Curso,alejandro.martín449@edu,14.8,16,Bachillerato
STU_000665,Gómez,Martín,M,12,Espagne,Barcelona,Primaria,Colegio Picasso,4º Primaria,martín.gómez777@school.edu,12.65,3,Doctorado
STU_000666,Chakir,Ahmed,M,23,Maroc,Marrakech,Université,Université Ibn Tofail,S5,ahmed.chakir476@edu,14.69,16,Master
STU_000667,Rodriguez,Amelia,F,8,USA,Seattle,University,Harvard University,Senior,amelia.rodriguez898@edu,9.94,3,High School Diploma
STU_000668,Thomas,Arthur,M,15,France,Paris,Lycée,Lycée Henri IV,Terminale,arthur.thomas590@school.edu,15.22,2,Master
STU_000669,Brown,Olivia,F,18,USA,Seattle,High School,North High School,Grade 9,olivia.brown909@school.edu,9.24,8,Master's Degree
STU_000670,Fassi,Nour,F,15,Maroc,Meknès,Collège,Collège Al Ghazali,2ème AC,nour.fassi240@school.edu,11.45,0,Licence
STU_000671,Simon,Inès,F,18,France,Lyon,Lycée,Lycée Condorcet,Première,ines.simon258@school.edu,10.16,7,Licence
STU_000672,Hoffmann,Jonas,M,8,Allemagne,Düsseldorf,Grundschule,Schiller Grundschule,Klasse 4,jonas.hoffmann708@school.edu,14.95,8,Doktor
STU_000673,Evans,Ava,F,11,UK,Liverpool,Primary School,St. Mary's Primary,Year 1,ava.evans972@school.edu,13.79,6,Master's
STU_000674,Schneider,Hannah,F,10,Allemagne,Düsseldorf,Gymnasium,Humboldt-Gymnasium,Klasse 12,hannah.schneider944@school.edu,11.82,0,Master
STU_000675,Schulz,Elias,M,18,Allemagne,Köln,Universität,TU Berlin,2. Semester,elias.schulz842@school.edu,10.08,3,Doktor
STU_000676,Tremblay,Liam,M,11,Canada,Calgary,Elementary School,Oak Elementary,Grade 3,liam.tremblay643@school.edu,9.8,9,Bachelor's
STU_000677,Becker,Ben,M,19,Allemagne,Stuttgart,Universität,Universität Heidelberg,2. Semester,ben.becker964@edu,14.57,16,Bachelor
STU_000678,Sánchez,Martina,F,19,Espagne,Madrid,Universidad,Universidad de Salamanca,Máster,martina.sánchez390@edu,10.07,3,Doctorado
STU_000679,Smith,Amelia,F,9,Canada,Edmonton,Elementary School,Maple Elementary,Grade 2,amelia.smith343@school.edu,11.97,2,PhD
STU_000680,Tazi,Sanae,F,16,Maroc,Casablanca,Lycée,Lycée Descartes,Tronc Commun,sanae.tazi773@school.edu,10.31,1,Baccalauréat
STU_000681,Weber,Mia,F,13,Allemagne,Stuttgart,Gymnasium,Humboldt-Gymnasium,Klasse 12,mia.weber754@school.edu,12.01,0,Master
STU_000682,Schmidt,Finn,M,10,Allemagne,Hamburg,Gymnasium,Schiller-Gymnasium,Klasse 5,finn.schmidt387@school.edu,11.89,5,Bachelor
STU_000683,Tazi,Amina,F,11,Maroc,Casablanca,Collège,Collège Al Khawarizmi,2ème AC,amina.tazi394@school.edu,11.98,6,Master
STU_000684,Thomas,Isla,F,6,UK,Liverpool,Primary School,Westminster Primary,Year 1,isla.thomas683@school.edu,10.7,5,Bachelor's
STU_000685,Petit,Jules,M,24,France,Lyon,Université,Sorbonne Université,Doctorat,jules.petit659@edu,12.68,11,Master
STU_000686,Wagner,Paul,M,9,Allemagne,Berlin,Grundschule,Einstein Grundschule,Klasse 1,paul.wagner270@school.edu,13.32,8,Abitur
STU_000687,Martinez,James,M,11,USA,Houston,Elementary School,Jefferson Elementary,Grade 4,james.martinez149@school.edu,15.35,1,Bachelor's Degree
STU_000688,Benjelloun,Zineb,F,10,Maroc,Agadir,École Primaire,École Al Massira,2ème année,zineb.benjelloun380@school.edu,11.32,1,Licence
STU_000689,Smith,Anthony,M,16,USA,San Francisco,High School,North High School,Grade 11,anthony.smith811@school.edu,15.27,8,PhD
STU_000690,Tazi,Salma,F,25,Maroc,Meknès,Université,Université Hassan II,S2,salma.tazi28@edu,11.42,16,Brevet
STU_000691,El Amrani,Ali,M,22,Maroc,Tanger,Université,Université Hassan II,S3,ali.elamrani149@edu,15.21,0,Licence
STU_000692,Bernard,Noah,M,21,France,Strasbourg,Université,Université Lyon 1,Doctorat,noah.bernard420@edu,10.01,8,Brevet
STU_000693,Meyer,Mia,F,8,Allemagne,Leipzig,Grundschule,Goethe Grundschule,Klasse 4,mia.meyer280@school.edu,9.65,5,Abitur
STU_000694,Martínez,Sofía,F,26,Espagne,Valencia,Universidad,Universidad de Barcelona,Máster,sofía.martínez182@edu,11.87,1,ESO
STU_000695,Durand,Hugo,M,11,France,Lille,Collège,Collège Pierre et Marie Curie,5ème,hugo.durand166@school.edu,13.53,5,Master
STU_000696,Williams,Charlotte,F,7,USA,Chicago,Elementary School,Roosevelt Elementary,Grade 2,charlotte.williams17@school.edu,11.67,8,PhD
STU_000697,Roy,Benjamin,M,10,Canada,Vancouver,Elementary School,Pine Elementary,Grade 1,benjamin.roy150@school.edu,15.23,2,PhD
STU_000698,Wilson,Charlie,M,14,UK,London,Secondary School,Westminster School,Year 10,charlie.wilson339@school.edu,11.86,8,A-Level
STU_000699,Durand,Léo,M,19,France,Nantes,Université,Université Paris-Saclay,Master 1,leo.durand45@edu,12.32,14,Baccalauréat
STU_000700,Schneider,Lina,F,10,Allemagne,Köln,Gymnasium,Goethe-Gymnasium,Klasse 6,lina.schneider502@school.edu,14.92,6,Bachelor
STU_000701,Fischer,Lena,F,7,Allemagne,Köln,Grundschule,Schiller Grundschule,Klasse 3,lena.fischer842@school.edu,12.05,7,Doktor
STU_000702,Tazi,Fatima,F,17,Maroc,Meknès,Lycée,Lycée Hassan II,Tronc Commun,fatima.tazi189@school.edu,8.78,9,Brevet
STU_000703,Tazi,Ali,M,19,Maroc,Tanger,Université,Université Cadi Ayyad,S1,ali.tazi651@edu,11.81,5,Doctorat
STU_000704,Petit,Sarah,F,16,France,Bordeaux,Lycée,Lycée Janson de Sailly,Première,sarah.petit61@school.edu,11.3,2,Baccalauréat
STU_000705,Smith,John,M,7,USA,Los Angeles,Elementary School,Washington Elementary,Grade 3,john.smith294@school.edu,15.58,6,Bachelor's Degree
STU_000706,Petit,Jules,M,16,France,Lyon,Lycée,Lycée Henri IV,Terminale,jules.petit834@school.edu,12.64,3,Licence
STU_000707,Müller,Mia,F,12,Allemagne,Düsseldorf,Gymnasium,Kant-Gymnasium,Klasse 11,mia.muller33@school.edu,15.41,9,Bachelor
STU_000708,Martin,Emma,F,12,France,Toulouse,Collège,Collège Jean Moulin,4ème,emma.martin299@school.edu,13.71,4,Master
STU_000709,Martínez,Alejandro,M,26,Espagne,Valencia,Universidad,Universidad de Barcelona,1º Curso,alejandro.martínez415@edu,11.03,14,Máster
STU_000710,Rodriguez,Joseph,M,10,USA,New York,Elementary School,Roosevelt Elementary,Grade 1,joseph.rodriguez624@school.edu,15.92,6,Bachelor's Degree
STU_000711,Moreau,Inès,F,19,France,Bordeaux,Université,Université Paris-Saclay,Licence 1,ines.moreau803@edu,9.56,6,Doctorat
STU_000712,Johnson,William,M,18,USA,Los Angeles,High School,Central High School,Grade 12,william.johnson549@school.edu,11.94,7,Bachelor's Degree
STU_000713,Bennani,Nour,F,11,Maroc,Casablanca,École Primaire,École Mohammed V,1ère année,nour.bennani431@school.edu,10.85,9,Certificat Primaire
STU_000714,Benjelloun,Ali,M,26,Maroc,Fès,Université,Université Cadi Ayyad,S3,ali.benjelloun495@edu,11.71,18,Doctorat
STU_000715,Williams,Jacob,M,12,UK,London,Secondary School,Westminster School,Year 8,jacob.williams100@school.edu,12.42,2,Bachelor's
STU_000716,Brown,Harry,M,8,UK,Manchester,University,University of Cambridge,First Year,harry.brown23@edu,12.01,1,Bachelor's
STU_000717,Leroy,Emma,F,17,France,Paris,Lycée,Lycée Condorcet,Terminale,emma.leroy420@school.edu,11.53,0,Doctorat
STU_000718,Davies,Poppy,F,18,UK,Cambridge,University,UCL,Postgraduate,poppy.davies424@school.edu,15.77,9,PhD
STU_000719,Petit,Noah,M,24,France,Strasbourg,Université,Université Grenoble Alpes,Licence 2,noah.petit487@edu,15.44,5,Baccalauréat
STU_000720,Thomas,Isabella,F,16,UK,Manchester,Secondary School,Eton College,Year 8,isabella.thomas730@school.edu,12.22,5,PhD
STU_000721,Idrissi,Ali,M,19,Maroc,Rabat,Université,Université Ibn Tofail,S5,ali.idrissi89@edu,12.24,12,Baccalauréat
STU_000722,Wilson,Olivia,F,15,UK,Manchester,Secondary School,Cambridge High School,Year 10,olivia.wilson209@school.edu,15.83,9,GCSE
STU_000723,Johnson,Amelia,F,5,UK,Oxford,Primary School,Victoria Primary,Year 5,amelia.johnson271@school.edu,13.01,7,GCSE
STU_000724,Evans,Isla,F,18,UK,Bristol,Secondary School,Westminster School,Year 10,isla.evans933@school.edu,12.08,5,Bachelor's
STU_000725,Taylor,Charlie,M,13,UK,Birmingham,Secondary School,Cambridge High School,Year 10,charlie.taylor749@school.edu,12.5,5,A-Level
STU_000726,Williams,Charlotte,F,13,USA,Boston,Middle School,Franklin Middle School,Grade 8,charlotte.williams900@school.edu,10.91,0,PhD
STU_000727,González,Leo,M,12,Espagne,Zaragoza,Secundaria,Instituto Ramón y Cajal,1º Bachillerato,leo.gonzález406@school.edu,15.36,6,ESO
STU_000728,Leroy,Léa,F,7,France,Lille,École Primaire,École Élémentaire Victor Hugo,CE2,lea.leroy721@school.edu,8.38,6,Brevet
STU_000729,Martín,Emma,F,12,Espagne,Barcelona,Secundaria,Instituto Lope de Vega,2º Bachillerato,emma.martín278@school.edu,10.01,9,Bachillerato
STU_000730,Bernard,Louis,M,10,France,Lyon,École Primaire,École Pasteur,CM1,louis.bernard977@school.edu,12.87,8,Brevet
STU_000731,Martin,Mia,F,14,Canada,Montreal,Secondary School,Toronto High School,Grade 9,mia.martin206@school.edu,13.74,6,PhD
STU_000732,Idrissi,Zineb,F,18,Maroc,Meknès,Lycée,Lycée Moulay Youssef,Tronc Commun,zineb.idrissi590@school.edu,15.18,7,Licence
STU_000733,Alaoui,Hassan,M,14,Maroc,Rabat,Collège,Collège Ibn Khaldoun,1ère AC,hassan.alaoui913@school.edu,10.15,3,Baccalauréat
STU_000734,Brown,Sophia,F,17,Canada,Winnipeg,Secondary School,Vancouver High School,Grade 10,sophia.brown328@school.edu,15.82,8,High School Diploma
STU_000735,Petit,Manon,F,14,France,Lille,Collège,Collège Pierre et Marie Curie,3ème,manon.petit610@school.edu,11.34,0,Brevet
STU_000736,Müller,Emilia,F,20,Allemagne,Leipzig,Universität,Universität Heidelberg,6. Semester,emilia.muller858@edu,10.72,7,Doktor
STU_000737,Roy,Emily,F,7,Canada,Vancouver,Elementary School,Cedar Elementary,Grade 1,emily.roy877@school.edu,15.12,2,Bachelor's
STU_000738,Simon,Clara,F,12,France,Lyon,Collège,Collège Pierre et Marie Curie,3ème,clara.simon862@school.edu,10.91,0,Brevet
STU_000739,Rodriguez,John,M,7,USA,Boston,University,Yale University,Freshman,john.rodriguez982@edu,12.01,1,Bachelor's Degree
STU_000740,Thomas,Hugo,M,16,France,Bordeaux,Lycée,Lycée Condorcet,Première,hugo.thomas336@school.edu,12.74,5,Licence
STU_000741,Weber,Marie,F,11,Allemagne,Berlin,Gymnasium,Kant-Gymnasium,Klasse 8,marie.weber606@school.edu,12.09,4,Doktor
STU_000742,Thomas,Thomas,M,16,UK,Liverpool,Secondary School,Eton College,Year 8,thomas.thomas592@school.edu,15.98,2,PhD
STU_000743,García,Daniel,M,13,Espagne,Granada,Secundaria,Instituto Ramón y Cajal,1º ESO,daniel.garcía38@school.edu,9.36,8,Grado
STU_000744,Tremblay,Emily,F,8,Canada,Winnipeg,Elementary School,Pine Elementary,Grade 2,emily.tremblay920@school.edu,12.3,7,High School Diploma
STU_000745,Rodríguez,María,F,7,Espagne,Sevilla,Primaria,Colegio Cervantes,6º Primaria,maría.rodríguez228@school.edu,15.57,2,Máster
STU_000746,Tazi,Zineb,F,22,Maroc,Casablanca,Université,Université Hassan II,S4,zineb.tazi483@edu,11.6,17,Master
STU_000747,Bennani,Ikram,F,14,Maroc,Rabat,Collège,Collège Al Khawarizmi,3ème AC,ikram.bennani134@school.edu,11.58,7,Master
STU_000748,Smith,Charlie,M,10,UK,Liverpool,University,UCL,Second Year,charlie.smith708@school.edu,15.73,15,GCSE
STU_000749,MacDonald,Liam,M,11,Canada,Winnipeg,Elementary School,Pine Elementary,Grade 3,liam.macdonald978@school.edu,12.92,4,PhD
STU_000750,Gómez,Álvaro,M,12,Espagne,Sevilla,Secundaria,Instituto Ramón y Cajal,1º ESO,álvaro.gómez390@school.edu,11.73,8,Doctorado
STU_000751,Becker,Emilia,F,19,Allemagne,Stuttgart,Universität,Universität München,2. Semester,emilia.becker794@edu,16.13,0,Abitur
STU_000752,Anderson,Chloe,F,17,Canada,Toronto,Secondary School,Calgary High School,Grade 11,chloe.anderson613@school.edu,12.46,9,Master's
STU_000753,Anderson,Charlotte,F,8,Canada,Ottawa,University,University of Toronto,Graduate,charlotte.anderson987@edu,14.42,18,PhD
STU_000754,Alaoui,Laila,F,18,Maroc,Meknès,Lycée,Lycée Hassan II,Tronc Commun,laila.alaoui425@school.edu,9.7,4,Doctorat
STU_000755,Roy,Alexander,M,17,Canada,Edmonton,Secondary School,Vancouver High School,Grade 9,alexander.roy587@school.edu,15.0,1,Bachelor's
STU_000756,Fassi,Ali,M,18,Maroc,Meknès,Lycée,Lycée Mohammed V,1ère Bac,ali.fassi806@school.edu,12.68,2,Baccalauréat
STU_000757,Jones,Poppy,F,12,UK,Cambridge,Secondary School,Oxford High School,Year 13,poppy.jones510@school.edu,14.02,3,PhD
STU_000758,Williams,Daniel,M,12,USA,Seattle,Middle School,Madison Middle School,Grade 7,daniel.williams720@school.edu,11.69,3,Bachelor's Degree
STU_000759,García,Martina,F,24,Espagne,Bilbao,Universidad,Universidad Complutense,4º Curso,martina.garcía595@edu,12.27,10,ESO
STU_000760,González,Valeria,F,26,Espagne,Sevilla,Universidad,Universidad de Barcelona,1º Curso,valeria.gonzález427@edu,12.07,8,Bachillerato
STU_000761,Schneider,Sophia,F,18,Allemagne,München,Gymnasium,Humboldt-Gymnasium,Klasse 10,sophia.schneider949@school.edu,11.74,0,Bachelor
STU_000762,Brown,Jacob,M,12,UK,Manchester,University,UCL,Third Year,jacob.brown655@school.edu,15.41,15,PhD
STU_000763,Brown,Jacob,M,9,UK,Manchester,Primary School,Victoria Primary,Year 1,jacob.brown474@school.edu,14.69,8,GCSE
STU_000764,Alaoui,Nour,F,24,Maroc,Tanger,Université,Université Ibn Tofail,S3,nour.alaoui568@edu,12.62,10,Brevet
STU_000765,Brown,Olivia,F,7,Canada,Winnipeg,Elementary School,Pine Elementary,Grade 2,olivia.brown361@school.edu,11.52,5,Master's
STU_000766,Martín,Álvaro,M,14,Espagne,Sevilla,Secundaria,Instituto Giner de los Ríos,3º ESO,álvaro.martín952@school.edu,11.01,0,Grado
STU_000767,Durand,Emma,F,11,France,Bordeaux,Collège,Collège Pierre et Marie Curie,5ème,emma.durand799@school.edu,13.03,5,Licence
STU_000768,Martin,Mia,F,8,Canada,Vancouver,Elementary School,Oak Elementary,Grade 6,mia.martin211@school.edu,9.47,7,High School Diploma
STU_000769,Dupont,Raphaël,M,14,France,Paris,Collège,Collège Pierre et Marie Curie,4ème,raphaël.dupont953@school.edu,9.83,4,Baccalauréat
STU_000770,Fassi,Omar,M,10,Maroc,Marrakech,École Primaire,École Hassan II,2ème année,omar.fassi179@school.edu,14.87,4,Licence
STU_000771,Fischer,Leon,M,14,Allemagne,Frankfurt,Gymnasium,Goethe-Gymnasium,Klasse 5,leon.fischer920@school.edu,14.66,0,Bachelor
STU_000772,Fassi,Omar,M,10,Maroc,Casablanca,École Primaire,École Hassan II,1ère année,omar.fassi58@school.edu,11.15,0,Licence
STU_000773,Johnson,Alexander,M,18,Canada,Edmonton,University,University of Toronto,Graduate,alexander.johnson73@edu,10.35,7,High School Diploma
STU_000774,Brown,Amelia,F,6,UK,Liverpool,University,Imperial College London,First Year,amelia.brown215@school.edu,12.66,9,GCSE
STU_000775,Bernard,Hugo,M,17,France,Lille,Lycée,Lycée Janson de Sailly,Terminale,hugo.bernard900@school.edu,15.29,1,Master
STU_000776,Smith,Harper,F,17,USA,Seattle,High School,South High School,Grade 10,harper.smith778@school.edu,14.57,3,Bachelor's Degree
STU_000777,Roy,Noah,M,14,Canada,Quebec City,Secondary School,Vancouver High School,Grade 7,noah.roy959@school.edu,11.64,9,Bachelor's
STU_000778,Brown,Lily,F,15,UK,Cambridge,Secondary School,Westminster School,Year 10,lily.brown73@school.edu,12.27,8,PhD
STU_000779,Johnson,Sophia,F,12,USA,Houston,Middle School,Kennedy Middle School,Grade 8,sophia.johnson467@school.edu,14.1,2,Bachelor's Degree
STU_000780,Smith,Thomas,M,9,USA,New York,Elementary School,Jefferson Elementary,Grade 4,thomas.smith271@school.edu,12.2,5,PhD
STU_000781,Tremblay,Benjamin,M,10,Canada,Toronto,Elementary School,Oak Elementary,Grade 4,benjamin.tremblay499@school.edu,11.98,6,High School Diploma
STU_000782,Petit,Sarah,F,13,France,Strasbourg,Collège,Collège Molière,5ème,sarah.petit354@school.edu,14.72,2,Baccalauréat
STU_000783,Johnson,James,M,17,USA,Los Angeles,University,MIT,Senior,james.johnson234@school.edu,11.24,0,PhD
STU_000784,Pérez,Manuel,M,22,Espagne,Barcelona,Universidad,Universidad de Salamanca,3º Curso,manuel.perez319@edu,11.08,1,Máster
STU_000785,Rodríguez,Daniela,F,23,Espagne,Zaragoza,Universidad,Universidad de Barcelona,4º Curso,daniela.rodríguez19@edu,12.15,10,Grado
STU_000786,García,Daniela,F,22,Espagne,Barcelona,Universidad,Universidad Complutense,4º Curso,daniela.garcía625@edu,14.22,13,Bachillerato
STU_000787,Benali,Sanae,F,14,Maroc,Agadir,Collège,Collège Al Khawarizmi,3ème AC,sanae.benali575@school.edu,10.59,9,Master
STU_000788,Williams,Oscar,M,11,UK,Manchester,University,University of Cambridge,Second Year,oscar.williams372@edu,11.54,6,PhD
STU_000789,Schmidt,Emilia,F,8,Allemagne,Hamburg,Grundschule,Schiller Grundschule,Klasse 4,emilia.schmidt184@school.edu,12.92,6,Doktor
STU_000790,El Amrani,Youssef,M,16,Maroc,Fès,Lycée,Lycée Mohammed V,1ère Bac,youssef.elamrani277@school.edu,11.42,0,Doctorat
STU_000791,Bernard,Manon,F,8,France,Paris,École Primaire,École Pasteur,CE1,manon.bernard674@school.edu,15.73,9,Brevet
STU_000792,Schneider,Marie,F,25,Allemagne,Köln,Universität,Universität Hamburg,1. Semester,marie.schneider755@edu,11.57,6,Master
STU_000793,Pérez,Daniela,F,10,Espagne,Málaga,Primaria,Colegio Velázquez,6º Primaria,daniela.perez145@school.edu,10.25,9,Máster
STU_000794,Dupont,Inès,F,15,France,Lyon,Lycée,Lycée Louis le Grand,Seconde,ines.dupont658@school.edu,11.79,5,Master
STU_000795,Davies,Sophie,F,8,UK,Edinburgh,University,Imperial College London,Third Year,sophie.davies81@school.edu,9.56,6,GCSE
STU_000796,Taylor,Poppy,F,10,UK,London,University,LSE,First Year,poppy.taylor322@school.edu,10.29,6,PhD
STU_000797,Benjelloun,Rachid,M,13,Maroc,Marrakech,Collège,Collège Al Ghazali,1ère AC,rachid.benjelloun435@school.edu,12.52,0,Master
STU_000798,Bennani,Karim,M,19,Maroc,Fès,Université,Université Hassan II,S2,karim.bennani833@edu,16.14,9,Licence
STU_000799,Rodríguez,Alejandro,M,13,Espagne,Madrid,Secundaria,Instituto Ramón y Cajal,4º ESO,alejandro.rodríguez43@school.edu,10.59,4,ESO
STU_000800,Durand,Sarah,F,10,France,Lille,École Primaire,École Élémentaire Victor Hugo,CE2,sarah.durand313@school.edu,12.17,7,Baccalauréat
STU_000801,Schmidt,Emilia,F,10,Allemagne,Düsseldorf,Gymnasium,Schiller-Gymnasium,Klasse 5,emilia.schmidt906@school.edu,13.59,7,Bachelor
STU_000802,Petit,Emma,F,12,France,Nantes,Collège,Collège Voltaire,6ème,emma.petit293@school.edu,10.28,2,Licence
STU_000803,Anderson,Oliver,M,17,Canada,Winnipeg,University,McGill University,Third Year,oliver.anderson688@edu,12.83,2,High School Diploma
STU_000804,Petit,Manon,F,15,France,Lille,Lycée,Lycée Henri IV,Première,manon.petit888@school.edu,15.06,6,Doctorat
STU_000805,Jones,Thomas,M,18,USA,Miami,High School,Central High School,Grade 12,thomas.jones69@school.edu,12.98,3,PhD
STU_000806,MacDonald,Ethan,M,16,Canada,Vancouver,Secondary School,Vancouver High School,Grade 11,ethan.macdonald56@school.edu,12.45,5,High School Diploma
STU_000807,Johnson,Poppy,F,18,UK,Cambridge,University,Imperial College London,First Year,poppy.johnson631@school.edu,12.66,9,A-Level
STU_000808,Williams,David,M,6,USA,Chicago,University,Yale University,Senior,david.williams204@edu,10.09,17,Master's Degree
STU_000809,Jones,James,M,15,USA,San Francisco,High School,South High School,Grade 10,james.jones420@school.edu,9.9,1,Bachelor's Degree
STU_000810,Smith,John,M,17,USA,Seattle,High School,South High School,Grade 11,john.smith927@school.edu,11.1,5,PhD
STU_000811,Thomas,Arthur,M,16,France,Lyon,Lycée,Lycée Condorcet,Terminale,arthur.thomas567@school.edu,14.51,2,Licence
STU_000812,Brown,Noah,M,14,Canada,Montreal,Secondary School,Toronto High School,Grade 8,noah.brown550@school.edu,10.09,0,High School Diploma
STU_000813,Smith,Benjamin,M,15,Canada,Edmonton,University,McGill University,Graduate,benjamin.smith243@edu,12.77,17,PhD
STU_000814,Benjelloun,Marwa,F,6,Maroc,Oujda,École Primaire,École Mohammed V,3ème année,marwa.benjelloun201@school.edu,13.27,6,Master
STU_000815,Evans,Thomas,M,16,UK,Bristol,University,LSE,Second Year,thomas.evans748@school.edu,14.13,19,Bachelor's
STU_000816,Fassi,Laila,F,17,Maroc,Tanger,Lycée,Lycée Descartes,Tronc Commun,laila.fassi474@school.edu,14.84,1,Doctorat
STU_000817,Davis,Sophia,F,18,USA,New York,University,MIT,Sophomore,sophia.davis527@school.edu,15.16,11,Master's Degree
STU_000818,Meyer,Lea,F,6,Allemagne,Stuttgart,Grundschule,Schiller Grundschule,Klasse 1,lea.meyer656@school.edu,13.0,7,Doktor
STU_000819,Weber,Emilia,F,8,Allemagne,Berlin,Grundschule,Goethe Grundschule,Klasse 1,emilia.weber77@school.edu,15.7,3,Doktor
STU_000820,El Amrani,Youssef,M,15,Maroc,Tanger,Lycée,Lycée Descartes,2ème Bac,youssef.elamrani985@school.edu,15.38,3,Brevet
STU_000821,Sqalli,Ikram,F,15,Maroc,Casablanca,Collège,Collège Al Khawarizmi,1ère AC,ikram.sqalli478@school.edu,12.46,1,Licence
STU_000822,Fernández,Alba,F,11,Espagne,Valencia,Primaria,Colegio Picasso,5º Primaria,alba.fernández821@school.edu,12.92,0,Grado
STU_000823,Anderson,Chloe,F,16,Canada,Calgary,Secondary School,Vancouver High School,Grade 8,chloe.anderson440@school.edu,14.0,0,PhD
STU_000824,García,Martina,F,10,Espagne,Madrid,Primaria,Colegio Cervantes,3º Primaria,martina.garcía263@school.edu,15.03,2,Doctorado
STU_000825,Wagner,Jonas,M,18,Allemagne,Leipzig,Universität,Universität Hamburg,6. Semester,jonas.wagner185@edu,12.83,5,Master
STU_000826,Davis,Isabella,F,11,USA,Chicago,University,Stanford University,Freshman,isabella.davis55@edu,14.16,12,Master's Degree
STU_000827,Williams,Anthony,M,18,USA,Chicago,University,Stanford University,Graduate,anthony.williams308@edu,11.53,8,PhD
STU_000828,Fassi,Sanae,F,13,Maroc,Meknès,Collège,Collège Al Khawarizmi,3ème AC,sanae.fassi516@school.edu,14.88,4,Doctorat
STU_000829,Johnson,Oliver,M,11,UK,London,Primary School,St. Mary's Primary,Year 2,oliver.johnson299@school.edu,12.23,8,A-Level
STU_000830,Taylor,Poppy,F,7,UK,Cambridge,Primary School,St. Mary's Primary,Year 4,poppy.taylor552@school.edu,12.23,7,A-Level
STU_000831,Simon,Mathis,M,17,France,Strasbourg,Lycée,Lycée Louis le Grand,Seconde,mathis.simon230@school.edu,15.64,0,Master
STU_000832,Jones,David,M,9,USA,Houston,Elementary School,Roosevelt Elementary,Grade 4,david.jones377@school.edu,11.65,2,PhD
STU_000833,Benali,Ikram,F,14,Maroc,Fès,Collège,Collège Al Khawarizmi,1ère AC,ikram.benali286@school.edu,15.01,7,Licence
STU_000834,Martín,Daniel,M,8,Espagne,Bilbao,Primaria,Colegio Cervantes,4º Primaria,daniel.martín138@school.edu,9.7,8,Máster
STU_000835,Thomas,Hugo,M,18,France,Marseille,Université,Sorbonne Université,Doctorat,hugo.thomas478@edu,12.6,13,Doctorat
STU_000836,Fernández,Sofía,F,14,Espagne,Valencia,Secundaria,Instituto Lope de Vega,1º ESO,sofía.fernández615@school.edu,10.8,3,Bachillerato
STU_000837,Evans,Isabella,F,15,UK,Manchester,University,LSE,First Year,isabella.evans7@school.edu,10.83,13,Bachelor's
STU_000838,Moreau,Noah,M,7,France,Toulouse,École Primaire,École Élémentaire Victor Hugo,CM1,noah.moreau676@school.edu,13.1,5,Licence
STU_000839,Taylor,Noah,M,18,Canada,Ottawa,University,McGill University,Second Year,noah.taylor419@edu,14.78,19,Bachelor's
STU_000840,Tazi,Mohamed,M,20,Maroc,Marrakech,Université,Université Cadi Ayyad,S6,mohamed.tazi472@edu,15.38,12,Doctorat
STU_000841,Schmidt,Felix,M,18,Allemagne,München,Gymnasium,Kant-Gymnasium,Klasse 8,felix.schmidt935@school.edu,11.76,8,Master
STU_000842,Smith,Ava,F,9,Canada,Montreal,Elementary School,Oak Elementary,Grade 4,ava.smith420@school.edu,11.85,1,Master's
STU_000843,Anderson,Alexander,M,7,Canada,Edmonton,Elementary School,Cedar Elementary,Grade 3,alexander.anderson877@school.edu,10.57,5,PhD
STU_000844,Sqalli,Rachid,M,14,Maroc,Agadir,Collège,Collège Al Khawarizmi,3ème AC,rachid.sqalli276@school.edu,12.74,2,Certificat Primaire
STU_000845,MacDonald,Oliver,M,11,Canada,Ottawa,University,University of Toronto,Second Year,oliver.macdonald561@edu,11.48,9,PhD
STU_000846,Rodríguez,María,F,7,Espagne,Barcelona,Primaria,Colegio Picasso,5º Primaria,maría.rodríguez608@school.edu,15.67,3,Máster
STU_000847,Johnson,Matthew,M,8,USA,Boston,Elementary School,Lincoln Elementary,Grade 3,matthew.johnson571@school.edu,12.9,1,Bachelor's Degree
STU_000848,Meyer,Anna,F,18,Allemagne,Berlin,Universität,Universität Hamburg,2. Semester,anna.meyer743@edu,12.18,9,Bachelor
STU_000849,Martinez,John,M,12,USA,Houston,Middle School,Kennedy Middle School,Grade 7,john.martinez689@school.edu,15.97,7,High School Diploma
STU_000850,Schmidt,Marie,F,9,Allemagne,Hamburg,Grundschule,Einstein Grundschule,Klasse 1,marie.schmidt90@school.edu,15.63,0,Doktor
STU_000851,Williams,Daniel,M,15,USA,Miami,High School,South High School,Grade 12,daniel.williams282@school.edu,12.04,9,PhD
STU_000852,Fassi,Sanae,F,6,Maroc,Marrakech,École Primaire,École Hassan II,5ème année,sanae.fassi548@school.edu,12.65,5,Baccalauréat
STU_000853,Bennani,Zineb,F,11,Maroc,Tanger,Collège,Collège Al Ghazali,1ère AC,zineb.bennani171@school.edu,11.61,0,Master
STU_000854,Wagner,Ben,M,10,Allemagne,München,Grundschule,Einstein Grundschule,Klasse 2,ben.wagner638@school.edu,10.35,5,Bachelor
STU_000855,Anderson,Liam,M,6,Canada,Montreal,Elementary School,Maple Elementary,Grade 6,liam.anderson995@school.edu,14.9,6,Master's
STU_000856,Benjelloun,Marwa,F,14,Maroc,Oujda,Collège,Collège Averroès,1ère AC,marwa.benjelloun811@school.edu,10.5,1,Certificat Primaire
STU_000857,Martínez,Alba,F,13,Espagne,Málaga,Secundaria,Instituto Giner de los Ríos,2º Bachillerato,alba.martínez355@school.edu,14.56,8,Máster
STU_000858,Williams,Mia,F,15,USA,Miami,High School,East High School,Grade 11,mia.williams204@school.edu,11.88,7,High School Diploma
STU_000859,Roy,Ethan,M,9,Canada,Quebec City,University,UBC,First Year,ethan.roy289@school.edu,11.07,9,High School Diploma
STU_000860,Anderson,Charlotte,F,17,Canada,Vancouver,Secondary School,Vancouver High School,Grade 12,charlotte.anderson868@school.edu,14.55,3,Master's
STU_000861,Smith,Charlotte,F,14,USA,Seattle,High School,South High School,Grade 10,charlotte.smith462@school.edu,9.33,3,Master's Degree
STU_000862,Martin,Alexander,M,10,Canada,Calgary,Elementary School,Maple Elementary,Grade 3,alexander.martin609@school.edu,12.33,7,PhD
STU_000863,Roy,Noah,M,9,Canada,Edmonton,Elementary School,Oak Elementary,Grade 3,noah.roy750@school.edu,11.0,0,PhD
STU_000864,Chakir,Salma,F,15,Maroc,Rabat,Lycée,Lycée Descartes,2ème Bac,salma.chakir173@school.edu,15.0,7,Licence
STU_000865,Benali,Youssef,M,20,Maroc,Agadir,Université,Université Cadi Ayyad,S2,youssef.benali301@edu,10.01,11,Certificat Primaire
STU_000866,Taylor,Ethan,M,7,Canada,Edmonton,Elementary School,Maple Elementary,Grade 3,ethan.taylor600@school.edu,9.88,6,High School Diploma
STU_000867,Schulz,Finn,M,8,Allemagne,München,Grundschule,Goethe Grundschule,Klasse 3,finn.schulz911@school.edu,12.77,8,Master
STU_000868,Wilson,Olivia,F,17,UK,Birmingham,Secondary School,Westminster School,Year 9,olivia.wilson863@school.edu,10.36,9,Master's
STU_000869,Weber,Lina,F,8,Allemagne,Köln,Grundschule,Goethe Grundschule,Klasse 3,lina.weber529@school.edu,11.57,6,Doktor
STU_000870,Tazi,Fatima,F,14,Maroc,Marrakech,Collège,Collège Al Khawarizmi,1ère AC,fatima.tazi140@school.edu,14.26,1,Certificat Primaire
STU_000871,Pérez,Martín,M,12,Espagne,Barcelona,Primaria,Colegio Goya,3º Primaria,martín.perez766@school.edu,14.45,0,Grado
STU_000872,Bennani,Ali,M,9,Maroc,Agadir,École Primaire,École Ibn Sina,5ème année,ali.bennani278@school.edu,11.5,0,Certificat Primaire
STU_000873,Chakir,Amine,M,6,Maroc,Casablanca,École Primaire,École Al Massira,3ème année,amine.chakir663@school.edu,14.85,6,Master
STU_000874,Taylor,Alexander,M,10,Canada,Edmonton,University,UBC,Fourth Year,alexander.taylor511@school.edu,12.27,4,Bachelor's
STU_000875,Martínez,Manuel,M,22,Espagne,Bilbao,Universidad,Universidad Complutense,4º Curso,manuel.martínez346@edu,11.7,19,Bachillerato
STU_000876,Becker,Luis,M,11,Allemagne,Leipzig,Gymnasium,Schiller-Gymnasium,Klasse 8,luis.becker846@school.edu,11.71,4,Bachelor
STU_000877,MacDonald,Ethan,M,9,Canada,Winnipeg,Elementary School,Cedar Elementary,Grade 6,ethan.macdonald140@school.edu,15.72,9,High School Diploma
STU_000878,Benali,Ahmed,M,15,Maroc,Meknès,Lycée,Lycée Descartes,Tronc Commun,ahmed.benali114@school.edu,9.69,9,Certificat Primaire
STU_000879,Martin,Inès,F,10,France,Lyon,École Primaire,École Jean Jaurès,CM1,ines.martin580@school.edu,10.92,5,Baccalauréat
STU_000880,Johnson,Evelyn,F,6,USA,San Francisco,Elementary School,Jefferson Elementary,Grade 5,evelyn.johnson507@school.edu,11.93,9,High School Diploma
STU_000881,Taylor,William,M,18,Canada,Edmonton,University,University of Toronto,Second Year,william.taylor366@edu,14.37,16,Bachelor's
STU_000882,Brown,James,M,13,Canada,Quebec City,University,McGill University,First Year,james.brown691@edu,10.97,1,Bachelor's
STU_000883,Dupont,Manon,F,18,France,Marseille,Lycée,Lycée Condorcet,Première,manon.dupont637@school.edu,12.88,2,Brevet
STU_000884,Johnson,Noah,M,13,UK,Edinburgh,Secondary School,Westminster School,Year 11,noah.johnson397@school.edu,9.36,3,PhD
STU_000885,Martín,Sofía,F,13,Espagne,Zaragoza,Secundaria,Instituto Lope de Vega,1º ESO,sofía.martín825@school.edu,12.25,5,Doctorado
STU_000886,Petit,Zoé,F,19,France,Paris,Université,Université Lyon 1,Master 1,zoe.petit823@edu,13.04,12,Licence
STU_000887,Tremblay,Benjamin,M,11,Canada,Quebec City,Secondary School,Vancouver High School,Grade 7,benjamin.tremblay850@school.edu,11.4,8,Master's
STU_000888,Taylor,Chloe,F,16,Canada,Quebec City,Secondary School,Montreal High School,Grade 12,chloe.taylor875@school.edu,11.79,1,High School Diploma
STU_000889,Smith,Anthony,M,14,USA,Miami,Middle School,Franklin Middle School,Grade 7,anthony.smith924@school.edu,11.77,7,Bachelor's Degree
STU_000890,Martin,Jules,M,11,France,Lyon,Collège,Collège Jean Moulin,6ème,jules.martin870@school.edu,16.16,8,Master
STU_000891,Davies,Sophie,F,16,UK,Edinburgh,University,LSE,Postgraduate,sophie.davies745@school.edu,11.0,17,A-Level
STU_000892,González,Emma,F,22,Espagne,Zaragoza,Universidad,Universidad de Salamanca,3º Curso,emma.gonzález940@edu,12.53,1,Bachillerato
STU_000893,Alaoui,Aicha,F,16,Maroc,Rabat,Lycée,Lycée Descartes,1ère Bac,aicha.alaoui659@school.edu,14.15,7,Certificat Primaire
STU_000894,Benali,Mehdi,M,15,Maroc,Marrakech,Lycée,Lycée Descartes,Tronc Commun,mehdi.benali942@school.edu,9.38,9,Certificat Primaire
STU_000895,Hoffmann,Emilia,F,20,Allemagne,Hamburg,Universität,Universität München,3. Semester,emilia.hoffmann111@edu,13.73,8,Master
STU_000896,Schulz,Lina,F,8,Allemagne,Düsseldorf,Grundschule,Schiller Grundschule,Klasse 3,lina.schulz875@school.edu,15.45,7,Bachelor
STU_000897,Evans,Amelia,F,10,UK,Birmingham,Primary School,St. Mary's Primary,Year 4,amelia.evans358@school.edu,12.7,1,Bachelor's
STU_000898,Robert,Louis,M,8,France,Paris,École Primaire,École Jean Jaurès,CE1,louis.robert238@school.edu,13.62,7,Master
STU_000899,Garcia,John,M,14,USA,Houston,Middle School,Madison Middle School,Grade 8,john.garcia3@school.edu,11.63,2,High School Diploma
STU_000900,El Amrani,Sanae,F,18,Maroc,Fès,Université,Université Cadi Ayyad,S6,sanae.elamrani723@edu,10.4,2,Brevet
STU_000901,Becker,Paul,M,7,Allemagne,Stuttgart,Grundschule,Mozart Grundschule,Klasse 4,paul.becker404@school.edu,12.47,8,Doktor
STU_000902,Martínez,Daniel,M,6,Espagne,Sevilla,Primaria,Colegio Picasso,4º Primaria,daniel.martínez25@school.edu,11.2,8,ESO
STU_000903,Brown,Jacob,M,13,UK,Manchester,Secondary School,Eton College,Year 12,jacob.brown843@school.edu,11.78,8,Master's
STU_000904,Jones,Harry,M,18,UK,Liverpool,Secondary School,Cambridge High School,Year 11,harry.jones509@school.edu,9.16,3,PhD
STU_000905,Smith,Oliver,M,17,UK,Oxford,Secondary School,Cambridge High School,Year 13,oliver.smith696@school.edu,11.82,6,PhD
STU_000906,Johnson,Ava,F,10,Canada,Quebec City,University,McGill University,Fourth Year,ava.johnson465@edu,10.42,12,PhD
STU_000907,Thomas,Amelia,F,17,UK,Edinburgh,University,UCL,First Year,amelia.thomas61@school.edu,11.44,7,GCSE
STU_000908,Williams,Thomas,M,7,UK,Bristol,University,LSE,Third Year,thomas.williams508@school.edu,12.41,14,PhD
STU_000909,Benali,Youssef,M,6,Maroc,Rabat,École Primaire,École Ibn Sina,5ème année,youssef.benali123@school.edu,15.8,4,Master
STU_000910,Evans,George,M,9,UK,Manchester,University,Imperial College London,Postgraduate,george.evans497@school.edu,14.3,12,Master's
STU_000911,García,Paula,F,14,Espagne,Málaga,Secundaria,Instituto Lope de Vega,2º Bachillerato,paula.garcía55@school.edu,12.5,0,Doctorado
STU_000912,Chakir,Ahmed,M,14,Maroc,Oujda,Collège,Collège Averroès,3ème AC,ahmed.chakir163@school.edu,9.66,8,Doctorat
STU_000913,Dupont,Hugo,M,15,France,Nantes,Collège,Collège Jean Moulin,3ème,hugo.dupont974@school.edu,11.08,5,Baccalauréat
STU_000914,Leroy,Arthur,M,8,France,Paris,École Primaire,École Jules Ferry,CE2,arthur.leroy699@school.edu,9.17,2,Doctorat
STU_000915,Müller,Anna,F,11,Allemagne,München,Gymnasium,Schiller-Gymnasium,Klasse 5,anna.muller39@school.edu,11.44,2,Bachelor
STU_000916,Sánchez,Martín,M,26,Espagne,Barcelona,Universidad,Universidad Complutense,4º Curso,martín.sánchez697@edu,12.37,13,Máster
STU_000917,Schmidt,Luis,M,17,Allemagne,Leipzig,Gymnasium,Goethe-Gymnasium,Klasse 7,luis.schmidt83@school.edu,10.62,9,Abitur
STU_000918,Davis,Joseph,M,14,USA,Houston,Middle School,Kennedy Middle School,Grade 8,joseph.davis707@school.edu,11.7,0,High School Diploma
STU_000919,Smith,Oliver,M,18,UK,Cambridge,University,UCL,Second Year,oliver.smith546@school.edu,11.57,7,Bachelor's
STU_000920,Johnson,Jack,M,7,UK,Bristol,Primary School,St. Mary's Primary,Year 2,jack.johnson113@school.edu,15.47,1,Master's
STU_000921,Leroy,Zoé,F,13,France,Paris,Collège,Collège Pierre et Marie Curie,6ème,zoe.leroy425@school.edu,13.2,0,Master
STU_000922,El Amrani,Mohamed,M,9,Maroc,Agadir,École Primaire,École Hassan II,6ème année,mohamed.elamrani918@school.edu,15.5,6,Doctorat
STU_000923,Benjelloun,Sanae,F,21,Maroc,Agadir,Université,Université Mohammed V,Master 2,sanae.benjelloun230@edu,10.92,10,Baccalauréat
STU_000924,Garcia,David,M,18,USA,Houston,High School,South High School,Grade 12,david.garcia283@school.edu,12.12,8,PhD
STU_000925,Durand,Sarah,F,25,France,Lille,Université,Université Lyon 1,Licence 2,sarah.durand917@edu,11.4,14,Licence
STU_000926,Tazi,Karim,M,18,Maroc,Fès,Université,Université Mohammed V,Master 2,karim.tazi937@edu,13.05,8,Doctorat
STU_000927,Pérez,Martín,M,22,Espagne,Barcelona,Universidad,Universidad Complutense,4º Curso,martín.perez287@edu,12.03,11,Bachillerato
STU_000928,Wagner,Lukas,M,7,Allemagne,Köln,Grundschule,Goethe Grundschule,Klasse 3,lukas.wagner155@school.edu,15.77,0,Abitur
STU_000929,Tremblay,Alexander,M,18,Canada,Edmonton,University,UBC,Third Year,alexander.tremblay165@school.edu,15.02,5,High School Diploma
STU_000930,Pérez,Julia,F,11,Espagne,Madrid,Primaria,Colegio Velázquez,3º Primaria,julia.perez962@school.edu,13.97,7,ESO
STU_000931,Evans,Jessica,F,13,UK,Cambridge,Secondary School,Oxford High School,Year 7,jessica.evans182@school.edu,15.53,9,Bachelor's
STU_000932,Leroy,Chloé,F,22,France,Lille,Université,Université Grenoble Alpes,Doctorat,chloe.leroy239@edu,15.49,14,Master
STU_000933,El Amrani,Karim,M,18,Maroc,Rabat,Lycée,Lycée Mohammed V,2ème Bac,karim.elamrani649@school.edu,10.22,3,Licence
STU_000934,Martín,Julia,F,25,Espagne,Málaga,Universidad,Universidad de Salamanca,2º Curso,julia.martín339@edu,15.43,17,Bachillerato
STU_000935,Becker,Paul,M,9,Allemagne,München,Grundschule,Mozart Grundschule,Klasse 2,paul.becker938@school.edu,8.68,8,Abitur
STU_000936,Bennani,Ikram,F,22,Maroc,Fès,Université,Université Hassan II,S3,ikram.bennani512@edu,12.86,8,Doctorat
STU_000937,Chakir,Omar,M,20,Maroc,Fès,Université,Université Ibn Tofail,S3,omar.chakir932@edu,9.93,7,Doctorat
STU_000938,Benjelloun,Laila,F,9,Maroc,Agadir,École Primaire,École Hassan II,3ème année,laila.benjelloun266@school.edu,11.17,2,Licence
STU_000939,Martínez,Lucía,F,18,Espagne,Granada,Secundaria,Instituto Lope de Vega,2º Bachillerato,lucía.martínez187@school.edu,14.11,4,Bachillerato
STU_000940,Martin,Benjamin,M,14,Canada,Winnipeg,Secondary School,Toronto High School,Grade 10,benjamin.martin40@school.edu,11.59,1,PhD
STU_000941,Benali,Ali,M,11,Maroc,Marrakech,École Primaire,École Ibn Sina,3ème année,ali.benali822@school.edu,11.62,2,Brevet
STU_000942,Johnson,Jacob,M,7,UK,Bristol,University,Imperial College London,First Year,jacob.johnson493@school.edu,15.23,16,Bachelor's
STU_000943,Petit,Inès,F,19,France,Marseille,Université,Université Paris-Saclay,Licence 3,ines.petit679@edu,15.41,3,Brevet
STU_000944,Davis,Joseph,M,16,USA,Miami,University,MIT,Senior,joseph.davis391@school.edu,12.36,17,Bachelor's Degree
STU_000945,Durand,Clara,F,14,France,Paris,Collège,Collège Voltaire,6ème,clara.durand260@school.edu,9.93,2,Baccalauréat
STU_000946,Thomas,Isabella,F,12,UK,Liverpool,University,University of Cambridge,First Year,isabella.thomas655@edu,12.84,5,A-Level
STU_000947,Idrissi,Ikram,F,17,Maroc,Tanger,Lycée,Lycée Descartes,Tronc Commun,ikram.idrissi716@school.edu,12.44,6,Certificat Primaire
STU_000948,Smith,James,M,15,Canada,Quebec City,Secondary School,Vancouver High School,Grade 9,james.smith176@school.edu,12.7,8,PhD
STU_000949,Sánchez,Martín,M,24,Espagne,Zaragoza,Universidad,Universidad Complutense,2º Curso,martín.sánchez774@edu,14.78,19,Grado
STU_000950,MacDonald,Charlotte,F,12,Canada,Ottawa,Secondary School,Calgary High School,Grade 11,charlotte.macdonald764@school.edu,14.89,4,High School Diploma
STU_000951,Wagner,Felix,M,8,Allemagne,Stuttgart,Grundschule,Einstein Grundschule,Klasse 3,felix.wagner329@school.edu,15.4,1,Doktor
STU_000952,Sqalli,Ali,M,15,Maroc,Tanger,Collège,Collège Ibn Khaldoun,1ère AC,ali.sqalli931@school.edu,9.12,5,Doctorat
STU_000953,Dupont,Lucas,M,18,France,Lyon,Lycée,Lycée Henri IV,Première,lucas.dupont200@school.edu,14.38,3,Brevet
STU_000954,Thomas,Gabriel,M,6,France,Lyon,École Primaire,École Pasteur,CE2,gabriel.thomas711@school.edu,10.35,4,Brevet
STU_000955,López,Martina,F,16,Espagne,Málaga,Secundaria,Instituto Ramón y Cajal,1º ESO,martina.lópez196@school.edu,10.88,6,ESO
STU_000956,Fernández,Paula,F,16,Espagne,Málaga,Secundaria,Instituto Ramón y Cajal,1º Bachillerato,paula.fernández826@school.edu,11.42,5,Doctorado
STU_000957,Alaoui,Karim,M,10,Maroc,Casablanca,École Primaire,École Mohammed V,4ème année,karim.alaoui589@school.edu,13.65,7,Licence
STU_000958,Johnson,Isabella,F,7,Canada,Toronto,University,University of Toronto,Third Year,isabella.johnson531@edu,10.25,9,PhD
STU_000959,El Amrani,Laila,F,16,Maroc,Tanger,Lycée,Lycée Mohammed V,Tronc Commun,laila.elamrani62@school.edu,10.48,7,Brevet
STU_000960,Schneider,Hannah,F,18,Allemagne,Hamburg,Universität,Universität München,6. Semester,hannah.schneider327@edu,11.77,13,Bachelor
STU_000961,Martin,William,M,15,Canada,Montreal,University,University of Toronto,First Year,william.martin906@edu,12.07,13,Bachelor's
STU_000962,Wilson,Emily,F,18,UK,London,University,Imperial College London,Second Year,emily.wilson281@school.edu,14.4,19,A-Level
STU_000963,Petit,Louise,F,7,France,Bordeaux,École Primaire,École Pasteur,CP,louise.petit940@school.edu,9.53,6,Licence
STU_000964,Meyer,Noah,M,21,Allemagne,Frankfurt,Universität,Universität Heidelberg,1. Semester,noah.meyer762@edu,12.38,2,Master
STU_000965,Schmidt,Felix,M,21,Allemagne,Frankfurt,Universität,TU Berlin,3. Semester,felix.schmidt227@school.edu,15.0,0,Abitur
STU_000966,Benjelloun,Amine,M,24,Maroc,Meknès,Université,Université Mohammed V,Master 2,amine.benjelloun639@edu,10.26,8,Baccalauréat
STU_000967,Williams,Ava,F,16,UK,Oxford,University,Imperial College London,Postgraduate,ava.williams58@school.edu,14.47,8,GCSE
STU_000968,Benali,Ikram,F,12,Maroc,Rabat,Collège,Collège Averroès,3ème AC,ikram.benali921@school.edu,12.05,5,Licence
STU_000969,Benali,Nour,F,16,Maroc,Agadir,Lycée,Lycée Hassan II,2ème Bac,nour.benali477@school.edu,11.65,1,Doctorat
STU_000970,Davis,John,M,9,USA,Boston,Elementary School,Jefferson Elementary,Grade 2,john.davis376@school.edu,15.12,7,Master's Degree
STU_000971,Taylor,Charlie,M,11,UK,Bristol,Secondary School,Oxford High School,Year 12,charlie.taylor716@school.edu,13.46,9,Bachelor's
STU_000972,Evans,Thomas,M,10,UK,Cambridge,Primary School,Westminster Primary,Year 5,thomas.evans243@school.edu,13.54,5,Master's
STU_000973,Müller,Mia,F,22,Allemagne,Hamburg,Universität,TU Berlin,3. Semester,mia.muller367@school.edu,12.05,12,Master
STU_000974,Schneider,Felix,M,12,Allemagne,Stuttgart,Gymnasium,Kant-Gymnasium,Klasse 6,felix.schneider936@school.edu,13.3,0,Bachelor
STU_000975,Brown,Chloe,F,6,Canada,Vancouver,Elementary School,Cedar Elementary,Grade 4,chloe.brown844@school.edu,13.02,2,PhD
STU_000976,Schulz,Ben,M,10,Allemagne,Frankfurt,Grundschule,Einstein Grundschule,Klasse 4,ben.schulz500@school.edu,12.47,0,Bachelor
STU_000977,Martin,Manon,F,26,France,Nantes,Université,Sorbonne Université,Licence 3,manon.martin838@edu,8.93,9,Master
STU_000978,Weber,Elias,M,8,Allemagne,Düsseldorf,Grundschule,Einstein Grundschule,Klasse 1,elias.weber252@school.edu,10.02,0,Abitur
STU_000979,Wilson,Ethan,M,11,Canada,Ottawa,Secondary School,Calgary High School,Grade 11,ethan.wilson906@school.edu,11.16,0,PhD
STU_000980,Thomas,Amelia,F,14,UK,Liverpool,Secondary School,Westminster School,Year 10,amelia.thomas322@school.edu,12.4,3,Bachelor's
STU_000981,Benali,Mehdi,M,26,Maroc,Marrakech,Université,Université Mohammed V,S2,mehdi.benali376@edu,11.59,6,Doctorat
STU_000982,Dupont,Noah,M,13,France,Toulouse,Collège,Collège Pierre et Marie Curie,6ème,noah.dupont409@school.edu,10.73,4,Brevet
STU_000983,Moreau,Manon,F,15,France,Toulouse,Lycée,Lycée Condorcet,Terminale,manon.moreau711@school.edu,13.1,5,Master
STU_000984,Schulz,Paul,M,9,Allemagne,Hamburg,Grundschule,Goethe Grundschule,Klasse 1,paul.schulz488@school.edu,14.4,1,Doktor
STU_000985,Martín,Daniela,F,16,Espagne,Sevilla,Secundaria,Instituto Ramón y Cajal,2º ESO,daniela.martín343@school.edu,11.72,4,Grado
STU_000986,Schneider,Emilia,F,11,Allemagne,Köln,Gymnasium,Goethe-Gymnasium,Klasse 9,emilia.schneider240@school.edu,14.08,6,Abitur
STU_000987,Sánchez,Lucía,F,10,Espagne,Sevilla,Primaria,Colegio Cervantes,4º Primaria,lucía.sánchez139@school.edu,14.42,8,Grado
STU_000988,García,Martín,M,17,Espagne,Barcelona,Secundaria,Instituto Lope de Vega,1º Bachillerato,martín.garcía122@school.edu,11.11,5,Grado
STU_000989,Smith,Jack,M,6,Canada,Vancouver,University,UBC,Graduate,jack.smith420@school.edu,13.72,13,Master's
STU_000990,Tremblay,Chloe,F,6,Canada,Quebec City,Elementary School,Pine Elementary,Grade 1,chloe.tremblay561@school.edu,15.07,9,High School Diploma
STU_000991,Roy,Noah,M,14,Canada,Vancouver,Secondary School,Montreal High School,Grade 7,noah.roy304@school.edu,10.39,3,PhD
STU_000992,Martin,Lucas,M,11,Canada,Vancouver,Secondary School,Montreal High School,Grade 7,lucas.martin115@school.edu,12.81,2,PhD
STU_000993,Johnson,Amelia,F,12,UK,Manchester,Secondary School,Cambridge High School,Year 12,amelia.johnson343@school.edu,14.28,8,PhD
STU_000994,Wilson,Jack,M,14,UK,Liverpool,Secondary School,Oxford High School,Year 13,jack.wilson251@school.edu,10.07,6,A-Level
STU_000995,Schneider,Paul,M,22,Allemagne,Hamburg,Universität,Universität Heidelberg,3. Semester,paul.schneider7@edu,10.58,13,Doktor
STU_000996,Thomas,Harry,M,16,UK,Manchester,Secondary School,Cambridge High School,Year 8,harry.thomas731@school.edu,11.28,5,Bachelor's
STU_000997,Miller,Anthony,M,9,USA,San Francisco,University,Yale University,Graduate,anthony.miller589@edu,12.64,14,PhD
STU_000998,González,Lucas,M,11,Espagne,Valencia,Primaria,Colegio Picasso,5º Primaria,lucas.gonzález179@school.edu,12.53,7,Máster
STU_000999,Martinez,Charlotte,F,15,USA,Seattle,University,Harvard University,Junior,charlotte.martinez145@edu,13.94,4,Master's Degree
STU_001000,Jones,Oscar,M,15,UK,Birmingham,Secondary School,Westminster School,Year 7,oscar.jones416@school.edu,11.71,2,A-Level
STU_001001,Wilson,Jack,M,18,Canada,Toronto,Secondary School,Calgary High School,Grade 9,jack.wilson666@school.edu,11.92,2,Bachelor's
STU_001002,Weber,Lea,F,9,Allemagne,München,Grundschule,Goethe Grundschule,Klasse 1,lea.weber121@school.edu,13.57,1,Bachelor
STU_001003,García,Daniel,M,26,Espagne,Zaragoza,Universidad,Universidad de Barcelona,3º Curso,daniel.garcía124@edu,13.08,0,Doctorado
STU_001004,Smith,Harry,M,12,UK,Cambridge,Secondary School,Eton College,Year 8,harry.smith150@school.edu,14.97,7,A-Level
STU_001005,Becker,Jonas,M,23,Allemagne,Frankfurt,Universität,TU Berlin,3. Semester,jonas.becker397@school.edu,10.85,18,Doktor
STU_001006,Moreau,Chloé,F,15,France,Toulouse,Collège,Collège Jean Moulin,6ème,chloe.moreau381@school.edu,12.07,8,Brevet
STU_001007,Davis,David,M,11,USA,Miami,University,Stanford University,Senior,david.davis780@edu,13.07,13,High School Diploma
STU_001008,Brown,David,M,18,USA,Boston,University,UC Berkeley,Junior,david.brown839@school.edu,11.3,17,High School Diploma
STU_001009,Davies,William,M,12,UK,Birmingham,Secondary School,Oxford High School,Year 13,william.davies1@school.edu,12.14,9,A-Level
STU_001010,Jones,Anthony,M,11,USA,San Francisco,Middle School,Madison Middle School,Grade 7,anthony.jones673@school.edu,15.37,8,Bachelor's Degree
STU_001011,Dupont,Camille,F,8,France,Lille,École Primaire,École Pasteur,CM2,camille.dupont244@school.edu,11.28,5,Licence
STU_001012,Williams,Isabella,F,11,USA,Miami,Elementary School,Roosevelt Elementary,Grade 4,isabella.williams887@school.edu,11.95,0,PhD
STU_001013,Bernard,Lucas,M,14,France,Marseille,Collège,Collège Pierre et Marie Curie,5ème,lucas.bernard398@school.edu,14.94,4,Brevet
STU_001014,Wagner,Ben,M,23,Allemagne,Stuttgart,Universität,Universität Hamburg,2. Semester,ben.wagner251@edu,13.22,9,Doktor
STU_001015,Fischer,Lena,F,11,Allemagne,Hamburg,Gymnasium,Schiller-Gymnasium,Klasse 5,lena.fischer879@school.edu,12.68,8,Abitur
STU_001016,Moreau,Zoé,F,15,France,Bordeaux,Collège,Collège Pierre et Marie Curie,4ème,zoe.moreau576@school.edu,8.62,5,Brevet
STU_001017,Müller,Sophia,F,13,Allemagne,Stuttgart,Gymnasium,Kant-Gymnasium,Klasse 10,sophia.muller299@school.edu,13.64,6,Abitur
STU_001018,Simon,Chloé,F,6,France,Marseille,École Primaire,École Jules Ferry,CP,chloe.simon760@school.edu,16.27,3,Doctorat
STU_001019,Bernard,Léo,M,8,France,Nantes,École Primaire,École Pasteur,CM2,leo.bernard954@school.edu,11.92,0,Brevet
STU_001020,Brown,Emily,F,12,UK,London,University,University of Oxford,Second Year,emily.brown297@edu,14.64,1,GCSE
STU_001021,Gómez,Leo,M,9,Espagne,Valencia,Primaria,Colegio Velázquez,3º Primaria,leo.gómez977@school.edu,16.28,7,Doctorado
STU_001022,Williams,Harry,M,7,UK,Oxford,Primary School,St. Mary's Primary,Year 5,harry.williams964@school.edu,13.24,3,Master's
STU_001023,Taylor,Thomas,M,9,UK,Birmingham,University,University of Oxford,Second Year,thomas.taylor500@edu,16.41,16,Bachelor's
STU_001024,Brown,Harry,M,10,UK,Birmingham,University,UCL,First Year,harry.brown115@school.edu,10.16,9,Master's
STU_001025,Moreau,Louise,F,15,France,Lille,Lycée,Lycée Janson de Sailly,Seconde,louise.moreau807@school.edu,12.08,6,Licence
STU_001026,Jones,Sophia,F,6,USA,Seattle,Elementary School,Jefferson Elementary,Grade 3,sophia.jones1@school.edu,12.07,1,Bachelor's Degree
STU_001027,Simon,Emma,F,12,France,Nantes,Collège,Collège Pierre et Marie Curie,3ème,emma.simon553@school.edu,12.43,2,Baccalauréat
STU_001028,Wagner,Luis,M,20,Allemagne,München,Universität,TU Berlin,2. Semester,luis.wagner685@school.edu,14.53,13,Doktor
STU_001029,Brown,Noah,M,18,UK,Birmingham,Secondary School,Oxford High School,Year 7,noah.brown600@school.edu,11.07,8,PhD
STU_001030,Tazi,Karim,M,19,Maroc,Meknès,Université,Université Ibn Tofail,S4,karim.tazi482@edu,10.18,14,Certificat Primaire
STU_001031,Anderson,Emily,F,9,Canada,Toronto,Elementary School,Pine Elementary,Grade 4,emily.anderson610@school.edu,15.57,8,PhD
STU_001032,Robert,Noah,M,11,France,Nantes,Collège,Collège Pierre et Marie Curie,5ème,noah.robert600@school.edu,15.87,1,Baccalauréat
STU_001033,Johnson,Jacob,M,17,UK,Oxford,Secondary School,Westminster School,Year 13,jacob.johnson763@school.edu,15.29,2,PhD
STU_001034,Bennani,Sanae,F,17,Maroc,Marrakech,Lycée,Lycée Moulay Youssef,1ère Bac,sanae.bennani510@school.edu,13.86,8,Master
STU_001035,Taylor,Amelia,F,12,Canada,Calgary,University,McGill University,Graduate,amelia.taylor335@edu,14.83,0,Master's
STU_001036,Hoffmann,Hannah,F,15,Allemagne,Leipzig,Gymnasium,Goethe-Gymnasium,Klasse 5,hannah.hoffmann465@school.edu,16.05,1,Bachelor
STU_001037,Wagner,Emma,F,16,Allemagne,Stuttgart,Gymnasium,Goethe-Gymnasium,Klasse 12,emma.wagner141@school.edu,13.51,1,Doktor
STU_001038,Fassi,Rachid,M,16,Maroc,Tanger,Lycée,Lycée Moulay Youssef,Tronc Commun,rachid.fassi583@school.edu,12.26,9,Doctorat
STU_001039,Martin,Jules,M,25,France,Nantes,Université,Université Paris-Saclay,Licence 3,jules.martin137@edu,14.24,18,Doctorat
STU_001040,Tremblay,Lucas,M,7,Canada,Edmonton,Elementary School,Oak Elementary,Grade 5,lucas.tremblay959@school.edu,15.05,9,PhD
STU_001041,Fischer,Noah,M,7,Allemagne,München,Grundschule,Goethe Grundschule,Klasse 4,noah.fischer611@school.edu,12.72,2,Doktor
STU_001042,Taylor,Oliver,M,17,Canada,Edmonton,University,University of Toronto,Third Year,oliver.taylor663@edu,10.38,9,Bachelor's
STU_001043,Tremblay,Oliver,M,7,Canada,Vancouver,Elementary School,Pine Elementary,Grade 2,oliver.tremblay950@school.edu,15.25,1,Bachelor's
STU_001044,Sqalli,Nour,F,10,Maroc,Fès,École Primaire,École Al Massira,4ème année,nour.sqalli687@school.edu,11.7,7,Doctorat
STU_001045,Benali,Youssef,M,7,Maroc,Agadir,École Primaire,École Al Massira,1ère année,youssef.benali167@school.edu,13.12,7,Licence
STU_001046,Garcia,John,M,9,USA,Seattle,Elementary School,Washington Elementary,Grade 3,john.garcia343@school.edu,12.62,7,Master's Degree
STU_001047,Garcia,Daniel,M,13,USA,Los Angeles,Middle School,Adams Middle School,Grade 8,daniel.garcia410@school.edu,11.99,1,PhD
STU_001048,Schneider,Lukas,M,16,Allemagne,Düsseldorf,Gymnasium,Humboldt-Gymnasium,Klasse 11,lukas.schneider769@school.edu,11.95,8,Abitur
STU_001049,Benali,Mehdi,M,11,Maroc,Oujda,École Primaire,École Hassan II,5ème année,mehdi.benali910@school.edu,11.78,6,Doctorat
STU_001050,Thomas,Jack,M,5,UK,Oxford,Primary School,Westminster Primary,Year 3,jack.thomas736@school.edu,14.0,4,Master's
STU_001051,Johnson,Emily,F,6,Canada,Calgary,Elementary School,Maple Elementary,Grade 2,emily.johnson880@school.edu,9.4,6,High School Diploma
STU_001052,Miller,Emma,F,17,USA,Chicago,University,MIT,Freshman,emma.miller842@school.edu,14.49,17,PhD
STU_001053,Martinez,Charlotte,F,11,USA,Miami,Elementary School,Jefferson Elementary,Grade 2,charlotte.martinez65@school.edu,9.38,5,Bachelor's Degree
STU_001054,Chakir,Amina,F,12,Maroc,Meknès,Collège,Collège Averroès,3ème AC,amina.chakir581@school.edu,9.79,8,Licence
STU_001055,Smith,Oscar,M,16,UK,Bristol,University,University of Cambridge,Second Year,oscar.smith67@edu,11.21,5,PhD
STU_001056,Becker,Leon,M,26,Allemagne,Köln,Universität,Universität Heidelberg,5. Semester,leon.becker433@edu,16.17,17,Bachelor
STU_001057,Meyer,Noah,M,10,Allemagne,Düsseldorf,Grundschule,Schiller Grundschule,Klasse 4,noah.meyer50@school.edu,15.22,0,Doktor
STU_001058,Brown,Sophie,F,17,UK,Cambridge,Secondary School,Westminster School,Year 8,sophie.brown314@school.edu,11.38,2,GCSE
STU_001059,Bennani,Fatima,F,18,Maroc,Casablanca,Université,Université Mohammed V,S1,fatima.bennani309@edu,11.7,4,Master
STU_001060,Bennani,Mohamed,M,15,Maroc,Casablanca,Lycée,Lycée Mohammed V,1ère Bac,mohamed.bennani603@school.edu,11.69,6,Brevet
STU_001061,López,Lucía,F,12,Espagne,Madrid,Secundaria,Instituto Ramón y Cajal,1º ESO,lucía.lópez115@school.edu,11.59,9,Grado
STU_001062,Johnson,Michael,M,12,USA,Houston,Middle School,Kennedy Middle School,Grade 6,michael.johnson886@school.edu,10.39,9,Master's Degree
STU_001063,Martin,Camille,F,18,France,Lyon,Lycée,Lycée Condorcet,Seconde,camille.martin569@school.edu,10.41,2,Brevet
STU_001064,Smith,Chloe,F,13,Canada,Edmonton,University,UBC,Fourth Year,chloe.smith342@school.edu,8.87,3,Bachelor's
STU_001065,Becker,Mia,F,6,Allemagne,Berlin,Grundschule,Schiller Grundschule,Klasse 4,mia.becker530@school.edu,10.2,9,Bachelor
STU_001066,Hoffmann,Noah,M,9,Allemagne,Hamburg,Grundschule,Schiller Grundschule,Klasse 3,noah.hoffmann784@school.edu,10.35,1,Doktor
STU_001067,Roy,Jack,M,14,Canada,Vancouver,Secondary School,Calgary High School,Grade 10,jack.roy642@school.edu,11.24,2,PhD
STU_001068,Fernández,Mateo,M,14,Espagne,Zaragoza,Secundaria,Instituto Giner de los Ríos,1º ESO,mateo.fernández495@school.edu,14.36,4,Máster
STU_001069,Schneider,Anna,F,20,Allemagne,Berlin,Universität,Universität München,6. Semester,anna.schneider269@edu,12.82,2,Doktor
STU_001070,Martin,Mia,F,15,Canada,Ottawa,University,McGill University,First Year,mia.martin941@edu,14.52,4,Master's
STU_001071,El Amrani,Mehdi,M,19,Maroc,Tanger,Université,Université Ibn Tofail,S3,mehdi.elamrani80@edu,15.9,15,Licence
STU_001072,Schmidt,Lukas,M,18,Allemagne,Hamburg,Gymnasium,Schiller-Gymnasium,Klasse 12,lukas.schmidt456@school.edu,12.49,3,Bachelor
STU_001073,Williams,Isabella,F,15,USA,Boston,High School,Central High School,Grade 11,isabella.williams299@school.edu,9.01,9,High School Diploma
STU_001074,El Amrani,Fatima,F,15,Maroc,Oujda,Collège,Collège Al Ghazali,3ème AC,fatima.elamrani968@school.edu,11.2,2,Certificat Primaire
STU_001075,Smith,Ava,F,14,USA,Chicago,High School,North High School,Grade 10,ava.smith822@school.edu,11.94,5,High School Diploma
STU_001076,Petit,Léo,M,14,France,Marseille,Collège,Collège Jean Moulin,6ème,leo.petit202@school.edu,10.94,7,Brevet
STU_001077,Miller,Amelia,F,10,USA,Houston,Elementary School,Washington Elementary,Grade 2,amelia.miller503@school.edu,12.52,3,Master's Degree
STU_001078,Martin,Jack,M,15,Canada,Vancouver,Secondary School,Vancouver High School,Grade 10,jack.martin737@school.edu,10.98,8,Master's
STU_001079,Bennani,Zineb,F,21,Maroc,Tanger,Université,Université Hassan II,S4,zineb.bennani671@edu,15.22,4,Master
STU_001080,Williams,Oliver,M,17,UK,Cambridge,Secondary School,Eton College,Year 8,oliver.williams716@school.edu,10.29,2,Bachelor's
STU_001081,Martinez,Sophia,F,16,USA,New York,High School,South High School,Grade 12,sophia.martinez649@school.edu,15.7,4,PhD
STU_001082,Smith,Matthew,M,15,USA,Los Angeles,University,Yale University,Graduate,matthew.smith485@edu,15.36,13,PhD
STU_001083,Meyer,Mia,F,24,Allemagne,Berlin,Universität,TU Berlin,5. Semester,mia.meyer585@school.edu,15.42,3,Doktor
STU_001084,Anderson,Jack,M,8,Canada,Edmonton,Elementary School,Cedar Elementary,Grade 3,jack.anderson560@school.edu,12.47,5,Master's
STU_001085,García,Sofía,F,6,Espagne,Málaga,Primaria,Colegio Picasso,3º Primaria,sofía.garcía18@school.edu,14.2,2,Máster
STU_001086,Petit,Lucas,M,6,France,Lille,École Primaire,École Pasteur,CE2,lucas.petit478@school.edu,16.32,9,Brevet
STU_001087,Müller,Lukas,M,7,Allemagne,Leipzig,Grundschule,Mozart Grundschule,Klasse 2,lukas.muller992@school.edu,15.72,0,Abitur
STU_001088,Brown,John,M,11,USA,Seattle,Middle School,Kennedy Middle School,Grade 8,john.brown488@school.edu,13.01,6,Master's Degree
STU_001089,Leroy,Léa,F,17,France,Strasbourg,Lycée,Lycée Louis le Grand,Terminale,lea.leroy983@school.edu,12.31,6,Licence
STU_001090,Johnson,Noah,M,6,Canada,Ottawa,Elementary School,Pine Elementary,Grade 1,noah.johnson779@school.edu,15.28,3,PhD
STU_001091,Rodríguez,Martina,F,11,Espagne,Zaragoza,Primaria,Colegio Cervantes,1º Primaria,martina.rodríguez446@school.edu,14.73,8,Bachillerato
STU_001092,Tazi,Ali,M,11,Maroc,Casablanca,Collège,Collège Al Ghazali,2ème AC,ali.tazi340@school.edu,15.78,1,Certificat Primaire
STU_001093,Johnson,William,M,9,Canada,Edmonton,University,McGill University,Second Year,william.johnson531@edu,11.47,16,Bachelor's
STU_001094,Bernard,Zoé,F,20,France,Paris,Université,Université Lyon 1,Licence 2,zoe.bernard612@edu,11.36,14,Master
STU_001095,Schmidt,Jonas,M,10,Allemagne,Berlin,Grundschule,Schiller Grundschule,Klasse 4,jonas.schmidt116@school.edu,12.93,2,Master
STU_001096,Gómez,Lucas,M,22,Espagne,Madrid,Universidad,Universidad de Barcelona,3º Curso,lucas.gómez858@edu,11.68,6,Bachillerato
STU_001097,Fassi,Rachid,M,11,Maroc,Marrakech,École Primaire,École Al Massira,2ème année,rachid.fassi74@school.edu,12.0,8,Licence
STU_001098,Dupont,Manon,F,21,France,Toulouse,Université,Université Paris-Saclay,Doctorat,manon.dupont792@edu,12.68,17,Master
STU_001099,Davis,Evelyn,F,14,USA,Boston,University,Harvard University,Graduate,evelyn.davis269@edu,11.26,5,PhD
STU_001100,Anderson,Emily,F,17,Canada,Winnipeg,Secondary School,Vancouver High School,Grade 11,emily.anderson637@school.edu,12.91,2,Master's
STU_001101,Johnson,Isabella,F,7,Canada,Edmonton,Elementary School,Cedar Elementary,Grade 4,isabella.johnson116@school.edu,11.03,4,Master's
STU_001102,Johnson,Olivia,F,15,UK,Birmingham,Secondary School,Westminster School,Year 9,olivia.johnson686@school.edu,12.76,8,Master's
STU_001103,Williams,Emma,F,6,USA,New York,Elementary School,Lincoln Elementary,Grade 1,emma.williams693@school.edu,12.5,2,High School Diploma
STU_001104,Jones,Thomas,M,8,UK,London,Primary School,Victoria Primary,Year 1,thomas.jones738@school.edu,12.39,0,Master's
STU_001105,García,Martín,M,16,Espagne,Málaga,Secundaria,Instituto Ramón y Cajal,3º ESO,martín.garcía669@school.edu,12.05,4,Doctorado
STU_001106,Bennani,Amine,M,16,Maroc,Rabat,Lycée,Lycée Descartes,2ème Bac,amine.bennani164@school.edu,13.05,0,Licence
STU_001107,Sánchez,Daniela,F,22,Espagne,Bilbao,Universidad,Universidad de Salamanca,1º Curso,daniela.sánchez583@edu,12.1,7,Bachillerato
STU_001108,Müller,Leon,M,10,Allemagne,Berlin,Grundschule,Mozart Grundschule,Klasse 3,leon.muller222@school.edu,12.58,6,Master
STU_001109,Tremblay,Mia,F,7,Canada,Edmonton,University,University of Toronto,First Year,mia.tremblay126@edu,14.68,14,Master's
STU_001110,Martin,Hugo,M,10,France,Toulouse,École Primaire,École Jules Ferry,CE2,hugo.martin657@school.edu,12.4,1,Baccalauréat
STU_001111,Bennani,Salma,F,12,Maroc,Meknès,Collège,Collège Averroès,3ème AC,salma.bennani176@school.edu,11.31,8,Baccalauréat
STU_001112,Schulz,Lena,F,15,Allemagne,Köln,Gymnasium,Kant-Gymnasium,Klasse 12,lena.schulz973@school.edu,10.69,4,Master
STU_001113,Schulz,Mia,F,14,Allemagne,München,Gymnasium,Schiller-Gymnasium,Klasse 12,mia.schulz664@school.edu,14.1,6,Master
STU_001114,Smith,Daniel,M,10,USA,Boston,Elementary School,Roosevelt Elementary,Grade 4,daniel.smith694@school.edu,10.1,3,Bachelor's Degree
STU_001115,Becker,Elias,M,26,Allemagne,Berlin,Universität,Universität München,5. Semester,elias.becker375@edu,11.87,11,Doktor
STU_001116,Johnson,Sophia,F,11,USA,Seattle,Middle School,Franklin Middle School,Grade 6,sophia.johnson991@school.edu,11.96,0,Master's Degree
STU_001117,Sqalli,Nour,F,15,Maroc,Tanger,Collège,Collège Averroès,1ère AC,nour.sqalli859@school.edu,11.29,7,Certificat Primaire
STU_001118,Brown,Thomas,M,18,USA,Chicago,High School,South High School,Grade 12,thomas.brown498@school.edu,12.82,0,PhD
STU_001119,Garcia,James,M,17,USA,Los Angeles,University,Harvard University,Graduate,james.garcia85@edu,12.51,2,PhD
STU_001120,Rodriguez,Emma,F,17,USA,Los Angeles,High School,South High School,Grade 9,emma.rodriguez876@school.edu,11.44,5,High School Diploma
STU_001121,Roy,Jack,M,14,Canada,Winnipeg,Secondary School,Vancouver High School,Grade 12,jack.roy383@school.edu,10.9,7,High School Diploma
STU_001122,Brown,Joseph,M,11,USA,Seattle,Middle School,Adams Middle School,Grade 8,joseph.brown633@school.edu,13.59,7,High School Diploma
STU_001123,Hoffmann,Noah,M,19,Allemagne,Stuttgart,Universität,Universität München,3. Semester,noah.hoffmann641@edu,10.18,17,Bachelor
STU_001124,Wilson,Oliver,M,18,UK,Manchester,Secondary School,Westminster School,Year 11,oliver.wilson463@school.edu,12.48,8,Master's
STU_001125,Sánchez,Hugo,M,23,Espagne,Granada,Universidad,Universidad de Salamanca,4º Curso,hugo.sánchez451@edu,11.05,15,Doctorado
STU_001126,Petit,Louise,F,8,France,Marseille,École Primaire,École Élémentaire Victor Hugo,CE1,louise.petit518@school.edu,12.85,3,Master
STU_001127,Becker,Anna,F,11,Allemagne,Hamburg,Gymnasium,Kant-Gymnasium,Klasse 12,anna.becker846@school.edu,12.19,3,Master
STU_001128,Simon,Louise,F,6,France,Toulouse,École Primaire,École Pasteur,CP,louise.simon695@school.edu,15.72,1,Brevet
STU_001129,García,Julia,F,12,Espagne,Málaga,Secundaria,Instituto Ramón y Cajal,2º Bachillerato,julia.garcía550@school.edu,14.69,0,Doctorado
STU_001130,Tazi,Zineb,F,17,Maroc,Casablanca,Lycée,Lycée Descartes,Tronc Commun,zineb.tazi929@school.edu,15.79,9,Doctorat
STU_001131,Schulz,Jonas,M,10,Allemagne,Stuttgart,Grundschule,Einstein Grundschule,Klasse 3,jonas.schulz116@school.edu,13.5,6,Abitur
STU_001132,Anderson,Sophia,F,10,Canada,Vancouver,University,UBC,Second Year,sophia.anderson614@school.edu,16.47,9,High School Diploma
STU_001133,Johnson,Anthony,M,14,USA,Houston,Middle School,Franklin Middle School,Grade 6,anthony.johnson8@school.edu,8.36,2,Bachelor's Degree
STU_001134,Meyer,Jonas,M,8,Allemagne,Berlin,Grundschule,Goethe Grundschule,Klasse 1,jonas.meyer218@school.edu,14.85,3,Bachelor
STU_001135,Bernard,Clara,F,18,France,Marseille,Lycée,Lycée Janson de Sailly,Seconde,clara.bernard719@school.edu,9.57,8,Doctorat
STU_001136,García,Alejandro,M,22,Espagne,Barcelona,Universidad,Universidad Complutense,1º Curso,alejandro.garcía590@edu,12.22,16,Máster
STU_001137,Williams,Amelia,F,13,UK,London,Secondary School,Oxford High School,Year 13,amelia.williams880@school.edu,14.96,8,A-Level
STU_001138,Robert,Raphaël,M,17,France,Paris,Lycée,Lycée Janson de Sailly,Première,raphaël.robert404@school.edu,10.48,8,Master
STU_001139,García,María,F,16,Espagne,Málaga,Secundaria,Instituto Lope de Vega,2º ESO,maría.garcía567@school.edu,12.89,4,Doctorado
STU_001140,Brown,Matthew,M,9,USA,Los Angeles,Elementary School,Roosevelt Elementary,Grade 4,matthew.brown304@school.edu,10.93,7,High School Diploma
STU_001141,Tremblay,Liam,M,6,Canada,Winnipeg,Elementary School,Cedar Elementary,Grade 6,liam.tremblay467@school.edu,9.3,6,Bachelor's
STU_001142,Benali,Youssef,M,20,Maroc,Oujda,Université,Université Cadi Ayyad,S5,youssef.benali952@edu,16.69,10,Licence
STU_001143,Fassi,Ali,M,14,Maroc,Meknès,Collège,Collège Al Khawarizmi,1ère AC,ali.fassi993@school.edu,13.12,7,Baccalauréat
STU_001144,Martinez,John,M,16,USA,Chicago,University,Yale University,Freshman,john.martinez740@edu,10.99,13,High School Diploma
STU_001145,Pérez,Alba,F,9,Espagne,Granada,Primaria,Colegio Picasso,4º Primaria,alba.perez88@school.edu,13.23,1,Doctorado
STU_001146,Tazi,Ikram,F,11,Maroc,Meknès,Collège,Collège Al Ghazali,3ème AC,ikram.tazi10@school.edu,14.96,9,Brevet
STU_001147,Thomas,Louise,F,12,France,Toulouse,Collège,Collège Molière,6ème,louise.thomas308@school.edu,13.93,4,Master
STU_001148,Petit,Chloé,F,16,France,Marseille,Lycée,Lycée Janson de Sailly,Terminale,chloe.petit434@school.edu,10.49,7,Doctorat
STU_001149,Schulz,Mia,F,23,Allemagne,Frankfurt,Universität,TU Berlin,3. Semester,mia.schulz802@school.edu,15.33,15,Doktor
STU_001150,Gómez,Daniel,M,18,Espagne,Valencia,Universidad,Universidad Complutense,4º Curso,daniel.gómez164@edu,9.82,15,Bachillerato
STU_001151,González,Hugo,M,12,Espagne,Bilbao,Primaria,Colegio Velázquez,1º Primaria,hugo.gonzález239@school.edu,11.98,2,Máster
STU_001152,Williams,Mia,F,14,USA,New York,High School,Central High School,Grade 11,mia.williams317@school.edu,12.02,5,PhD
STU_001153,Martínez,Mateo,M,11,Espagne,Bilbao,Primaria,Colegio Goya,4º Primaria,mateo.martínez996@school.edu,12.85,5,Bachillerato
STU_001154,Williams,David,M,6,USA,Boston,Elementary School,Lincoln Elementary,Grade 3,david.williams656@school.edu,13.22,6,High School Diploma
STU_001155,Wilson,Jacob,M,18,UK,Edinburgh,University,University of Oxford,Third Year,jacob.wilson335@edu,9.99,15,Master's
STU_001156,Martínez,Alba,F,6,Espagne,Madrid,Primaria,Colegio Cervantes,1º Primaria,alba.martínez18@school.edu,14.58,2,Grado
STU_001157,MacDonald,Chloe,F,8,Canada,Calgary,University,University of Toronto,Second Year,chloe.macdonald71@edu,12.22,8,High School Diploma
STU_001158,Martínez,Pablo,M,24,Espagne,Bilbao,Universidad,Universidad de Barcelona,2º Curso,pablo.martínez175@edu,10.95,2,Bachillerato
STU_001159,Becker,Leon,M,22,Allemagne,Frankfurt,Universität,Universität Hamburg,5. Semester,leon.becker854@edu,9.12,5,Abitur
STU_001160,Williams,Sophia,F,7,USA,Chicago,Elementary School,Lincoln Elementary,Grade 3,sophia.williams800@school.edu,12.6,8,Bachelor's Degree
STU_001161,Taylor,Alexander,M,11,Canada,Ottawa,Elementary School,Maple Elementary,Grade 2,alexander.taylor811@school.edu,13.22,0,Master's
STU_001162,Brown,Daniel,M,18,USA,Seattle,University,MIT,Graduate,daniel.brown339@school.edu,12.1,2,High School Diploma
STU_001163,Wilson,Alexander,M,7,Canada,Montreal,Elementary School,Oak Elementary,Grade 3,alexander.wilson936@school.edu,12.4,1,Bachelor's
STU_001164,Alaoui,Youssef,M,15,Maroc,Fès,Lycée,Lycée Mohammed V,1ère Bac,youssef.alaoui248@school.edu,15.46,7,Brevet
STU_001165,Martinez,James,M,9,USA,Miami,University,Harvard University,Senior,james.martinez193@edu,14.36,5,Master's Degree
STU_001166,Gómez,Martín,M,14,Espagne,Sevilla,Secundaria,Instituto Ramón y Cajal,1º Bachillerato,martín.gómez419@school.edu,15.68,9,Doctorado
STU_001167,Martínez,María,F,22,Espagne,Sevilla,Universidad,Universidad de Barcelona,2º Curso,maría.martínez325@edu,15.03,10,ESO
STU_001168,Martín,Mateo,M,11,Espagne,Valencia,Primaria,Colegio Cervantes,4º Primaria,mateo.martín306@school.edu,11.68,7,Doctorado
STU_001169,Evans,Thomas,M,13,UK,Manchester,Secondary School,Eton College,Year 10,thomas.evans780@school.edu,10.34,1,GCSE
STU_001170,Tremblay,Jack,M,13,Canada,Montreal,Secondary School,Calgary High School,Grade 12,jack.tremblay204@school.edu,8.88,5,High School Diploma
STU_001171,Martin,Noah,M,11,France,Toulouse,Collège,Collège Voltaire,4ème,noah.martin853@school.edu,14.83,6,Master
STU_001172,Pérez,Hugo,M,26,Espagne,Valencia,Universidad,Universidad de Barcelona,1º Curso,hugo.perez123@edu,11.15,8,Bachillerato
STU_001173,González,Hugo,M,15,Espagne,Málaga,Secundaria,Instituto Ramón y Cajal,1º ESO,hugo.gonzález570@school.edu,10.66,4,Máster
STU_001174,Brown,Emily,F,7,UK,Manchester,Primary School,Westminster Primary,Year 1,emily.brown851@school.edu,13.39,2,GCSE
STU_001175,Durand,Clara,F,12,France,Paris,Collège,Collège Voltaire,5ème,clara.durand447@school.edu,14.99,1,Baccalauréat
STU_001176,Martin,Clara,F,26,France,Nantes,Université,Université Lyon 1,Licence 2,clara.martin713@edu,15.44,0,Baccalauréat
STU_001177,Martin,Zoé,F,20,France,Strasbourg,Université,Université Paris-Saclay,Master 1,zoe.martin491@edu,12.46,15,Baccalauréat
STU_001178,Fernández,Alba,F,15,Espagne,Granada,Secundaria,Instituto Giner de los Ríos,1º Bachillerato,alba.fernández433@school.edu,12.34,5,Grado
STU_001179,Brown,Ava,F,11,USA,Seattle,Middle School,Kennedy Middle School,Grade 7,ava.brown624@school.edu,10.91,1,High School Diploma
STU_001180,Benjelloun,Ikram,F,17,Maroc,Rabat,Lycée,Lycée Descartes,2ème Bac,ikram.benjelloun128@school.edu,9.8,2,Certificat Primaire
STU_001181,Brown,Sophie,F,16,UK,Cambridge,Secondary School,Cambridge High School,Year 8,sophie.brown548@school.edu,11.14,7,A-Level
STU_001182,Thomas,Manon,F,18,France,Paris,Lycée,Lycée Henri IV,Terminale,manon.thomas746@school.edu,15.65,0,Licence
STU_001183,Wagner,Paul,M,6,Allemagne,Düsseldorf,Grundschule,Goethe Grundschule,Klasse 3,paul.wagner822@school.edu,14.55,5,Master
STU_001184,Gómez,Alba,F,6,Espagne,Barcelona,Primaria,Colegio Velázquez,3º Primaria,alba.gómez47@school.edu,15.02,2,ESO
STU_001185,Fischer,Finn,M,18,Allemagne,Frankfurt,Gymnasium,Humboldt-Gymnasium,Klasse 7,finn.fischer505@school.edu,15.58,5,Doktor
STU_001186,Sqalli,Marwa,F,11,Maroc,Agadir,École Primaire,École Hassan II,2ème année,marwa.sqalli115@school.edu,11.77,2,Baccalauréat
STU_001187,Fassi,Zineb,F,18,Maroc,Tanger,Lycée,Lycée Moulay Youssef,1ère Bac,zineb.fassi416@school.edu,12.68,7,Certificat Primaire
STU_001188,Martinez,Ava,F,12,USA,Chicago,Middle School,Franklin Middle School,Grade 7,ava.martinez767@school.edu,12.03,4,Master's Degree
STU_001189,Smith,Harper,F,8,USA,San Francisco,Elementary School,Washington Elementary,Grade 3,harper.smith995@school.edu,8.03,3,High School Diploma
STU_001190,Johnson,Amelia,F,6,UK,Bristol,University,UCL,First Year,amelia.johnson223@school.edu,11.84,8,A-Level
STU_001191,Davis,William,M,8,USA,Chicago,Elementary School,Jefferson Elementary,Grade 1,william.davis636@school.edu,14.73,4,Master's Degree
STU_001192,Evans,Thomas,M,8,UK,Manchester,Primary School,St. Mary's Primary,Year 5,thomas.evans949@school.edu,9.49,3,Master's
STU_001193,Weber,Paul,M,15,Allemagne,Berlin,Gymnasium,Goethe-Gymnasium,Klasse 6,paul.weber503@school.edu,12.69,7,Bachelor
STU_001194,Wilson,James,M,10,Canada,Montreal,University,UBC,First Year,james.wilson672@school.edu,9.75,7,Master's
STU_001195,El Amrani,Fatima,F,16,Maroc,Meknès,Lycée,Lycée Mohammed V,1ère Bac,fatima.elamrani958@school.edu,11.78,3,Doctorat
STU_001196,Martin,Liam,M,17,Canada,Montreal,Secondary School,Calgary High School,Grade 9,liam.martin933@school.edu,14.88,0,PhD
STU_001197,Chakir,Amine,M,11,Maroc,Marrakech,Collège,Collège Averroès,1ère AC,amine.chakir96@school.edu,11.29,1,Baccalauréat
STU_001198,Petit,Manon,F,26,France,Nantes,Université,Université Lyon 1,Master 2,manon.petit107@edu,10.84,19,Licence
STU_001199,Meyer,Leon,M,11,Allemagne,München,Gymnasium,Kant-Gymnasium,Klasse 5,leon.meyer632@school.edu,12.25,9,Master
STU_001200,Bennani,Omar,M,17,Maroc,Tanger,Lycée,Lycée Mohammed V,Tronc Commun,omar.bennani613@school.edu,13.74,1,Master
STU_001201,Martín,María,F,6,Espagne,Granada,Primaria,Colegio Velázquez,2º Primaria,maría.martín615@school.edu,12.55,9,Doctorado
STU_001202,Leroy,Léa,F,14,France,Lyon,Collège,Collège Voltaire,4ème,lea.leroy678@school.edu,14.76,2,Baccalauréat
STU_001203,Fernández,Emma,F,9,Espagne,Bilbao,Primaria,Colegio Velázquez,1º Primaria,emma.fernández926@school.edu,14.48,8,Grado
STU_001204,Hoffmann,Elias,M,7,Allemagne,Leipzig,Grundschule,Goethe Grundschule,Klasse 4,elias.hoffmann698@school.edu,12.62,8,Doktor
STU_001205,García,Manuel,M,14,Espagne,Bilbao,Secundaria,Instituto Ramón y Cajal,1º ESO,manuel.garcía32@school.edu,10.61,8,Máster
STU_001206,Sqalli,Amine,M,9,Maroc,Rabat,École Primaire,École Ibn Sina,5ème année,amine.sqalli493@school.edu,16.15,6,Master
STU_001207,Brown,Poppy,F,7,UK,Manchester,Primary School,Westminster Primary,Year 4,poppy.brown66@school.edu,11.93,3,GCSE
STU_001208,Tazi,Ikram,F,15,Maroc,Oujda,Collège,Collège Ibn Khaldoun,2ème AC,ikram.tazi179@school.edu,11.92,0,Certificat Primaire
STU_001209,Williams,Ava,F,15,UK,Oxford,University,Imperial College London,Third Year,ava.williams779@school.edu,11.37,2,GCSE
STU_001210,Benali,Amine,M,17,Maroc,Marrakech,Lycée,Lycée Hassan II,2ème Bac,amine.benali443@school.edu,15.55,7,Brevet
STU_001211,Tazi,Nour,F,10,Maroc,Agadir,École Primaire,École Mohammed V,1ère année,nour.tazi916@school.edu,14.83,3,Baccalauréat
STU_001212,Roy,Isabella,F,10,Canada,Edmonton,University,UBC,Graduate,isabella.roy549@school.edu,11.87,9,Master's
STU_001213,Johnson,Lucas,M,14,Canada,Ottawa,University,University of Toronto,Second Year,lucas.johnson201@edu,9.9,1,Bachelor's
STU_001214,Johnson,Jacob,M,11,UK,Birmingham,Primary School,St. Mary's Primary,Year 6,jacob.johnson870@school.edu,15.47,7,PhD
STU_001215,Taylor,Amelia,F,18,Canada,Calgary,Secondary School,Calgary High School,Grade 7,amelia.taylor49@school.edu,10.92,6,High School Diploma
STU_001216,Garcia,William,M,14,USA,Miami,High School,Central High School,Grade 9,william.garcia787@school.edu,14.74,9,Bachelor's Degree
STU_001217,Fischer,Finn,M,10,Allemagne,Berlin,Gymnasium,Schiller-Gymnasium,Klasse 10,finn.fischer951@school.edu,11.32,8,Bachelor
STU_001218,Rodriguez,David,M,15,USA,Los Angeles,High School,North High School,Grade 11,david.rodriguez680@school.edu,16.21,1,PhD
STU_001219,Miller,Ava,F,18,USA,Boston,University,Stanford University,Sophomore,ava.miller263@edu,10.37,14,Master's Degree
STU_001220,Martínez,Lucía,F,11,Espagne,Valencia,Primaria,Colegio Cervantes,4º Primaria,lucía.martínez133@school.edu,15.3,4,Grado
STU_001221,Schneider,Hannah,F,23,Allemagne,Frankfurt,Universität,Universität München,3. Semester,hannah.schneider810@edu,14.97,12,Bachelor
STU_001222,Roy,Sophia,F,12,Canada,Ottawa,Secondary School,Montreal High School,Grade 11,sophia.roy344@school.edu,11.5,1,Bachelor's
STU_001223,Weber,Finn,M,10,Allemagne,Stuttgart,Gymnasium,Kant-Gymnasium,Klasse 8,finn.weber176@school.edu,11.92,1,Bachelor
STU_001224,Evans,George,M,17,UK,Birmingham,University,UCL,Second Year,george.evans391@school.edu,9.26,12,PhD
STU_001225,Thomas,Gabriel,M,13,France,Lyon,Collège,Collège Molière,3ème,gabriel.thomas11@school.edu,11.39,9,Baccalauréat
STU_001226,Smith,William,M,6,USA,Boston,Elementary School,Jefferson Elementary,Grade 3,william.smith201@school.edu,14.48,3,Bachelor's Degree
STU_001227,Taylor,Isla,F,16,UK,Oxford,University,Imperial College London,Postgraduate,isla.taylor945@school.edu,15.76,14,PhD
STU_001228,Simon,Zoé,F,11,France,Lille,École Primaire,École Pasteur,CP,zoe.simon926@school.edu,10.77,7,Licence
STU_001229,Wagner,Paul,M,20,Allemagne,Düsseldorf,Universität,Universität Hamburg,1. Semester,paul.wagner809@edu,12.47,14,Abitur
STU_001230,Moreau,Inès,F,15,France,Paris,Collège,Collège Voltaire,3ème,ines.moreau3@school.edu,11.43,4,Doctorat
STU_001231,Martínez,Lucía,F,22,Espagne,Zaragoza,Universidad,Universidad de Barcelona,3º Curso,lucía.martínez214@edu,12.32,8,Doctorado
STU_001232,Martínez,Sofía,F,21,Espagne,Barcelona,Universidad,Universidad Complutense,4º Curso,sofía.martínez808@edu,14.13,19,Doctorado
STU_001233,Wilson,Chloe,F,10,Canada,Quebec City,Elementary School,Cedar Elementary,Grade 5,chloe.wilson307@school.edu,12.67,2,Master's
STU_001234,Johnson,Mia,F,17,Canada,Vancouver,University,University of Alberta,Graduate,mia.johnson980@edu,15.7,14,High School Diploma
STU_001235,Martin,Ethan,M,10,Canada,Winnipeg,Elementary School,Oak Elementary,Grade 1,ethan.martin544@school.edu,11.37,7,Master's
STU_001236,Wilson,Emily,F,7,UK,London,Primary School,St. Mary's Primary,Year 1,emily.wilson560@school.edu,10.36,0,GCSE
STU_001237,Martín,Daniel,M,17,Espagne,Valencia,Secundaria,Instituto Ramón y Cajal,3º ESO,daniel.martín327@school.edu,14.34,8,ESO
STU_001238,Smith,Jessica,F,11,UK,Edinburgh,Primary School,Victoria Primary,Year 2,jessica.smith764@school.edu,10.9,3,GCSE
STU_001239,Roy,Mia,F,15,Canada,Quebec City,Secondary School,Vancouver High School,Grade 10,mia.roy199@school.edu,10.31,8,Bachelor's
STU_001240,Weber,Finn,M,17,Allemagne,München,Gymnasium,Kant-Gymnasium,Klasse 6,finn.weber916@school.edu,16.92,7,Master
STU_001241,Wilson,Jack,M,5,UK,Edinburgh,Primary School,Victoria Primary,Year 5,jack.wilson601@school.edu,14.41,2,Master's
STU_001242,Martin,Ethan,M,6,Canada,Calgary,Elementary School,Oak Elementary,Grade 2,ethan.martin109@school.edu,11.07,2,Bachelor's
STU_001243,Johnson,Isabella,F,12,Canada,Quebec City,University,University of Alberta,Fourth Year,isabella.johnson291@edu,11.2,13,High School Diploma
STU_001244,López,Hugo,M,21,Espagne,Sevilla,Universidad,Universidad de Barcelona,2º Curso,hugo.lópez108@edu,12.53,8,Bachillerato
STU_001245,Martin,Jack,M,13,Canada,Toronto,University,University of Toronto,Graduate,jack.martin408@edu,9.88,2,Bachelor's
STU_001246,Martinez,William,M,14,USA,Chicago,University,Yale University,Graduate,william.martinez552@edu,14.17,3,High School Diploma
STU_001247,Martin,Camille,F,13,France,Bordeaux,Collège,Collège Voltaire,5ème,camille.martin973@school.edu,12.4,8,Doctorat
STU_001248,Taylor,Oscar,M,11,UK,Edinburgh,Secondary School,Cambridge High School,Year 9,oscar.taylor52@school.edu,12.11,3,Master's
STU_001249,Durand,Léo,M,13,France,Bordeaux,Collège,Collège Pierre et Marie Curie,6ème,leo.durand112@school.edu,9.89,2,Doctorat
STU_001250,Davis,Isabella,F,16,USA,Boston,High School,Central High School,Grade 11,isabella.davis295@school.edu,12.18,6,Master's Degree
STU_001251,Petit,Lucas,M,7,France,Bordeaux,École Primaire,École Jules Ferry,CE1,lucas.petit580@school.edu,16.48,5,Licence
STU_001252,Thomas,Charlie,M,11,UK,London,Primary School,King's Primary School,Year 4,charlie.thomas189@school.edu,15.36,0,Bachelor's
STU_001253,Anderson,Noah,M,16,Canada,Montreal,University,McGill University,Fourth Year,noah.anderson844@edu,14.67,9,Bachelor's
STU_001254,Williams,Oscar,M,7,UK,Birmingham,University,University of Cambridge,Postgraduate,oscar.williams721@edu,11.89,16,A-Level
STU_001255,Idrissi,Mehdi,M,15,Maroc,Agadir,Collège,Collège Averroès,2ème AC,mehdi.idrissi65@school.edu,15.3,3,Licence
STU_001256,Tremblay,Charlotte,F,16,Canada,Quebec City,University,McGill University,Third Year,charlotte.tremblay574@edu,11.05,5,Bachelor's
STU_001257,Martin,Sophia,F,7,Canada,Toronto,Elementary School,Maple Elementary,Grade 1,sophia.martin465@school.edu,10.13,6,High School Diploma
STU_001258,López,Álvaro,M,19,Espagne,Sevilla,Universidad,Universidad de Salamanca,2º Curso,álvaro.lópez258@edu,9.73,13,Máster
STU_001259,MacDonald,Amelia,F,12,Canada,Ottawa,Secondary School,Calgary High School,Grade 8,amelia.macdonald646@school.edu,11.01,4,Bachelor's
STU_001260,Fischer,Finn,M,20,Allemagne,München,Universität,Universität Hamburg,6. Semester,finn.fischer634@edu,7.97,4,Bachelor
STU_001261,González,Martín,M,13,Espagne,Bilbao,Secundaria,Instituto Giner de los Ríos,4º ESO,martín.gonzález331@school.edu,14.82,3,Doctorado
STU_001262,González,Alba,F,12,Espagne,Zaragoza,Primaria,Colegio Velázquez,3º Primaria,alba.gonzález501@school.edu,10.93,5,ESO
STU_001263,Wilson,Liam,M,16,Canada,Calgary,Secondary School,Calgary High School,Grade 9,liam.wilson683@school.edu,11.92,6,High School Diploma
STU_001264,Smith,Noah,M,12,Canada,Calgary,Secondary School,Calgary High School,Grade 7,noah.smith210@school.edu,11.39,9,Master's
STU_001265,Sqalli,Fatima,F,18,Maroc,Casablanca,Lycée,Lycée Moulay Youssef,2ème Bac,fatima.sqalli808@school.edu,11.09,9,Brevet
STU_001266,Schulz,Emilia,F,10,Allemagne,Köln,Grundschule,Schiller Grundschule,Klasse 4,emilia.schulz89@school.edu,8.3,0,Bachelor
STU_001267,Weber,Marie,F,14,Allemagne,München,Gymnasium,Schiller-Gymnasium,Klasse 8,marie.weber679@school.edu,12.08,8,Bachelor
STU_001268,Smith,Charlotte,F,14,USA,Boston,University,Yale University,Senior,charlotte.smith28@edu,13.13,8,PhD
STU_001269,Tremblay,Emma,F,7,Canada,Winnipeg,Elementary School,Maple Elementary,Grade 4,emma.tremblay238@school.edu,15.02,2,PhD
STU_001270,Anderson,James,M,7,Canada,Calgary,Elementary School,Pine Elementary,Grade 6,james.anderson336@school.edu,11.95,9,PhD
STU_001271,MacDonald,Oliver,M,13,Canada,Ottawa,Secondary School,Montreal High School,Grade 8,oliver.macdonald63@school.edu,15.96,3,PhD
STU_001272,Brown,Isla,F,7,UK,Edinburgh,University,University of Oxford,Third Year,isla.brown960@edu,13.23,15,GCSE
STU_001273,Hoffmann,Noah,M,26,Allemagne,Leipzig,Universität,Universität Hamburg,6. Semester,noah.hoffmann767@edu,11.35,6,Doktor
STU_001274,Gómez,Leo,M,12,Espagne,Zaragoza,Secundaria,Instituto Lope de Vega,2º Bachillerato,leo.gómez908@school.edu,10.07,5,Bachillerato
STU_001275,Smith,Mia,F,11,Canada,Edmonton,University,University of Toronto,Third Year,mia.smith553@edu,11.72,13,Master's
STU_001276,Weber,Felix,M,9,Allemagne,Stuttgart,Grundschule,Schiller Grundschule,Klasse 4,felix.weber500@school.edu,11.9,1,Bachelor
STU_001277,Williams,Poppy,F,10,UK,Edinburgh,University,LSE,Second Year,poppy.williams541@school.edu,11.63,15,GCSE
STU_001278,Wilson,Emma,F,18,Canada,Calgary,Secondary School,Calgary High School,Grade 10,emma.wilson791@school.edu,14.31,1,Master's
STU_001279,Smith,Harry,M,14,UK,Edinburgh,Secondary School,Oxford High School,Year 11,harry.smith469@school.edu,11.68,9,PhD
STU_001280,Davies,Harry,M,16,UK,Bristol,Secondary School,Westminster School,Year 10,harry.davies592@school.edu,15.36,6,Bachelor's
STU_001281,Tazi,Sanae,F,15,Maroc,Fès,Lycée,Lycée Hassan II,1ère Bac,sanae.tazi51@school.edu,11.01,8,Baccalauréat
STU_001282,Evans,Noah,M,11,UK,Bristol,University,LSE,Postgraduate,noah.evans112@school.edu,11.24,14,GCSE
STU_001283,Martín,Julia,F,25,Espagne,Málaga,Universidad,Universidad Complutense,Máster,julia.martín873@edu,16.03,8,ESO
STU_001284,Garcia,Amelia,F,13,USA,Boston,Middle School,Madison Middle School,Grade 8,amelia.garcia301@school.edu,10.46,6,High School Diploma
STU_001285,Smith,Sophia,F,9,Canada,Montreal,Elementary School,Oak Elementary,Grade 5,sophia.smith90@school.edu,14.63,7,PhD
STU_001286,Williams,Poppy,F,18,UK,London,Secondary School,Cambridge High School,Year 12,poppy.williams229@school.edu,15.33,9,GCSE
STU_001287,MacDonald,Benjamin,M,11,Canada,Edmonton,Elementary School,Maple Elementary,Grade 4,benjamin.macdonald150@school.edu,10.22,2,High School Diploma
STU_001288,MacDonald,Alexander,M,11,Canada,Winnipeg,University,McGill University,Second Year,alexander.macdonald755@edu,12.5,16,High School Diploma
STU_001289,Davis,Sophia,F,15,USA,Boston,High School,East High School,Grade 9,sophia.davis138@school.edu,11.31,6,Bachelor's Degree
STU_001290,Brown,Harry,M,16,UK,Edinburgh,University,Imperial College London,Second Year,harry.brown135@school.edu,10.29,7,GCSE
STU_001291,Sqalli,Mohamed,M,9,Maroc,Agadir,École Primaire,École Al Massira,1ère année,mohamed.sqalli457@school.edu,10.02,1,Certificat Primaire
STU_001292,Fischer,Lena,F,17,Allemagne,Düsseldorf,Gymnasium,Goethe-Gymnasium,Klasse 7,lena.fischer601@school.edu,10.78,8,Master
STU_001293,Wilson,Oscar,M,17,UK,Liverpool,Secondary School,Oxford High School,Year 13,oscar.wilson494@school.edu,13.16,3,Bachelor's
STU_001294,Alaoui,Ali,M,15,Maroc,Agadir,Collège,Collège Averroès,3ème AC,ali.alaoui527@school.edu,13.27,9,Baccalauréat
STU_001295,Martin,Clara,F,12,France,Strasbourg,Collège,Collège Voltaire,3ème,clara.martin333@school.edu,10.31,8,Doctorat
STU_001296,Bernard,Lucas,M,22,France,Nantes,Université,Université Grenoble Alpes,Licence 1,lucas.bernard362@edu,12.19,2,Master
STU_001297,Simon,Emma,F,17,France,Paris,Lycée,Lycée Henri IV,Première,emma.simon174@school.edu,14.81,7,Doctorat
STU_001298,Evans,Noah,M,18,UK,Bristol,Secondary School,Cambridge High School,Year 13,noah.evans602@school.edu,10.97,1,A-Level
STU_001299,Smith,Isabella,F,11,Canada,Calgary,Secondary School,Calgary High School,Grade 10,isabella.smith213@school.edu,16.24,2,High School Diploma
STU_001300,Wagner,Luis,M,21,Allemagne,Düsseldorf,Universität,Universität Heidelberg,5. Semester,luis.wagner343@edu,10.98,16,Master
STU_001301,Becker,Elias,M,13,Allemagne,Köln,Gymnasium,Kant-Gymnasium,Klasse 10,elias.becker61@school.edu,11.12,4,Abitur
STU_001302,Hoffmann,Paul,M,26,Allemagne,Düsseldorf,Universität,Universität Heidelberg,4. Semester,paul.hoffmann876@edu,10.2,19,Abitur
STU_001303,Smith,Alexander,M,8,Canada,Edmonton,Elementary School,Maple Elementary,Grade 6,alexander.smith732@school.edu,14.0,0,High School Diploma
STU_001304,Davies,Oliver,M,11,UK,London,Secondary School,Oxford High School,Year 10,oliver.davies61@school.edu,15.54,9,GCSE
STU_001305,Wilson,Isabella,F,6,UK,London,Primary School,Victoria Primary,Year 1,isabella.wilson819@school.edu,12.09,8,Master's
STU_001306,Jones,George,M,9,UK,London,Primary School,St. Mary's Primary,Year 3,george.jones678@school.edu,13.0,5,GCSE
STU_001307,López,Paula,F,7,Espagne,Sevilla,Primaria,Colegio Cervantes,5º Primaria,paula.lópez524@school.edu,12.33,5,Bachillerato
STU_001308,Gómez,Lucía,F,18,Espagne,Granada,Universidad,Universidad de Barcelona,1º Curso,lucía.gómez216@edu,12.67,10,Grado
STU_001309,Durand,Gabriel,M,8,France,Paris,École Primaire,École Jean Jaurès,CP,gabriel.durand589@school.edu,12.47,1,Baccalauréat
STU_001310,Wilson,Emily,F,7,Canada,Vancouver,Elementary School,Cedar Elementary,Grade 6,emily.wilson744@school.edu,15.48,6,Master's
STU_001311,Brown,Charlotte,F,14,USA,Chicago,University,Stanford University,Sophomore,charlotte.brown624@edu,10.5,11,Master's Degree
STU_001312,Wagner,Lina,F,15,Allemagne,München,Gymnasium,Schiller-Gymnasium,Klasse 6,lina.wagner578@school.edu,12.41,8,Doktor
STU_001313,Brown,Chloe,F,14,Canada,Ottawa,Secondary School,Toronto High School,Grade 12,chloe.brown694@school.edu,10.1,5,High School Diploma
STU_001314,Meyer,Anna,F,18,Allemagne,Frankfurt,Gymnasium,Goethe-Gymnasium,Klasse 12,anna.meyer423@school.edu,10.56,7,Abitur
STU_001315,Sqalli,Ali,M,13,Maroc,Oujda,Collège,Collège Al Ghazali,2ème AC,ali.sqalli716@school.edu,10.21,4,Baccalauréat
STU_001316,Müller,Lina,F,8,Allemagne,Stuttgart,Grundschule,Schiller Grundschule,Klasse 4,lina.muller423@school.edu,11.65,1,Doktor
STU_001317,MacDonald,Isabella,F,14,Canada,Ottawa,Secondary School,Montreal High School,Grade 12,isabella.macdonald371@school.edu,13.29,3,Bachelor's
STU_001318,López,Lucía,F,25,Espagne,Granada,Universidad,Universidad de Barcelona,3º Curso,lucía.lópez206@edu,10.95,11,Máster
STU_001319,Thomas,Oliver,M,9,UK,Cambridge,Primary School,Victoria Primary,Year 6,oliver.thomas286@school.edu,15.87,0,A-Level
STU_001320,Robert,Noah,M,8,France,Toulouse,École Primaire,École Élémentaire Victor Hugo,CM2,noah.robert105@school.edu,12.62,0,Brevet
STU_001321,Davies,Poppy,F,11,UK,Liverpool,Secondary School,Westminster School,Year 13,poppy.davies754@school.edu,9.87,5,Master's
STU_001322,Petit,Léo,M,20,France,Toulouse,Université,Sorbonne Université,Doctorat,leo.petit747@edu,11.65,17,Master
STU_001323,Pérez,María,F,10,Espagne,Málaga,Primaria,Colegio Cervantes,1º Primaria,maría.perez688@school.edu,11.08,5,Doctorado
STU_001324,Evans,Harry,M,16,UK,London,University,Imperial College London,Postgraduate,harry.evans723@school.edu,11.9,15,PhD
STU_001325,Miller,Daniel,M,6,USA,San Francisco,University,MIT,Graduate,daniel.miller543@school.edu,10.4,0,High School Diploma
STU_001326,Simon,Clara,F,18,France,Paris,Université,Université Lyon 1,Master 1,clara.simon747@edu,15.25,9,Baccalauréat
STU_001327,Johnson,Noah,M,12,UK,Edinburgh,Secondary School,Westminster School,Year 7,noah.johnson242@school.edu,15.49,2,PhD
STU_001328,Johnson,Noah,M,12,Canada,Ottawa,Secondary School,Montreal High School,Grade 8,noah.johnson491@school.edu,11.61,8,Bachelor's
STU_001329,Schulz,Luis,M,6,Allemagne,München,Grundschule,Goethe Grundschule,Klasse 2,luis.schulz665@school.edu,11.62,1,Doktor
STU_001330,El Amrani,Nour,F,22,Maroc,Marrakech,Université,Université Mohammed V,S4,nour.elamrani708@edu,11.7,5,Licence
STU_001331,Thomas,Harry,M,16,UK,Edinburgh,Secondary School,Cambridge High School,Year 12,harry.thomas498@school.edu,14.8,5,Master's
STU_001332,Smith,William,M,18,UK,London,University,Imperial College London,Postgraduate,william.smith435@school.edu,14.07,4,Bachelor's
STU_001333,Pérez,Paula,F,15,Espagne,Zaragoza,Secundaria,Instituto Lope de Vega,1º ESO,paula.perez781@school.edu,11.77,3,Grado
STU_001334,Benjelloun,Youssef,M,6,Maroc,Casablanca,École Primaire,École Ibn Sina,3ème année,youssef.benjelloun484@school.edu,11.43,5,Doctorat
STU_001335,Benali,Mehdi,M,10,Maroc,Tanger,École Primaire,École Mohammed V,3ème année,mehdi.benali447@school.edu,14.73,7,Doctorat
STU_001336,Thomas,Jules,M,15,France,Toulouse,Lycée,Lycée Janson de Sailly,Première,jules.thomas384@school.edu,11.7,3,Baccalauréat
STU_001337,Williams,Emily,F,17,UK,Oxford,Secondary School,Oxford High School,Year 8,emily.williams510@school.edu,11.04,4,PhD
STU_001338,Müller,Hannah,F,8,Allemagne,Hamburg,Grundschule,Schiller Grundschule,Klasse 2,hannah.muller170@school.edu,9.6,6,Doktor
STU_001339,Schulz,Felix,M,8,Allemagne,Hamburg,Grundschule,Goethe Grundschule,Klasse 4,felix.schulz950@school.edu,14.35,5,Doktor
STU_001340,Schneider,Hannah,F,12,Allemagne,Köln,Gymnasium,Schiller-Gymnasium,Klasse 10,hannah.schneider869@school.edu,12.29,3,Abitur
STU_001341,Wilson,Amelia,F,16,Canada,Calgary,University,UBC,Third Year,amelia.wilson323@school.edu,10.03,12,Bachelor's
STU_001342,Martinez,Matthew,M,16,USA,Houston,High School,South High School,Grade 12,matthew.martinez848@school.edu,12.16,3,PhD
STU_001343,Brown,Mia,F,18,USA,Chicago,High School,East High School,Grade 12,mia.brown474@school.edu,12.69,9,Master's Degree
STU_001344,Idrissi,Omar,M,16,Maroc,Agadir,Lycée,Lycée Hassan II,Tronc Commun,omar.idrissi232@school.edu,12.28,3,Licence
STU_001345,Johnson,Alexander,M,8,Canada,Ottawa,University,UBC,Fourth Year,alexander.johnson696@school.edu,15.03,0,PhD
STU_001346,Becker,Lukas,M,12,Allemagne,Köln,Gymnasium,Schiller-Gymnasium,Klasse 11,lukas.becker359@school.edu,10.92,4,Bachelor
STU_001347,Robert,Chloé,F,7,France,Lille,École Primaire,École Pasteur,CE1,chloe.robert275@school.edu,12.77,7,Brevet
STU_001348,Roy,William,M,6,Canada,Winnipeg,Elementary School,Oak Elementary,Grade 4,william.roy942@school.edu,14.85,6,PhD
STU_001349,Roy,Emily,F,14,Canada,Toronto,Secondary School,Toronto High School,Grade 8,emily.roy911@school.edu,11.35,4,Master's
STU_001350,Benali,Ali,M,7,Maroc,Meknès,École Primaire,École Al Massira,6ème année,ali.benali32@school.edu,11.32,2,Licence
STU_001351,López,Daniela,F,9,Espagne,Valencia,Primaria,Colegio Picasso,6º Primaria,daniela.lópez177@school.edu,12.45,0,Bachillerato
STU_001352,Wilson,Jack,M,8,UK,Manchester,Primary School,King's Primary School,Year 2,jack.wilson917@school.edu,12.93,6,Bachelor's
STU_001353,López,Mateo,M,13,Espagne,Madrid,Secundaria,Instituto Lope de Vega,1º ESO,mateo.lópez65@school.edu,11.71,2,Grado
STU_001354,Smith,James,M,7,Canada,Calgary,University,University of Toronto,Third Year,james.smith710@edu,11.45,19,High School Diploma
STU_001355,Idrissi,Ahmed,M,16,Maroc,Oujda,Lycée,Lycée Hassan II,Tronc Commun,ahmed.idrissi27@school.edu,12.99,4,Doctorat
STU_001356,Benjelloun,Laila,F,15,Maroc,Oujda,Lycée,Lycée Moulay Youssef,2ème Bac,laila.benjelloun663@school.edu,10.41,7,Master
STU_001357,Roy,Mia,F,11,Canada,Ottawa,Elementary School,Maple Elementary,Grade 4,mia.roy815@school.edu,10.88,6,High School Diploma
STU_001358,Becker,Leon,M,8,Allemagne,Berlin,Grundschule,Einstein Grundschule,Klasse 1,leon.becker479@school.edu,12.22,8,Doktor
STU_001359,Smith,David,M,8,USA,Miami,Elementary School,Washington Elementary,Grade 3,david.smith268@school.edu,11.92,2,Master's Degree
STU_001360,Martín,Hugo,M,8,Espagne,Sevilla,Primaria,Colegio Picasso,1º Primaria,hugo.martín597@school.edu,13.25,9,Bachillerato
STU_001361,Tazi,Amine,M,18,Maroc,Tanger,Lycée,Lycée Mohammed V,1ère Bac,amine.tazi66@school.edu,11.34,0,Certificat Primaire
STU_001362,Jones,Harry,M,14,UK,Cambridge,Secondary School,Oxford High School,Year 8,harry.jones133@school.edu,8.62,0,PhD
STU_001363,Benjelloun,Mehdi,M,16,Maroc,Marrakech,Lycée,Lycée Hassan II,2ème Bac,mehdi.benjelloun905@school.edu,11.08,9,Licence
STU_001364,Tremblay,Emma,F,15,Canada,Quebec City,University,University of Toronto,First Year,emma.tremblay916@edu,15.35,12,PhD
STU_001365,Martín,Sofía,F,17,Espagne,Zaragoza,Secundaria,Instituto Lope de Vega,1º Bachillerato,sofía.martín366@school.edu,13.56,0,Máster
STU_001366,Petit,Raphaël,M,16,France,Marseille,Lycée,Lycée Louis le Grand,Première,raphaël.petit82@school.edu,11.67,1,Licence
STU_001367,Martín,Sofía,F,18,Espagne,Sevilla,Universidad,Universidad de Salamanca,3º Curso,sofía.martín893@edu,12.32,1,Bachillerato
STU_001368,Weber,Mia,F,6,Allemagne,Frankfurt,Grundschule,Einstein Grundschule,Klasse 2,mia.weber831@school.edu,11.4,6,Bachelor
STU_001369,Johnson,Oliver,M,18,UK,Liverpool,University,LSE,Postgraduate,oliver.johnson982@school.edu,11.23,8,PhD
STU_001370,Wagner,Emilia,F,6,Allemagne,München,Grundschule,Mozart Grundschule,Klasse 3,emilia.wagner328@school.edu,15.7,7,Doktor
STU_001371,Johnson,Jack,M,17,UK,Birmingham,Secondary School,Oxford High School,Year 8,jack.johnson98@school.edu,14.68,3,Master's
STU_001372,Dupont,Arthur,M,21,France,Bordeaux,Université,Université Paris-Saclay,Doctorat,arthur.dupont585@edu,11.4,1,Licence
STU_001373,Schmidt,Emilia,F,26,Allemagne,Frankfurt,Universität,Universität Heidelberg,6. Semester,emilia.schmidt327@edu,9.25,18,Doktor
STU_001374,Taylor,Amelia,F,14,Canada,Winnipeg,Secondary School,Montreal High School,Grade 9,amelia.taylor542@school.edu,14.4,9,Bachelor's
STU_001375,Dupont,Gabriel,M,7,France,Lyon,École Primaire,École Jules Ferry,CE1,gabriel.dupont125@school.edu,11.53,4,Master
STU_001376,Simon,Camille,F,20,France,Lille,Université,Université Paris-Saclay,Licence 1,camille.simon210@edu,11.51,8,Baccalauréat
STU_001377,Wilson,William,M,9,Canada,Toronto,Elementary School,Oak Elementary,Grade 6,william.wilson987@school.edu,14.67,7,High School Diploma
STU_001378,Tremblay,Ava,F,7,Canada,Ottawa,Elementary School,Maple Elementary,Grade 2,ava.tremblay784@school.edu,16.05,2,Bachelor's
STU_001379,Williams,Lily,F,16,UK,London,Secondary School,Eton College,Year 13,lily.williams725@school.edu,9.33,8,A-Level
STU_001380,Martin,Amelia,F,17,Canada,Edmonton,University,University of Toronto,Graduate,amelia.martin133@edu,11.95,9,PhD
STU_001381,Martin,Arthur,M,18,France,Bordeaux,Lycée,Lycée Condorcet,Première,arthur.martin503@school.edu,11.67,2,Baccalauréat
STU_001382,Bennani,Fatima,F,12,Maroc,Meknès,Collège,Collège Al Khawarizmi,3ème AC,fatima.bennani157@school.edu,12.12,9,Brevet
STU_001383,Smith,John,M,7,USA,Houston,Elementary School,Washington Elementary,Grade 3,john.smith559@school.edu,9.37,7,High School Diploma
STU_001384,Hoffmann,Sophia,F,8,Allemagne,Düsseldorf,Grundschule,Mozart Grundschule,Klasse 3,sophia.hoffmann869@school.edu,16.58,0,Bachelor
STU_001385,Bennani,Aicha,F,7,Maroc,Meknès,École Primaire,École Al Massira,2ème année,aicha.bennani875@school.edu,14.15,3,Brevet
STU_001386,Tremblay,Liam,M,8,Canada,Quebec City,University,University of Toronto,First Year,liam.tremblay382@edu,9.82,3,PhD
STU_001387,López,Martín,M,25,Espagne,Barcelona,Universidad,Universidad de Salamanca,2º Curso,martín.lópez22@edu,16.1,5,Grado
STU_001388,Martin,Hugo,M,15,France,Bordeaux,Collège,Collège Jean Moulin,5ème,hugo.martin974@school.edu,15.19,1,Brevet
STU_001389,Brown,Sophie,F,14,UK,Oxford,Secondary School,Oxford High School,Year 8,sophie.brown953@school.edu,12.78,6,A-Level
STU_001390,Martín,Paula,F,6,Espagne,Sevilla,Primaria,Colegio Picasso,2º Primaria,paula.martín595@school.edu,13.38,4,Grado
STU_001391,Benali,Karim,M,11,Maroc,Oujda,École Primaire,École Hassan II,4ème année,karim.benali419@school.edu,12.3,9,Licence
STU_001392,Sqalli,Mohamed,M,18,Maroc,Tanger,Lycée,Lycée Hassan II,1ère Bac,mohamed.sqalli472@school.edu,12.19,5,Certificat Primaire
STU_001393,Martin,Gabriel,M,13,France,Strasbourg,Collège,Collège Jean Moulin,3ème,gabriel.martin234@school.edu,15.21,5,Master
STU_001394,Hoffmann,Marie,F,11,Allemagne,Leipzig,Gymnasium,Schiller-Gymnasium,Klasse 10,marie.hoffmann572@school.edu,14.94,5,Master
STU_001395,Roy,Ethan,M,14,Canada,Ottawa,Secondary School,Montreal High School,Grade 9,ethan.roy454@school.edu,11.66,9,High School Diploma
STU_001396,Rodríguez,Julia,F,19,Espagne,Zaragoza,Universidad,Universidad Complutense,1º Curso,julia.rodríguez700@edu,11.43,11,Bachillerato
STU_001397,Johnson,Isabella,F,11,UK,Birmingham,Primary School,St. Mary's Primary,Year 5,isabella.johnson570@school.edu,11.83,7,Bachelor's
STU_001398,Robert,Emma,F,11,France,Lyon,Collège,Collège Jean Moulin,5ème,emma.robert771@school.edu,13.21,9,Master
STU_001399,Thomas,George,M,7,UK,Cambridge,Primary School,St. Mary's Primary,Year 3,george.thomas162@school.edu,13.56,3,GCSE
STU_001400,Becker,Leon,M,19,Allemagne,München,Universität,Universität Hamburg,5. Semester,leon.becker301@edu,11.98,7,Master
STU_001401,López,Sofía,F,20,Espagne,Barcelona,Universidad,Universidad de Barcelona,Máster,sofía.lópez306@edu,11.92,8,Grado
STU_001402,Smith,Amelia,F,12,USA,Houston,University,MIT,Sophomore,amelia.smith2@school.edu,12.23,12,PhD
STU_001403,Tremblay,James,M,10,Canada,Ottawa,Elementary School,Maple Elementary,Grade 5,james.tremblay271@school.edu,13.9,3,PhD
STU_001404,Brown,Sophie,F,14,UK,Liverpool,Secondary School,Eton College,Year 8,sophie.brown421@school.edu,15.26,0,A-Level
STU_001405,Jones,Mia,F,8,USA,Chicago,Elementary School,Lincoln Elementary,Grade 4,mia.jones143@school.edu,11.98,2,Bachelor's Degree
STU_001406,Müller,Felix,M,15,Allemagne,Hamburg,Gymnasium,Humboldt-Gymnasium,Klasse 7,felix.muller700@school.edu,14.89,0,Master
STU_001407,Jones,Mia,F,16,USA,San Francisco,University,MIT,Senior,mia.jones864@school.edu,15.74,6,PhD
STU_001408,El Amrani,Karim,M,20,Maroc,Fès,Université,Université Mohammed V,S6,karim.elamrani853@edu,15.86,0,Baccalauréat
STU_001409,El Amrani,Salma,F,13,Maroc,Marrakech,Collège,Collège Al Ghazali,1ère AC,salma.elamrani960@school.edu,12.48,3,Master
STU_001410,Tremblay,Charlotte,F,6,Canada,Winnipeg,University,UBC,First Year,charlotte.tremblay977@school.edu,11.18,13,Bachelor's
STU_001411,Davies,Jessica,F,12,UK,Bristol,Secondary School,Westminster School,Year 7,jessica.davies994@school.edu,11.69,0,Master's
STU_001412,El Amrani,Ikram,F,12,Maroc,Tanger,Collège,Collège Al Ghazali,2ème AC,ikram.elamrani736@school.edu,15.61,1,Master
STU_001413,MacDonald,Lucas,M,10,Canada,Edmonton,Elementary School,Pine Elementary,Grade 4,lucas.macdonald879@school.edu,15.88,0,Master's
STU_001414,Anderson,Sophia,F,9,Canada,Winnipeg,Elementary School,Cedar Elementary,Grade 6,sophia.anderson692@school.edu,15.1,4,High School Diploma
STU_001415,Garcia,William,M,16,USA,Seattle,High School,North High School,Grade 12,william.garcia535@school.edu,10.77,6,PhD
STU_001416,Martínez,Pablo,M,23,Espagne,Granada,Universidad,Universidad Complutense,Máster,pablo.martínez867@edu,16.72,18,Bachillerato
STU_001417,Taylor,Harry,M,13,UK,Birmingham,Secondary School,Eton College,Year 8,harry.taylor37@school.edu,9.07,7,Bachelor's
STU_001418,Smith,William,M,9,UK,London,Primary School,Westminster Primary,Year 1,william.smith107@school.edu,14.81,4,GCSE
STU_001419,Gómez,Alejandro,M,25,Espagne,Valencia,Universidad,Universidad de Barcelona,3º Curso,alejandro.gómez297@edu,12.92,4,ESO
STU_001420,Tremblay,Ava,F,11,Canada,Montreal,Secondary School,Toronto High School,Grade 9,ava.tremblay741@school.edu,10.09,4,Bachelor's
STU_001421,Davis,John,M,13,USA,Houston,Middle School,Adams Middle School,Grade 6,john.davis825@school.edu,15.59,7,Master's Degree
STU_001422,Anderson,Mia,F,9,Canada,Montreal,Elementary School,Maple Elementary,Grade 4,mia.anderson97@school.edu,12.77,1,PhD
STU_001423,Smith,James,M,10,Canada,Calgary,Elementary School,Maple Elementary,Grade 1,james.smith281@school.edu,11.7,1,PhD
STU_001424,Petit,Camille,F,22,France,Paris,Université,Université Paris-Saclay,Master 1,camille.petit110@edu,11.71,8,Baccalauréat
STU_001425,Leroy,Zoé,F,21,France,Paris,Université,Sorbonne Université,Doctorat,zoe.leroy549@edu,9.18,9,Baccalauréat
STU_001426,Martinez,Thomas,M,6,USA,Chicago,Elementary School,Roosevelt Elementary,Grade 2,thomas.martinez552@school.edu,14.72,9,Bachelor's Degree
STU_001427,Hoffmann,Marie,F,6,Allemagne,Frankfurt,Grundschule,Einstein Grundschule,Klasse 3,marie.hoffmann597@school.edu,11.2,1,Abitur
STU_001428,Johnson,Emily,F,11,UK,Cambridge,Primary School,King's Primary School,Year 6,emily.johnson814@school.edu,12.06,3,PhD
STU_001429,Rodriguez,Evelyn,F,12,USA,Miami,University,Harvard University,Sophomore,evelyn.rodriguez188@edu,10.91,7,Bachelor's Degree
STU_001430,Roy,Emily,F,17,Canada,Winnipeg,Secondary School,Toronto High School,Grade 7,emily.roy752@school.edu,9.3,1,Master's
STU_001431,Brown,Anthony,M,14,USA,Houston,Middle School,Kennedy Middle School,Grade 8,anthony.brown870@school.edu,10.84,3,PhD
STU_001432,Bernard,Léo,M,6,France,Nantes,École Primaire,École Jean Jaurès,CM1,leo.bernard488@school.edu,14.12,9,Brevet
STU_001433,Wilson,Ava,F,10,Canada,Winnipeg,Elementary School,Cedar Elementary,Grade 2,ava.wilson354@school.edu,13.08,0,Bachelor's
STU_001434,Smith,Alexander,M,11,Canada,Montreal,Elementary School,Cedar Elementary,Grade 4,alexander.smith19@school.edu,11.13,1,High School Diploma
STU_001435,Johnson,Sophia,F,16,Canada,Winnipeg,University,University of Toronto,Graduate,sophia.johnson859@edu,13.5,6,High School Diploma
STU_001436,Chakir,Youssef,M,24,Maroc,Fès,Université,Université Hassan II,S2,youssef.chakir393@edu,10.85,0,Doctorat
STU_001437,Benjelloun,Mohamed,M,12,Maroc,Oujda,Collège,Collège Al Khawarizmi,1ère AC,mohamed.benjelloun837@school.edu,12.49,0,Baccalauréat
STU_001438,Tremblay,Isabella,F,10,Canada,Quebec City,Elementary School,Cedar Elementary,Grade 4,isabella.tremblay261@school.edu,14.12,1,PhD
STU_001439,Alaoui,Ahmed,M,26,Maroc,Tanger,Université,Université Mohammed V,S2,ahmed.alaoui985@edu,12.46,3,Master
STU_001440,Moreau,Jules,M,15,France,Toulouse,Lycée,Lycée Henri IV,Terminale,jules.moreau410@school.edu,12.56,6,Licence
STU_001441,Schulz,Felix,M,13,Allemagne,Stuttgart,Gymnasium,Schiller-Gymnasium,Klasse 12,felix.schulz403@school.edu,10.84,3,Doktor
STU_001442,Leroy,Manon,F,16,France,Lyon,Lycée,Lycée Henri IV,Seconde,manon.leroy670@school.edu,14.63,4,Baccalauréat
STU_001443,Robert,Louise,F,6,France,Bordeaux,École Primaire,École Pasteur,CP,louise.robert484@school.edu,12.75,3,Licence
STU_001444,Smith,Olivia,F,6,USA,Houston,Elementary School,Roosevelt Elementary,Grade 4,olivia.smith304@school.edu,12.7,3,Master's Degree
STU_001445,Sqalli,Karim,M,15,Maroc,Oujda,Collège,Collège Ibn Khaldoun,1ère AC,karim.sqalli624@school.edu,11.21,8,Licence
STU_001446,Johnson,Isabella,F,10,Canada,Quebec City,Elementary School,Oak Elementary,Grade 4,isabella.johnson656@school.edu,12.3,5,Bachelor's
STU_001447,Benali,Aicha,F,8,Maroc,Rabat,École Primaire,École Hassan II,6ème année,aicha.benali768@school.edu,10.25,2,Baccalauréat
STU_001448,Alaoui,Zineb,F,17,Maroc,Tanger,Lycée,Lycée Hassan II,1ère Bac,zineb.alaoui967@school.edu,8.81,5,Doctorat
STU_001449,Smith,Harry,M,11,UK,Cambridge,University,University of Cambridge,Second Year,harry.smith18@edu,10.89,12,GCSE
STU_001450,MacDonald,Noah,M,12,Canada,Ottawa,Secondary School,Toronto High School,Grade 12,noah.macdonald184@school.edu,12.41,6,High School Diploma
STU_001451,Miller,John,M,8,USA,Los Angeles,Elementary School,Washington Elementary,Grade 4,john.miller405@school.edu,12.92,6,Master's Degree
STU_001452,Schneider,Elias,M,18,Allemagne,Düsseldorf,Universität,Universität Hamburg,6. Semester,elias.schneider799@edu,12.78,3,Master
STU_001453,Rodriguez,Charlotte,F,18,USA,Los Angeles,High School,North High School,Grade 9,charlotte.rodriguez897@school.edu,11.94,0,Master's Degree
STU_001454,Moreau,Raphaël,M,14,France,Bordeaux,Collège,Collège Pierre et Marie Curie,6ème,raphaël.moreau131@school.edu,9.19,5,Doctorat
STU_001455,Schulz,Jonas,M,13,Allemagne,Frankfurt,Gymnasium,Humboldt-Gymnasium,Klasse 7,jonas.schulz479@school.edu,12.41,7,Bachelor
STU_001456,Becker,Mia,F,17,Allemagne,Hamburg,Gymnasium,Kant-Gymnasium,Klasse 6,mia.becker793@school.edu,12.69,4,Doktor
STU_001457,Hoffmann,Finn,M,17,Allemagne,Düsseldorf,Gymnasium,Kant-Gymnasium,Klasse 12,finn.hoffmann757@school.edu,12.34,2,Abitur
STU_001458,Sánchez,Daniela,F,18,Espagne,Zaragoza,Universidad,Universidad de Salamanca,1º Curso,daniela.sánchez8@edu,15.6,3,Grado
STU_001459,Anderson,Emma,F,9,Canada,Toronto,University,UBC,Graduate,emma.anderson705@school.edu,9.37,5,PhD
STU_001460,Tremblay,Liam,M,16,Canada,Vancouver,Secondary School,Montreal High School,Grade 9,liam.tremblay318@school.edu,12.08,4,Bachelor's
STU_001461,Fernández,Sofía,F,8,Espagne,Sevilla,Primaria,Colegio Velázquez,5º Primaria,sofía.fernández391@school.edu,16.5,8,Bachillerato
STU_001462,Martin,Isabella,F,18,Canada,Edmonton,Secondary School,Montreal High School,Grade 11,isabella.martin519@school.edu,11.62,9,PhD
STU_001463,Rodriguez,William,M,12,USA,Boston,Middle School,Franklin Middle School,Grade 8,william.rodriguez136@school.edu,12.19,2,Bachelor's Degree
STU_001464,Fernández,Daniel,M,12,Espagne,Valencia,Primaria,Colegio Velázquez,2º Primaria,daniel.fernández531@school.edu,11.62,6,Bachillerato
STU_001465,Wilson,Ethan,M,13,Canada,Edmonton,Secondary School,Montreal High School,Grade 10,ethan.wilson913@school.edu,11.75,8,PhD
STU_001466,Williams,Isabella,F,14,UK,Manchester,University,University of Oxford,Second Year,isabella.williams651@edu,11.77,12,GCSE
STU_001467,Martínez,Daniel,M,14,Espagne,Sevilla,Secundaria,Instituto Ramón y Cajal,2º ESO,daniel.martínez367@school.edu,12.58,3,Grado
STU_001468,Fernández,Daniela,F,6,Espagne,Bilbao,Primaria,Colegio Goya,2º Primaria,daniela.fernández489@school.edu,10.42,9,Grado
STU_001469,Taylor,Harry,M,12,UK,Liverpool,University,University of Cambridge,Postgraduate,harry.taylor689@edu,12.64,2,PhD
STU_001470,Evans,Emily,F,5,UK,Manchester,Primary School,Victoria Primary,Year 3,emily.evans11@school.edu,13.71,0,Bachelor's
STU_001471,Rodriguez,Charlotte,F,12,USA,New York,Middle School,Madison Middle School,Grade 8,charlotte.rodriguez998@school.edu,10.93,8,Master's Degree
STU_001472,Smith,Olivia,F,18,Canada,Quebec City,University,McGill University,Third Year,olivia.smith553@edu,14.85,0,Bachelor's
STU_001473,Schulz,Emilia,F,21,Allemagne,Düsseldorf,Universität,Universität Heidelberg,1. Semester,emilia.schulz446@edu,12.63,17,Doktor
STU_001474,Wilson,Lily,F,17,UK,Cambridge,Secondary School,Westminster School,Year 13,lily.wilson114@school.edu,10.9,8,GCSE
STU_001475,Weber,Lina,F,9,Allemagne,Stuttgart,Grundschule,Goethe Grundschule,Klasse 4,lina.weber692@school.edu,8.95,4,Bachelor
STU_001476,Robert,Camille,F,14,France,Bordeaux,Collège,Collège Voltaire,4ème,camille.robert706@school.edu,9.49,3,Baccalauréat
STU_001477,Williams,Charlie,M,8,UK,Edinburgh,Primary School,St. Mary's Primary,Year 1,charlie.williams196@school.edu,15.61,8,Bachelor's
STU_001478,Wilson,Charlie,M,6,UK,Oxford,University,University of Oxford,Postgraduate,charlie.wilson860@edu,10.17,8,Master's
STU_001479,Schneider,Paul,M,8,Allemagne,Stuttgart,Grundschule,Goethe Grundschule,Klasse 1,paul.schneider737@school.edu,15.68,1,Master
STU_001480,Benjelloun,Amine,M,12,Maroc,Marrakech,Collège,Collège Al Ghazali,2ème AC,amine.benjelloun843@school.edu,11.8,2,Doctorat
STU_001481,Sánchez,Valeria,F,26,Espagne,Granada,Universidad,Universidad de Salamanca,4º Curso,valeria.sánchez323@edu,11.88,15,Bachillerato
STU_001482,Alaoui,Mohamed,M,14,Maroc,Marrakech,Collège,Collège Al Ghazali,1ère AC,mohamed.alaoui936@school.edu,15.16,2,Doctorat
STU_001483,MacDonald,Oliver,M,8,Canada,Vancouver,University,McGill University,Third Year,oliver.macdonald773@edu,15.32,15,High School Diploma
STU_001484,Brown,Sophia,F,10,USA,Miami,Elementary School,Roosevelt Elementary,Grade 3,sophia.brown512@school.edu,16.67,4,PhD
STU_001485,Pérez,Daniel,M,24,Espagne,Málaga,Universidad,Universidad de Barcelona,Máster,daniel.perez628@edu,15.13,12,Bachillerato
STU_001486,Evans,Harry,M,15,UK,Cambridge,Secondary School,Eton College,Year 11,harry.evans981@school.edu,12.39,2,Master's
STU_001487,Taylor,Noah,M,6,Canada,Ottawa,Elementary School,Pine Elementary,Grade 2,noah.taylor662@school.edu,9.12,9,PhD
STU_001488,Wilson,Jack,M,17,UK,Bristol,University,Imperial College London,Third Year,jack.wilson630@school.edu,14.13,17,PhD
STU_001489,Smith,Isabella,F,10,Canada,Montreal,Elementary School,Pine Elementary,Grade 4,isabella.smith165@school.edu,10.13,5,Bachelor's
STU_001490,Thomas,Charlie,M,10,UK,Manchester,University,University of Oxford,Postgraduate,charlie.thomas252@edu,14.2,5,Master's
STU_001491,Martin,Louise,F,7,France,Toulouse,École Primaire,École Élémentaire Victor Hugo,CM2,louise.martin779@school.edu,9.98,1,Licence
STU_001492,Leroy,Sarah,F,13,France,Marseille,Collège,Collège Jean Moulin,5ème,sarah.leroy44@school.edu,12.44,5,Licence
STU_001493,Smith,Liam,M,17,Canada,Vancouver,University,McGill University,Fourth Year,liam.smith470@edu,11.13,5,Master's
STU_001494,Idrissi,Marwa,F,8,Maroc,Casablanca,École Primaire,École Mohammed V,5ème année,marwa.idrissi489@school.edu,15.83,5,Brevet
STU_001495,Martinez,Emma,F,7,USA,Miami,Elementary School,Washington Elementary,Grade 4,emma.martinez181@school.edu,11.62,4,PhD
STU_001496,Fernández,Álvaro,M,10,Espagne,Madrid,Primaria,Colegio Cervantes,1º Primaria,álvaro.fernández77@school.edu,12.2,6,ESO
STU_001497,Evans,Ava,F,17,UK,Oxford,University,Imperial College London,First Year,ava.evans374@school.edu,10.21,12,Bachelor's
STU_001498,Martin,William,M,11,Canada,Edmonton,Elementary School,Oak Elementary,Grade 4,william.martin628@school.edu,13.18,4,PhD
STU_001499,Garcia,Ava,F,11,USA,San Francisco,Middle School,Madison Middle School,Grade 6,ava.garcia957@school.edu,12.93,0,Master's Degree
STU_001500,Jones,William,M,5,UK,Cambridge,Primary School,St. Mary's Primary,Year 5,william.jones67@school.edu,12.97,8,PhD
STU_001501,Davis,Olivia,F,18,USA,Seattle,University,Yale University,Freshman,olivia.davis525@edu,11.5,2,Master's Degree
STU_001502,Petit,Emma,F,12,France,Lyon,Collège,Collège Molière,4ème,emma.petit92@school.edu,11.67,1,Baccalauréat
STU_001503,Rodríguez,Paula,F,17,Espagne,Granada,Secundaria,Instituto Giner de los Ríos,1º Bachillerato,paula.rodríguez758@school.edu,12.99,9,Doctorado
STU_001504,Rodríguez,Daniela,F,18,Espagne,Sevilla,Secundaria,Instituto Giner de los Ríos,4º ESO,daniela.rodríguez779@school.edu,12.92,5,Grado
STU_001505,Hoffmann,Lukas,M,7,Allemagne,Leipzig,Grundschule,Schiller Grundschule,Klasse 4,lukas.hoffmann651@school.edu,9.9,7,Bachelor
STU_001506,García,Martina,F,26,Espagne,Sevilla,Universidad,Universidad de Salamanca,1º Curso,martina.garcía853@edu,8.98,1,Doctorado
STU_001507,Becker,Lea,F,17,Allemagne,Düsseldorf,Gymnasium,Goethe-Gymnasium,Klasse 8,lea.becker244@school.edu,14.96,3,Abitur
STU_001508,Smith,Emma,F,14,USA,New York,Middle School,Madison Middle School,Grade 7,emma.smith341@school.edu,14.53,1,Bachelor's Degree
STU_001509,Davies,Oliver,M,7,UK,Edinburgh,Primary School,Victoria Primary,Year 4,oliver.davies903@school.edu,9.69,8,A-Level
STU_001510,Sqalli,Ali,M,17,Maroc,Casablanca,Lycée,Lycée Descartes,1ère Bac,ali.sqalli785@school.edu,11.06,9,Baccalauréat
STU_001511,Schneider,Finn,M,16,Allemagne,Köln,Gymnasium,Humboldt-Gymnasium,Klasse 9,finn.schneider304@school.edu,8.48,1,Abitur
STU_001512,Robert,Hugo,M,20,France,Lyon,Université,Université Grenoble Alpes,Master 1,hugo.robert398@edu,14.58,9,Brevet
STU_001513,Leroy,Zoé,F,17,France,Lyon,Lycée,Lycée Condorcet,Seconde,zoe.leroy703@school.edu,15.6,1,Baccalauréat
STU_001514,Wilson,Amelia,F,9,UK,Oxford,University,University of Oxford,Third Year,amelia.wilson448@edu,10.84,11,GCSE
STU_001515,Taylor,Emily,F,11,UK,Manchester,Primary School,King's Primary School,Year 4,emily.taylor97@school.edu,16.46,4,A-Level
STU_001516,Meyer,Elias,M,22,Allemagne,Stuttgart,Universität,Universität Hamburg,2. Semester,elias.meyer331@edu,15.15,11,Master
STU_001517,Brown,Ava,F,10,Canada,Vancouver,Elementary School,Oak Elementary,Grade 4,ava.brown205@school.edu,12.28,6,Bachelor's
STU_001518,Garcia,John,M,12,USA,Seattle,Middle School,Franklin Middle School,Grade 8,john.garcia449@school.edu,11.76,0,Master's Degree
STU_001519,Martínez,Álvaro,M,25,Espagne,Granada,Universidad,Universidad de Barcelona,2º Curso,álvaro.martínez418@edu,15.38,1,Bachillerato
STU_001520,Rodriguez,Daniel,M,17,USA,Los Angeles,High School,Central High School,Grade 10,daniel.rodriguez649@school.edu,12.49,5,PhD
STU_001521,Anderson,Alexander,M,15,Canada,Edmonton,Secondary School,Montreal High School,Grade 8,alexander.anderson77@school.edu,12.14,1,Master's
STU_001522,Robert,Mathis,M,13,France,Strasbourg,Collège,Collège Pierre et Marie Curie,6ème,mathis.robert896@school.edu,12.69,3,Doctorat
STU_001523,Sánchez,Lucía,F,25,Espagne,Málaga,Universidad,Universidad de Barcelona,2º Curso,lucía.sánchez549@edu,13.48,15,Bachillerato
STU_001524,Hoffmann,Noah,M,8,Allemagne,Hamburg,Grundschule,Schiller Grundschule,Klasse 4,noah.hoffmann798@school.edu,10.35,5,Bachelor
STU_001525,Miller,Michael,M,11,USA,Boston,Elementary School,Jefferson Elementary,Grade 3,michael.miller425@school.edu,9.43,6,PhD
STU_001526,Sqalli,Marwa,F,8,Maroc,Rabat,École Primaire,École Mohammed V,2ème année,marwa.sqalli429@school.edu,15.93,9,Licence
STU_001527,Williams,Poppy,F,18,UK,Manchester,Secondary School,Eton College,Year 13,poppy.williams485@school.edu,9.14,4,A-Level
STU_001528,Müller,Lina,F,24,Allemagne,Berlin,Universität,Universität Heidelberg,1. Semester,lina.muller815@edu,11.37,7,Doktor
STU_001529,Roy,William,M,6,Canada,Montreal,University,University of Alberta,First Year,william.roy135@edu,9.95,5,PhD
STU_001530,López,Hugo,M,10,Espagne,Sevilla,Primaria,Colegio Velázquez,6º Primaria,hugo.lópez654@school.edu,10.07,4,Grado
STU_001531,Fernández,Julia,F,20,Espagne,Valencia,Universidad,Universidad Complutense,2º Curso,julia.fernández254@edu,14.15,19,Máster
STU_001532,Wilson,Sophia,F,7,Canada,Winnipeg,Elementary School,Oak Elementary,Grade 6,sophia.wilson560@school.edu,10.35,5,Bachelor's
STU_001533,Müller,Anna,F,10,Allemagne,Berlin,Grundschule,Einstein Grundschule,Klasse 2,anna.muller255@school.edu,11.43,5,Bachelor
STU_001534,Smith,Noah,M,11,UK,Edinburgh,Primary School,St. Mary's Primary,Year 2,noah.smith646@school.edu,15.09,5,GCSE
STU_001535,Durand,Chloé,F,17,France,Lille,Lycée,Lycée Henri IV,Terminale,chloe.durand802@school.edu,13.33,0,Brevet
STU_001536,Rodríguez,Emma,F,8,Espagne,Sevilla,Primaria,Colegio Velázquez,2º Primaria,emma.rodríguez720@school.edu,9.62,5,Bachillerato
STU_001537,Schulz,Lukas,M,7,Allemagne,Köln,Grundschule,Einstein Grundschule,Klasse 3,lukas.schulz499@school.edu,14.77,0,Doktor
STU_001538,Davis,Olivia,F,17,USA,Miami,University,Yale University,Junior,olivia.davis613@edu,11.17,4,Bachelor's Degree
STU_001539,Wagner,Mia,F,10,Allemagne,Frankfurt,Grundschule,Schiller Grundschule,Klasse 1,mia.wagner484@school.edu,15.13,6,Abitur
STU_001540,Davies,Jack,M,11,UK,Oxford,University,UCL,Third Year,jack.davies46@school.edu,12.34,16,PhD
STU_001541,Taylor,Ethan,M,11,Canada,Vancouver,Elementary School,Cedar Elementary,Grade 5,ethan.taylor443@school.edu,13.65,0,PhD
STU_001542,Taylor,Sophie,F,10,UK,London,Primary School,King's Primary School,Year 2,sophie.taylor582@school.edu,10.79,5,Master's
STU_001543,Chakir,Ahmed,M,17,Maroc,Tanger,Lycée,Lycée Hassan II,2ème Bac,ahmed.chakir648@school.edu,12.18,6,Master
STU_001544,Thomas,Gabriel,M,9,France,Toulouse,École Primaire,École Pasteur,CM1,gabriel.thomas792@school.edu,10.67,5,Licence
STU_001545,Martinez,Charlotte,F,11,USA,New York,University,UC Berkeley,Sophomore,charlotte.martinez579@school.edu,15.93,5,Bachelor's Degree
STU_001546,Brown,Jessica,F,5,UK,Birmingham,Primary School,King's Primary School,Year 4,jessica.brown4@school.edu,14.06,2,GCSE
STU_001547,Brown,Matthew,M,18,USA,Los Angeles,High School,South High School,Grade 9,matthew.brown736@school.edu,15.93,8,High School Diploma
STU_001548,Petit,Clara,F,13,France,Toulouse,Collège,Collège Jean Moulin,6ème,clara.petit1@school.edu,15.63,4,Doctorat
STU_001549,Miller,John,M,17,USA,New York,High School,North High School,Grade 11,john.miller290@school.edu,14.98,1,Master's Degree
STU_001550,Johnson,Emily,F,12,UK,Bristol,Secondary School,Oxford High School,Year 8,emily.johnson109@school.edu,9.87,9,PhD
STU_001551,Moreau,Hugo,M,16,France,Strasbourg,Lycée,Lycée Janson de Sailly,Première,hugo.moreau777@school.edu,11.33,9,Licence
STU_001552,Pérez,Manuel,M,8,Espagne,Bilbao,Primaria,Colegio Cervantes,4º Primaria,manuel.perez575@school.edu,14.23,6,Bachillerato
STU_001553,Evans,Noah,M,18,UK,Edinburgh,University,University of Oxford,First Year,noah.evans460@edu,11.71,2,A-Level
STU_001554,Meyer,Ben,M,11,Allemagne,Berlin,Gymnasium,Goethe-Gymnasium,Klasse 12,ben.meyer266@school.edu,8.66,0,Abitur
STU_001555,Schmidt,Lea,F,16,Allemagne,Leipzig,Gymnasium,Kant-Gymnasium,Klasse 10,lea.schmidt138@school.edu,10.74,2,Bachelor
STU_001556,Thomas,Isabella,F,11,UK,Edinburgh,Secondary School,Westminster School,Year 8,isabella.thomas434@school.edu,13.16,8,PhD
STU_001557,Schneider,Anna,F,18,Allemagne,Hamburg,Universität,Universität Heidelberg,2. Semester,anna.schneider44@edu,11.45,4,Master
STU_001558,Martínez,Manuel,M,17,Espagne,Barcelona,Secundaria,Instituto Giner de los Ríos,1º ESO,manuel.martínez886@school.edu,10.06,6,ESO
STU_001559,Johnson,Harry,M,6,UK,Birmingham,Primary School,King's Primary School,Year 5,harry.johnson510@school.edu,13.33,2,A-Level
STU_001560,El Amrani,Mehdi,M,18,Maroc,Casablanca,Lycée,Lycée Mohammed V,2ème Bac,mehdi.elamrani944@school.edu,14.76,3,Certificat Primaire
STU_001561,Thomas,Harry,M,7,UK,Cambridge,Primary School,Victoria Primary,Year 5,harry.thomas983@school.edu,14.97,0,GCSE
STU_001562,Dupont,Jules,M,15,France,Strasbourg,Collège,Collège Molière,3ème,jules.dupont262@school.edu,9.09,2,Licence
STU_001563,Schulz,Lina,F,7,Allemagne,Stuttgart,Grundschule,Goethe Grundschule,Klasse 4,lina.schulz728@school.edu,15.27,6,Abitur
STU_001564,Smith,Oliver,M,16,UK,Liverpool,Secondary School,Cambridge High School,Year 11,oliver.smith633@school.edu,10.67,3,PhD
STU_001565,Roy,James,M,8,Canada,Toronto,Elementary School,Maple Elementary,Grade 5,james.roy152@school.edu,10.45,1,PhD
STU_001566,Moreau,Gabriel,M,11,France,Marseille,Collège,Collège Jean Moulin,5ème,gabriel.moreau213@school.edu,9.46,4,Doctorat
STU_001567,Wilson,Oliver,M,9,Canada,Winnipeg,University,UBC,Graduate,oliver.wilson234@school.edu,12.7,1,PhD
STU_001568,Schneider,Paul,M,7,Allemagne,Berlin,Grundschule,Einstein Grundschule,Klasse 3,paul.schneider863@school.edu,9.23,5,Bachelor
STU_001569,Simon,Léa,F,15,France,Paris,Collège,Collège Pierre et Marie Curie,4ème,lea.simon623@school.edu,11.73,9,Master
STU_001570,Martinez,William,M,10,USA,San Francisco,Elementary School,Lincoln Elementary,Grade 4,william.martinez954@school.edu,11.9,3,PhD
STU_001571,Sqalli,Omar,M,17,Maroc,Rabat,Lycée,Lycée Moulay Youssef,2ème Bac,omar.sqalli361@school.edu,16.18,0,Licence
STU_001572,Williams,Ava,F,12,UK,Edinburgh,Secondary School,Westminster School,Year 11,ava.williams320@school.edu,15.0,2,Master's
STU_001573,Garcia,Sophia,F,18,USA,Chicago,High School,South High School,Grade 12,sophia.garcia222@school.edu,12.29,8,High School Diploma
STU_001574,Taylor,Amelia,F,12,UK,Birmingham,Secondary School,Eton College,Year 10,amelia.taylor952@school.edu,14.6,9,Master's
STU_001575,Alaoui,Ikram,F,11,Maroc,Casablanca,École Primaire,École Hassan II,5ème année,ikram.alaoui738@school.edu,9.82,6,Brevet
STU_001576,Schneider,Finn,M,6,Allemagne,Stuttgart,Grundschule,Goethe Grundschule,Klasse 2,finn.schneider210@school.edu,14.18,5,Bachelor
STU_001577,Becker,Leon,M,10,Allemagne,Leipzig,Gymnasium,Schiller-Gymnasium,Klasse 5,leon.becker396@school.edu,15.92,0,Abitur
STU_001578,Wagner,Sophia,F,19,Allemagne,München,Universität,Universität Heidelberg,2. Semester,sophia.wagner931@edu,11.0,8,Master
STU_001579,Roy,James,M,11,Canada,Toronto,Elementary School,Pine Elementary,Grade 5,james.roy583@school.edu,13.67,0,Master's
STU_001580,Johnson,Mia,F,13,USA,New York,University,Harvard University,Senior,mia.johnson489@edu,15.01,13,PhD
STU_001581,Jones,Oscar,M,13,UK,Cambridge,University,University of Cambridge,First Year,oscar.jones872@edu,16.01,12,A-Level
STU_001582,Tazi,Fatima,F,22,Maroc,Tanger,Université,Université Hassan II,S2,fatima.tazi601@edu,11.75,12,Doctorat
STU_001583,Wilson,Charlotte,F,12,Canada,Vancouver,Secondary School,Calgary High School,Grade 11,charlotte.wilson774@school.edu,12.04,5,High School Diploma
STU_001584,Becker,Sophia,F,25,Allemagne,Hamburg,Universität,Universität Hamburg,3. Semester,sophia.becker961@edu,11.6,6,Doktor
STU_001585,Benali,Amine,M,14,Maroc,Oujda,Collège,Collège Averroès,2ème AC,amine.benali878@school.edu,11.34,1,Brevet
STU_001586,Bernard,Louise,F,17,France,Strasbourg,Lycée,Lycée Louis le Grand,Terminale,louise.bernard464@school.edu,14.52,9,Master
STU_001587,Fernández,Martina,F,18,Espagne,Sevilla,Secundaria,Instituto Ramón y Cajal,1º ESO,martina.fernández700@school.edu,9.28,7,Grado
STU_001588,Johnson,William,M,8,Canada,Montreal,Elementary School,Pine Elementary,Grade 6,william.johnson624@school.edu,15.28,7,PhD
STU_001589,Benali,Sanae,F,19,Maroc,Oujda,Université,Université Hassan II,Master 1,sanae.benali452@edu,9.48,5,Licence
STU_001590,Brown,Emma,F,11,Canada,Toronto,University,UBC,Second Year,emma.brown413@school.edu,16.23,2,High School Diploma
STU_001591,Evans,Noah,M,18,UK,Cambridge,University,Imperial College London,Postgraduate,noah.evans934@school.edu,12.59,17,GCSE
STU_001592,Martin,Chloe,F,6,Canada,Edmonton,Elementary School,Cedar Elementary,Grade 5,chloe.martin751@school.edu,10.85,1,Master's
STU_001593,Benali,Mohamed,M,17,Maroc,Marrakech,Lycée,Lycée Moulay Youssef,1ère Bac,mohamed.benali476@school.edu,11.82,5,Brevet
STU_001594,Brown,Matthew,M,17,USA,Chicago,University,Harvard University,Junior,matthew.brown256@edu,11.73,5,PhD
STU_001595,Brown,Chloe,F,15,Canada,Vancouver,Secondary School,Montreal High School,Grade 11,chloe.brown150@school.edu,12.31,2,Master's
STU_001596,Rodríguez,Álvaro,M,17,Espagne,Barcelona,Secundaria,Instituto Giner de los Ríos,4º ESO,álvaro.rodríguez127@school.edu,15.48,4,ESO
STU_001597,Müller,Jonas,M,13,Allemagne,Stuttgart,Gymnasium,Schiller-Gymnasium,Klasse 6,jonas.muller392@school.edu,10.3,7,Abitur
STU_001598,Meyer,Sophia,F,17,Allemagne,Leipzig,Gymnasium,Humboldt-Gymnasium,Klasse 9,sophia.meyer831@school.edu,11.21,5,Master
STU_001599,Gómez,Álvaro,M,8,Espagne,Zaragoza,Primaria,Colegio Cervantes,6º Primaria,álvaro.gómez480@school.edu,13.05,1,Bachillerato
STU_001600,Moreau,Jules,M,10,France,Nantes,École Primaire,École Jules Ferry,CE2,jules.moreau993@school.edu,11.33,6,Brevet
STU_001601,Schulz,Jonas,M,8,Allemagne,Düsseldorf,Grundschule,Schiller Grundschule,Klasse 3,jonas.schulz397@school.edu,15.37,7,Doktor
STU_001602,Rodríguez,Lucas,M,10,Espagne,Barcelona,Primaria,Colegio Goya,4º Primaria,lucas.rodríguez923@school.edu,12.33,3,Bachillerato
STU_001603,Simon,Léo,M,7,France,Bordeaux,École Primaire,École Jules Ferry,CM1,leo.simon402@school.edu,10.23,0,Baccalauréat
STU_001604,Fernández,Mateo,M,10,Espagne,Zaragoza,Primaria,Colegio Velázquez,3º Primaria,mateo.fernández274@school.edu,11.53,1,Máster
STU_001605,Dupont,Mathis,M,11,France,Toulouse,Collège,Collège Voltaire,4ème,mathis.dupont845@school.edu,10.16,3,Brevet
STU_001606,Wilson,Emily,F,14,Canada,Calgary,Secondary School,Calgary High School,Grade 10,emily.wilson982@school.edu,10.68,6,Master's
STU_001607,Davis,Isabella,F,9,USA,New York,Elementary School,Lincoln Elementary,Grade 1,isabella.davis958@school.edu,13.6,1,High School Diploma
STU_001608,Müller,Luis,M,10,Allemagne,Leipzig,Gymnasium,Humboldt-Gymnasium,Klasse 9,luis.muller910@school.edu,12.77,5,Abitur
STU_001609,Fernández,Alba,F,6,Espagne,Barcelona,Primaria,Colegio Goya,5º Primaria,alba.fernández139@school.edu,15.85,1,Máster
STU_001610,Brown,Ava,F,10,UK,London,University,University of Cambridge,Second Year,ava.brown103@edu,11.04,6,Master's
STU_001611,Weber,Mia,F,21,Allemagne,München,Universität,Universität Heidelberg,2. Semester,mia.weber242@edu,11.68,1,Bachelor
STU_001612,Williams,Thomas,M,11,USA,Boston,Elementary School,Jefferson Elementary,Grade 1,thomas.williams117@school.edu,10.62,2,Master's Degree
STU_001613,Miller,Ava,F,14,USA,Seattle,University,Harvard University,Graduate,ava.miller214@edu,11.69,8,High School Diploma
STU_001614,Schneider,Jonas,M,12,Allemagne,Stuttgart,Gymnasium,Schiller-Gymnasium,Klasse 9,jonas.schneider484@school.edu,15.2,3,Abitur
STU_001615,Evans,Ava,F,11,UK,Edinburgh,Primary School,Victoria Primary,Year 6,ava.evans529@school.edu,13.63,4,PhD
STU_001616,Johnson,Evelyn,F,6,USA,Los Angeles,Elementary School,Roosevelt Elementary,Grade 3,evelyn.johnson691@school.edu,11.43,8,PhD
STU_001617,Johnson,Mia,F,9,Canada,Ottawa,Elementary School,Oak Elementary,Grade 5,mia.johnson224@school.edu,10.8,6,PhD
STU_001618,Williams,Jack,M,10,UK,Liverpool,Primary School,Victoria Primary,Year 6,jack.williams270@school.edu,15.16,7,Master's
STU_001619,Smith,Ava,F,12,UK,Edinburgh,Secondary School,Cambridge High School,Year 9,ava.smith825@school.edu,8.56,2,A-Level
STU_001620,Rodríguez,Paula,F,13,Espagne,Granada,Secundaria,Instituto Lope de Vega,2º ESO,paula.rodríguez861@school.edu,13.89,3,ESO
STU_001621,Weber,Ben,M,26,Allemagne,München,Universität,Universität Hamburg,1. Semester,ben.weber134@edu,11.03,3,Doktor
STU_001622,Schulz,Elias,M,9,Allemagne,Hamburg,Grundschule,Mozart Grundschule,Klasse 4,elias.schulz114@school.edu,12.2,1,Doktor
STU_001623,Fernández,Martín,M,8,Espagne,Sevilla,Primaria,Colegio Velázquez,6º Primaria,martín.fernández441@school.edu,11.57,9,ESO
STU_001624,Weber,Mia,F,18,Allemagne,Düsseldorf,Universität,Universität Hamburg,2. Semester,mia.weber644@edu,15.07,5,Abitur
STU_001625,Martín,Alba,F,16,Espagne,Málaga,Secundaria,Instituto Ramón y Cajal,3º ESO,alba.martín651@school.edu,14.92,8,Bachillerato
STU_001626,Fischer,Lukas,M,8,Allemagne,München,Grundschule,Einstein Grundschule,Klasse 2,lukas.fischer365@school.edu,13.98,1,Master
STU_001627,Martín,Álvaro,M,12,Espagne,Zaragoza,Secundaria,Instituto Lope de Vega,4º ESO,álvaro.martín232@school.edu,11.75,0,Doctorado
STU_001628,López,Paula,F,15,Espagne,Sevilla,Secundaria,Instituto Lope de Vega,2º ESO,paula.lópez458@school.edu,11.95,7,Máster
STU_001629,Meyer,Anna,F,23,Allemagne,Köln,Universität,Universität Hamburg,1. Semester,anna.meyer375@edu,10.57,0,Doktor
STU_001630,Evans,Amelia,F,5,UK,Edinburgh,Primary School,Westminster Primary,Year 5,amelia.evans604@school.edu,12.16,0,Master's
STU_001631,Tremblay,Isabella,F,7,Canada,Montreal,Elementary School,Maple Elementary,Grade 2,isabella.tremblay779@school.edu,9.23,2,PhD
STU_001632,Johnson,Isabella,F,9,UK,Bristol,Primary School,Westminster Primary,Year 3,isabella.johnson611@school.edu,12.27,4,GCSE
STU_001633,El Amrani,Mohamed,M,17,Maroc,Tanger,Lycée,Lycée Mohammed V,2ème Bac,mohamed.elamrani207@school.edu,15.34,8,Licence
STU_001634,Brown,Benjamin,M,10,Canada,Edmonton,University,McGill University,Third Year,benjamin.brown520@edu,11.7,9,PhD
STU_001635,Jones,Mia,F,6,USA,Chicago,Elementary School,Jefferson Elementary,Grade 1,mia.jones468@school.edu,14.92,1,Bachelor's Degree
STU_001636,García,Leo,M,10,Espagne,Madrid,Primaria,Colegio Velázquez,3º Primaria,leo.garcía882@school.edu,14.32,0,ESO
STU_001637,Thomas,Léo,M,16,France,Bordeaux,Lycée,Lycée Janson de Sailly,Terminale,leo.thomas443@school.edu,15.22,0,Licence
STU_001638,Wagner,Felix,M,24,Allemagne,Köln,Universität,TU Berlin,3. Semester,felix.wagner917@school.edu,13.58,7,Doktor
STU_001639,Jones,Jacob,M,14,UK,Bristol,Secondary School,Cambridge High School,Year 9,jacob.jones321@school.edu,12.49,9,PhD
STU_001640,Alaoui,Sanae,F,13,Maroc,Fès,Collège,Collège Al Khawarizmi,3ème AC,sanae.alaoui93@school.edu,11.39,9,Master
STU_001641,Roy,Isabella,F,14,Canada,Winnipeg,University,McGill University,Graduate,isabella.roy408@edu,15.03,9,High School Diploma
STU_001642,García,Daniel,M,13,Espagne,Barcelona,Secundaria,Instituto Giner de los Ríos,4º ESO,daniel.garcía158@school.edu,12.98,1,Grado
STU_001643,Smith,William,M,13,UK,Cambridge,University,LSE,Third Year,william.smith872@school.edu,12.97,8,Master's
STU_001644,Fassi,Mehdi,M,15,Maroc,Fès,Collège,Collège Averroès,1ère AC,mehdi.fassi99@school.edu,12.26,8,Doctorat
STU_001645,Bennani,Ahmed,M,8,Maroc,Rabat,École Primaire,École Al Massira,2ème année,ahmed.bennani225@school.edu,10.83,1,Brevet
STU_001646,Williams,Joseph,M,10,USA,Houston,Elementary School,Lincoln Elementary,Grade 5,joseph.williams852@school.edu,11.88,2,Bachelor's Degree
STU_001647,Wilson,Sophie,F,13,UK,Oxford,Secondary School,Eton College,Year 8,sophie.wilson441@school.edu,15.06,1,PhD
STU_001648,Chakir,Zineb,F,20,Maroc,Fès,Université,Université Ibn Tofail,S3,zineb.chakir720@edu,10.74,5,Licence
STU_001649,Jones,Harper,F,7,USA,New York,Elementary School,Lincoln Elementary,Grade 5,harper.jones585@school.edu,15.8,6,Bachelor's Degree
STU_001650,Sánchez,Pablo,M,19,Espagne,Bilbao,Universidad,Universidad de Salamanca,2º Curso,pablo.sánchez991@edu,13.55,11,ESO
STU_001651,Williams,Ava,F,14,USA,San Francisco,High School,North High School,Grade 9,ava.williams401@school.edu,14.86,5,PhD
STU_001652,Chakir,Aicha,F,14,Maroc,Rabat,Collège,Collège Al Khawarizmi,1ère AC,aicha.chakir571@school.edu,9.44,2,Master
STU_001653,Thomas,Chloé,F,13,France,Lyon,Collège,Collège Molière,5ème,chloe.thomas799@school.edu,11.72,2,Licence
STU_001654,Sqalli,Salma,F,6,Maroc,Fès,École Primaire,École Al Massira,5ème année,salma.sqalli64@school.edu,17.28,1,Certificat Primaire
STU_001655,Garcia,Anthony,M,15,USA,Seattle,High School,East High School,Grade 11,anthony.garcia768@school.edu,12.59,1,High School Diploma
STU_001656,Thomas,Thomas,M,16,UK,Bristol,University,University of Cambridge,First Year,thomas.thomas560@edu,12.34,10,Master's
STU_001657,MacDonald,Sophia,F,12,Canada,Calgary,Secondary School,Toronto High School,Grade 7,sophia.macdonald279@school.edu,9.05,4,PhD
STU_001658,Müller,Lena,F,6,Allemagne,Hamburg,Grundschule,Goethe Grundschule,Klasse 4,lena.muller710@school.edu,11.42,7,Master
STU_001659,Idrissi,Amina,F,16,Maroc,Casablanca,Lycée,Lycée Mohammed V,1ère Bac,amina.idrissi670@school.edu,12.65,5,Baccalauréat
STU_001660,Becker,Lina,F,9,Allemagne,Hamburg,Grundschule,Goethe Grundschule,Klasse 4,lina.becker823@school.edu,14.53,8,Abitur
STU_001661,Evans,Lily,F,5,UK,London,Primary School,King's Primary School,Year 1,lily.evans519@school.edu,15.47,4,Bachelor's
STU_001662,Martínez,Martina,F,8,Espagne,Málaga,Primaria,Colegio Velázquez,3º Primaria,martina.martínez248@school.edu,8.72,9,Doctorado
STU_001663,Pérez,Hugo,M,20,Espagne,Granada,Universidad,Universidad Complutense,1º Curso,hugo.perez368@edu,15.57,3,ESO
STU_001664,López,Manuel,M,16,Espagne,Barcelona,Secundaria,Instituto Giner de los Ríos,4º ESO,manuel.lópez744@school.edu,11.16,8,Bachillerato
STU_001665,Gómez,Daniela,F,18,Espagne,Zaragoza,Secundaria,Instituto Lope de Vega,1º ESO,daniela.gómez618@school.edu,10.25,9,Doctorado
STU_001666,Fischer,Lea,F,21,Allemagne,Berlin,Universität,Universität Hamburg,5. Semester,lea.fischer971@edu,15.28,13,Abitur
STU_001667,Dupont,Arthur,M,15,France,Lille,Lycée,Lycée Janson de Sailly,Terminale,arthur.dupont98@school.edu,14.47,4,Brevet
STU_001668,Rodríguez,Sofía,F,22,Espagne,Sevilla,Universidad,Universidad de Barcelona,Máster,sofía.rodríguez268@edu,11.03,0,Bachillerato
STU_001669,Fassi,Amine,M,18,Maroc,Marrakech,Université,Université Hassan II,S5,amine.fassi60@edu,12.27,4,Baccalauréat
STU_001670,Müller,Anna,F,9,Allemagne,Frankfurt,Grundschule,Einstein Grundschule,Klasse 4,anna.muller500@school.edu,10.53,4,Bachelor
STU_001671,El Amrani,Laila,F,13,Maroc,Meknès,Collège,Collège Ibn Khaldoun,3ème AC,laila.elamrani308@school.edu,15.38,4,Master
STU_001672,Idrissi,Sanae,F,8,Maroc,Fès,École Primaire,École Ibn Sina,6ème année,sanae.idrissi493@school.edu,10.48,1,Certificat Primaire
STU_001673,Brown,Jacob,M,9,UK,Oxford,Primary School,King's Primary School,Year 4,jacob.brown411@school.edu,11.43,5,A-Level
STU_001674,Leroy,Clara,F,15,France,Strasbourg,Lycée,Lycée Janson de Sailly,Terminale,clara.leroy140@school.edu,9.08,4,Baccalauréat
STU_001675,Benjelloun,Laila,F,8,Maroc,Oujda,École Primaire,École Mohammed V,5ème année,laila.benjelloun909@school.edu,12.08,1,Master
STU_001676,Evans,Amelia,F,12,UK,Birmingham,University,University of Cambridge,First Year,amelia.evans328@edu,12.2,9,Bachelor's
STU_001677,Fernández,Lucía,F,15,Espagne,Valencia,Secundaria,Instituto Ramón y Cajal,1º Bachillerato,lucía.fernández464@school.edu,13.29,7,Bachillerato
STU_001678,Durand,Raphaël,M,16,France,Toulouse,Lycée,Lycée Louis le Grand,Seconde,raphaël.durand702@school.edu,8.84,5,Baccalauréat
STU_001679,López,Martín,M,20,Espagne,Madrid,Universidad,Universidad Complutense,1º Curso,martín.lópez637@edu,15.2,10,Máster
STU_001680,Schneider,Lea,F,10,Allemagne,Düsseldorf,Grundschule,Mozart Grundschule,Klasse 3,lea.schneider925@school.edu,12.0,9,Abitur
STU_001681,Durand,Chloé,F,26,France,Marseille,Université,Université Lyon 1,Doctorat,chloe.durand163@edu,12.39,18,Master
STU_001682,Hoffmann,Hannah,F,14,Allemagne,Düsseldorf,Gymnasium,Goethe-Gymnasium,Klasse 11,hannah.hoffmann60@school.edu,14.39,8,Abitur
STU_001683,Fernández,Mateo,M,23,Espagne,Zaragoza,Universidad,Universidad Complutense,Máster,mateo.fernández925@edu,10.33,12,Doctorado
STU_001684,Thomas,Jules,M,16,France,Paris,Lycée,Lycée Henri IV,Première,jules.thomas31@school.edu,9.29,3,Master
STU_001685,Taylor,Isabella,F,18,Canada,Vancouver,University,UBC,Second Year,isabella.taylor333@school.edu,13.8,2,Master's
STU_001686,Petit,Louis,M,17,France,Bordeaux,Lycée,Lycée Condorcet,Première,louis.petit76@school.edu,8.59,6,Licence
STU_001687,Idrissi,Rachid,M,12,Maroc,Oujda,Collège,Collège Al Ghazali,3ème AC,rachid.idrissi755@school.edu,14.91,7,Baccalauréat
STU_001688,Thomas,Mathis,M,24,France,Nantes,Université,Université Lyon 1,Licence 2,mathis.thomas317@edu,10.66,16,Doctorat
STU_001689,Wilson,Amelia,F,13,UK,Cambridge,Secondary School,Westminster School,Year 13,amelia.wilson770@school.edu,15.62,0,Master's
STU_001690,Meyer,Lukas,M,8,Allemagne,Berlin,Grundschule,Schiller Grundschule,Klasse 1,lukas.meyer417@school.edu,11.85,4,Bachelor
STU_001691,Martín,Alejandro,M,6,Espagne,Valencia,Primaria,Colegio Velázquez,2º Primaria,alejandro.martín968@school.edu,11.32,7,Doctorado
STU_001692,Fischer,Paul,M,6,Allemagne,Düsseldorf,Grundschule,Schiller Grundschule,Klasse 1,paul.fischer190@school.edu,15.08,9,Bachelor
STU_001693,Anderson,Jack,M,7,Canada,Calgary,Elementary School,Cedar Elementary,Grade 5,jack.anderson489@school.edu,10.97,2,High School Diploma
STU_001694,Williams,Olivia,F,18,UK,London,University,LSE,Second Year,olivia.williams889@school.edu,9.54,7,GCSE
STU_001695,Martin,Lucas,M,13,France,Nantes,Collège,Collège Jean Moulin,5ème,lucas.martin315@school.edu,11.87,2,Licence
STU_001696,Benali,Ikram,F,14,Maroc,Casablanca,Collège,Collège Al Khawarizmi,3ème AC,ikram.benali296@school.edu,14.74,3,Licence
STU_001697,Moreau,Clara,F,6,France,Lyon,École Primaire,École Jules Ferry,CM1,clara.moreau501@school.edu,9.35,9,Baccalauréat
STU_001698,Anderson,Isabella,F,8,Canada,Quebec City,Elementary School,Pine Elementary,Grade 5,isabella.anderson177@school.edu,11.63,6,Bachelor's
STU_001699,Williams,William,M,11,USA,Seattle,Elementary School,Jefferson Elementary,Grade 2,william.williams800@school.edu,13.87,2,Master's Degree
STU_001700,Wilson,Amelia,F,9,UK,Manchester,University,University of Oxford,Second Year,amelia.wilson806@edu,11.63,3,A-Level
STU_001701,Thomas,Amelia,F,6,UK,Oxford,Primary School,St. Mary's Primary,Year 1,amelia.thomas860@school.edu,8.61,7,PhD
STU_001702,Anderson,Lucas,M,14,Canada,Vancouver,Secondary School,Toronto High School,Grade 10,lucas.anderson719@school.edu,12.94,3,PhD
STU_001703,Bennani,Hassan,M,15,Maroc,Rabat,Lycée,Lycée Moulay Youssef,2ème Bac,hassan.bennani215@school.edu,12.7,8,Brevet
STU_001704,Bennani,Ali,M,8,Maroc,Tanger,École Primaire,École Al Massira,2ème année,ali.bennani856@school.edu,15.57,3,Brevet
STU_001705,Benjelloun,Ikram,F,8,Maroc,Fès,École Primaire,École Mohammed V,3ème année,ikram.benjelloun653@school.edu,12.43,3,Master
STU_001706,Müller,Leon,M,7,Allemagne,Düsseldorf,Grundschule,Goethe Grundschule,Klasse 2,leon.muller597@school.edu,11.7,4,Master
STU_001707,Fernández,Lucía,F,6,Espagne,Zaragoza,Primaria,Colegio Velázquez,4º Primaria,lucía.fernández694@school.edu,13.12,0,ESO
STU_001708,Petit,Hugo,M,15,France,Lyon,Lycée,Lycée Condorcet,Première,hugo.petit332@school.edu,12.36,6,Licence
STU_001709,Pérez,Sofía,F,19,Espagne,Madrid,Universidad,Universidad Complutense,3º Curso,sofía.perez128@edu,13.35,15,Grado
STU_001710,López,Lucía,F,20,Espagne,Granada,Universidad,Universidad de Barcelona,2º Curso,lucía.lópez269@edu,16.07,16,ESO
STU_001711,Alaoui,Amina,F,24,Maroc,Agadir,Université,Université Mohammed V,S2,amina.alaoui551@edu,11.75,5,Master
STU_001712,Brown,Lily,F,10,UK,Cambridge,Primary School,Westminster Primary,Year 4,lily.brown535@school.edu,14.29,2,Bachelor's
STU_001713,Martin,Liam,M,11,Canada,Vancouver,Secondary School,Vancouver High School,Grade 9,liam.martin754@school.edu,14.95,3,PhD
STU_001714,Martinez,Olivia,F,9,USA,New York,Elementary School,Roosevelt Elementary,Grade 1,olivia.martinez366@school.edu,15.07,7,PhD
STU_001715,Meyer,Sophia,F,25,Allemagne,Hamburg,Universität,Universität München,3. Semester,sophia.meyer619@edu,9.97,3,Abitur
STU_001716,Evans,Isabella,F,14,UK,Cambridge,Secondary School,Eton College,Year 10,isabella.evans348@school.edu,14.63,7,Master's
STU_001717,Fassi,Mehdi,M,9,Maroc,Oujda,École Primaire,École Hassan II,4ème année,mehdi.fassi142@school.edu,11.42,3,Master
STU_001718,Miller,Charlotte,F,7,USA,Seattle,Elementary School,Washington Elementary,Grade 5,charlotte.miller145@school.edu,15.22,8,Bachelor's Degree
STU_001719,Wagner,Noah,M,19,Allemagne,München,Universität,Universität Heidelberg,6. Semester,noah.wagner792@edu,15.15,0,Doktor
STU_001720,Wagner,Lina,F,10,Allemagne,München,Grundschule,Goethe Grundschule,Klasse 2,lina.wagner245@school.edu,11.88,9,Abitur
STU_001721,Chakir,Fatima,F,17,Maroc,Oujda,Lycée,Lycée Moulay Youssef,Tronc Commun,fatima.chakir442@school.edu,10.99,1,Certificat Primaire
STU_001722,Davies,George,M,17,UK,Cambridge,Secondary School,Oxford High School,Year 13,george.davies703@school.edu,15.83,6,A-Level
STU_001723,Pérez,Valeria,F,12,Espagne,Málaga,Secundaria,Instituto Lope de Vega,2º Bachillerato,valeria.perez290@school.edu,10.68,9,Máster
STU_001724,Benjelloun,Fatima,F,24,Maroc,Oujda,Université,Université Cadi Ayyad,S4,fatima.benjelloun691@edu,12.62,18,Baccalauréat
STU_001725,Schneider,Sophia,F,9,Allemagne,Leipzig,Grundschule,Goethe Grundschule,Klasse 2,sophia.schneider112@school.edu,13.08,0,Master
STU_001726,Smith,Oliver,M,9,UK,London,University,University of Oxford,Second Year,oliver.smith214@edu,9.66,12,Master's
STU_001727,Evans,Emily,F,11,UK,Oxford,Secondary School,Eton College,Year 7,emily.evans650@school.edu,12.3,9,PhD
STU_001728,Johnson,Charlie,M,17,UK,Cambridge,Secondary School,Eton College,Year 11,charlie.johnson886@school.edu,12.26,9,PhD
STU_001729,López,Hugo,M,8,Espagne,Sevilla,Primaria,Colegio Goya,4º Primaria,hugo.lópez200@school.edu,14.43,6,ESO
STU_001730,Sqalli,Mehdi,M,7,Maroc,Fès,École Primaire,École Al Massira,5ème année,mehdi.sqalli405@school.edu,14.53,9,Baccalauréat
STU_001731,Garcia,David,M,17,USA,San Francisco,High School,Central High School,Grade 12,david.garcia421@school.edu,14.52,7,Master's Degree
STU_001732,Jones,William,M,17,UK,Cambridge,University,Imperial College London,First Year,william.jones7@school.edu,13.87,0,A-Level
STU_001733,Wagner,Noah,M,10,Allemagne,Frankfurt,Grundschule,Goethe Grundschule,Klasse 2,noah.wagner858@school.edu,12.47,2,Doktor
STU_001734,Wagner,Marie,F,17,Allemagne,Berlin,Gymnasium,Kant-Gymnasium,Klasse 5,marie.wagner525@school.edu,11.5,1,Bachelor
STU_001735,Martin,Sophia,F,12,Canada,Quebec City,Secondary School,Montreal High School,Grade 11,sophia.martin592@school.edu,11.91,0,High School Diploma
STU_001736,Brown,Olivia,F,11,UK,Oxford,Secondary School,Westminster School,Year 10,olivia.brown286@school.edu,12.54,4,GCSE
STU_001737,Roy,Isabella,F,18,Canada,Vancouver,Secondary School,Montreal High School,Grade 11,isabella.roy671@school.edu,14.55,2,Master's
STU_001738,Chakir,Ali,M,7,Maroc,Tanger,École Primaire,École Mohammed V,4ème année,ali.chakir389@school.edu,8.98,9,Master
STU_001739,Smith,William,M,17,Canada,Winnipeg,University,University of Alberta,Graduate,william.smith416@edu,11.63,14,Bachelor's
STU_001740,Dupont,Noah,M,6,France,Nantes,École Primaire,École Jean Jaurès,CE1,noah.dupont784@school.edu,14.43,7,Licence
STU_001741,Garcia,John,M,10,USA,Boston,Elementary School,Washington Elementary,Grade 4,john.garcia713@school.edu,10.95,5,Master's Degree
STU_001742,Martin,James,M,17,Canada,Ottawa,University,University of Alberta,Graduate,james.martin150@edu,12.78,8,High School Diploma
STU_001743,Miller,Matthew,M,18,USA,Chicago,University,UC Berkeley,Graduate,matthew.miller960@school.edu,11.94,10,Master's Degree
STU_001744,Becker,Lina,F,11,Allemagne,Düsseldorf,Gymnasium,Schiller-Gymnasium,Klasse 12,lina.becker428@school.edu,10.36,5,Master
STU_001745,Evans,Emily,F,15,UK,Oxford,University,LSE,First Year,emily.evans808@school.edu,12.57,1,A-Level
STU_001746,Martin,Noah,M,18,France,Bordeaux,Université,Université Paris-Saclay,Licence 3,noah.martin293@edu,15.96,8,Licence
STU_001747,El Amrani,Ikram,F,15,Maroc,Marrakech,Lycée,Lycée Mohammed V,2ème Bac,ikram.elamrani334@school.edu,14.7,1,Brevet
STU_001748,Schmidt,Marie,F,23,Allemagne,Frankfurt,Universität,Universität München,5. Semester,marie.schmidt272@edu,11.25,18,Doktor
STU_001749,Williams,Ava,F,18,UK,Bristol,Secondary School,Eton College,Year 7,ava.williams43@school.edu,9.84,5,GCSE
STU_001750,González,Daniel,M,13,Espagne,Bilbao,Secundaria,Instituto Lope de Vega,2º ESO,daniel.gonzález468@school.edu,8.52,1,ESO
STU_001751,Brown,Michael,M,7,USA,New York,Elementary School,Roosevelt Elementary,Grade 3,michael.brown319@school.edu,11.42,4,Master's Degree
STU_001752,Sqalli,Karim,M,18,Maroc,Meknès,Université,Université Mohammed V,S6,karim.sqalli492@edu,12.11,17,Certificat Primaire
STU_001753,Martinez,Mia,F,13,USA,Los Angeles,Middle School,Kennedy Middle School,Grade 8,mia.martinez527@school.edu,14.9,3,Bachelor's Degree
STU_001754,Williams,John,M,11,USA,Seattle,Middle School,Franklin Middle School,Grade 7,john.williams760@school.edu,11.27,2,PhD
STU_001755,Tremblay,Benjamin,M,12,Canada,Vancouver,University,UBC,First Year,benjamin.tremblay172@school.edu,10.18,4,PhD
STU_001756,Schulz,Marie,F,6,Allemagne,München,Grundschule,Mozart Grundschule,Klasse 2,marie.schulz730@school.edu,12.07,5,Master
STU_001757,Pérez,María,F,14,Espagne,Sevilla,Secundaria,Instituto Lope de Vega,1º Bachillerato,maría.perez649@school.edu,10.19,6,Bachillerato
STU_001758,Taylor,Sophia,F,12,Canada,Ottawa,Secondary School,Montreal High School,Grade 9,sophia.taylor321@school.edu,15.5,9,PhD
STU_001759,Bennani,Youssef,M,9,Maroc,Casablanca,École Primaire,École Hassan II,2ème année,youssef.bennani739@school.edu,9.27,7,Doctorat
STU_001760,El Amrani,Aicha,F,14,Maroc,Marrakech,Collège,Collège Al Ghazali,2ème AC,aicha.elamrani44@school.edu,14.2,8,Licence
STU_001761,Weber,Jonas,M,15,Allemagne,Frankfurt,Gymnasium,Humboldt-Gymnasium,Klasse 12,jonas.weber532@school.edu,12.29,3,Abitur
STU_001762,Schulz,Noah,M,17,Allemagne,Leipzig,Gymnasium,Humboldt-Gymnasium,Klasse 6,noah.schulz631@school.edu,10.32,3,Bachelor
STU_001763,Meyer,Sophia,F,18,Allemagne,Stuttgart,Universität,Universität Heidelberg,5. Semester,sophia.meyer454@edu,11.32,11,Doktor
STU_001764,Bennani,Ali,M,16,Maroc,Rabat,Lycée,Lycée Mohammed V,1ère Bac,ali.bennani746@school.edu,14.15,9,Brevet
STU_001765,El Amrani,Zineb,F,16,Maroc,Marrakech,Lycée,Lycée Hassan II,2ème Bac,zineb.elamrani970@school.edu,15.12,9,Master
STU_001766,Tremblay,Noah,M,9,Canada,Montreal,Elementary School,Maple Elementary,Grade 2,noah.tremblay880@school.edu,11.05,8,PhD
STU_001767,Tremblay,Liam,M,6,Canada,Winnipeg,Elementary School,Maple Elementary,Grade 2,liam.tremblay891@school.edu,14.55,1,High School Diploma
STU_001768,Dupont,Manon,F,25,France,Marseille,Université,Université Paris-Saclay,Doctorat,manon.dupont929@edu,14.09,12,Master
STU_001769,Rodríguez,Emma,F,13,Espagne,Málaga,Secundaria,Instituto Giner de los Ríos,2º ESO,emma.rodríguez848@school.edu,16.32,5,Bachillerato
STU_001770,Garcia,Isabella,F,11,USA,San Francisco,Elementary School,Roosevelt Elementary,Grade 1,isabella.garcia868@school.edu,8.97,9,PhD
STU_001771,Gómez,Valeria,F,14,Espagne,Sevilla,Secundaria,Instituto Lope de Vega,1º Bachillerato,valeria.gómez774@school.edu,16.25,9,Bachillerato
STU_001772,Fernández,Pablo,M,10,Espagne,Valencia,Primaria,Colegio Picasso,6º Primaria,pablo.fernández83@school.edu,9.5,7,Grado
STU_001773,Dupont,Louis,M,9,France,Nantes,École Primaire,École Jules Ferry,CP,louis.dupont543@school.edu,13.28,4,Doctorat
STU_001774,Anderson,Alexander,M,15,Canada,Toronto,Secondary School,Toronto High School,Grade 12,alexander.anderson322@school.edu,12.14,4,High School Diploma
STU_001775,Weber,Anna,F,6,Allemagne,Leipzig,Grundschule,Schiller Grundschule,Klasse 3,anna.weber786@school.edu,14.47,7,Abitur
STU_001776,MacDonald,Emma,F,8,Canada,Montreal,University,University of Toronto,First Year,emma.macdonald234@edu,8.62,0,High School Diploma
STU_001777,González,Álvaro,M,19,Espagne,Barcelona,Universidad,Universidad de Salamanca,1º Curso,álvaro.gonzález540@edu,10.3,5,Bachillerato
STU_001778,Chakir,Rachid,M,12,Maroc,Agadir,Collège,Collège Averroès,1ère AC,rachid.chakir252@school.edu,12.12,9,Master
STU_001779,Smith,Daniel,M,14,USA,San Francisco,University,Harvard University,Freshman,daniel.smith836@edu,12.64,12,High School Diploma
STU_001780,Garcia,Sophia,F,9,USA,Houston,Elementary School,Washington Elementary,Grade 3,sophia.garcia765@school.edu,11.13,8,PhD
STU_001781,Sqalli,Nour,F,15,Maroc,Oujda,Lycée,Lycée Descartes,1ère Bac,nour.sqalli449@school.edu,14.84,5,Master
STU_001782,Wilson,James,M,6,Canada,Vancouver,Elementary School,Pine Elementary,Grade 1,james.wilson239@school.edu,9.45,6,High School Diploma
STU_001783,Dupont,Gabriel,M,21,France,Lille,Université,Sorbonne Université,Doctorat,gabriel.dupont490@edu,11.45,15,Baccalauréat
STU_001784,Brown,Oliver,M,9,UK,Oxford,University,University of Cambridge,Third Year,oliver.brown882@edu,11.79,3,A-Level
STU_001785,Martin,Noah,M,16,France,Strasbourg,Lycée,Lycée Henri IV,Seconde,noah.martin464@school.edu,13.23,9,Master
STU_001786,Alaoui,Hassan,M,16,Maroc,Oujda,Lycée,Lycée Moulay Youssef,1ère Bac,hassan.alaoui941@school.edu,11.72,0,Doctorat
STU_001787,Durand,Raphaël,M,20,France,Nantes,Université,Université Lyon 1,Licence 2,raphaël.durand314@edu,11.82,8,Licence
STU_001788,Fischer,Lina,F,15,Allemagne,Stuttgart,Gymnasium,Goethe-Gymnasium,Klasse 5,lina.fischer175@school.edu,12.31,5,Abitur
STU_001789,Jones,Evelyn,F,13,USA,Chicago,University,MIT,Sophomore,evelyn.jones706@school.edu,13.17,18,Bachelor's Degree
STU_001790,Bernard,Hugo,M,17,France,Strasbourg,Lycée,Lycée Janson de Sailly,Seconde,hugo.bernard180@school.edu,12.11,3,Licence
STU_001791,Fernández,María,F,10,Espagne,Zaragoza,Primaria,Colegio Velázquez,4º Primaria,maría.fernández932@school.edu,11.68,9,Doctorado
STU_001792,Meyer,Lina,F,14,Allemagne,Köln,Gymnasium,Goethe-Gymnasium,Klasse 10,lina.meyer385@school.edu,14.44,5,Abitur
STU_001793,MacDonald,Sophia,F,10,Canada,Winnipeg,University,McGill University,First Year,sophia.macdonald295@edu,11.23,5,PhD
STU_001794,Fernández,Valeria,F,16,Espagne,Málaga,Secundaria,Instituto Lope de Vega,2º ESO,valeria.fernández215@school.edu,10.52,8,Grado
STU_001795,Davies,Harry,M,5,UK,Birmingham,Primary School,Victoria Primary,Year 3,harry.davies986@school.edu,15.01,3,A-Level
STU_001796,Fassi,Youssef,M,18,Maroc,Marrakech,Université,Université Mohammed V,Master 1,youssef.fassi715@edu,11.91,4,Licence
STU_001797,Bennani,Fatima,F,8,Maroc,Rabat,École Primaire,École Ibn Sina,1ère année,fatima.bennani762@school.edu,15.83,4,Doctorat
STU_001798,Schmidt,Felix,M,20,Allemagne,München,Universität,TU Berlin,4. Semester,felix.schmidt874@school.edu,10.6,2,Abitur
STU_001799,Simon,Inès,F,14,France,Toulouse,Collège,Collège Voltaire,6ème,ines.simon769@school.edu,11.34,1,Brevet
STU_001800,Wilson,Harry,M,11,UK,Liverpool,Primary School,St. Mary's Primary,Year 1,harry.wilson75@school.edu,14.71,7,GCSE
STU_001801,Roy,Oliver,M,7,Canada,Quebec City,Elementary School,Oak Elementary,Grade 1,oliver.roy344@school.edu,15.83,9,High School Diploma
STU_001802,Wagner,Finn,M,15,Allemagne,Frankfurt,Gymnasium,Goethe-Gymnasium,Klasse 5,finn.wagner714@school.edu,10.69,8,Master
STU_001803,Dupont,Emma,F,25,France,Strasbourg,Université,Université Grenoble Alpes,Master 1,emma.dupont142@edu,14.46,9,Master
STU_001804,Rodriguez,James,M,14,USA,Seattle,Middle School,Franklin Middle School,Grade 6,james.rodriguez718@school.edu,12.7,8,Bachelor's Degree
STU_001805,Dupont,Hugo,M,16,France,Marseille,Lycée,Lycée Condorcet,Seconde,hugo.dupont199@school.edu,12.87,4,Doctorat
STU_001806,González,Sofía,F,18,Espagne,Valencia,Secundaria,Instituto Ramón y Cajal,3º ESO,sofía.gonzález919@school.edu,12.15,8,Bachillerato
STU_001807,Jones,Noah,M,5,UK,Manchester,Primary School,Victoria Primary,Year 3,noah.jones171@school.edu,12.09,3,A-Level
STU_001808,Roy,Alexander,M,8,Canada,Winnipeg,Elementary School,Oak Elementary,Grade 5,alexander.roy406@school.edu,14.67,1,PhD
STU_001809,Tazi,Mohamed,M,12,Maroc,Oujda,Collège,Collège Al Khawarizmi,3ème AC,mohamed.tazi828@school.edu,9.43,2,Doctorat
STU_001810,Martin,Mia,F,13,Canada,Winnipeg,University,UBC,Fourth Year,mia.martin228@school.edu,12.68,0,PhD
STU_001811,Martin,Chloe,F,14,Canada,Quebec City,University,University of Toronto,First Year,chloe.martin411@edu,10.0,0,Bachelor's
STU_001812,Durand,Gabriel,M,21,France,Lyon,Université,Sorbonne Université,Master 1,gabriel.durand952@edu,10.59,11,Doctorat
STU_001813,Taylor,Harry,M,12,UK,Bristol,Secondary School,Oxford High School,Year 13,harry.taylor898@school.edu,12.51,0,Bachelor's
STU_001814,Garcia,Daniel,M,15,USA,San Francisco,High School,North High School,Grade 11,daniel.garcia935@school.edu,13.54,6,Master's Degree
STU_001815,Brown,David,M,18,USA,Chicago,High School,Central High School,Grade 10,david.brown691@school.edu,11.54,1,High School Diploma
STU_001816,Smith,Isabella,F,11,USA,Seattle,Elementary School,Jefferson Elementary,Grade 2,isabella.smith878@school.edu,14.4,7,High School Diploma
STU_001817,Idrissi,Nour,F,20,Maroc,Rabat,Université,Université Hassan II,Master 1,nour.idrissi787@edu,12.24,19,Brevet
STU_001818,Tremblay,Noah,M,18,Canada,Edmonton,Secondary School,Montreal High School,Grade 8,noah.tremblay62@school.edu,14.34,8,PhD
STU_001819,Fassi,Ali,M,9,Maroc,Meknès,École Primaire,École Mohammed V,4ème année,ali.fassi327@school.edu,12.93,9,Licence
STU_001820,Schmidt,Finn,M,15,Allemagne,Stuttgart,Gymnasium,Schiller-Gymnasium,Klasse 11,finn.schmidt716@school.edu,9.68,7,Doktor
STU_001821,Rodriguez,Sophia,F,16,USA,Seattle,High School,Central High School,Grade 11,sophia.rodriguez963@school.edu,11.59,9,Bachelor's Degree
STU_001822,Tazi,Karim,M,20,Maroc,Tanger,Université,Université Mohammed V,S6,karim.tazi959@edu,12.91,18,Brevet
STU_001823,Evans,Harry,M,17,UK,Bristol,Secondary School,Oxford High School,Year 13,harry.evans879@school.edu,14.52,2,GCSE
STU_001824,Martin,Ethan,M,10,Canada,Winnipeg,Elementary School,Maple Elementary,Grade 5,ethan.martin133@school.edu,11.58,3,Master's
STU_001825,Wilson,Jack,M,12,Canada,Edmonton,Secondary School,Calgary High School,Grade 12,jack.wilson584@school.edu,12.0,8,High School Diploma
STU_001826,Johnson,Alexander,M,10,Canada,Toronto,University,University of Alberta,Fourth Year,alexander.johnson590@edu,12.07,8,Bachelor's
STU_001827,Martín,Julia,F,20,Espagne,Zaragoza,Universidad,Universidad Complutense,1º Curso,julia.martín189@edu,9.28,5,Grado
STU_001828,Smith,Jack,M,9,Canada,Edmonton,University,UBC,Fourth Year,jack.smith356@school.edu,13.9,7,Master's
STU_001829,Taylor,Benjamin,M,18,Canada,Winnipeg,University,University of Toronto,Third Year,benjamin.taylor71@edu,11.23,10,Bachelor's
STU_001830,Tremblay,James,M,18,Canada,Ottawa,Secondary School,Toronto High School,Grade 9,james.tremblay263@school.edu,11.73,7,PhD
STU_001831,Williams,Isla,F,7,UK,Cambridge,Primary School,Westminster Primary,Year 6,isla.williams306@school.edu,10.4,9,A-Level
STU_001832,Williams,Daniel,M,12,USA,Seattle,Middle School,Adams Middle School,Grade 6,daniel.williams558@school.edu,11.94,6,High School Diploma
STU_001833,Chakir,Karim,M,18,Maroc,Oujda,Université,Université Ibn Tofail,Master 1,karim.chakir224@edu,15.68,3,Certificat Primaire
STU_001834,Brown,Isabella,F,8,USA,Miami,University,MIT,Freshman,isabella.brown328@school.edu,11.63,15,PhD
STU_001835,Thomas,Manon,F,16,France,Strasbourg,Lycée,Lycée Condorcet,Terminale,manon.thomas762@school.edu,12.16,3,Baccalauréat
STU_001836,Dupont,Clara,F,10,France,Toulouse,École Primaire,École Pasteur,CP,clara.dupont588@school.edu,13.57,5,Licence
STU_001837,Simon,Manon,F,7,France,Toulouse,École Primaire,École Pasteur,CE2,manon.simon74@school.edu,14.0,8,Baccalauréat
STU_001838,García,Daniel,M,8,Espagne,Málaga,Primaria,Colegio Cervantes,5º Primaria,daniel.garcía511@school.edu,11.63,6,Bachillerato
STU_001839,Brown,Isabella,F,15,USA,San Francisco,High School,East High School,Grade 9,isabella.brown142@school.edu,11.51,4,Master's Degree
STU_001840,Gómez,Manuel,M,16,Espagne,Sevilla,Secundaria,Instituto Giner de los Ríos,2º ESO,manuel.gómez585@school.edu,14.49,4,Doctorado
STU_001841,Rodríguez,Pablo,M,15,Espagne,Granada,Secundaria,Instituto Ramón y Cajal,2º ESO,pablo.rodríguez102@school.edu,15.32,7,Doctorado
STU_001842,Brown,Lucas,M,18,Canada,Toronto,University,University of Alberta,Third Year,lucas.brown606@edu,11.23,5,Master's
STU_001843,Williams,Isla,F,13,UK,Cambridge,Secondary School,Eton College,Year 11,isla.williams581@school.edu,10.43,0,Master's
STU_001844,Hoffmann,Ben,M,6,Allemagne,München,Grundschule,Einstein Grundschule,Klasse 1,ben.hoffmann65@school.edu,11.23,0,Abitur
STU_001845,Meyer,Hannah,F,12,Allemagne,Köln,Gymnasium,Schiller-Gymnasium,Klasse 9,hannah.meyer193@school.edu,11.84,8,Abitur
STU_001846,Martin,Emma,F,13,Canada,Edmonton,Secondary School,Calgary High School,Grade 9,emma.martin953@school.edu,14.69,7,Master's
STU_001847,Garcia,Evelyn,F,9,USA,Los Angeles,University,Harvard University,Freshman,evelyn.garcia62@edu,11.53,12,Bachelor's Degree
STU_001848,Becker,Leon,M,18,Allemagne,Hamburg,Gymnasium,Schiller-Gymnasium,Klasse 7,leon.becker532@school.edu,15.2,0,Bachelor
STU_001849,Bernard,Louise,F,13,France,Marseille,Collège,Collège Voltaire,5ème,louise.bernard241@school.edu,14.94,1,Doctorat
STU_001850,Wagner,Emilia,F,15,Allemagne,Köln,Gymnasium,Kant-Gymnasium,Klasse 11,emilia.wagner715@school.edu,10.31,9,Bachelor
STU_001851,Martinez,James,M,10,USA,New York,University,Harvard University,Graduate,james.martinez410@edu,15.6,18,Bachelor's Degree
STU_001852,Robert,Louis,M,18,France,Paris,Lycée,Lycée Henri IV,Première,louis.robert300@school.edu,10.94,9,Doctorat
STU_001853,Miller,Ava,F,7,USA,Chicago,University,MIT,Freshman,ava.miller195@school.edu,11.97,2,Master's Degree
STU_001854,Bennani,Mehdi,M,18,Maroc,Marrakech,Lycée,Lycée Mohammed V,2ème Bac,mehdi.bennani454@school.edu,12.55,1,Baccalauréat
STU_001855,Hoffmann,Ben,M,9,Allemagne,München,Grundschule,Goethe Grundschule,Klasse 2,ben.hoffmann574@school.edu,14.38,1,Bachelor
STU_001856,Fernández,Hugo,M,21,Espagne,Zaragoza,Universidad,Universidad de Salamanca,Máster,hugo.fernández619@edu,13.15,6,ESO
STU_001857,Wilson,Sophie,F,14,UK,Liverpool,Secondary School,Westminster School,Year 7,sophie.wilson637@school.edu,12.04,3,Bachelor's
STU_001858,Martin,Jack,M,12,Canada,Toronto,University,University of Alberta,Fourth Year,jack.martin301@edu,11.85,16,PhD
STU_001859,Williams,James,M,7,USA,Boston,Elementary School,Lincoln Elementary,Grade 3,james.williams779@school.edu,12.32,5,Master's Degree
STU_001860,Tazi,Karim,M,10,Maroc,Agadir,École Primaire,École Ibn Sina,2ème année,karim.tazi456@school.edu,12.25,6,Licence
STU_001861,Smith,Jack,M,16,UK,Oxford,University,University of Oxford,Third Year,jack.smith989@edu,14.39,19,GCSE
STU_001862,Smith,Ava,F,17,UK,Liverpool,Secondary School,Oxford High School,Year 12,ava.smith202@school.edu,10.98,5,Master's
STU_001863,Miller,Emma,F,6,USA,New York,University,Stanford University,Sophomore,emma.miller674@edu,12.34,8,Bachelor's Degree
STU_001864,Anderson,Sophia,F,15,Canada,Winnipeg,Secondary School,Vancouver High School,Grade 9,sophia.anderson856@school.edu,11.66,3,PhD
STU_001865,Weber,Noah,M,9,Allemagne,Düsseldorf,Grundschule,Schiller Grundschule,Klasse 3,noah.weber302@school.edu,13.52,9,Doktor
STU_001866,Jones,Charlotte,F,13,USA,San Francisco,Middle School,Adams Middle School,Grade 6,charlotte.jones624@school.edu,14.97,3,PhD
STU_001867,Fernández,Lucía,F,7,Espagne,Málaga,Primaria,Colegio Goya,4º Primaria,lucía.fernández337@school.edu,15.75,9,Doctorado
STU_001868,Johnson,Emily,F,11,UK,Edinburgh,University,UCL,First Year,emily.johnson32@school.edu,14.84,4,A-Level
STU_001869,Johnson,Ava,F,15,USA,Houston,High School,South High School,Grade 9,ava.johnson971@school.edu,15.14,2,Master's Degree
STU_001870,Williams,David,M,12,USA,New York,University,Harvard University,Graduate,david.williams98@edu,13.43,9,Master's Degree
STU_001871,Evans,Olivia,F,10,UK,Oxford,Primary School,Victoria Primary,Year 3,olivia.evans984@school.edu,11.83,1,GCSE
STU_001872,Sánchez,Hugo,M,16,Espagne,Granada,Secundaria,Instituto Giner de los Ríos,1º Bachillerato,hugo.sánchez759@school.edu,16.68,8,Doctorado
STU_001873,Davis,Daniel,M,10,USA,Chicago,University,Yale University,Graduate,daniel.davis773@edu,14.61,0,PhD
STU_001874,Rodriguez,Harper,F,9,USA,Houston,Elementary School,Washington Elementary,Grade 2,harper.rodriguez191@school.edu,12.95,4,High School Diploma
STU_001875,Martin,Emma,F,12,France,Strasbourg,Collège,Collège Molière,3ème,emma.martin541@school.edu,11.08,4,Brevet
STU_001876,Smith,Harry,M,17,UK,London,Secondary School,Eton College,Year 8,harry.smith48@school.edu,15.74,7,Master's
STU_001877,Müller,Ben,M,15,Allemagne,Frankfurt,Gymnasium,Goethe-Gymnasium,Klasse 11,ben.muller250@school.edu,15.6,5,Abitur
STU_001878,El Amrani,Aicha,F,22,Maroc,Fès,Université,Université Cadi Ayyad,Master 1,aicha.elamrani226@edu,12.95,19,Certificat Primaire
STU_001879,Pérez,Alba,F,7,Espagne,Madrid,Primaria,Colegio Velázquez,5º Primaria,alba.perez272@school.edu,15.63,0,Máster
STU_001880,Schulz,Lena,F,12,Allemagne,Berlin,Gymnasium,Schiller-Gymnasium,Klasse 6,lena.schulz665@school.edu,14.79,2,Master
STU_001881,Martínez,Daniel,M,22,Espagne,Málaga,Universidad,Universidad Complutense,Máster,daniel.martínez485@edu,12.67,12,Grado
STU_001882,Schneider,Leon,M,18,Allemagne,Leipzig,Universität,TU Berlin,4. Semester,leon.schneider328@school.edu,14.25,9,Bachelor
STU_001883,Martínez,Martín,M,25,Espagne,Barcelona,Universidad,Universidad Complutense,4º Curso,martín.martínez797@edu,15.37,16,ESO
STU_001884,Moreau,Mathis,M,11,France,Toulouse,Collège,Collège Molière,4ème,mathis.moreau180@school.edu,11.79,4,Master
STU_001885,Alaoui,Zineb,F,14,Maroc,Fès,Collège,Collège Al Khawarizmi,1ère AC,zineb.alaoui814@school.edu,12.66,1,Master
STU_001886,García,Valeria,F,12,Espagne,Málaga,Secundaria,Instituto Lope de Vega,4º ESO,valeria.garcía665@school.edu,12.66,0,ESO
STU_001887,Brown,Amelia,F,18,Canada,Edmonton,University,UBC,Third Year,amelia.brown746@school.edu,13.3,3,PhD
STU_001888,Petit,Mathis,M,10,France,Bordeaux,École Primaire,École Jean Jaurès,CM1,mathis.petit23@school.edu,12.32,5,Brevet
STU_001889,Thomas,Mathis,M,16,France,Nantes,Lycée,Lycée Louis le Grand,Première,mathis.thomas930@school.edu,14.71,6,Licence
STU_001890,Gómez,Valeria,F,26,Espagne,Barcelona,Universidad,Universidad de Barcelona,4º Curso,valeria.gómez963@edu,10.37,4,Grado
STU_001891,Johnson,Isla,F,16,UK,Bristol,Secondary School,Eton College,Year 12,isla.johnson606@school.edu,12.43,7,PhD
STU_001892,Williams,Harry,M,12,UK,Liverpool,Secondary School,Westminster School,Year 10,harry.williams370@school.edu,10.42,7,Bachelor's
STU_001893,Alaoui,Ali,M,12,Maroc,Agadir,Collège,Collège Al Ghazali,2ème AC,ali.alaoui245@school.edu,10.88,8,Doctorat
STU_001894,Martinez,Matthew,M,9,USA,Chicago,University,Harvard University,Graduate,matthew.martinez802@edu,14.69,18,High School Diploma
STU_001895,Durand,Louis,M,22,France,Strasbourg,Université,Sorbonne Université,Master 1,louis.durand160@edu,15.5,18,Brevet
STU_001896,Johnson,David,M,15,USA,Houston,High School,North High School,Grade 11,david.johnson373@school.edu,11.33,8,PhD
STU_001897,Martín,Alejandro,M,6,Espagne,Bilbao,Primaria,Colegio Cervantes,6º Primaria,alejandro.martín285@school.edu,11.92,6,Grado
STU_001898,Thomas,Gabriel,M,14,France,Paris,Collège,Collège Molière,4ème,gabriel.thomas521@school.edu,15.27,3,Doctorat
STU_001899,Wilson,Thomas,M,5,UK,Oxford,Primary School,Westminster Primary,Year 1,thomas.wilson450@school.edu,15.79,0,Bachelor's
STU_001900,Sqalli,Amina,F,11,Maroc,Marrakech,École Primaire,École Hassan II,3ème année,amina.sqalli697@school.edu,8.77,6,Baccalauréat
STU_001901,Brown,Charlotte,F,10,USA,Seattle,Elementary School,Washington Elementary,Grade 2,charlotte.brown807@school.edu,15.53,9,PhD
STU_001902,Martin,Léa,F,17,France,Marseille,Lycée,Lycée Condorcet,Première,lea.martin647@school.edu,12.71,5,Baccalauréat
STU_001903,Johnson,Liam,M,7,Canada,Calgary,Elementary School,Maple Elementary,Grade 2,liam.johnson622@school.edu,12.33,2,High School Diploma
STU_001904,Idrissi,Marwa,F,12,Maroc,Fès,Collège,Collège Al Ghazali,3ème AC,marwa.idrissi581@school.edu,11.34,4,Baccalauréat
STU_001905,Jones,Isla,F,5,UK,Bristol,Primary School,Westminster Primary,Year 6,isla.jones136@school.edu,10.81,2,Master's
STU_001906,Schneider,Sophia,F,6,Allemagne,München,Grundschule,Goethe Grundschule,Klasse 4,sophia.schneider96@school.edu,14.35,7,Bachelor
STU_001907,Brown,Lucas,M,17,Canada,Ottawa,Secondary School,Calgary High School,Grade 12,lucas.brown119@school.edu,9.7,4,Bachelor's
STU_001908,Bernard,Arthur,M,15,France,Bordeaux,Lycée,Lycée Condorcet,Seconde,arthur.bernard374@school.edu,12.48,9,Doctorat
STU_001909,Johnson,Charlotte,F,9,Canada,Ottawa,Elementary School,Oak Elementary,Grade 2,charlotte.johnson274@school.edu,11.35,9,High School Diploma
STU_001910,Evans,Jessica,F,14,UK,Manchester,University,University of Cambridge,Third Year,jessica.evans870@edu,12.03,5,Master's
STU_001911,Wilson,Amelia,F,15,UK,Liverpool,University,UCL,Third Year,amelia.wilson878@school.edu,12.79,1,Master's
STU_001912,Chakir,Mohamed,M,20,Maroc,Tanger,Université,Université Hassan II,Master 1,mohamed.chakir850@edu,13.52,18,Doctorat
STU_001913,Martínez,Hugo,M,21,Espagne,Bilbao,Universidad,Universidad de Barcelona,3º Curso,hugo.martínez177@edu,12.93,12,ESO
STU_001914,Dupont,Sarah,F,22,France,Toulouse,Université,Université Lyon 1,Licence 3,sarah.dupont873@edu,12.24,5,Master
STU_001915,Sqalli,Aicha,F,14,Maroc,Fès,Collège,Collège Al Ghazali,2ème AC,aicha.sqalli749@school.edu,8.75,5,Master
STU_001916,Wagner,Marie,F,19,Allemagne,Köln,Universität,Universität Heidelberg,1. Semester,marie.wagner784@edu,8.07,1,Abitur
STU_001917,Tremblay,Ava,F,10,Canada,Edmonton,Elementary School,Oak Elementary,Grade 1,ava.tremblay277@school.edu,9.63,9,PhD
STU_001918,MacDonald,Oliver,M,11,Canada,Edmonton,Elementary School,Maple Elementary,Grade 4,oliver.macdonald138@school.edu,12.05,7,PhD
STU_001919,Robert,Clara,F,9,France,Marseille,École Primaire,École Jean Jaurès,CP,clara.robert874@school.edu,12.93,4,Doctorat
STU_001920,Martínez,Daniela,F,21,Espagne,Madrid,Universidad,Universidad Complutense,1º Curso,daniela.martínez132@edu,9.75,10,ESO
STU_001921,Smith,William,M,14,USA,Houston,High School,Central High School,Grade 9,william.smith44@school.edu,11.11,7,Bachelor's Degree
STU_001922,Fernández,Lucas,M,17,Espagne,Bilbao,Secundaria,Instituto Giner de los Ríos,3º ESO,lucas.fernández123@school.edu,14.74,7,Bachillerato
STU_001923,Rodriguez,Matthew,M,7,USA,San Francisco,University,UC Berkeley,Sophomore,matthew.rodriguez136@school.edu,10.31,14,Bachelor's Degree
STU_001924,Davies,George,M,14,UK,Cambridge,Secondary School,Eton College,Year 7,george.davies367@school.edu,10.18,2,GCSE
STU_001925,Sqalli,Aicha,F,9,Maroc,Casablanca,École Primaire,École Ibn Sina,3ème année,aicha.sqalli373@school.edu,14.12,4,Licence
STU_001926,Tazi,Aicha,F,19,Maroc,Rabat,Université,Université Hassan II,S5,aicha.tazi126@edu,12.64,4,Licence
STU_001927,Benjelloun,Zineb,F,7,Maroc,Fès,École Primaire,École Al Massira,5ème année,zineb.benjelloun439@school.edu,15.37,5,Certificat Primaire
STU_001928,Dupont,Louis,M,15,France,Marseille,Collège,Collège Molière,6ème,louis.dupont787@school.edu,11.94,1,Baccalauréat
STU_001929,Davis,David,M,11,USA,San Francisco,University,Stanford University,Sophomore,david.davis576@edu,16.39,7,PhD
STU_001930,Jones,Charlie,M,8,UK,Cambridge,University,UCL,First Year,charlie.jones808@school.edu,10.77,4,Bachelor's
STU_001931,Chakir,Ali,M,15,Maroc,Marrakech,Lycée,Lycée Moulay Youssef,2ème Bac,ali.chakir744@school.edu,15.48,5,Master
STU_001932,Becker,Emma,F,7,Allemagne,Düsseldorf,Grundschule,Einstein Grundschule,Klasse 4,emma.becker51@school.edu,11.15,0,Abitur
STU_001933,Brown,Olivia,F,16,USA,San Francisco,University,Yale University,Graduate,olivia.brown137@edu,13.09,1,Bachelor's Degree
STU_001934,Robert,Camille,F,25,France,Lille,Université,Sorbonne Université,Master 2,camille.robert158@edu,15.74,10,Licence
STU_001935,Johnson,Joseph,M,13,USA,Miami,Middle School,Adams Middle School,Grade 8,joseph.johnson56@school.edu,11.06,3,High School Diploma
STU_001936,El Amrani,Mehdi,M,16,Maroc,Tanger,Lycée,Lycée Moulay Youssef,1ère Bac,mehdi.elamrani593@school.edu,15.11,8,Baccalauréat
STU_001937,Meyer,Mia,F,11,Allemagne,Stuttgart,Gymnasium,Schiller-Gymnasium,Klasse 8,mia.meyer744@school.edu,12.12,5,Master
STU_001938,Roy,Jack,M,8,Canada,Winnipeg,Elementary School,Cedar Elementary,Grade 2,jack.roy428@school.edu,11.15,7,High School Diploma
STU_001939,Gómez,Martín,M,13,Espagne,Madrid,Secundaria,Instituto Ramón y Cajal,3º ESO,martín.gómez443@school.edu,12.28,1,Grado
STU_001940,Idrissi,Omar,M,18,Maroc,Rabat,Lycée,Lycée Mohammed V,2ème Bac,omar.idrissi911@school.edu,9.86,9,Brevet
STU_001941,González,Alejandro,M,16,Espagne,Zaragoza,Secundaria,Instituto Ramón y Cajal,1º ESO,alejandro.gonzález964@school.edu,11.89,4,ESO
STU_001942,Wilson,Ethan,M,11,Canada,Toronto,Elementary School,Cedar Elementary,Grade 3,ethan.wilson326@school.edu,11.83,0,Master's
STU_001943,Leroy,Clara,F,18,France,Lyon,Lycée,Lycée Louis le Grand,Terminale,clara.leroy640@school.edu,11.05,3,Baccalauréat
STU_001944,Brown,Amelia,F,8,UK,Bristol,Primary School,Victoria Primary,Year 1,amelia.brown638@school.edu,11.66,9,A-Level
STU_001945,Sqalli,Aicha,F,7,Maroc,Rabat,École Primaire,École Al Massira,4ème année,aicha.sqalli829@school.edu,11.22,0,Master
STU_001946,Anderson,Emily,F,9,Canada,Montreal,Elementary School,Pine Elementary,Grade 5,emily.anderson80@school.edu,11.58,8,High School Diploma
STU_001947,Sqalli,Mehdi,M,16,Maroc,Meknès,Lycée,Lycée Mohammed V,Tronc Commun,mehdi.sqalli474@school.edu,14.25,1,Master
STU_001948,Brown,Noah,M,14,Canada,Vancouver,Secondary School,Montreal High School,Grade 12,noah.brown377@school.edu,11.28,6,Master's
STU_001949,Roy,Chloe,F,11,Canada,Winnipeg,Secondary School,Montreal High School,Grade 12,chloe.roy869@school.edu,11.84,2,Master's
STU_001950,Johnson,Oscar,M,8,UK,Manchester,Primary School,King's Primary School,Year 1,oscar.johnson919@school.edu,14.06,1,GCSE
STU_001951,Johnson,Oliver,M,10,UK,Oxford,Primary School,King's Primary School,Year 1,oliver.johnson333@school.edu,11.33,3,Bachelor's
STU_001952,Simon,Léa,F,11,France,Paris,Collège,Collège Molière,6ème,lea.simon175@school.edu,12.42,6,Brevet
STU_001953,Roy,Mia,F,14,Canada,Montreal,University,UBC,Graduate,mia.roy657@school.edu,15.02,8,Bachelor's
STU_001954,Rodríguez,Leo,M,22,Espagne,Barcelona,Universidad,Universidad de Salamanca,3º Curso,leo.rodríguez441@edu,11.57,11,ESO
STU_001955,Thomas,Sophie,F,15,UK,Oxford,Secondary School,Cambridge High School,Year 7,sophie.thomas126@school.edu,15.17,2,GCSE
STU_001956,Johnson,Emma,F,11,Canada,Edmonton,Secondary School,Montreal High School,Grade 12,emma.johnson694@school.edu,11.12,6,PhD
STU_001957,Chakir,Rachid,M,12,Maroc,Tanger,Collège,Collège Al Ghazali,3ème AC,rachid.chakir219@school.edu,12.79,5,Master
STU_001958,MacDonald,Ava,F,7,Canada,Quebec City,University,University of Alberta,Graduate,ava.macdonald948@edu,12.48,15,PhD
STU_001959,Fernández,Pablo,M,10,Espagne,Valencia,Primaria,Colegio Velázquez,3º Primaria,pablo.fernández278@school.edu,13.57,6,Grado
STU_001960,Müller,Luis,M,13,Allemagne,Leipzig,Gymnasium,Goethe-Gymnasium,Klasse 8,luis.muller485@school.edu,9.64,6,Doktor
STU_001961,Evans,Lily,F,15,UK,Liverpool,Secondary School,Westminster School,Year 7,lily.evans595@school.edu,12.42,9,Master's
STU_001962,Jones,Ava,F,8,UK,Bristol,University,Imperial College London,Second Year,ava.jones935@school.edu,14.61,4,PhD
STU_001963,Meyer,Jonas,M,19,Allemagne,Köln,Universität,Universität München,6. Semester,jonas.meyer995@edu,11.27,6,Bachelor
STU_001964,Gómez,Mateo,M,10,Espagne,Barcelona,Primaria,Colegio Velázquez,6º Primaria,mateo.gómez141@school.edu,10.85,2,Bachillerato
STU_001965,Fernández,Pablo,M,13,Espagne,Barcelona,Secundaria,Instituto Giner de los Ríos,1º Bachillerato,pablo.fernández846@school.edu,10.52,0,Bachillerato
STU_001966,Schmidt,Noah,M,22,Allemagne,Frankfurt,Universität,TU Berlin,5. Semester,noah.schmidt607@school.edu,10.7,15,Bachelor
STU_001967,Pérez,Martín,M,21,Espagne,Sevilla,Universidad,Universidad Complutense,2º Curso,martín.perez877@edu,10.88,18,ESO
STU_001968,Schulz,Lea,F,21,Allemagne,München,Universität,Universität Hamburg,3. Semester,lea.schulz706@edu,14.82,17,Master
STU_001969,Brown,Harper,F,11,USA,Boston,Elementary School,Roosevelt Elementary,Grade 2,harper.brown110@school.edu,15.2,2,Master's Degree
STU_001970,Chakir,Hassan,M,16,Maroc,Casablanca,Lycée,Lycée Hassan II,1ère Bac,hassan.chakir52@school.edu,11.78,3,Brevet
STU_001971,Fassi,Mohamed,M,15,Maroc,Fès,Collège,Collège Al Khawarizmi,3ème AC,mohamed.fassi615@school.edu,15.82,9,Licence
STU_001972,Johnson,Ava,F,7,USA,Houston,University,Yale University,Freshman,ava.johnson613@edu,11.93,0,PhD
STU_001973,Weber,Elias,M,7,Allemagne,Frankfurt,Grundschule,Einstein Grundschule,Klasse 4,elias.weber654@school.edu,10.38,3,Abitur
STU_001974,Roy,Emily,F,17,Canada,Quebec City,Secondary School,Calgary High School,Grade 9,emily.roy713@school.edu,12.51,3,Bachelor's
STU_001975,Martínez,Martina,F,20,Espagne,Bilbao,Universidad,Universidad de Barcelona,3º Curso,martina.martínez970@edu,15.17,8,Bachillerato
STU_001976,González,Valeria,F,16,Espagne,Granada,Secundaria,Instituto Giner de los Ríos,4º ESO,valeria.gonzález319@school.edu,11.9,7,Grado
STU_001977,Benali,Aicha,F,6,Maroc,Casablanca,École Primaire,École Ibn Sina,2ème année,aicha.benali199@school.edu,11.0,1,Baccalauréat
STU_001978,Sánchez,Sofía,F,11,Espagne,Málaga,Primaria,Colegio Cervantes,4º Primaria,sofía.sánchez796@school.edu,12.7,6,ESO
STU_001979,Williams,William,M,5,UK,Cambridge,Primary School,King's Primary School,Year 1,william.williams729@school.edu,9.63,5,Master's
STU_001980,Jones,James,M,14,USA,Chicago,High School,North High School,Grade 10,james.jones46@school.edu,12.22,6,High School Diploma
STU_001981,Roy,Noah,M,6,Canada,Calgary,Elementary School,Oak Elementary,Grade 1,noah.roy505@school.edu,11.93,3,Bachelor's
STU_001982,Thomas,Isabella,F,8,UK,Cambridge,Primary School,Victoria Primary,Year 2,isabella.thomas540@school.edu,12.59,4,Master's
STU_001983,Martín,Pablo,M,23,Espagne,Valencia,Universidad,Universidad de Barcelona,1º Curso,pablo.martín514@edu,11.17,8,Grado
STU_001984,Fernández,Martina,F,7,Espagne,Valencia,Primaria,Colegio Goya,2º Primaria,martina.fernández895@school.edu,12.08,1,Grado
STU_001985,Martin,Benjamin,M,12,Canada,Edmonton,Secondary School,Calgary High School,Grade 10,benjamin.martin17@school.edu,13.58,8,High School Diploma
STU_001986,Davis,Emma,F,18,USA,New York,University,Yale University,Sophomore,emma.davis315@edu,11.84,0,PhD
STU_001987,Evans,Sophie,F,11,UK,London,University,Imperial College London,Third Year,sophie.evans436@school.edu,12.04,3,Master's
STU_001988,Benali,Marwa,F,15,Maroc,Tanger,Collège,Collège Averroès,1ère AC,marwa.benali388@school.edu,15.05,4,Licence
STU_001989,Schulz,Elias,M,23,Allemagne,München,Universität,Universität Heidelberg,1. Semester,elias.schulz77@edu,13.82,8,Abitur
STU_001990,Williams,Oscar,M,18,UK,London,Secondary School,Cambridge High School,Year 9,oscar.williams978@school.edu,11.0,5,Bachelor's
STU_001991,Rodríguez,Paula,F,25,Espagne,Granada,Universidad,Universidad de Barcelona,Máster,paula.rodríguez899@edu,14.05,3,ESO
STU_001992,Simon,Lucas,M,11,France,Lille,Collège,Collège Voltaire,4ème,lucas.simon371@school.edu,12.5,1,Master
STU_001993,López,Mateo,M,12,Espagne,Málaga,Primaria,Colegio Goya,3º Primaria,mateo.lópez165@school.edu,12.42,4,Bachillerato
STU_001994,Martínez,Alejandro,M,8,Espagne,Granada,Primaria,Colegio Goya,6º Primaria,alejandro.martínez609@school.edu,11.92,7,Máster
STU_001995,Leroy,Arthur,M,16,France,Marseille,Lycée,Lycée Condorcet,Première,arthur.leroy617@school.edu,10.28,7,Master
STU_001996,Martin,Emily,F,11,Canada,Winnipeg,Elementary School,Cedar Elementary,Grade 5,emily.martin24@school.edu,13.17,5,PhD
STU_001997,Bernard,Louis,M,11,France,Bordeaux,École Primaire,École Jean Jaurès,CE1,louis.bernard712@school.edu,11.9,0,Master
STU_001998,Rodríguez,Pablo,M,22,Espagne,Bilbao,Universidad,Universidad de Barcelona,Máster,pablo.rodríguez35@edu,12.1,14,Grado
STU_001999,Fernández,Julia,F,8,Espagne,Granada,Primaria,Colegio Velázquez,4º Primaria,julia.fernández514@school.edu,12.38,7,Bachillerato
STU_002000,El Amrani,Omar,M,16,Maroc,Meknès,Lycée,Lycée Hassan II,1ère Bac,omar.elamrani801@school.edu,15.56,3,Licence
