exploitation,type_exploitation,pays,region,resultat,produit,quantite_tonnes,prix_tonne_eur,qualite
Ferme Al Baraka,Hacienda El Sol,USA,São Paulo,0.0,Olives à Huile,196.2182362589151,4161.065659916108,Bio Certifié
Mercabarna,Coopérative Oasis,Maroc,Canterbury,0.0,Olives à Huile,80.78097492232808,1849.666740001912,Standard
Domaine Provence Bio,Marché Wholesale Agadir,Espagne,São Paulo,0.0,Pommes,559.727637584169,3188.9647287139787,Standard
Mercabarna,Ferme Al Baraka,Maroc,Souss-Massa,0.0,Tomates,-3.4642669482121775,2704.2394775909506,Premium
Fazenda Brasil,Mercabarna,France,Sfax,0.0,Olives à Huile,186.6649249931621,11922.698688618946,Standard
Domaine Saada,Cooperative Grains Alliance,USA,Catalogne,0.0,Maïs,78.81835585522626,172.11030398292792,Bio Certifié
Mercabarna,Fazenda Brasil,Tunisie,São Paulo,0.0,Arabica,106.61511735618745,2763.7878502744097,Bio Certifié
Green Valley Farm,Fazenda Brasil,France,Souss-Massa,0.0,Salades,198.84476349523,3520.205817409068,Standard
Fazenda Brasil,Fazenda Brasil,Maroc,Meknès-Fès,0.0,Riz,459.2202930932126,3259.3804761780025,Premium
Domaine Saada,Ferme Al Baraka,France,Meknès-Fès,0.0,Raisins de Cuve,61.694185018778434,4490.474401819757,Standard
Fattoria Toscana,Fattoria Toscana,Brésil,Sfax,0.0,Olives à Huile,124.5988609839626,-653.5837485189602,Standard
Green Valley Farm,Ferme Al Baraka,Espagne,Toscane,0.0,Raisins de Table,74.04541824162284,14251.599026880955,Bio Certifié
Rungis International,Coopérative Oasis,Brésil,Île-de-France,0.0,Oranges,159.83365631397405,4652.649092080803,Standard
Union Agricole Méditerranée,Domaine Provence Bio,Italie,Île-de-France,0.0,Salades,175.96283057135517,9541.303430438598,Standard
Fattoria Toscana,Hacienda El Sol,France,Kansas,0.0,Arabica,-29.221917602542227,1959.9555707556415,Bio Certifié
Hacienda El Sol,Fattoria Toscana,Italie,Andalousie,0.0,Raisins de Cuve,121.35556094901978,7982.9143635730925,Bio Certifié
Domaine Saada,Ferme Al Baraka,France,Kansas,0.0,Olives à Huile,303.527833859991,3152.793191449049,Standard
Green Valley Farm,Coopérative Oasis,France,Provence,0.0,Tomates,181.53040498084334,15638.018647820509,Standard
Rungis International,Ferme Al Baraka,Tunisie,Canterbury,0.0,Lait,218.46621100598475,3398.2765478141364,Bio Certifié
Ferme Al Baraka,Domaine Saada,Nouvelle-Zélande,Catalogne,0.0,Tomates,235.42239653700034,4453.626612968338,Commerce Équitable
Domaine Provence Bio,Rungis International,Maroc,Meknès-Fès,0.0,Bananes,769.0493015803816,3717.910271510151,Commerce Équitable
Fazenda Brasil,Rungis International,Nouvelle-Zélande,Californie,0.0,Pamplemousses,-7.798182020464303,3246.4509541145917,Bio Certifié
Rungis International,Cooperative Grains Alliance,Maroc,Californie,0.0,Medjool,165.17178019967847,1901.0575921911313,Premium
Hacienda El Sol,Union Agricole Méditerranée,Espagne,Souss-Massa,0.0,Beurre,65.15236256860754,2202.1919200821867,Bio Certifié
Domaine Provence Bio,Marché Wholesale Agadir,Espagne,Californie,0.0,Riz,31.178178716071617,1051.165425007007,Standard
Rungis International,Rungis International,USA,Andalousie,0.0,Riz,198.10143524660273,973.0705773408182,Standard
Dairy Meadows,Hacienda El Sol,USA,Kansas,0.0,Bananes,552.1206180367496,12364.095145219871,Premium
Cooperative Grains Alliance,Ferme Al Baraka,USA,Marrakech-Safi,0.0,Pommes,5.361146525329069,4595.338268596372,Standard
Fazenda Brasil,Coopérative Oasis,Maroc,São Paulo,0.0,Robusta,73.26225185913869,1690.724037665461,Premium
Marché Wholesale Agadir,Marché Wholesale Agadir,Maroc,Toscane,0.0,Arabica,284.40463196289113,2831.67567040622,Premium
Coopérative Oasis,Fazenda Brasil,Italie,Souss-Massa,0.0,Orge,241.9892774491582,1596.9632601766548,Standard
Cooperative Grains Alliance,Fattoria Toscana,Brésil,Souss-Massa,0.0,Medjool,111.68855699866845,1320.4710381219406,Commerce Équitable
Cooperative Grains Alliance,Dairy Meadows,Tunisie,São Paulo,0.0,Olives à Huile,157.86006174883596,1496.0035174376007,Standard
Hacienda El Sol,Domaine Provence Bio,Maroc,Canterbury,0.0,Bananes,278.55929004211254,5451.036524887133,Premium
Domaine Saada,Hacienda El Sol,Brésil,Souss-Massa,0.0,Carottes,44.04714061385755,1211.0946393971328,Standard
Union Agricole Méditerranée,Fazenda Brasil,Tunisie,Sfax,0.0,Pommes,178.10424313732966,1642.3392076546447,Standard
Dairy Meadows,Domaine Provence Bio,France,São Paulo,0.0,Tomates,1454.569954499755,3841.5190882771367,Commerce Équitable
Fazenda Brasil,Domaine Provence Bio,USA,Meknès-Fès,0.0,Pommes,84.36320101780842,1808.6021281091835,Bio Certifié
Hacienda El Sol,Cooperative Grains Alliance,USA,Sfax,0.0,Tomates,90.29352537539587,2400.5920759550686,Bio Certifié
Fazenda Brasil,Union Agricole Méditerranée,Brésil,Meknès-Fès,0.0,Deglet Nour,292.9976104659091,236.74480747085158,Standard
Marché Wholesale Agadir,Cooperative Grains Alliance,Maroc,São Paulo,0.0,Riz,223.2475836799423,-95.55484854837073,Premium
Marché Wholesale Agadir,Fattoria Toscana,Espagne,Kansas,0.0,Oignons,130.47114637403405,2322.8263583356866,Bio Certifié
Fattoria Toscana,Fattoria Toscana,Italie,Catalogne,0.0,Oranges,213.80681303243844,3144.4996779276094,Premium
Fattoria Toscana,Ferme Al Baraka,Italie,São Paulo,0.0,Citrons,267.32753919641834,1996.1324922171316,Standard
Marché Wholesale Agadir,Domaine Saada,France,São Paulo,0.0,Raisins de Table,112.57406982456806,951.5989062241538,Standard
Marché Wholesale Agadir,Mercabarna,France,Souss-Massa,0.0,Raisins de Table,-6.9768928862850075,3875.5016131277525,Standard
Hacienda El Sol,Fazenda Brasil,Maroc,São Paulo,0.0,Bananes,517.3574757226188,1305.5471862419374,Bio Certifié
Domaine Provence Bio,Ferme Al Baraka,Tunisie,São Paulo,0.0,Citrons,47.41431837557094,3302.294999564114,Premium
Dairy Meadows,Marché Wholesale Agadir,USA,São Paulo,0.0,Robusta,185.91887636184805,4892.2369829931495,Bio Certifié
Cooperative Grains Alliance,Dairy Meadows,France,Toscane,0.0,Raisins de Table,950.6972956496879,5524.7673130224375,Bio Certifié
Domaine Provence Bio,Rungis International,Maroc,Toscane,0.0,Pamplemousses,154.88540610003358,3687.0187266797957,Premium
Cooperative Grains Alliance,Dairy Meadows,France,Canterbury,0.0,Olives de Table,53.883840656342855,2613.729198455643,Premium
Marché Wholesale Agadir,Cooperative Grains Alliance,France,Île-de-France,0.0,Orge,88.2295015082137,1042.4773718633523,Premium
Cooperative Grains Alliance,Rungis International,USA,Souss-Massa,0.0,Yaourt,94.68545952576187,5039.942181243852,Standard
Domaine Provence Bio,Fazenda Brasil,Maroc,Toscane,0.0,Raisins de Table,23.408590148133136,17417.000407077227,Bio Certifié
Hacienda El Sol,Dairy Meadows,Tunisie,Kansas,0.0,Raisins de Cuve,193.47440414554745,3559.433766666364,Commerce Équitable
Dairy Meadows,Union Agricole Méditerranée,Brésil,Californie,0.0,Raisins de Table,196.00049745027695,3746.6152206200186,Bio Certifié
Green Valley Farm,Coopérative Oasis,France,Californie,0.0,Raisins de Cuve,102.03413003296085,813.3573170133955,Standard
Ferme Al Baraka,Mercabarna,France,Catalogne,0.0,Pommes,218.7858157833308,2638.972499263257,Premium
Dairy Meadows,Domaine Saada,Nouvelle-Zélande,Île-de-France,0.0,Raisins de Table,283.7838866668649,3196.4210698150932,Standard
Dairy Meadows,Domaine Saada,Tunisie,Souss-Massa,0.0,Yaourt,287.8955693341294,3374.2214718850682,Bio Certifié
Hacienda El Sol,Mercabarna,USA,São Paulo,0.0,Orge,20.033582586262654,1438.3880081839197,Bio Certifié
Domaine Saada,Marché Wholesale Agadir,France,Canterbury,0.0,Robusta,30.557109225412876,259.3321850686317,Bio Certifié
Domaine Saada,Mercabarna,Maroc,Île-de-France,0.0,Carottes,612.068463303855,14801.582720075088,Premium
Cooperative Grains Alliance,Fazenda Brasil,Italie,Souss-Massa,0.0,Riz,287.9408837022721,3454.361704315903,Commerce Équitable
Green Valley Farm,Dairy Meadows,USA,Île-de-France,0.0,Olives à Huile,1154.766094567116,1316.5299902694767,Bio Certifié
Domaine Saada,Ferme Al Baraka,USA,Meknès-Fès,0.0,Blé,158.45357771557207,3173.6394544839304,Bio Certifié
Dairy Meadows,Rungis International,USA,Provence,0.0,Olives à Huile,110.67951430256895,2364.2844194708327,Bio Certifié
Rungis International,Dairy Meadows,France,Canterbury,0.0,Olives à Huile,230.59672887584725,3597.573424798631,Bio Certifié
Domaine Saada,Green Valley Farm,Tunisie,Île-de-France,0.0,Deglet Nour,40.743973024777304,18691.31141911586,Bio Certifié
Domaine Saada,Domaine Saada,USA,Île-de-France,0.0,Lait,299.6566000778436,2879.899718931495,Standard
Dairy Meadows,Fattoria Toscana,France,Île-de-France,0.0,Salades,-44.09420852065903,3383.869971578662,Bio Certifié
Dairy Meadows,Ferme Al Baraka,Espagne,Sfax,0.0,Robusta,201.77226122363197,4201.2212336862785,Standard
Green Valley Farm,Green Valley Farm,Espagne,Andalousie,0.0,Raisins de Cuve,75.90011211992844,2277.711586454938,Bio Certifié
Mercabarna,Rungis International,Espagne,Californie,0.0,Blé,191.53111545116607,259.5561685883582,Standard
Green Valley Farm,Coopérative Oasis,USA,Toscane,0.0,Lait,129.97445293123653,4235.015657940173,Standard
Domaine Saada,Hacienda El Sol,Tunisie,Marrakech-Safi,0.0,Blé,173.13533890530735,5647.400972729342,Premium
Fattoria Toscana,Domaine Saada,Italie,Toscane,0.0,Beurre,72.8820228691387,2863.864584777467,Standard
Marché Wholesale Agadir,Dairy Meadows,Brésil,Canterbury,0.0,Olives à Huile,653.4799994095795,3504.9443755339125,Bio Certifié
Rungis International,Domaine Provence Bio,France,Catalogne,0.0,Robusta,112.65070371063283,2441.745211708049,Bio Certifié
Domaine Saada,Union Agricole Méditerranée,Italie,Andalousie,0.0,Olives à Huile,527.2781603454519,21492.898682278716,Commerce Équitable
Dairy Meadows,Union Agricole Méditerranée,Nouvelle-Zélande,Canterbury,0.0,Arabica,50.4207355557401,2641.565999444212,Bio Certifié
Union Agricole Méditerranée,Fazenda Brasil,France,Provence,0.0,Raisins de Cuve,166.0787178987265,19933.106097058924,Bio Certifié
Coopérative Oasis,Cooperative Grains Alliance,Maroc,Meknès-Fès,0.0,Citrons,42.265293693381224,4576.691096958177,Bio Certifié
Dairy Meadows,Marché Wholesale Agadir,Maroc,Toscane,0.0,Riz,1052.8449138586045,3576.6601692262293,Premium
Hacienda El Sol,Coopérative Oasis,Maroc,Provence,0.0,Oranges,285.9011024269587,5337.244104985687,Standard
Cooperative Grains Alliance,Mercabarna,Tunisie,Marrakech-Safi,0.0,Raisins de Table,92.31713119077381,1031.7093573177613,Commerce Équitable
Mercabarna,Coopérative Oasis,Italie,Toscane,0.0,Mandarines,201.3312866988572,4204.289922662306,Premium
Union Agricole Méditerranée,Rungis International,Tunisie,Toscane,0.0,Yaourt,298.94914970049854,2633.415503643923,Bio Certifié
Marché Wholesale Agadir,Fattoria Toscana,Maroc,Sfax,0.0,Fromage,92.39377127445366,5083.761778275816,Premium
Cooperative Grains Alliance,Fattoria Toscana,Nouvelle-Zélande,Souss-Massa,0.0,Olives à Huile,139.37420078449986,14658.428913314394,Bio Certifié
Domaine Provence Bio,Mercabarna,Maroc,Île-de-France,0.0,Raisins de Table,43.56126268730057,4936.40868434977,Bio Certifié
Dairy Meadows,Dairy Meadows,Italie,Toscane,0.0,Fromage,577.6289344594092,23653.19107885606,Bio Certifié
Mercabarna,Hacienda El Sol,Espagne,Toscane,0.0,Pommes,295.7091531446922,3473.430845973384,Premium
Domaine Saada,Rungis International,Brésil,Andalousie,0.0,Tomates,43.8123962370735,2439.397644081613,Bio Certifié
Domaine Provence Bio,Marché Wholesale Agadir,USA,Meknès-Fès,0.0,Mandarines,285.1224300185302,4809.623757420879,Commerce Équitable
Rungis International,Rungis International,Brésil,Souss-Massa,0.0,Riz,104.98595973008446,2986.087719530776,Bio Certifié
Marché Wholesale Agadir,Mercabarna,Nouvelle-Zélande,Souss-Massa,0.0,Salades,134.1645198630101,3903.988251828659,Standard
Domaine Saada,Rungis International,Maroc,São Paulo,0.0,Raisins de Table,81.88355824444209,14266.809733287377,Standard
Domaine Provence Bio,Fattoria Toscana,USA,Californie,0.0,Robusta,673.7171216535115,4840.768311527021,Bio Certifié
Domaine Provence Bio,Coopérative Oasis,Espagne,Californie,0.0,Olives à Huile,57.06830278481156,3004.4949195215013,Standard
Fattoria Toscana,Dairy Meadows,Maroc,Souss-Massa,0.0,Raisins de Cuve,145.8619551479479,1898.5072917747705,Premium
Ferme Al Baraka,Domaine Provence Bio,Espagne,Île-de-France,0.0,Robusta,138.88332558282494,1799.0509576399086,Standard
Coopérative Oasis,Hacienda El Sol,USA,Californie,0.0,Riz,179.75219986106958,2808.6617634871263,Bio Certifié
Fazenda Brasil,Domaine Provence Bio,Italie,Provence,0.0,Bananes,167.98379566834538,5495.885920154447,Commerce Équitable
Coopérative Oasis,Marché Wholesale Agadir,Italie,Catalogne,0.0,Olives de Table,144.87720678504613,1561.1702782004,Premium
Coopérative Oasis,Cooperative Grains Alliance,Espagne,Kansas,0.0,Carottes,135.36141489851454,4287.318331977718,Standard
Green Valley Farm,Mercabarna,Espagne,Souss-Massa,0.0,Arabica,152.36441385415495,11367.31388509641,Bio Certifié
Cooperative Grains Alliance,Union Agricole Méditerranée,USA,Île-de-France,0.0,Riz,43.904667521279386,1856.0839617540153,Bio Certifié
Cooperative Grains Alliance,Fattoria Toscana,Italie,Souss-Massa,0.0,Lait,501.57276408747475,5125.619284650063,Premium
Green Valley Farm,Green Valley Farm,France,Toscane,0.0,Tomates,140.00472728050704,2710.4497701788287,Standard
Ferme Al Baraka,Dairy Meadows,France,Andalousie,0.0,Fromage,203.32227803783084,2484.12280496879,Standard
Hacienda El Sol,Marché Wholesale Agadir,France,São Paulo,0.0,Tomates,150.71315909005705,3250.7268474647035,Standard
Fazenda Brasil,Domaine Saada,Espagne,Californie,0.0,Pommes de terre,172.13037507019385,3037.934916127453,Standard
Ferme Al Baraka,Dairy Meadows,France,Souss-Massa,0.0,Raisins de Cuve,94.72284903316569,3601.0243582819185,Premium
Fazenda Brasil,Mercabarna,Nouvelle-Zélande,Toscane,0.0,Raisins de Cuve,108.98587031567985,2140.854395707136,Bio Certifié
Fazenda Brasil,Ferme Al Baraka,Maroc,Kansas,0.0,Olives à Huile,20.214459816506306,1334.5567956399934,Standard
Union Agricole Méditerranée,Mercabarna,Brésil,Meknès-Fès,0.0,Olives à Huile,285.6186281197737,3800.4911057859067,Commerce Équitable
Marché Wholesale Agadir,Union Agricole Méditerranée,Brésil,Californie,0.0,Maïs,217.39316349865297,5083.77232715032,Premium
Green Valley Farm,Fattoria Toscana,Maroc,Kansas,0.0,Fromage,1276.3444925825743,-126.13094366539781,Premium
Rungis International,Fazenda Brasil,Tunisie,Île-de-France,0.0,Blé,245.84954807772266,1447.100269219632,Bio Certifié
Dairy Meadows,Fattoria Toscana,Espagne,Marrakech-Safi,0.0,Olives à Huile,101.4132554481643,2034.2031365627956,Premium
Dairy Meadows,Cooperative Grains Alliance,Maroc,Canterbury,0.0,Yaourt,122.61703579056618,12141.885487887133,Bio Certifié
Cooperative Grains Alliance,Ferme Al Baraka,USA,Provence,0.0,Pamplemousses,106.42907195543978,3405.940319688022,Standard
Mercabarna,Hacienda El Sol,France,São Paulo,0.0,Raisins de Table,104.81924914656696,2249.6324124930543,Bio Certifié
Fattoria Toscana,Rungis International,USA,São Paulo,0.0,Pommes,55.65218229102722,-693.1552376559905,Premium
Domaine Saada,Coopérative Oasis,Maroc,Provence,0.0,Yaourt,143.76913671986185,-283.07244950663403,Standard
Rungis International,Marché Wholesale Agadir,Maroc,Andalousie,0.0,Oignons,83.54132429366058,3491.147376501066,Bio Certifié
Green Valley Farm,Rungis International,Nouvelle-Zélande,Californie,0.0,Olives à Huile,138.89915818771567,4546.741171833023,Standard
Fazenda Brasil,Ferme Al Baraka,France,Californie,0.0,Pommes de terre,75.92254647967552,2940.0176513987717,Bio Certifié
Domaine Saada,Fazenda Brasil,Maroc,Marrakech-Safi,0.0,Yaourt,723.3619498123809,-988.6882344341554,Premium
Ferme Al Baraka,Ferme Al Baraka,Espagne,Sfax,0.0,Deglet Nour,562.899477403993,2785.3913247215523,Bio Certifié
Green Valley Farm,Green Valley Farm,Tunisie,Toscane,0.0,Raisins de Table,109.98090696390452,5322.3519452333985,Commerce Équitable
Coopérative Oasis,Green Valley Farm,Espagne,Toscane,0.0,Raisins de Table,245.25544132154266,2207.6156568366373,Premium
Fazenda Brasil,Rungis International,USA,Californie,0.0,Bananes,125.69193559861236,4709.121636423074,Premium
Cooperative Grains Alliance,Dairy Meadows,USA,Île-de-France,0.0,Mandarines,148.2216465624562,17720.267186835503,Bio Certifié
Ferme Al Baraka,Hacienda El Sol,Maroc,São Paulo,0.0,Deglet Nour,49.32475897692832,1120.3141882189623,Bio Certifié
Union Agricole Méditerranée,Ferme Al Baraka,Italie,Kansas,0.0,Raisins de Cuve,262.4907304708566,3333.750653666216,Standard
Cooperative Grains Alliance,Fattoria Toscana,France,Souss-Massa,0.0,Raisins de Cuve,11.514397413355638,4726.724571818138,Standard
Rungis International,Domaine Saada,France,Californie,0.0,Raisins de Cuve,45.13074687297669,4883.6902563596495,Bio Certifié
Dairy Meadows,Ferme Al Baraka,Italie,Provence,0.0,Deglet Nour,183.72541260934116,9200.223299567573,Bio Certifié
Green Valley Farm,Dairy Meadows,Espagne,Souss-Massa,0.0,Orge,69.79915993632082,1644.5042406919133,Bio Certifié
Ferme Al Baraka,Union Agricole Méditerranée,Maroc,São Paulo,0.0,Riz,167.23938047720853,93.58869564323027,Bio Certifié
Fazenda Brasil,Fattoria Toscana,USA,Souss-Massa,0.0,Salades,70.26993121469305,1927.8059862577106,Standard
Union Agricole Méditerranée,Fattoria Toscana,USA,Catalogne,0.0,Fromage,160.1000770325012,3763.781860007575,Commerce Équitable
Hacienda El Sol,Fattoria Toscana,Italie,Californie,0.0,Olives de Table,259.77462840429274,3406.802591324552,Bio Certifié
Domaine Provence Bio,Green Valley Farm,France,São Paulo,0.0,Yaourt,213.64846278077505,2794.1159109007067,Standard
Fazenda Brasil,Ferme Al Baraka,Italie,Souss-Massa,0.0,Pommes,136.7987528529443,4706.884205885569,Bio Certifié
Union Agricole Méditerranée,Rungis International,France,Sfax,0.0,Riz,539.6602934353914,1499.2752160650584,Standard
Dairy Meadows,Hacienda El Sol,France,Canterbury,0.0,Raisins de Table,136.48948012324365,2833.1063523861512,Premium
Cooperative Grains Alliance,Fazenda Brasil,Espagne,São Paulo,0.0,Riz,272.4603434519173,2559.7388309283724,Premium
Domaine Provence Bio,Cooperative Grains Alliance,France,Souss-Massa,0.0,Maïs,427.0642206194428,2462.4299940980036,Premium
Green Valley Farm,Mercabarna,Italie,Toscane,0.0,Pamplemousses,71.32673119982529,3584.2534272752537,Bio Certifié
Fattoria Toscana,Domaine Provence Bio,Brésil,Andalousie,0.0,Bananes,149.22942341566932,2908.364801097625,Commerce Équitable
Coopérative Oasis,Union Agricole Méditerranée,France,Provence,0.0,Bananes,440.6523260965091,2518.4624920757497,Commerce Équitable
Union Agricole Méditerranée,Coopérative Oasis,France,Sfax,0.0,Olives à Huile,463.0302056731658,9644.697256886513,Standard
Dairy Meadows,Hacienda El Sol,USA,Provence,0.0,Mandarines,1394.9354906470276,5489.86037452737,Premium
Domaine Saada,Domaine Provence Bio,France,Canterbury,0.0,Deglet Nour,101.43966423150906,5066.240953039052,Premium
Fattoria Toscana,Rungis International,Brésil,Marrakech-Safi,0.0,Robusta,194.2333957699343,2637.892536916527,Standard
Rungis International,Mercabarna,Brésil,Toscane,0.0,Olives à Huile,116.81181291186576,3991.546600886465,Standard
Dairy Meadows,Domaine Saada,Italie,São Paulo,0.0,Pommes,39.19742312146437,-773.0711846488334,Bio Certifié
Coopérative Oasis,Dairy Meadows,France,Catalogne,0.0,Olives à Huile,177.28001068939932,3778.05354433944,Bio Certifié
Union Agricole Méditerranée,Marché Wholesale Agadir,Tunisie,Marrakech-Safi,0.0,Bananes,131.2353289440608,1779.9091749361328,Bio Certifié
Mercabarna,Union Agricole Méditerranée,France,Souss-Massa,0.0,Robusta,112.84757711945369,4644.722753310017,Bio Certifié
Union Agricole Méditerranée,Ferme Al Baraka,Maroc,Canterbury,0.0,Riz,187.23942911525072,2221.0187675481993,Standard
Fazenda Brasil,Union Agricole Méditerranée,France,Canterbury,0.0,Bananes,68.82847847136915,2928.5415729413794,Bio Certifié
Hacienda El Sol,Union Agricole Méditerranée,USA,São Paulo,0.0,Tomates,133.30534100543147,2758.233210241071,Bio Certifié
Mercabarna,Coopérative Oasis,Nouvelle-Zélande,Sfax,0.0,Salades,574.391962645039,4301.6419929256635,Premium
Coopérative Oasis,Fazenda Brasil,France,Kansas,0.0,Raisins de Table,133.68572359696626,5251.322239180517,Bio Certifié
Fattoria Toscana,Domaine Provence Bio,Italie,Californie,0.0,Pommes,86.65203697842027,1554.631297669226,Commerce Équitable
Union Agricole Méditerranée,Ferme Al Baraka,USA,Kansas,0.0,Olives à Huile,187.06700531689657,2623.430679377773,Standard
Fattoria Toscana,Dairy Meadows,Brésil,São Paulo,0.0,Pommes de terre,302.5688945095347,628.8765160298386,Premium
Ferme Al Baraka,Union Agricole Méditerranée,France,Provence,0.0,Olives à Huile,848.9032208892874,2766.8371563454784,Bio Certifié
Cooperative Grains Alliance,Ferme Al Baraka,Tunisie,Souss-Massa,0.0,Olives de Table,48.595017071236676,1242.5718039954563,Premium
Coopérative Oasis,Union Agricole Méditerranée,France,Provence,0.0,Courgettes,73.0072352333471,3055.5718372783954,Standard
Fazenda Brasil,Mercabarna,France,Île-de-France,0.0,Raisins de Cuve,31.102978121844167,3422.4603396922394,Bio Certifié
Coopérative Oasis,Domaine Saada,Espagne,Sfax,0.0,Blé,38.66095348018051,5003.134021948003,Premium
Domaine Saada,Union Agricole Méditerranée,USA,Californie,0.0,Blé,1215.2529159542335,13743.976638450222,Bio Certifié
Fattoria Toscana,Green Valley Farm,Nouvelle-Zélande,Sfax,0.0,Lait,143.54279651952277,1752.0662732125027,Bio Certifié
Fattoria Toscana,Rungis International,USA,Marrakech-Safi,0.0,Pamplemousses,295.35766867074324,5407.418924546682,Commerce Équitable
Hacienda El Sol,Green Valley Farm,Espagne,Marrakech-Safi,0.0,Raisins de Cuve,212.13783638506357,2743.692346147497,Premium
Fattoria Toscana,Mercabarna,USA,Sfax,0.0,Robusta,104.97144738186486,660.3834461913766,Standard
Hacienda El Sol,Ferme Al Baraka,Tunisie,Sfax,0.0,Raisins de Cuve,463.71526178393697,3263.843759824047,Bio Certifié
Green Valley Farm,Green Valley Farm,Maroc,Andalousie,0.0,Bananes,129.13778647831714,3564.9490119574593,Commerce Équitable
Dairy Meadows,Fazenda Brasil,France,Kansas,0.0,Pommes,409.6248072509251,4887.979229159619,Bio Certifié
Marché Wholesale Agadir,Domaine Provence Bio,USA,Provence,0.0,Pommes,190.364298098466,4837.163590046222,Standard
Cooperative Grains Alliance,Hacienda El Sol,Espagne,Californie,0.0,Arabica,94.88304484399593,2537.8540444129626,Standard
Fazenda Brasil,Hacienda El Sol,Italie,Kansas,0.0,Maïs,96.14650525907919,2326.6061484495485,Bio Certifié
Union Agricole Méditerranée,Domaine Provence Bio,Maroc,Provence,0.0,Citrons,208.51511036759695,660.4800616495168,Standard
Fattoria Toscana,Fattoria Toscana,Maroc,Kansas,0.0,Oranges,144.3681979319072,3557.9099264493534,Premium
Domaine Saada,Marché Wholesale Agadir,France,Californie,0.0,Bananes,26.48776035911058,2144.259984160012,Bio Certifié
Domaine Provence Bio,Green Valley Farm,France,Andalousie,0.0,Olives à Huile,56.00377461236518,3614.122425953299,Commerce Équitable
Dairy Meadows,Fattoria Toscana,Maroc,Île-de-France,0.0,Riz,-32.248586977482354,1841.0107186213916,Premium
Domaine Provence Bio,Domaine Provence Bio,Tunisie,Sfax,0.0,Salades,282.3515121840518,2980.4327768344465,Commerce Équitable
Fazenda Brasil,Ferme Al Baraka,France,Canterbury,0.0,Robusta,56.855168721991575,2997.3408365972737,Standard
Coopérative Oasis,Mercabarna,France,Provence,0.0,Robusta,153.87441959221815,1589.55748709522,Premium
Mercabarna,Domaine Provence Bio,USA,Californie,0.0,Raisins de Cuve,774.9723672755008,3409.5253511243504,Bio Certifié
Hacienda El Sol,Marché Wholesale Agadir,Brésil,Canterbury,0.0,Mandarines,157.695256960929,5378.467681023194,Premium
Rungis International,Fattoria Toscana,Espagne,Andalousie,0.0,Olives à Huile,181.06024112293088,3019.660350416146,Bio Certifié
Fattoria Toscana,Hacienda El Sol,Nouvelle-Zélande,Andalousie,0.0,Lait,-27.652217965078115,5137.733558620989,Premium
Domaine Provence Bio,Dairy Meadows,Italie,Souss-Massa,0.0,Tomates,191.8382448329109,1018.91101693228,Premium
Domaine Saada,Hacienda El Sol,Nouvelle-Zélande,Andalousie,0.0,Riz,279.1241905724756,1192.6081161811887,Bio Certifié
Ferme Al Baraka,Green Valley Farm,USA,Catalogne,0.0,Oranges,236.3718361131487,8742.0019545543,Commerce Équitable
Domaine Provence Bio,Union Agricole Méditerranée,Tunisie,Marrakech-Safi,0.0,Tomates,236.54410025095734,1826.1038189553092,Bio Certifié
Mercabarna,Ferme Al Baraka,Nouvelle-Zélande,Marrakech-Safi,0.0,Robusta,24.612035565499497,957.55624140133,Bio Certifié
Marché Wholesale Agadir,Domaine Provence Bio,USA,Kansas,0.0,Pommes,132.85379231287334,3270.7212296499556,Premium
Dairy Meadows,Fattoria Toscana,Tunisie,Sfax,0.0,Riz,45.726406848185206,551.9238962192319,Standard
Cooperative Grains Alliance,Fazenda Brasil,Espagne,Souss-Massa,0.0,Riz,175.33841259078577,-525.5980311421883,Bio Certifié
Union Agricole Méditerranée,Fattoria Toscana,USA,Île-de-France,0.0,Bananes,137.92850324666173,3479.8713545971423,Standard
Union Agricole Méditerranée,Green Valley Farm,Espagne,Île-de-France,0.0,Olives à Huile,49.178268922023804,2189.8231586606025,Standard
Coopérative Oasis,Fazenda Brasil,France,Marrakech-Safi,0.0,Robusta,130.67579190758175,2457.242863077487,Standard
Ferme Al Baraka,Cooperative Grains Alliance,Italie,Kansas,0.0,Courgettes,1374.9416289121414,2564.601854087842,Commerce Équitable
Union Agricole Méditerranée,Hacienda El Sol,Nouvelle-Zélande,Souss-Massa,0.0,Raisins de Table,56.22634806775146,752.7426500129092,Standard
Cooperative Grains Alliance,Green Valley Farm,Nouvelle-Zélande,Canterbury,0.0,Medjool,388.01833335475806,1547.090036329019,Premium
Marché Wholesale Agadir,Marché Wholesale Agadir,Maroc,Souss-Massa,0.0,Citrons,48.78076867700008,2487.6822124811715,Premium
Hacienda El Sol,Cooperative Grains Alliance,Tunisie,Andalousie,0.0,Arabica,108.09781436001869,2129.2867017801364,Bio Certifié
Union Agricole Méditerranée,Ferme Al Baraka,Italie,Île-de-France,0.0,Carottes,886.4479694426697,152.4969378324347,Premium
Dairy Meadows,Mercabarna,USA,Île-de-France,0.0,Olives à Huile,123.22547755777447,760.3983886260896,Bio Certifié
Coopérative Oasis,Green Valley Farm,Maroc,Toscane,0.0,Citrons,75.20751938713164,2651.7545818989665,Premium
Rungis International,Fazenda Brasil,France,Souss-Massa,0.0,Bananes,193.80195720924112,320.76805515899116,Bio Certifié
Dairy Meadows,Cooperative Grains Alliance,Espagne,Souss-Massa,0.0,Pommes,220.9769222368933,3220.4843201502417,Premium
Cooperative Grains Alliance,Ferme Al Baraka,Tunisie,Marrakech-Safi,0.0,Blé,99.90157547465236,3241.7101135175285,Premium
Rungis International,Green Valley Farm,Italie,Kansas,0.0,Carottes,119.454146022992,2906.060869737963,Premium
Coopérative Oasis,Hacienda El Sol,USA,Meknès-Fès,0.0,Olives de Table,203.66114045995744,1028.9993818221394,Standard
Coopérative Oasis,Green Valley Farm,Espagne,Sfax,0.0,Robusta,139.94011422746007,2772.522904152948,Standard
Fattoria Toscana,Cooperative Grains Alliance,Italie,Marrakech-Safi,0.0,Courgettes,33.11805784937132,978.2612162418113,Standard
Mercabarna,Ferme Al Baraka,Maroc,Souss-Massa,0.0,Raisins de Table,239.32557733336037,850.6044606557032,Standard
Cooperative Grains Alliance,Union Agricole Méditerranée,Espagne,Kansas,0.0,Tomates,199.15201462490816,4954.585678091145,Premium
Cooperative Grains Alliance,Fazenda Brasil,France,Meknès-Fès,0.0,Oignons,-2.247300408521248,11810.580003906221,Standard
Cooperative Grains Alliance,Marché Wholesale Agadir,France,Île-de-France,0.0,Olives à Huile,177.00173332273363,20.008181313135765,Bio Certifié
Union Agricole Méditerranée,Hacienda El Sol,Italie,Marrakech-Safi,0.0,Olives à Huile,254.5024959302769,21477.564507021103,Premium
Coopérative Oasis,Hacienda El Sol,Tunisie,Andalousie,0.0,Salades,25.872455366321716,3000.265128354443,Bio Certifié
Dairy Meadows,Marché Wholesale Agadir,Nouvelle-Zélande,Catalogne,0.0,Courgettes,112.24491950925922,2003.2580557252004,Bio Certifié
Dairy Meadows,Cooperative Grains Alliance,Maroc,Île-de-France,0.0,Oranges,69.95989426856553,4408.412853873567,Premium
Coopérative Oasis,Coopérative Oasis,Italie,Kansas,0.0,Citrons,261.9755488036722,-0.5270632602964724,Standard
Hacienda El Sol,Domaine Provence Bio,USA,São Paulo,0.0,Raisins de Cuve,221.9138920045775,2183.633856457641,Bio Certifié
Green Valley Farm,Fattoria Toscana,USA,Canterbury,0.0,Olives de Table,191.26068618772018,412.59620053066385,Standard
Domaine Provence Bio,Union Agricole Méditerranée,USA,Kansas,0.0,Lait,130.54472100963315,1906.9710805124505,Bio Certifié
Domaine Saada,Mercabarna,USA,Meknès-Fès,0.0,Riz,1347.4209293493745,2336.6216794617103,Standard
Fazenda Brasil,Coopérative Oasis,Espagne,Meknès-Fès,0.0,Yaourt,-8.673699810997356,2171.0400524454226,Bio Certifié
Domaine Provence Bio,Ferme Al Baraka,Maroc,Sfax,0.0,Deglet Nour,227.60513588317622,1273.1490611314678,Bio Certifié
Domaine Provence Bio,Coopérative Oasis,France,Kansas,0.0,Medjool,226.575535501248,4984.652678921954,Premium
Rungis International,Fattoria Toscana,Nouvelle-Zélande,Kansas,0.0,Orge,81.23136614459426,18581.487635627214,Bio Certifié
Domaine Saada,Hacienda El Sol,Brésil,Sfax,0.0,Riz,406.2868863646691,229.2532973544453,Bio Certifié
Domaine Saada,Green Valley Farm,USA,Toscane,0.0,Olives à Huile,679.3479769139867,3011.447768099263,Commerce Équitable
Fattoria Toscana,Fazenda Brasil,Tunisie,Californie,0.0,Olives de Table,101.21802704285241,3199.6263480320567,Commerce Équitable
Marché Wholesale Agadir,Hacienda El Sol,Maroc,Andalousie,0.0,Riz,205.30196392126743,2454.1840949369316,Premium
Coopérative Oasis,Ferme Al Baraka,Tunisie,Californie,0.0,Tomates,-17.648736844633653,3160.0859174347215,Standard
Green Valley Farm,Fazenda Brasil,Tunisie,Toscane,0.0,Pommes de terre,1430.6325973251433,2197.7458408124257,Standard
Green Valley Farm,Dairy Meadows,Nouvelle-Zélande,Andalousie,0.0,Arabica,144.22649785839027,3924.2103398852487,Standard
Dairy Meadows,Dairy Meadows,Espagne,São Paulo,0.0,Yaourt,67.32855771803096,23190.509957999762,Premium
Mercabarna,Coopérative Oasis,Espagne,Californie,0.0,Pommes,105.31841676756196,2186.76098099463,Bio Certifié
Fazenda Brasil,Union Agricole Méditerranée,Nouvelle-Zélande,Kansas,0.0,Yaourt,63.79443395998433,631.2291996067983,Premium
Dairy Meadows,Ferme Al Baraka,Espagne,Sfax,0.0,Raisins de Table,472.0808910434083,3073.5357865205006,Premium
Marché Wholesale Agadir,Domaine Provence Bio,Espagne,Île-de-France,0.0,Blé,94.1942277590082,5674.782999894202,Premium
Fazenda Brasil,Domaine Provence Bio,France,Andalousie,0.0,Salades,256.66244875574125,6391.77577271144,Bio Certifié
Domaine Provence Bio,Ferme Al Baraka,Brésil,Californie,0.0,Mandarines,225.22339880082,338.8524777423155,Commerce Équitable
Ferme Al Baraka,Green Valley Farm,USA,Canterbury,0.0,Yaourt,68.49109573340486,1379.7787151355064,Bio Certifié
Union Agricole Méditerranée,Ferme Al Baraka,Italie,Meknès-Fès,0.0,Raisins de Table,320.2082298656702,3029.9355847843026,Bio Certifié
Dairy Meadows,Mercabarna,Nouvelle-Zélande,Canterbury,0.0,Pamplemousses,254.03482126195178,3581.014675529539,Standard
Rungis International,Fattoria Toscana,Maroc,Andalousie,0.0,Lait,156.83951721147625,1927.8155347937993,Premium
Domaine Saada,Cooperative Grains Alliance,France,Sfax,0.0,Oranges,0.7950132762877828,488.4992385241693,Premium
Fattoria Toscana,Ferme Al Baraka,Tunisie,Souss-Massa,0.0,Raisins de Table,115.6997585825867,12760.374675295943,Standard
Mercabarna,Fattoria Toscana,Maroc,Californie,0.0,Raisins de Table,186.41085871727878,3163.642852287803,Premium
Dairy Meadows,Rungis International,Espagne,Provence,0.0,Arabica,-19.734720551265077,12620.8118347716,Bio Certifié
Marché Wholesale Agadir,Domaine Saada,Maroc,Kansas,0.0,Olives à Huile,625.3573632247785,2936.246358220107,Standard
Marché Wholesale Agadir,Dairy Meadows,Espagne,Souss-Massa,0.0,Olives à Huile,-19.8053624084503,2932.1696801427506,Standard
Fazenda Brasil,Hacienda El Sol,Italie,Kansas,0.0,Riz,555.52284040221,5565.390315975015,Bio Certifié
Hacienda El Sol,Ferme Al Baraka,Italie,Canterbury,0.0,Raisins de Cuve,5.38491661468867,2126.075921447904,Bio Certifié
Union Agricole Méditerranée,Green Valley Farm,Tunisie,São Paulo,0.0,Arabica,165.6422955150195,5059.8893901688625,Standard
Domaine Saada,Ferme Al Baraka,Maroc,Canterbury,0.0,Fromage,196.09942548616064,3703.114614042631,Standard
Domaine Saada,Cooperative Grains Alliance,Tunisie,Meknès-Fès,0.0,Blé,21.919012443926725,1405.2993506834744,Bio Certifié
Coopérative Oasis,Hacienda El Sol,Maroc,São Paulo,0.0,Medjool,118.83127290261314,13041.47063677026,Standard
Green Valley Farm,Green Valley Farm,Maroc,Toscane,0.0,Raisins de Cuve,560.44093587538,3463.3183152950533,Premium
Green Valley Farm,Fazenda Brasil,Italie,Marrakech-Safi,0.0,Medjool,42.78427324961616,2876.521821355419,Premium
Hacienda El Sol,Union Agricole Méditerranée,France,Provence,0.0,Tomates,111.92572491102908,1793.1161449458718,Commerce Équitable
Fazenda Brasil,Fattoria Toscana,Maroc,Marrakech-Safi,0.0,Oranges,142.5393326516005,13402.576808745169,Standard
Fazenda Brasil,Fazenda Brasil,Nouvelle-Zélande,Sfax,0.0,Raisins de Table,173.51676998451836,8554.353818534404,Premium
Domaine Provence Bio,Dairy Meadows,France,Meknès-Fès,0.0,Olives à Huile,72.50552405070457,4330.581190774887,Premium
Ferme Al Baraka,Coopérative Oasis,Italie,Catalogne,0.0,Carottes,494.82117175834225,2762.9436707892933,Standard
Domaine Saada,Cooperative Grains Alliance,USA,Catalogne,0.0,Raisins de Table,137.38618915526118,4888.224989425086,Premium
Coopérative Oasis,Domaine Provence Bio,Maroc,Andalousie,0.0,Medjool,-14.559175683915022,-306.4465928268837,Commerce Équitable
Green Valley Farm,Union Agricole Méditerranée,Tunisie,Sfax,0.0,Pommes,353.6023499841247,2335.524898478505,Standard
Mercabarna,Coopérative Oasis,France,Sfax,0.0,Beurre,164.05553642470983,2398.5928564695287,Premium
Ferme Al Baraka,Domaine Provence Bio,Espagne,Marrakech-Safi,0.0,Blé,149.8738110168591,2334.345510365566,Premium
Cooperative Grains Alliance,Fazenda Brasil,Brésil,Île-de-France,0.0,Blé,233.25914034025902,2710.30830839586,Premium
Dairy Meadows,Coopérative Oasis,Maroc,Toscane,0.0,Pamplemousses,406.18179202770665,13107.339014064208,Bio Certifié
Dairy Meadows,Marché Wholesale Agadir,Espagne,São Paulo,0.0,Tomates,55.0992890732526,5229.014220652014,Standard
Green Valley Farm,Fazenda Brasil,USA,Californie,0.0,Mandarines,219.22506318675147,2648.706537748966,Bio Certifié
Domaine Saada,Union Agricole Méditerranée,France,Canterbury,0.0,Yaourt,289.9604600778683,5372.627738566442,Bio Certifié
Hacienda El Sol,Dairy Meadows,Brésil,Souss-Massa,0.0,Fromage,-10.410497803160162,-145.14700050990996,Bio Certifié
Fattoria Toscana,Domaine Provence Bio,France,Marrakech-Safi,0.0,Pommes,42.40128582151076,3724.4807885579285,Bio Certifié
Fattoria Toscana,Green Valley Farm,Nouvelle-Zélande,São Paulo,0.0,Riz,1192.8104072322503,4880.494802699129,Bio Certifié
Marché Wholesale Agadir,Dairy Meadows,Maroc,Souss-Massa,0.0,Robusta,140.91681386372977,4717.9092765418645,Premium
Marché Wholesale Agadir,Dairy Meadows,France,Sfax,0.0,Robusta,139.8447280611161,698.1862622470071,Bio Certifié
Domaine Saada,Fazenda Brasil,France,Meknès-Fès,0.0,Arabica,63.195378341827535,2845.057586190048,Standard
Union Agricole Méditerranée,Marché Wholesale Agadir,USA,Meknès-Fès,0.0,Mandarines,111.76411801053459,1286.959137532491,Premium
Fattoria Toscana,Domaine Saada,Espagne,Toscane,0.0,Robusta,211.11525304301807,5068.607464736871,Premium
Domaine Provence Bio,Mercabarna,Nouvelle-Zélande,Canterbury,0.0,Arabica,115.05688045160304,3359.186271244741,Commerce Équitable
Mercabarna,Domaine Provence Bio,Tunisie,Sfax,0.0,Robusta,-16.12754723698925,3424.6581014259646,Bio Certifié
Coopérative Oasis,Union Agricole Méditerranée,France,Île-de-France,0.0,Citrons,83.08403294672583,2855.940793253327,Premium
Green Valley Farm,Coopérative Oasis,Nouvelle-Zélande,Souss-Massa,0.0,Maïs,250.2663782737322,749.0402997886463,Standard
Domaine Provence Bio,Coopérative Oasis,Nouvelle-Zélande,Île-de-France,0.0,Olives de Table,115.47960124068265,2178.2043148662733,Bio Certifié
Green Valley Farm,Fattoria Toscana,France,Catalogne,0.0,Raisins de Table,73.65615736225473,3160.3113627606044,Bio Certifié
Domaine Saada,Union Agricole Méditerranée,Espagne,Californie,0.0,Citrons,196.2485820756966,557.0305542730847,Premium
Fazenda Brasil,Domaine Provence Bio,Nouvelle-Zélande,Toscane,0.0,Medjool,198.06493139594986,20816.716584079397,Premium
Hacienda El Sol,Fattoria Toscana,Nouvelle-Zélande,Andalousie,0.0,Raisins de Table,120.69151001668405,2479.1555800742562,Bio Certifié
Green Valley Farm,Mercabarna,Italie,Meknès-Fès,0.0,Lait,128.5586887594359,4249.153074232182,Premium
Hacienda El Sol,Ferme Al Baraka,Espagne,Sfax,0.0,Fromage,113.24176916742402,1036.0539833020962,Standard
Rungis International,Fattoria Toscana,USA,Meknès-Fès,0.0,Mandarines,150.76751479509633,3255.015360025505,Standard
Union Agricole Méditerranée,Domaine Provence Bio,Brésil,Californie,0.0,Orge,-31.936452196272093,4640.788807158047,Standard
Union Agricole Méditerranée,Ferme Al Baraka,Maroc,Andalousie,0.0,Raisins de Table,173.6238642632468,8764.8721777114,Bio Certifié
Domaine Provence Bio,Dairy Meadows,Italie,Kansas,0.0,Salades,62.053476420618544,4705.557328535813,Premium
Rungis International,Fazenda Brasil,France,Canterbury,0.0,Pamplemousses,287.2015632451255,877.8729765228779,Bio Certifié
Green Valley Farm,Domaine Saada,USA,São Paulo,0.0,Courgettes,168.3252507870917,5045.574710019482,Standard
Mercabarna,Ferme Al Baraka,USA,São Paulo,0.0,Olives de Table,119.49684131490736,9647.478332080276,Bio Certifié
Hacienda El Sol,Green Valley Farm,Maroc,São Paulo,0.0,Riz,587.3863696016749,1965.8010415313431,Standard
Ferme Al Baraka,Dairy Meadows,Espagne,Toscane,0.0,Citrons,111.54665644402516,-393.0041145338082,Bio Certifié
Green Valley Farm,Fazenda Brasil,Maroc,Sfax,0.0,Blé,110.00821133047272,2771.283493167973,Standard
Mercabarna,Ferme Al Baraka,France,Andalousie,0.0,Oranges,530.9624896084633,4311.854515140445,Premium
Union Agricole Méditerranée,Mercabarna,Espagne,Meknès-Fès,0.0,Orge,124.41153555451021,-75.10491285721878,Premium
Domaine Saada,Hacienda El Sol,USA,Souss-Massa,0.0,Olives à Huile,204.08690510783137,1847.1437577703266,Standard
Cooperative Grains Alliance,Ferme Al Baraka,France,Catalogne,0.0,Mandarines,172.8443756913847,4630.489826938041,Bio Certifié
Rungis International,Domaine Provence Bio,USA,Canterbury,0.0,Raisins de Cuve,10.136623445023332,10878.18115539257,Bio Certifié
Union Agricole Méditerranée,Green Valley Farm,Maroc,Kansas,0.0,Salades,165.5617017623075,3296.682647673887,Standard
Fattoria Toscana,Mercabarna,France,Californie,0.0,Pommes,240.86691017590542,3215.1056327425804,Standard
Domaine Provence Bio,Fazenda Brasil,Maroc,Toscane,0.0,Salades,351.83256183624724,3400.4369566842197,Premium
Coopérative Oasis,Cooperative Grains Alliance,Espagne,Souss-Massa,0.0,Oranges,221.52080043942104,3775.302219896791,Bio Certifié
Rungis International,Fazenda Brasil,France,Souss-Massa,0.0,Raisins de Table,168.3333817926657,1613.5585948665719,Premium
Domaine Provence Bio,Coopérative Oasis,USA,Provence,0.0,Pommes,139.21028240483253,-981.3646269810781,Bio Certifié
Domaine Saada,Fattoria Toscana,Nouvelle-Zélande,Catalogne,0.0,Riz,68.82688319519849,2165.6658671249475,Commerce Équitable
Mercabarna,Union Agricole Méditerranée,Maroc,Provence,0.0,Tomates,1102.1635452156402,5363.7448734724,Premium
Ferme Al Baraka,Rungis International,Brésil,Marrakech-Safi,0.0,Carottes,162.94417849081975,3936.101039370471,Premium
Dairy Meadows,Green Valley Farm,Maroc,Kansas,0.0,Olives de Table,90.77668436272312,2289.803818906275,Bio Certifié
Dairy Meadows,Ferme Al Baraka,Tunisie,Californie,0.0,Raisins de Table,193.40300901203906,2170.710522790278,Bio Certifié
Dairy Meadows,Union Agricole Méditerranée,France,São Paulo,0.0,Tomates,64.13922694795949,1038.0638669433422,Standard
Coopérative Oasis,Dairy Meadows,Maroc,Souss-Massa,0.0,Beurre,108.00456885601365,3354.334605374893,Bio Certifié
Rungis International,Hacienda El Sol,Espagne,Catalogne,0.0,Salades,34.083704077421984,3491.491478085797,Standard
Hacienda El Sol,Domaine Provence Bio,Tunisie,Canterbury,0.0,Raisins de Table,224.78219437831677,4889.988932304962,Bio Certifié
Ferme Al Baraka,Marché Wholesale Agadir,Maroc,Catalogne,0.0,Arabica,102.73476057787289,995.5968082939381,Bio Certifié
Dairy Meadows,Mercabarna,Tunisie,Canterbury,0.0,Robusta,219.79857556275795,8638.070979643691,Bio Certifié
Domaine Saada,Fazenda Brasil,Tunisie,Marrakech-Safi,0.0,Yaourt,179.26586859805073,716.3939810939316,Standard
Dairy Meadows,Fazenda Brasil,France,Kansas,0.0,Pommes de terre,134.3049822620342,1455.906417143325,Premium
Ferme Al Baraka,Marché Wholesale Agadir,Maroc,Andalousie,0.0,Blé,124.62023392105117,3240.713833607856,Commerce Équitable
Hacienda El Sol,Domaine Saada,USA,Île-de-France,0.0,Maïs,128.8093865315184,5060.260596509512,Premium
Coopérative Oasis,Cooperative Grains Alliance,Maroc,Souss-Massa,0.0,Salades,191.5787162138389,12641.821738472303,Standard
Hacienda El Sol,Domaine Provence Bio,Espagne,Sfax,0.0,Riz,79.58333694460735,9593.682050075784,Bio Certifié
Fattoria Toscana,Fazenda Brasil,Italie,Meknès-Fès,0.0,Raisins de Table,580.0832404857579,5874.123085660648,Premium
Domaine Provence Bio,Union Agricole Méditerranée,Maroc,Meknès-Fès,0.0,Pommes,109.95884066701878,1512.259345129221,Standard
Domaine Provence Bio,Dairy Meadows,Maroc,Marrakech-Safi,0.0,Fromage,258.73647546079917,2234.8373974961887,Bio Certifié
Coopérative Oasis,Ferme Al Baraka,Maroc,Sfax,0.0,Arabica,497.04810549783645,724.0219995076303,Premium
Ferme Al Baraka,Cooperative Grains Alliance,Maroc,Marrakech-Safi,0.0,Olives à Huile,145.655263277376,371.7346428974672,Standard
Domaine Saada,Green Valley Farm,France,Souss-Massa,0.0,Beurre,96.97573668740584,3963.104152347046,Commerce Équitable
Coopérative Oasis,Union Agricole Méditerranée,Tunisie,Île-de-France,0.0,Mandarines,218.49314285827327,5018.529627307156,Standard
Coopérative Oasis,Ferme Al Baraka,Espagne,Île-de-France,0.0,Medjool,153.95497813615722,2254.8014858539964,Standard
Hacienda El Sol,Cooperative Grains Alliance,France,Sfax,0.0,Raisins de Cuve,582.083720021295,2777.0677580351885,Standard
Coopérative Oasis,Fattoria Toscana,USA,Andalousie,0.0,Maïs,110.0347686495716,3702.3897665806116,Standard
Fazenda Brasil,Marché Wholesale Agadir,Maroc,Provence,0.0,Robusta,129.3831375279421,3519.1399826776187,Commerce Équitable
Union Agricole Méditerranée,Coopérative Oasis,USA,Kansas,0.0,Olives de Table,127.05712334613139,1210.9770388695133,Standard
Cooperative Grains Alliance,Fattoria Toscana,USA,Californie,0.0,Oranges,59.103473065259585,2210.141518048296,Premium
Coopérative Oasis,Mercabarna,Italie,Souss-Massa,0.0,Riz,100.28903638083221,2866.2911748650326,Standard
Domaine Saada,Fazenda Brasil,France,Andalousie,0.0,Pommes,75.54272526591737,4072.458642254541,Standard
Ferme Al Baraka,Union Agricole Méditerranée,Maroc,Kansas,0.0,Olives de Table,152.47466980589297,1832.3864012497042,Standard
Dairy Meadows,Domaine Saada,Nouvelle-Zélande,Souss-Massa,0.0,Arabica,216.09605894417078,-14.4701943895152,Standard
Fattoria Toscana,Domaine Saada,Nouvelle-Zélande,Toscane,0.0,Deglet Nour,106.12432901234686,698.9952839485345,Standard
Marché Wholesale Agadir,Dairy Meadows,Nouvelle-Zélande,Île-de-France,0.0,Courgettes,112.73564232262007,2413.249060148807,Standard
Marché Wholesale Agadir,Domaine Provence Bio,Maroc,Souss-Massa,0.0,Olives à Huile,104.13473757705667,10170.427100304352,Premium
Ferme Al Baraka,Fattoria Toscana,Italie,Sfax,0.0,Carottes,1348.5363584606764,6532.223313175505,Bio Certifié
Union Agricole Méditerranée,Ferme Al Baraka,Espagne,Souss-Massa,0.0,Olives de Table,65.60348149043588,5043.359731478387,Premium
Mercabarna,Cooperative Grains Alliance,Maroc,Marrakech-Safi,0.0,Lait,77.61290957387779,12800.160423707151,Bio Certifié
Union Agricole Méditerranée,Rungis International,USA,Souss-Massa,0.0,Raisins de Table,56.34213824114452,1030.6061438552283,Bio Certifié
Fattoria Toscana,Mercabarna,Nouvelle-Zélande,Provence,0.0,Yaourt,216.88167949160243,3284.39019041294,Bio Certifié
Green Valley Farm,Dairy Meadows,Maroc,São Paulo,0.0,Olives à Huile,293.9892212687929,4506.841622098109,Standard
Marché Wholesale Agadir,Mercabarna,France,Meknès-Fès,0.0,Yaourt,194.57588853458506,2911.275464107249,Standard
Fazenda Brasil,Ferme Al Baraka,Nouvelle-Zélande,Canterbury,0.0,Olives à Huile,183.79050873794006,495.48060651809,Bio Certifié
Union Agricole Méditerranée,Marché Wholesale Agadir,Tunisie,Californie,0.0,Robusta,270.0358420370561,2513.9568393144223,Standard
Domaine Saada,Cooperative Grains Alliance,Espagne,Catalogne,0.0,Tomates,124.38271088081149,1770.1031213715269,Standard
Dairy Meadows,Domaine Provence Bio,Espagne,São Paulo,0.0,Tomates,150.56884349882287,3255.098059179984,Standard
Marché Wholesale Agadir,Fazenda Brasil,Maroc,Canterbury,0.0,Orge,82.94803535772297,3646.120201346632,Standard
Rungis International,Green Valley Farm,France,Canterbury,0.0,Raisins de Cuve,257.33291291494606,4855.266599113713,Bio Certifié
Marché Wholesale Agadir,Mercabarna,Italie,Californie,0.0,Pommes,73.51922050304194,4359.181327840227,Commerce Équitable
Domaine Saada,Dairy Meadows,Maroc,São Paulo,0.0,Deglet Nour,748.9052413037324,5249.45223734617,Bio Certifié
Domaine Saada,Ferme Al Baraka,Maroc,Île-de-France,0.0,Mandarines,17.927673245084414,2608.9143509973464,Premium
Mercabarna,Union Agricole Méditerranée,Nouvelle-Zélande,Souss-Massa,0.0,Olives à Huile,-63.948012924244345,3068.48761549906,Premium
Rungis International,Green Valley Farm,Italie,Marrakech-Safi,0.0,Yaourt,34.87319724154233,186.06243983379,Bio Certifié
Domaine Saada,Fazenda Brasil,Brésil,São Paulo,0.0,Raisins de Table,170.50245495214693,3393.95531927092,Bio Certifié
Rungis International,Cooperative Grains Alliance,Tunisie,Meknès-Fès,0.0,Blé,1105.2876842596338,761.413057293616,Premium
Fazenda Brasil,Green Valley Farm,France,Marrakech-Safi,0.0,Medjool,219.24124944116835,2343.0383854760767,Bio Certifié
Fattoria Toscana,Green Valley Farm,Nouvelle-Zélande,Kansas,0.0,Raisins de Table,107.79942350476418,4717.7470519582785,Premium
Marché Wholesale Agadir,Cooperative Grains Alliance,Tunisie,Toscane,0.0,Arabica,125.79565287328364,2652.5164457123415,Premium
Rungis International,Green Valley Farm,Maroc,Californie,0.0,Arabica,98.36965736595191,3135.102235855031,Standard
Dairy Meadows,Domaine Provence Bio,Nouvelle-Zélande,Californie,0.0,Oignons,11.073246223586679,1841.4616871474072,Standard
Dairy Meadows,Union Agricole Méditerranée,Nouvelle-Zélande,Souss-Massa,0.0,Olives à Huile,198.6883790131662,3404.122102717909,Bio Certifié
Mercabarna,Union Agricole Méditerranée,France,Provence,0.0,Raisins de Table,502.33992550420794,4842.474663254199,Standard
Coopérative Oasis,Mercabarna,Nouvelle-Zélande,Souss-Massa,0.0,Maïs,144.0722041594374,2319.0739582641327,Bio Certifié
Hacienda El Sol,Hacienda El Sol,Brésil,Souss-Massa,0.0,Raisins de Table,265.2555897204603,273.17226232856876,Bio Certifié
Coopérative Oasis,Coopérative Oasis,Brésil,Californie,0.0,Yaourt,266.04682167150213,3929.6366809375986,Bio Certifié
Hacienda El Sol,Dairy Meadows,France,Catalogne,0.0,Orge,115.01859582412047,1837.8586080472369,Bio Certifié
Rungis International,Rungis International,Maroc,Île-de-France,0.0,Tomates,641.7350396414361,4527.834452570225,Standard
Marché Wholesale Agadir,Ferme Al Baraka,Maroc,São Paulo,0.0,Blé,83.95400248997223,5209.87699422607,Bio Certifié
Fazenda Brasil,Dairy Meadows,Maroc,Sfax,0.0,Arabica,1125.1400723631727,5632.386788158468,Standard
Domaine Saada,Coopérative Oasis,France,Marrakech-Safi,0.0,Robusta,162.6056130827715,3805.0406518082336,Premium
Ferme Al Baraka,Mercabarna,Nouvelle-Zélande,Meknès-Fès,0.0,Blé,201.292238582324,1899.696820638421,Standard
Domaine Provence Bio,Fattoria Toscana,Tunisie,Canterbury,0.0,Robusta,247.36287679462433,13786.176098316613,Bio Certifié
Marché Wholesale Agadir,Domaine Provence Bio,Maroc,Souss-Massa,0.0,Raisins de Table,246.66162925417484,3580.8895791153673,Standard
Cooperative Grains Alliance,Cooperative Grains Alliance,Espagne,Catalogne,0.0,Pamplemousses,183.22524998172526,4439.808585234788,Standard
Cooperative Grains Alliance,Fazenda Brasil,Maroc,Andalousie,0.0,Carottes,134.90587054927505,14577.354153852786,Standard
Mercabarna,Marché Wholesale Agadir,France,Meknès-Fès,0.0,Pommes,460.29022409514545,3870.5055895820615,Commerce Équitable
Dairy Meadows,Fattoria Toscana,Italie,São Paulo,0.0,Salades,146.93437455537614,2529.7733373525866,Bio Certifié
Rungis International,Fattoria Toscana,France,Souss-Massa,0.0,Riz,179.70295943376001,1965.9360250216878,Standard
Domaine Provence Bio,Green Valley Farm,USA,Sfax,0.0,Citrons,236.1341360077647,11850.118724654973,Bio Certifié
Coopérative Oasis,Ferme Al Baraka,Maroc,Souss-Massa,0.0,Raisins de Table,280.67069725416764,3815.1664747218238,Standard
Domaine Saada,Fattoria Toscana,Italie,Marrakech-Safi,0.0,Orge,261.3466003760616,1596.5054533098312,Standard
Domaine Saada,Fattoria Toscana,USA,Kansas,0.0,Raisins de Cuve,53.578856855955436,930.0081097585781,Premium
Green Valley Farm,Domaine Provence Bio,Espagne,Californie,0.0,Fromage,132.47420589324543,5091.611851534987,Standard
Domaine Saada,Cooperative Grains Alliance,France,Californie,0.0,Deglet Nour,26.29209071523494,1920.1488595313544,Bio Certifié
Fazenda Brasil,Fazenda Brasil,Espagne,São Paulo,0.0,Citrons,190.48092708073483,3033.335704912546,Standard
Mercabarna,Cooperative Grains Alliance,USA,Catalogne,0.0,Mandarines,117.33123370666443,2243.6053092114917,Standard
Ferme Al Baraka,Hacienda El Sol,France,Provence,0.0,Riz,1310.1692065314303,3085.2472602124894,Premium
Cooperative Grains Alliance,Marché Wholesale Agadir,Espagne,Californie,0.0,Raisins de Table,136.89515747996722,2817.7782178016796,Bio Certifié
Fattoria Toscana,Coopérative Oasis,Nouvelle-Zélande,Kansas,0.0,Raisins de Cuve,100.53257385582589,3996.6071388200708,Premium
Dairy Meadows,Fazenda Brasil,Maroc,Sfax,0.0,Raisins de Table,241.47487474288627,12845.316876662451,Bio Certifié
Ferme Al Baraka,Fattoria Toscana,USA,Canterbury,0.0,Tomates,138.28955661679373,2333.6605396093273,Premium
Rungis International,Mercabarna,France,Andalousie,0.0,Riz,212.37809774255365,3450.0837578300434,Standard
Ferme Al Baraka,Dairy Meadows,USA,Kansas,0.0,Raisins de Table,166.03998689060919,4220.713094741235,Standard
Ferme Al Baraka,Domaine Provence Bio,France,Catalogne,0.0,Raisins de Table,69.89568641231844,1743.920025879812,Premium
Domaine Provence Bio,Fattoria Toscana,France,Toscane,0.0,Raisins de Table,21.442937877142384,4452.130811074162,Standard
Cooperative Grains Alliance,Fattoria Toscana,Maroc,Île-de-France,0.0,Bananes,142.08248035888013,18613.673826638467,Bio Certifié
Cooperative Grains Alliance,Green Valley Farm,Espagne,São Paulo,0.0,Riz,122.45655601432364,-181.44540290630675,Standard
Domaine Saada,Domaine Provence Bio,USA,Kansas,0.0,Mandarines,210.2459999823111,3629.325041455443,Bio Certifié
Union Agricole Méditerranée,Marché Wholesale Agadir,Brésil,São Paulo,0.0,Olives de Table,146.413127802264,10103.396682120907,Premium
Green Valley Farm,Rungis International,Tunisie,Canterbury,0.0,Bananes,245.9439081329468,1107.7337290220485,Standard
Ferme Al Baraka,Domaine Provence Bio,Nouvelle-Zélande,Canterbury,0.0,Tomates,202.4599779245278,2753.3088577176495,Standard
Union Agricole Méditerranée,Domaine Saada,Tunisie,Provence,0.0,Raisins de Table,1125.4273322746692,2151.9628344931007,Bio Certifié
Cooperative Grains Alliance,Cooperative Grains Alliance,Espagne,Souss-Massa,0.0,Bananes,255.9600760495293,3489.699710079196,Commerce Équitable
Green Valley Farm,Fazenda Brasil,USA,Toscane,0.0,Yaourt,178.21432185442336,3240.5414618766576,Bio Certifié
Hacienda El Sol,Fattoria Toscana,Nouvelle-Zélande,Meknès-Fès,0.0,Raisins de Table,63.631787582254596,2678.7652452277143,Standard
Rungis International,Union Agricole Méditerranée,USA,Catalogne,0.0,Tomates,217.31223330656786,5159.566988327068,Standard
Fattoria Toscana,Ferme Al Baraka,Nouvelle-Zélande,Canterbury,0.0,Orge,151.8705496862455,4988.305440547453,Bio Certifié
Marché Wholesale Agadir,Fattoria Toscana,France,Souss-Massa,0.0,Raisins de Cuve,356.0818183471694,3478.0250735626937,Premium
Hacienda El Sol,Fattoria Toscana,Italie,Sfax,0.0,Olives de Table,157.88891263472658,5778.2475014469355,Premium
Rungis International,Fazenda Brasil,France,Île-de-France,0.0,Tomates,246.49619350036664,4152.375062315135,Bio Certifié
Fazenda Brasil,Coopérative Oasis,Maroc,Meknès-Fès,0.0,Pamplemousses,180.77308102926932,4042.3885052718524,Standard
Ferme Al Baraka,Rungis International,Brésil,Meknès-Fès,0.0,Robusta,255.96464403018885,1145.670725410499,Standard
Dairy Meadows,Hacienda El Sol,Nouvelle-Zélande,Sfax,0.0,Raisins de Table,929.8349742623313,3585.9122255360444,Standard
Domaine Provence Bio,Domaine Saada,France,Marrakech-Safi,0.0,Pommes,116.50150424669158,3818.9084913316883,Bio Certifié
Hacienda El Sol,Domaine Provence Bio,Espagne,Sfax,0.0,Raisins de Cuve,189.6785767512279,3148.4927327021283,Bio Certifié
Fazenda Brasil,Dairy Meadows,Espagne,Californie,0.0,Deglet Nour,187.93653362157923,3897.1711534680326,Bio Certifié
Rungis International,Fazenda Brasil,France,Toscane,0.0,Citrons,626.5655604999183,24414.859589175183,Bio Certifié
Domaine Provence Bio,Cooperative Grains Alliance,Maroc,Kansas,0.0,Riz,62.35744432926643,1791.904784847728,Standard
Domaine Provence Bio,Green Valley Farm,Maroc,Toscane,0.0,Robusta,135.8765866521101,5379.844024041232,Standard
Mercabarna,Green Valley Farm,Espagne,Souss-Massa,0.0,Robusta,265.3689718088309,3515.626857474512,Premium
Dairy Meadows,Green Valley Farm,Maroc,Sfax,0.0,Oignons,373.8004274002351,3400.1287114311053,Bio Certifié
Fazenda Brasil,Coopérative Oasis,USA,Sfax,0.0,Olives de Table,224.86624522245245,3745.439184787927,Commerce Équitable
Dairy Meadows,Fazenda Brasil,Nouvelle-Zélande,Souss-Massa,0.0,Raisins de Cuve,682.0294504508332,13961.147231516903,Standard
Dairy Meadows,Fazenda Brasil,France,Provence,0.0,Citrons,227.45029898915055,2433.931778213149,Commerce Équitable
Union Agricole Méditerranée,Union Agricole Méditerranée,Espagne,Meknès-Fès,0.0,Raisins de Table,43.469170519739365,115.51771970872483,Bio Certifié
Coopérative Oasis,Hacienda El Sol,Maroc,Toscane,0.0,Yaourt,35.89580532823052,5461.650973475748,Bio Certifié
Hacienda El Sol,Green Valley Farm,Maroc,Canterbury,0.0,Oignons,192.81560516642688,5666.135488743483,Bio Certifié
Union Agricole Méditerranée,Rungis International,Brésil,São Paulo,0.0,Deglet Nour,186.16610631354024,3879.7423409440753,Bio Certifié
Ferme Al Baraka,Domaine Provence Bio,France,Souss-Massa,0.0,Blé,31.764595689031335,4346.028877066926,Standard
Coopérative Oasis,Mercabarna,Maroc,Souss-Massa,0.0,Bananes,934.6797898633329,12710.500477849819,Commerce Équitable
Ferme Al Baraka,Fazenda Brasil,Espagne,Meknès-Fès,0.0,Tomates,164.32555336779618,3724.9050788948484,Commerce Équitable
Fazenda Brasil,Mercabarna,Espagne,Souss-Massa,0.0,Oranges,44.33081987640511,-332.44586848288463,Standard
Domaine Saada,Ferme Al Baraka,Nouvelle-Zélande,Souss-Massa,0.0,Blé,158.79879024014903,3441.5848376206122,Commerce Équitable
Dairy Meadows,Union Agricole Méditerranée,Maroc,Île-de-France,0.0,Medjool,70.31596684293989,-599.7523447394158,Standard
Fazenda Brasil,Cooperative Grains Alliance,USA,Meknès-Fès,0.0,Tomates,77.35659911620351,5262.257145470276,Bio Certifié
Cooperative Grains Alliance,Green Valley Farm,Italie,Meknès-Fès,0.0,Courgettes,98.46432706571714,1716.2673475747051,Bio Certifié
Domaine Saada,Rungis International,France,Andalousie,0.0,Olives de Table,271.9065984111649,1680.071867474002,Commerce Équitable
Green Valley Farm,Dairy Meadows,USA,Île-de-France,0.0,Fromage,-11.13871618128045,2858.4323955810523,Standard
Coopérative Oasis,Ferme Al Baraka,Espagne,Kansas,0.0,Lait,251.12942207685626,3398.63392386087,Premium
Fazenda Brasil,Green Valley Farm,Italie,Toscane,0.0,Lait,21.070458261467095,4934.17545910683,Standard
Domaine Saada,Union Agricole Méditerranée,Tunisie,Toscane,0.0,Olives à Huile,637.9414263527636,3903.358436597283,Premium
Hacienda El Sol,Domaine Saada,USA,Catalogne,0.0,Olives à Huile,66.07231384703168,4692.801244594378,Bio Certifié
Rungis International,Union Agricole Méditerranée,Maroc,São Paulo,0.0,Orge,269.68777152760003,2850.995676139403,Bio Certifié
Domaine Provence Bio,Green Valley Farm,Italie,Andalousie,0.0,Raisins de Table,4.336398357579554,-211.47321922883975,Standard
Cooperative Grains Alliance,Hacienda El Sol,Maroc,Souss-Massa,0.0,Olives à Huile,1409.6733585312886,3595.439019978742,Bio Certifié
Rungis International,Fazenda Brasil,Nouvelle-Zélande,Andalousie,0.0,Arabica,229.65921575888459,2667.4123302666535,Premium
Cooperative Grains Alliance,Rungis International,Espagne,Meknès-Fès,0.0,Pommes de terre,105.38638591102963,4268.38524052866,Standard
Ferme Al Baraka,Cooperative Grains Alliance,USA,Souss-Massa,0.0,Courgettes,163.41293985606248,1148.9472929500812,Standard
Rungis International,Domaine Provence Bio,Maroc,Île-de-France,0.0,Raisins de Table,1.3925114533755334,2969.650894565714,Bio Certifié
Fattoria Toscana,Hacienda El Sol,Brésil,Andalousie,0.0,Maïs,184.22434552913282,2549.4241404947925,Standard
Domaine Provence Bio,Union Agricole Méditerranée,France,Île-de-France,0.0,Raisins de Cuve,228.46258754530965,3797.008070561842,Standard
Dairy Meadows,Dairy Meadows,Maroc,Provence,0.0,Olives de Table,93.7432595610851,1413.3984653716443,Standard
Rungis International,Fazenda Brasil,France,Marrakech-Safi,0.0,Salades,214.47328141066635,12698.775107886662,Premium
Hacienda El Sol,Ferme Al Baraka,Maroc,Île-de-France,0.0,Pommes de terre,40.61269363031744,2279.709207507124,Premium
Green Valley Farm,Ferme Al Baraka,USA,Île-de-France,0.0,Bananes,37.01014021486494,3463.3465730667203,Bio Certifié
Green Valley Farm,Mercabarna,France,Sfax,0.0,Olives à Huile,-17.192574806300165,1093.8620518013931,Bio Certifié
Fattoria Toscana,Hacienda El Sol,Espagne,Provence,0.0,Pommes,140.14097360331021,2350.924292857462,Bio Certifié
Domaine Provence Bio,Domaine Saada,France,Catalogne,0.0,Orge,65.53028176019056,1499.4865037160403,Bio Certifié
Green Valley Farm,Domaine Provence Bio,Maroc,Kansas,0.0,Medjool,157.36793658320818,4127.018240864569,Bio Certifié
Rungis International,Fazenda Brasil,France,Californie,0.0,Salades,213.80997215169458,2009.7171566527086,Commerce Équitable
Union Agricole Méditerranée,Fattoria Toscana,Maroc,Marrakech-Safi,0.0,Tomates,-17.029866993745635,1439.1072479376521,Bio Certifié
Coopérative Oasis,Ferme Al Baraka,Tunisie,Marrakech-Safi,0.0,Olives de Table,58.087855204646814,255.14075630207003,Standard
Domaine Saada,Dairy Meadows,USA,Californie,0.0,Olives à Huile,94.59227955223659,595.782278358994,Standard
Green Valley Farm,Domaine Provence Bio,France,Meknès-Fès,0.0,Salades,134.46479843155674,24360.422571972576,Premium
Dairy Meadows,Coopérative Oasis,Brésil,Californie,0.0,Tomates,95.69712780975055,-315.72154442770034,Premium
Green Valley Farm,Fattoria Toscana,USA,Catalogne,0.0,Oranges,14.663993230935084,2013.8737943644528,Standard
Mercabarna,Green Valley Farm,Nouvelle-Zélande,Souss-Massa,0.0,Citrons,260.31558309919836,946.5113198728504,Bio Certifié
Cooperative Grains Alliance,Union Agricole Méditerranée,USA,Marrakech-Safi,0.0,Oignons,141.49440109608375,4476.1183102103305,Bio Certifié
Rungis International,Domaine Saada,Nouvelle-Zélande,Sfax,0.0,Fromage,188.4208687796937,12906.815807242332,Standard
Green Valley Farm,Fazenda Brasil,France,Île-de-France,0.0,Riz,22.993638044173686,3334.024911178539,Bio Certifié
Union Agricole Méditerranée,Green Valley Farm,Nouvelle-Zélande,Californie,0.0,Fromage,168.32122521474443,2473.255173668019,Standard
Union Agricole Méditerranée,Rungis International,Maroc,Marrakech-Safi,0.0,Olives à Huile,188.52131014819554,3417.399531437226,Commerce Équitable
Coopérative Oasis,Green Valley Farm,Brésil,Canterbury,0.0,Yaourt,225.76126169407922,3296.0829827819107,Standard
Coopérative Oasis,Dairy Meadows,Nouvelle-Zélande,Californie,0.0,Raisins de Table,76.00663213018551,3583.17121182751,Standard
Domaine Provence Bio,Ferme Al Baraka,Nouvelle-Zélande,Île-de-France,0.0,Raisins de Table,202.20168025603354,14467.414598730153,Standard
Mercabarna,Domaine Saada,USA,Île-de-France,0.0,Salades,562.265643365578,3351.37481157165,Premium
Green Valley Farm,Rungis International,Tunisie,Souss-Massa,0.0,Fromage,483.6349218949117,2546.1130278659475,Bio Certifié
Dairy Meadows,Dairy Meadows,Tunisie,Toscane,0.0,Raisins de Cuve,178.012842413295,2965.4381259244697,Premium
Hacienda El Sol,Marché Wholesale Agadir,Maroc,Canterbury,0.0,Citrons,-54.34262509966546,1279.8051928123298,Bio Certifié
Dairy Meadows,Coopérative Oasis,Maroc,Kansas,0.0,Raisins de Cuve,64.65317321726124,3952.1017363197598,Premium
Dairy Meadows,Cooperative Grains Alliance,France,Catalogne,0.0,Raisins de Table,257.1243244928291,3264.242793261674,Premium
Coopérative Oasis,Cooperative Grains Alliance,Espagne,Meknès-Fès,0.0,Pommes de terre,383.8802465966919,9314.16025892856,Bio Certifié
Dairy Meadows,Marché Wholesale Agadir,France,Marrakech-Safi,0.0,Raisins de Table,63.48570075676113,2762.5569125472284,Bio Certifié
Mercabarna,Fazenda Brasil,France,Marrakech-Safi,0.0,Pommes,113.15190066747613,13662.029168983645,Bio Certifié
Coopérative Oasis,Union Agricole Méditerranée,Maroc,Provence,0.0,Olives à Huile,154.08118110278474,2962.278482118488,Standard
Fattoria Toscana,Dairy Meadows,Nouvelle-Zélande,Meknès-Fès,0.0,Raisins de Cuve,189.86228219909256,5355.657165432177,Bio Certifié
Dairy Meadows,Dairy Meadows,Tunisie,Meknès-Fès,0.0,Salades,629.4232653982505,2636.829420775854,Bio Certifié
Coopérative Oasis,Green Valley Farm,Tunisie,São Paulo,0.0,Riz,54.10760782989905,3381.341627316242,Premium
Fattoria Toscana,Union Agricole Méditerranée,Maroc,Canterbury,0.0,Pommes,923.3150461764454,3170.6347362906317,Premium
Domaine Saada,Fazenda Brasil,USA,Provence,0.0,Maïs,250.76965753691172,1289.245679356922,Bio Certifié
Union Agricole Méditerranée,Hacienda El Sol,Maroc,Toscane,0.0,Blé,103.6613659304297,15272.332166117918,Standard
Green Valley Farm,Fattoria Toscana,Italie,Toscane,0.0,Orge,36.10330103935418,2612.1482937945707,Bio Certifié
Cooperative Grains Alliance,Domaine Provence Bio,Italie,Andalousie,0.0,Salades,165.000079338541,4142.79048323805,Standard
Rungis International,Cooperative Grains Alliance,France,Marrakech-Safi,0.0,Riz,78.49646358557919,1914.270214306074,Standard
Domaine Saada,Fattoria Toscana,Nouvelle-Zélande,Île-de-France,0.0,Arabica,86.99146910362808,23205.622538766103,Bio Certifié
Green Valley Farm,Fattoria Toscana,Espagne,Californie,0.0,Raisins de Cuve,580.6261101406387,2999.408944677827,Bio Certifié
Ferme Al Baraka,Fazenda Brasil,Espagne,Sfax,0.0,Raisins de Table,127.85239251114587,9666.956865589827,Standard
Rungis International,Domaine Provence Bio,Maroc,Californie,0.0,Olives à Huile,68.0400707385975,25311.766972209713,Standard
Hacienda El Sol,Fazenda Brasil,Maroc,Meknès-Fès,0.0,Olives de Table,144.5288568169539,-890.9542829614954,Bio Certifié
Hacienda El Sol,Fattoria Toscana,Tunisie,São Paulo,0.0,Olives de Table,1239.4234843004665,26795.52361886274,Bio Certifié
Domaine Saada,Fattoria Toscana,Maroc,Andalousie,0.0,Carottes,143.80886774215782,5079.62448118493,Commerce Équitable
Fazenda Brasil,Domaine Provence Bio,Maroc,Sfax,0.0,Raisins de Cuve,121.54603184150082,3478.23891491673,Bio Certifié
Fazenda Brasil,Dairy Meadows,Maroc,Californie,0.0,Citrons,119.11866491619128,7701.2953166256375,Standard
Union Agricole Méditerranée,Fattoria Toscana,Maroc,Andalousie,0.0,Blé,280.00159868075997,3374.007025271848,Standard
Green Valley Farm,Rungis International,Tunisie,Kansas,0.0,Olives à Huile,131.16140214249705,2473.197125298846,Standard
Union Agricole Méditerranée,Rungis International,Brésil,Provence,0.0,Olives à Huile,262.11813711785976,3398.316929288343,Premium
Green Valley Farm,Ferme Al Baraka,Italie,Catalogne,0.0,Deglet Nour,252.78146353698594,5412.8652799425545,Bio Certifié
Coopérative Oasis,Domaine Saada,USA,São Paulo,0.0,Orge,121.268156395111,3735.967222073788,Bio Certifié
Dairy Meadows,Ferme Al Baraka,USA,Canterbury,0.0,Olives à Huile,121.96297170334644,98.39224025631552,Bio Certifié
Dairy Meadows,Fazenda Brasil,Espagne,Californie,0.0,Olives de Table,529.936461986583,5800.16877542775,Bio Certifié
Dairy Meadows,Ferme Al Baraka,Espagne,Souss-Massa,0.0,Tomates,172.459421605986,2603.4468849293735,Bio Certifié
Green Valley Farm,Green Valley Farm,USA,Sfax,0.0,Riz,45.591152303254304,937.2113367399472,Bio Certifié
Domaine Saada,Fazenda Brasil,Espagne,Marrakech-Safi,0.0,Olives de Table,97.27569823871558,958.0426748106737,Bio Certifié
Domaine Saada,Fattoria Toscana,Italie,Meknès-Fès,0.0,Olives de Table,-9.619981782277868,3941.1605076662954,Bio Certifié
Fazenda Brasil,Ferme Al Baraka,Brésil,Sfax,0.0,Riz,156.27775927149193,2887.3146015160023,Premium
Green Valley Farm,Coopérative Oasis,France,São Paulo,0.0,Salades,235.91170900844963,645.9901847988369,Bio Certifié
Green Valley Farm,Union Agricole Méditerranée,France,Canterbury,0.0,Oranges,297.36486822295234,4453.616990684162,Bio Certifié
Rungis International,Mercabarna,Nouvelle-Zélande,Californie,0.0,Fromage,146.74817235423936,27409.882489381023,Standard
Dairy Meadows,Ferme Al Baraka,Espagne,Kansas,0.0,Raisins de Table,227.83455271383096,2223.755627016852,Bio Certifié
Dairy Meadows,Union Agricole Méditerranée,Brésil,Sfax,0.0,Beurre,170.8013441762637,3300.6790675712564,Standard
Hacienda El Sol,Fazenda Brasil,Italie,Kansas,0.0,Riz,142.59333850432304,1295.3774600560912,Premium
Fattoria Toscana,Coopérative Oasis,Italie,Marrakech-Safi,0.0,Blé,79.14009412824589,20437.19063587937,Standard
Domaine Saada,Domaine Provence Bio,Italie,Souss-Massa,0.0,Olives à Huile,97.25184376287135,1886.3518791419137,Standard
Green Valley Farm,Fazenda Brasil,Brésil,Marrakech-Safi,0.0,Tomates,108.46847218838212,93.73053557138292,Premium
Ferme Al Baraka,Dairy Meadows,France,Andalousie,0.0,Fromage,167.9878633418781,3589.917265545094,Bio Certifié
Mercabarna,Mercabarna,USA,Kansas,0.0,Tomates,-32.97404433805527,2467.9655370591645,Bio Certifié
Cooperative Grains Alliance,Union Agricole Méditerranée,Italie,Toscane,0.0,Salades,189.60663962450099,3344.4439833723545,Premium
Union Agricole Méditerranée,Union Agricole Méditerranée,France,Île-de-France,0.0,Yaourt,14.095468263300177,11265.398260358488,Bio Certifié
Ferme Al Baraka,Coopérative Oasis,Brésil,Toscane,0.0,Deglet Nour,155.2511238000239,10163.35126939886,Bio Certifié
Mercabarna,Fattoria Toscana,Tunisie,Californie,0.0,Orge,276.31966201714425,3664.0393122699206,Bio Certifié
Fattoria Toscana,Rungis International,Maroc,Andalousie,0.0,Mandarines,223.70579060730043,1932.402888756833,Bio Certifié
Domaine Provence Bio,Dairy Meadows,Brésil,Kansas,0.0,Tomates,277.95065229903446,2547.442167263862,Bio Certifié
Domaine Saada,Union Agricole Méditerranée,Maroc,Catalogne,0.0,Courgettes,583.5425221486312,4251.572757959594,Standard
Union Agricole Méditerranée,Fattoria Toscana,Italie,Souss-Massa,0.0,Raisins de Cuve,83.99631552075562,2189.111310509238,Standard
Mercabarna,Rungis International,France,Andalousie,0.0,Tomates,108.34550209873072,5344.918981396679,Standard
Hacienda El Sol,Fazenda Brasil,Maroc,Île-de-France,0.0,Robusta,53.225111345051275,3622.4744926123394,Bio Certifié
Green Valley Farm,Fattoria Toscana,Nouvelle-Zélande,Catalogne,0.0,Orge,116.3782432464329,979.1611552521501,Bio Certifié
Rungis International,Fattoria Toscana,Espagne,Sfax,0.0,Pommes,142.65425563831133,2127.333163837293,Premium
Dairy Meadows,Ferme Al Baraka,Maroc,Souss-Massa,0.0,Yaourt,213.17316679734955,-636.0164611897014,Bio Certifié
Union Agricole Méditerranée,Mercabarna,Maroc,Toscane,0.0,Pommes,36.452084833546934,624.790163224287,Standard
Domaine Saada,Domaine Saada,USA,Californie,0.0,Tomates,256.5894187659968,809.2121876722858,Standard
Marché Wholesale Agadir,Fazenda Brasil,Maroc,Californie,0.0,Pommes de terre,1023.7093617026358,4135.3722010717465,Standard
Domaine Saada,Cooperative Grains Alliance,USA,Californie,0.0,Deglet Nour,140.26057295377854,2332.1035813944272,Standard
Ferme Al Baraka,Domaine Saada,France,Californie,0.0,Raisins de Cuve,123.73013215113306,2283.660282374082,Standard
Domaine Provence Bio,Rungis International,Brésil,Meknès-Fès,0.0,Orge,171.44742830278673,911.37361611748,Bio Certifié
Marché Wholesale Agadir,Ferme Al Baraka,France,Souss-Massa,0.0,Bananes,722.8379102467628,3898.833594195673,Premium
Fattoria Toscana,Rungis International,USA,Catalogne,0.0,Riz,82.6195266939691,2675.5956070103825,Premium
Hacienda El Sol,Ferme Al Baraka,Maroc,Île-de-France,0.0,Arabica,41.293703850815994,1635.9743722309893,Premium
Ferme Al Baraka,Mercabarna,Maroc,Andalousie,0.0,Oignons,126.81154132016908,3544.911271260491,Bio Certifié
Union Agricole Méditerranée,Mercabarna,USA,Île-de-France,0.0,Courgettes,494.79623854199383,2681.5718418131837,Standard
Fattoria Toscana,Fazenda Brasil,Tunisie,Toscane,0.0,Arabica,111.33489336808262,2756.505051401147,Standard
Hacienda El Sol,Domaine Saada,USA,Californie,0.0,Pommes,81.40953915037299,3293.0308163564187,Standard
Marché Wholesale Agadir,Dairy Meadows,Espagne,Marrakech-Safi,0.0,Pommes,513.8575693580626,3738.655359029215,Standard
Fazenda Brasil,Rungis International,Brésil,Marrakech-Safi,0.0,Raisins de Table,535.478554441828,26411.27386484694,Bio Certifié
Fattoria Toscana,Hacienda El Sol,Brésil,Sfax,0.0,Deglet Nour,100.8640538080196,4528.464533993293,Standard
Rungis International,Dairy Meadows,Italie,Île-de-France,0.0,Pommes,749.880825746142,3446.6978052798104,Standard
Green Valley Farm,Fattoria Toscana,USA,Kansas,0.0,Pamplemousses,231.85359673331988,11946.13663377262,Premium
Green Valley Farm,Fattoria Toscana,France,Souss-Massa,0.0,Citrons,-0.6247832043676311,3205.2057332969175,Bio Certifié
Domaine Saada,Mercabarna,France,Provence,0.0,Medjool,48.8244523869852,9943.820969765276,Bio Certifié
Domaine Saada,Hacienda El Sol,Nouvelle-Zélande,Souss-Massa,0.0,Pommes,125.60042446797175,3053.0706361260172,Standard
Domaine Provence Bio,Union Agricole Méditerranée,France,Californie,0.0,Fromage,33.811263292153896,3739.584469448265,Premium
Union Agricole Méditerranée,Hacienda El Sol,Maroc,Île-de-France,0.0,Raisins de Table,143.49298666168997,2978.954310110037,Standard
Hacienda El Sol,Fattoria Toscana,Italie,Kansas,0.0,Olives de Table,176.39315121150335,3857.451927592966,Standard
Fattoria Toscana,Coopérative Oasis,France,Sfax,0.0,Raisins de Table,26.15565188766835,14288.43892214596,Bio Certifié
Ferme Al Baraka,Marché Wholesale Agadir,France,Marrakech-Safi,0.0,Raisins de Table,134.49719262703397,3008.52816920001,Bio Certifié
Dairy Meadows,Green Valley Farm,France,Canterbury,0.0,Carottes,138.05091418286025,1072.531957066608,Commerce Équitable
Marché Wholesale Agadir,Domaine Saada,Maroc,Souss-Massa,0.0,Riz,0.29183530307319216,5229.164755942231,Bio Certifié
Fattoria Toscana,Ferme Al Baraka,France,Sfax,0.0,Raisins de Table,117.78937181077843,3475.365455100192,Standard
Dairy Meadows,Hacienda El Sol,Tunisie,Canterbury,0.0,Olives à Huile,289.0061367920785,5061.050621678436,Premium
Hacienda El Sol,Domaine Saada,Maroc,Souss-Massa,0.0,Raisins de Table,84.79939865812743,897.813011974093,Standard
Fattoria Toscana,Hacienda El Sol,USA,Île-de-France,0.0,Olives de Table,77.86277947756594,2627.992608170185,Premium
Fattoria Toscana,Fattoria Toscana,Italie,Toscane,0.0,Blé,662.4906581284102,2530.394302561111,Premium
Fazenda Brasil,Dairy Meadows,Maroc,Catalogne,0.0,Tomates,101.40558838203197,2206.651977606193,Premium
Fattoria Toscana,Fattoria Toscana,Nouvelle-Zélande,Californie,0.0,Raisins de Table,248.60445393788922,23107.05142166724,Standard
Rungis International,Rungis International,Tunisie,Souss-Massa,0.0,Raisins de Cuve,187.7226817862861,1430.5268030919501,Standard
Mercabarna,Green Valley Farm,France,Canterbury,0.0,Lait,170.03351043877697,2181.276957134045,Commerce Équitable
Ferme Al Baraka,Hacienda El Sol,Maroc,Canterbury,0.0,Raisins de Table,34.83392222467161,-499.87604160907676,Premium
Fattoria Toscana,Coopérative Oasis,Maroc,Marrakech-Safi,0.0,Maïs,55.777401905391955,1790.6411812173287,Bio Certifié
Fazenda Brasil,Domaine Provence Bio,USA,Catalogne,0.0,Bananes,189.7149536585399,5785.5786271000925,Standard
Coopérative Oasis,Rungis International,Brésil,Sfax,0.0,Arabica,122.65515705499402,1946.946460074707,Premium
Dairy Meadows,Rungis International,Maroc,São Paulo,0.0,Yaourt,50.93795343424406,289.35421270830784,Premium
Domaine Provence Bio,Ferme Al Baraka,Maroc,Toscane,0.0,Riz,-38.65418263698283,3681.5794881505667,Bio Certifié
Domaine Saada,Domaine Saada,Italie,São Paulo,0.0,Robusta,130.68792258271134,5610.501152267195,Bio Certifié
Coopérative Oasis,Coopérative Oasis,France,Kansas,0.0,Tomates,123.97930536311081,941.1417659339045,Standard
Fazenda Brasil,Ferme Al Baraka,Italie,Californie,0.0,Blé,74.27547937345311,2785.615214876382,Bio Certifié
Fazenda Brasil,Marché Wholesale Agadir,Tunisie,Canterbury,0.0,Salades,593.0895478305498,27640.020225098247,Standard
Ferme Al Baraka,Fazenda Brasil,Tunisie,Sfax,0.0,Orge,47.893686941138064,-108.72694892246409,Premium
Marché Wholesale Agadir,Domaine Provence Bio,Maroc,São Paulo,0.0,Olives de Table,230.87425533871783,2773.667009683051,Bio Certifié
Hacienda El Sol,Domaine Saada,France,São Paulo,0.0,Raisins de Cuve,44.518917473344054,2661.354351982937,Bio Certifié
Fattoria Toscana,Hacienda El Sol,USA,Meknès-Fès,0.0,Raisins de Cuve,117.01626364002973,2806.595073288432,Bio Certifié
Fazenda Brasil,Mercabarna,Maroc,Sfax,0.0,Riz,619.7272177927081,5311.032860338398,Standard
Dairy Meadows,Domaine Provence Bio,France,Sfax,0.0,Olives à Huile,421.02233225178713,4638.353015014162,Premium
Coopérative Oasis,Cooperative Grains Alliance,USA,Catalogne,0.0,Salades,11.590561305635617,8795.023307174384,Standard
Fattoria Toscana,Union Agricole Méditerranée,Maroc,Sfax,0.0,Blé,209.9703343705092,4610.624656895152,Bio Certifié
Ferme Al Baraka,Marché Wholesale Agadir,Tunisie,Sfax,0.0,Raisins de Table,102.29219829843967,3581.8606099477706,Premium
Mercabarna,Coopérative Oasis,Maroc,Meknès-Fès,0.0,Raisins de Cuve,325.92730471694273,2759.680549579113,Bio Certifié
Domaine Provence Bio,Fattoria Toscana,Tunisie,Californie,0.0,Bananes,126.2718497636302,2793.4251602441914,Commerce Équitable
Domaine Provence Bio,Union Agricole Méditerranée,Tunisie,Kansas,0.0,Orge,284.65162027295247,3837.600066205331,Bio Certifié
Union Agricole Méditerranée,Coopérative Oasis,Tunisie,Île-de-France,0.0,Raisins de Table,547.4204946025262,5376.200100661938,Standard
Fazenda Brasil,Cooperative Grains Alliance,France,Californie,0.0,Citrons,76.60932447456794,2184.0767907528507,Premium
Green Valley Farm,Rungis International,Maroc,Kansas,0.0,Olives de Table,651.5700864644248,1386.4385982210972,Bio Certifié
Dairy Meadows,Rungis International,France,Canterbury,0.0,Pommes,68.44843047629273,13335.479168304584,Commerce Équitable
Rungis International,Marché Wholesale Agadir,Brésil,Île-de-France,0.0,Carottes,115.62365793977759,3489.6155725794742,Premium
Dairy Meadows,Marché Wholesale Agadir,Italie,Provence,0.0,Oranges,281.1800222893064,2779.7368500248162,Premium
Hacienda El Sol,Ferme Al Baraka,France,Souss-Massa,0.0,Salades,107.94571374778857,1535.6550544344398,Bio Certifié
Domaine Provence Bio,Union Agricole Méditerranée,Maroc,Kansas,0.0,Courgettes,211.9082689107175,293.2754922972574,Premium
Domaine Saada,Cooperative Grains Alliance,USA,Meknès-Fès,0.0,Raisins de Cuve,161.7947279957334,4164.276758697937,Standard
Dairy Meadows,Mercabarna,France,Californie,0.0,Raisins de Table,25.885865086830684,3322.7445146149093,Bio Certifié
Coopérative Oasis,Fattoria Toscana,France,Californie,0.0,Olives à Huile,47.19372387323922,1039.6682834704284,Bio Certifié
Cooperative Grains Alliance,Domaine Provence Bio,USA,Canterbury,0.0,Riz,104.07017564408596,1185.3646892452778,Premium
Rungis International,Domaine Provence Bio,Nouvelle-Zélande,Andalousie,0.0,Arabica,161.1367452426307,387.5450353023341,Commerce Équitable
Domaine Provence Bio,Fazenda Brasil,Italie,Andalousie,0.0,Raisins de Table,473.80094010007264,1052.0071473920302,Premium
Dairy Meadows,Rungis International,Tunisie,Meknès-Fès,0.0,Raisins de Cuve,39.85185854806943,3712.4010070611394,Bio Certifié
Domaine Provence Bio,Fattoria Toscana,Maroc,Île-de-France,0.0,Blé,163.97419530914226,3755.771488401656,Bio Certifié
Cooperative Grains Alliance,Marché Wholesale Agadir,France,São Paulo,0.0,Olives de Table,277.97579061786405,2692.964033780654,Premium
Green Valley Farm,Green Valley Farm,Espagne,Souss-Massa,0.0,Oignons,165.67101841226088,7703.348248978543,Standard
Domaine Saada,Ferme Al Baraka,Maroc,Souss-Massa,0.0,Blé,96.6826800132041,11919.820692552967,Premium
Dairy Meadows,Coopérative Oasis,Maroc,Meknès-Fès,0.0,Pommes,17.59176400581589,7298.328253023878,Bio Certifié
Rungis International,Cooperative Grains Alliance,USA,Canterbury,0.0,Medjool,125.51133359638371,32.406976456162056,Standard
Cooperative Grains Alliance,Fattoria Toscana,Brésil,Andalousie,0.0,Olives à Huile,195.36983942651455,2651.796564367647,Commerce Équitable
Domaine Saada,Ferme Al Baraka,Maroc,Souss-Massa,0.0,Medjool,157.40625007037664,2122.2215422272357,Bio Certifié
Rungis International,Fattoria Toscana,France,Canterbury,0.0,Oignons,262.859823308148,5808.063467575024,Bio Certifié
Green Valley Farm,Mercabarna,France,São Paulo,0.0,Tomates,189.49004552446658,4326.175681422123,Standard
Fattoria Toscana,Rungis International,Maroc,Île-de-France,0.0,Raisins de Cuve,146.50081199417426,1410.729464101903,Premium
Fazenda Brasil,Domaine Provence Bio,France,Île-de-France,0.0,Pommes de terre,163.32698134140716,3396.012991098466,Premium
Domaine Provence Bio,Rungis International,USA,Californie,0.0,Pommes de terre,227.96117232931292,5365.524497111674,Standard
Domaine Saada,Mercabarna,USA,Canterbury,0.0,Pommes de terre,107.07684511660221,1938.0314588717142,Bio Certifié
Fattoria Toscana,Ferme Al Baraka,USA,Marrakech-Safi,0.0,Robusta,28.62652668284231,2056.077360500463,Standard
Coopérative Oasis,Hacienda El Sol,Italie,Canterbury,0.0,Bananes,993.4696777001614,13531.39981263179,Bio Certifié
Domaine Provence Bio,Fattoria Toscana,Maroc,Kansas,0.0,Orge,4.253751316501621,4426.925700970768,Premium
Coopérative Oasis,Cooperative Grains Alliance,Maroc,Canterbury,0.0,Raisins de Cuve,15.82977609723195,4365.904595984319,Premium
Union Agricole Méditerranée,Dairy Meadows,Nouvelle-Zélande,Souss-Massa,0.0,Mandarines,155.1096164521956,3572.0844166261377,Bio Certifié
Domaine Provence Bio,Cooperative Grains Alliance,France,Toscane,0.0,Robusta,138.8806349054358,8736.68898228313,Standard
Coopérative Oasis,Union Agricole Méditerranée,Maroc,Île-de-France,0.0,Raisins de Table,154.82772703088204,19522.464112055954,Standard
Green Valley Farm,Domaine Saada,Nouvelle-Zélande,Provence,0.0,Riz,118.15684902543657,10780.073022885786,Premium
Dairy Meadows,Fazenda Brasil,France,São Paulo,0.0,Yaourt,-5.009322756586506,2141.3794389999007,Premium
Coopérative Oasis,Domaine Provence Bio,Tunisie,Andalousie,0.0,Medjool,190.26570787406044,1212.7032259577672,Commerce Équitable
Ferme Al Baraka,Union Agricole Méditerranée,USA,Californie,0.0,Yaourt,20.99277843075525,3566.520659827792,Bio Certifié
Domaine Saada,Coopérative Oasis,Brésil,Andalousie,0.0,Olives à Huile,126.26220367700898,4353.013800064422,Commerce Équitable
Dairy Meadows,Mercabarna,Nouvelle-Zélande,Californie,0.0,Olives à Huile,165.43106019785066,3395.3906184574635,Premium
Hacienda El Sol,Coopérative Oasis,Maroc,Canterbury,0.0,Blé,85.47961103630202,11735.153093382178,Bio Certifié
Domaine Provence Bio,Dairy Meadows,Nouvelle-Zélande,Californie,0.0,Olives à Huile,101.0356862985607,3840.6263211848736,Bio Certifié
Rungis International,Rungis International,France,Sfax,0.0,Pamplemousses,-22.060467177255795,2543.7612946334425,Bio Certifié
Union Agricole Méditerranée,Union Agricole Méditerranée,Maroc,Meknès-Fès,0.0,Pommes de terre,740.0371286814393,4687.646346274594,Standard
Ferme Al Baraka,Dairy Meadows,Espagne,Sfax,0.0,Salades,207.14308612189748,5074.165438629183,Premium
Green Valley Farm,Fazenda Brasil,France,Canterbury,0.0,Lait,235.97317960292506,2210.110749571765,Standard
Ferme Al Baraka,Hacienda El Sol,Maroc,Souss-Massa,0.0,Maïs,6.000793907000805,2711.366579622878,Bio Certifié
Fattoria Toscana,Green Valley Farm,Italie,Californie,0.0,Arabica,89.42309114142361,4019.3249446885766,Bio Certifié
Ferme Al Baraka,Domaine Provence Bio,USA,Sfax,0.0,Raisins de Cuve,99.41220049399405,1149.9024935872321,Bio Certifié
Domaine Saada,Green Valley Farm,USA,Souss-Massa,0.0,Salades,447.8568243979733,3082.543383319986,Standard
Hacienda El Sol,Dairy Meadows,Italie,Sfax,0.0,Robusta,1085.4693285803355,2768.878439866651,Premium
Coopérative Oasis,Fattoria Toscana,France,Marrakech-Safi,0.0,Tomates,88.30316650486535,2201.7625304064504,Bio Certifié
Cooperative Grains Alliance,Rungis International,Espagne,Sfax,0.0,Pamplemousses,8.587810555809227,615.5445723203418,Standard
Ferme Al Baraka,Green Valley Farm,France,Catalogne,0.0,Raisins de Cuve,275.01389272461097,1914.5493371719958,Bio Certifié
Cooperative Grains Alliance,Green Valley Farm,France,São Paulo,0.0,Beurre,151.86021334523747,12583.740922078552,Standard
Domaine Saada,Coopérative Oasis,France,Toscane,0.0,Raisins de Cuve,26.625265149147992,4220.4925662431615,Standard
Fazenda Brasil,Domaine Saada,Italie,Canterbury,0.0,Arabica,421.594235321186,3027.7144205950744,Bio Certifié
Rungis International,Hacienda El Sol,France,Canterbury,0.0,Pamplemousses,48.847891547421995,2995.2507587947675,Premium
Marché Wholesale Agadir,Dairy Meadows,Maroc,Souss-Massa,0.0,Arabica,45.20458467403775,2114.9093462864935,Bio Certifié
Fattoria Toscana,Cooperative Grains Alliance,Nouvelle-Zélande,Provence,0.0,Robusta,80.32038762711176,-707.1391739177907,Standard
Hacienda El Sol,Ferme Al Baraka,France,Sfax,0.0,Blé,-1.9589662975611475,24378.10597591441,Bio Certifié
Fazenda Brasil,Union Agricole Méditerranée,France,Provence,0.0,Orge,272.9468478173611,4016.677434285869,Premium
Hacienda El Sol,Mercabarna,Maroc,Souss-Massa,0.0,Riz,159.0892999630373,3880.8169499064134,Premium
Ferme Al Baraka,Dairy Meadows,USA,São Paulo,0.0,Robusta,65.98755993958368,553.1668884721713,Bio Certifié
Domaine Saada,Cooperative Grains Alliance,Nouvelle-Zélande,Sfax,0.0,Deglet Nour,249.50466348226578,2778.9951769485447,Premium
Dairy Meadows,Hacienda El Sol,Italie,Kansas,0.0,Fromage,435.2589388162696,26525.268285615028,Commerce Équitable
Domaine Provence Bio,Ferme Al Baraka,France,São Paulo,0.0,Riz,169.27928917514038,3358.9808976665154,Standard
Domaine Provence Bio,Rungis International,Nouvelle-Zélande,São Paulo,0.0,Tomates,161.8686878099621,2763.013592720971,Bio Certifié
Union Agricole Méditerranée,Hacienda El Sol,Italie,Kansas,0.0,Maïs,340.4255721699383,13754.403164333911,Standard
Hacienda El Sol,Hacienda El Sol,Tunisie,Sfax,0.0,Courgettes,850.5278120997565,2202.389200409303,Premium
Fazenda Brasil,Union Agricole Méditerranée,France,Toscane,0.0,Raisins de Table,226.05233823010627,1623.103507059907,Premium
Dairy Meadows,Fattoria Toscana,Maroc,Toscane,0.0,Medjool,82.69424891569427,-78.72958846959455,Premium
Ferme Al Baraka,Fazenda Brasil,Maroc,Canterbury,0.0,Pommes,88.25170052978739,1559.244860065377,Standard
Union Agricole Méditerranée,Mercabarna,Italie,Californie,0.0,Olives de Table,207.30068626305257,12120.1785955203,Premium
Dairy Meadows,Domaine Provence Bio,France,Californie,0.0,Citrons,550.1722220182071,16131.088902978232,Bio Certifié
Fazenda Brasil,Union Agricole Méditerranée,Maroc,Sfax,0.0,Courgettes,74.37091905635556,3509.2996904379015,Standard
Hacienda El Sol,Fattoria Toscana,Maroc,Souss-Massa,0.0,Raisins de Cuve,62.96866062968354,11673.942904017906,Standard
Cooperative Grains Alliance,Fattoria Toscana,Espagne,Kansas,0.0,Raisins de Cuve,64.19387827590771,4668.609966862219,Standard
Ferme Al Baraka,Union Agricole Méditerranée,Espagne,Souss-Massa,0.0,Pommes,1.8210371040433628,2491.7167116403466,Premium
Green Valley Farm,Fattoria Toscana,Maroc,Meknès-Fès,0.0,Olives à Huile,196.36080533949993,1337.100084481506,Standard
Rungis International,Fazenda Brasil,France,Californie,0.0,Arabica,111.0472101932215,2131.9923446800876,Bio Certifié
Green Valley Farm,Coopérative Oasis,USA,Canterbury,0.0,Lait,180.2076067163341,3542.1594420494157,Bio Certifié
Rungis International,Domaine Provence Bio,Brésil,Souss-Massa,0.0,Olives à Huile,58.63218681480117,196.50427492569565,Bio Certifié
Coopérative Oasis,Hacienda El Sol,Espagne,Toscane,0.0,Riz,92.73401472256546,2815.871370938389,Bio Certifié
Ferme Al Baraka,Cooperative Grains Alliance,Tunisie,Sfax,0.0,Courgettes,169.2652991333204,2492.340131402897,Premium
Mercabarna,Domaine Saada,Tunisie,Kansas,0.0,Orge,66.53035551795972,5808.5949027662455,Commerce Équitable
Mercabarna,Union Agricole Méditerranée,Maroc,Provence,0.0,Olives à Huile,106.34005535172882,5617.856853948265,Standard
Dairy Meadows,Coopérative Oasis,Nouvelle-Zélande,Souss-Massa,0.0,Bananes,304.1352598860941,2240.677904715686,Commerce Équitable
Green Valley Farm,Hacienda El Sol,Nouvelle-Zélande,Canterbury,0.0,Mandarines,766.058690581084,188.1649653888337,Bio Certifié
Coopérative Oasis,Fazenda Brasil,France,Île-de-France,0.0,Olives de Table,25.510106307254233,-985.2384787438652,Premium
Rungis International,Fazenda Brasil,Nouvelle-Zélande,Souss-Massa,0.0,Pamplemousses,151.58678523407426,3544.485078451463,Bio Certifié
Mercabarna,Dairy Meadows,USA,Île-de-France,0.0,Raisins de Table,-53.77057896091791,1859.0405841505008,Bio Certifié
Ferme Al Baraka,Domaine Provence Bio,USA,Catalogne,0.0,Courgettes,287.9924009073104,1797.7767139018424,Standard
Domaine Provence Bio,Hacienda El Sol,Nouvelle-Zélande,Kansas,0.0,Olives à Huile,173.9846401352363,3048.2749995516315,Commerce Équitable
Fattoria Toscana,Cooperative Grains Alliance,France,Provence,0.0,Robusta,688.7371182253972,11255.647691616035,Bio Certifié
Fattoria Toscana,Hacienda El Sol,USA,Toscane,0.0,Olives de Table,103.59837009641336,3461.7279582358606,Bio Certifié
Ferme Al Baraka,Fattoria Toscana,USA,Catalogne,0.0,Orge,91.83261630144284,1312.6839231572405,Bio Certifié
Cooperative Grains Alliance,Marché Wholesale Agadir,Italie,São Paulo,0.0,Olives à Huile,173.0678713577541,5379.71088013871,Bio Certifié
Cooperative Grains Alliance,Fazenda Brasil,Maroc,Kansas,0.0,Oignons,1081.9995682361684,14510.89492829872,Standard
Ferme Al Baraka,Domaine Provence Bio,Espagne,Canterbury,0.0,Salades,-10.83859969005885,2914.024124804281,Premium
Hacienda El Sol,Fattoria Toscana,Espagne,Marrakech-Safi,0.0,Olives de Table,56.250834350646144,715.2952684832117,Standard
Union Agricole Méditerranée,Domaine Provence Bio,Brésil,Canterbury,0.0,Olives à Huile,257.99022128985143,2567.5559788805585,Standard
Fattoria Toscana,Hacienda El Sol,Maroc,Kansas,0.0,Deglet Nour,146.11947245862447,2636.262313447457,Bio Certifié
Rungis International,Domaine Saada,USA,Île-de-France,0.0,Carottes,559.0431688974097,2678.0472962675394,Bio Certifié
Ferme Al Baraka,Cooperative Grains Alliance,Nouvelle-Zélande,Andalousie,0.0,Raisins de Table,114.60393377344957,2231.2393240162587,Bio Certifié
Fazenda Brasil,Hacienda El Sol,Espagne,Sfax,0.0,Olives de Table,92.6686279500757,2418.4419494757067,Bio Certifié
Ferme Al Baraka,Fattoria Toscana,France,Sfax,0.0,Deglet Nour,40.24472906469786,1135.4801659460704,Standard
Coopérative Oasis,Union Agricole Méditerranée,Maroc,Souss-Massa,0.0,Blé,732.3466738800618,3440.398519214593,Bio Certifié
Union Agricole Méditerranée,Green Valley Farm,Maroc,São Paulo,0.0,Lait,148.51653372139265,4765.590046746958,Bio Certifié
Mercabarna,Union Agricole Méditerranée,Espagne,Provence,0.0,Pommes de terre,16.201102376463403,66.42956515973015,Standard
Hacienda El Sol,Cooperative Grains Alliance,Italie,Californie,0.0,Raisins de Table,30.12749140008232,3675.991560443997,Bio Certifié
Dairy Meadows,Fazenda Brasil,France,Californie,0.0,Oranges,145.84994996405518,11488.882192232264,Bio Certifié
Hacienda El Sol,Fazenda Brasil,Maroc,Andalousie,0.0,Raisins de Table,279.8325353123498,5472.507333416161,Bio Certifié
Mercabarna,Fattoria Toscana,Italie,Sfax,0.0,Arabica,255.7376779006184,5037.565690880962,Bio Certifié
Hacienda El Sol,Fattoria Toscana,Italie,Sfax,0.0,Deglet Nour,75.49344962165908,4299.3433361503285,Standard
Domaine Saada,Fattoria Toscana,Maroc,Toscane,0.0,Pommes,215.72154703929695,2762.9122453086843,Premium
Union Agricole Méditerranée,Fazenda Brasil,Nouvelle-Zélande,Andalousie,0.0,Olives de Table,30.398835641989034,3323.4027326444857,Bio Certifié
Domaine Saada,Fazenda Brasil,Maroc,São Paulo,0.0,Raisins de Cuve,826.2108949539652,2428.735944403755,Premium
Green Valley Farm,Rungis International,Tunisie,São Paulo,0.0,Blé,202.84462112966443,1850.7233885769997,Bio Certifié
Fazenda Brasil,Cooperative Grains Alliance,France,São Paulo,0.0,Raisins de Cuve,103.43825212162903,1922.953581301398,Standard
Coopérative Oasis,Mercabarna,Maroc,Toscane,0.0,Olives à Huile,195.97064209036628,10506.914201661613,Premium
Rungis International,Union Agricole Méditerranée,USA,Catalogne,0.0,Olives de Table,187.18264144497525,1072.9604213335604,Standard
Mercabarna,Green Valley Farm,Brésil,Californie,0.0,Pommes de terre,128.05955620117206,3179.746487977013,Standard
Green Valley Farm,Cooperative Grains Alliance,Espagne,Californie,0.0,Raisins de Table,146.4376447813703,17978.43151512451,Bio Certifié
Fazenda Brasil,Fattoria Toscana,Maroc,Île-de-France,0.0,Olives de Table,611.848180461796,3511.6275141698025,Premium
Dairy Meadows,Rungis International,Italie,Provence,0.0,Riz,1367.3953841646523,3145.34970795967,Standard
Hacienda El Sol,Union Agricole Méditerranée,France,Sfax,0.0,Raisins de Table,193.7472039505356,1980.3640313076598,Standard
Marché Wholesale Agadir,Fazenda Brasil,Brésil,Île-de-France,0.0,Olives à Huile,111.09297422172034,2850.614123612282,Commerce Équitable
Hacienda El Sol,Fattoria Toscana,USA,Toscane,0.0,Raisins de Cuve,419.26218977612496,3963.2703784169553,Premium
Domaine Provence Bio,Ferme Al Baraka,Italie,São Paulo,0.0,Fromage,64.47167180919783,1804.317279687378,Bio Certifié
Domaine Provence Bio,Domaine Provence Bio,Maroc,Canterbury,0.0,Raisins de Table,-3.343594754076726,978.6237513644642,Standard
Marché Wholesale Agadir,Rungis International,Maroc,Toscane,0.0,Deglet Nour,213.51451035423437,13671.195375824123,Standard
Rungis International,Marché Wholesale Agadir,France,Canterbury,0.0,Riz,160.37387211435106,3159.202770624566,Standard
Mercabarna,Green Valley Farm,Italie,Souss-Massa,0.0,Raisins de Cuve,169.98509988784872,1464.0466493189201,Bio Certifié
Cooperative Grains Alliance,Cooperative Grains Alliance,Maroc,Catalogne,0.0,Oranges,174.8696248957459,2790.4123657560513,Commerce Équitable
Domaine Provence Bio,Hacienda El Sol,Tunisie,Meknès-Fès,0.0,Fromage,99.30759949150783,11575.887645157818,Standard
Rungis International,Fazenda Brasil,Maroc,Catalogne,0.0,Raisins de Cuve,203.78482695101587,2297.856053119327,Premium
Fazenda Brasil,Mercabarna,Italie,Sfax,0.0,Salades,109.94902684615172,2733.745379513416,Bio Certifié
Ferme Al Baraka,Dairy Meadows,Italie,Provence,0.0,Tomates,155.00558899992012,2530.06618716866,Bio Certifié
Green Valley Farm,Cooperative Grains Alliance,France,Meknès-Fès,0.0,Medjool,141.52738338178673,3407.5378706674082,Premium
Green Valley Farm,Rungis International,France,Souss-Massa,0.0,Orge,197.31886956102986,2625.092034779258,Bio Certifié
Marché Wholesale Agadir,Dairy Meadows,Maroc,Toscane,0.0,Salades,370.8409427211037,5176.661154355859,Premium
Hacienda El Sol,Marché Wholesale Agadir,Maroc,Californie,0.0,Salades,114.54441025635796,311.4427949715581,Bio Certifié
Hacienda El Sol,Fattoria Toscana,Italie,Meknès-Fès,0.0,Tomates,99.57882140985231,-253.12941812587565,Standard
Hacienda El Sol,Union Agricole Méditerranée,France,Andalousie,0.0,Raisins de Table,407.8429614699616,-432.493158160999,Premium
Ferme Al Baraka,Dairy Meadows,Nouvelle-Zélande,Catalogne,0.0,Deglet Nour,129.1200141116941,17476.634060407698,Premium
Dairy Meadows,Coopérative Oasis,Italie,Catalogne,0.0,Fromage,206.7721420503388,2526.7223487200927,Bio Certifié
Mercabarna,Rungis International,Espagne,São Paulo,0.0,Beurre,566.6414760804806,9674.805457223478,Bio Certifié
Ferme Al Baraka,Union Agricole Méditerranée,Brésil,São Paulo,0.0,Arabica,145.41051130415738,3809.208485411169,Bio Certifié
Mercabarna,Marché Wholesale Agadir,Tunisie,Andalousie,0.0,Raisins de Table,148.64041254033788,-443.13112636290793,Premium
Domaine Saada,Ferme Al Baraka,Nouvelle-Zélande,Souss-Massa,0.0,Olives à Huile,106.08332440680941,2616.3850211552735,Bio Certifié
Domaine Provence Bio,Coopérative Oasis,Italie,Toscane,0.0,Oranges,-9.541559272795375,4193.202663539762,Bio Certifié
Green Valley Farm,Cooperative Grains Alliance,USA,Kansas,0.0,Tomates,56.40816511429239,3847.2342022171115,Premium
Green Valley Farm,Union Agricole Méditerranée,France,Catalogne,0.0,Pamplemousses,39.68699478273069,3703.082308863265,Standard
Domaine Provence Bio,Green Valley Farm,Maroc,Toscane,0.0,Robusta,228.78145182894883,11655.271342633463,Premium
Fattoria Toscana,Coopérative Oasis,Brésil,São Paulo,0.0,Deglet Nour,197.055532688608,2713.906297747719,Standard
Coopérative Oasis,Rungis International,Espagne,Marrakech-Safi,0.0,Olives de Table,614.0660242299792,1080.731394372356,Premium
Marché Wholesale Agadir,Mercabarna,Brésil,Souss-Massa,0.0,Fromage,232.86489956733664,3956.7803972069923,Bio Certifié
Ferme Al Baraka,Green Valley Farm,USA,Île-de-France,0.0,Raisins de Table,513.641971416794,5543.176809659973,Standard
Hacienda El Sol,Hacienda El Sol,France,Californie,0.0,Raisins de Cuve,99.47590360703416,15129.246281625672,Standard
Dairy Meadows,Ferme Al Baraka,USA,Provence,0.0,Lait,285.4602778681103,2565.414443378958,Bio Certifié
Mercabarna,Dairy Meadows,Italie,Provence,0.0,Fromage,30.02837772042399,4750.323188121245,Premium
Domaine Provence Bio,Fazenda Brasil,Maroc,Meknès-Fès,0.0,Pommes,429.04688652187065,-190.6941065488886,Bio Certifié
Rungis International,Rungis International,Brésil,Canterbury,0.0,Raisins de Table,209.8219759754885,1553.6213822377258,Commerce Équitable
Fattoria Toscana,Fazenda Brasil,Maroc,Souss-Massa,0.0,Olives à Huile,57.69710432599508,5649.122435006486,Bio Certifié
Union Agricole Méditerranée,Union Agricole Méditerranée,USA,Sfax,0.0,Tomates,96.4394019563671,1768.2236161313967,Standard
Rungis International,Green Valley Farm,USA,Kansas,0.0,Pommes,160.35943793400847,3104.562663654982,Premium
Domaine Provence Bio,Domaine Saada,USA,Andalousie,0.0,Courgettes,56.61991184224704,2823.0851847932145,Bio Certifié
Domaine Saada,Dairy Meadows,Espagne,Toscane,0.0,Raisins de Table,186.46300341860768,25365.262826093305,Bio Certifié
Cooperative Grains Alliance,Hacienda El Sol,Italie,São Paulo,0.0,Medjool,155.36091273599328,3580.398630827949,Bio Certifié
Union Agricole Méditerranée,Ferme Al Baraka,USA,Meknès-Fès,0.0,Blé,60.37251156165598,2210.175253404873,Bio Certifié
Union Agricole Méditerranée,Union Agricole Méditerranée,Espagne,Catalogne,0.0,Oignons,285.87442541990697,2582.164598501253,Standard
Fattoria Toscana,Ferme Al Baraka,Brésil,Toscane,0.0,Pommes,196.14335022650272,2119.3416209109964,Bio Certifié
Fazenda Brasil,Union Agricole Méditerranée,USA,São Paulo,0.0,Carottes,939.6037566328336,2067.593736303991,Standard
Mercabarna,Fattoria Toscana,Maroc,São Paulo,0.0,Pamplemousses,346.51591249931715,-323.6093923895007,Standard
Domaine Provence Bio,Domaine Provence Bio,Maroc,Marrakech-Safi,0.0,Courgettes,257.23167684672916,14313.162034817055,Premium
Marché Wholesale Agadir,Hacienda El Sol,Maroc,Kansas,0.0,Olives de Table,240.17767402039019,2874.2712271929395,Bio Certifié
Rungis International,Domaine Saada,France,Andalousie,0.0,Yaourt,177.14624623340947,484.1661380855975,Standard
Cooperative Grains Alliance,Domaine Provence Bio,Espagne,Marrakech-Safi,0.0,Citrons,74.67582910217189,652.6067320234944,Commerce Équitable
Domaine Saada,Dairy Meadows,Maroc,Canterbury,0.0,Arabica,219.26249658615626,3225.4298729476222,Premium
Coopérative Oasis,Mercabarna,Brésil,Canterbury,0.0,Olives à Huile,125.56357886354996,2632.187990956096,Bio Certifié
Dairy Meadows,Coopérative Oasis,Espagne,Toscane,0.0,Salades,84.67531306981137,-739.457108505108,Standard
Cooperative Grains Alliance,Ferme Al Baraka,Italie,Marrakech-Safi,0.0,Maïs,514.7141654795543,4687.372494414739,Standard
Fazenda Brasil,Domaine Provence Bio,France,Toscane,0.0,Arabica,828.5449989264175,4305.81485682991,Premium
Green Valley Farm,Fazenda Brasil,Tunisie,Provence,0.0,Robusta,166.98401593313778,3749.873837332394,Bio Certifié
Union Agricole Méditerranée,Domaine Saada,Nouvelle-Zélande,Marrakech-Safi,0.0,Raisins de Cuve,165.82433918780293,3483.102022341438,Standard
Domaine Saada,Rungis International,Espagne,Toscane,0.0,Arabica,90.67529560443279,19706.146320715594,Premium
Green Valley Farm,Mercabarna,USA,Kansas,0.0,Oranges,407.8841712556634,5144.902199586046,Standard
Green Valley Farm,Hacienda El Sol,Italie,Californie,0.0,Olives à Huile,112.26093952721212,3395.4749147848715,Standard
Green Valley Farm,Union Agricole Méditerranée,France,Toscane,0.0,Olives à Huile,49.05828916662452,1702.9822548014035,Bio Certifié
Fattoria Toscana,Cooperative Grains Alliance,France,Souss-Massa,0.0,Maïs,162.91255784998447,3612.236442851681,Standard
Rungis International,Fazenda Brasil,Tunisie,Île-de-France,0.0,Salades,126.7939747828938,909.1626038763386,Standard
Coopérative Oasis,Coopérative Oasis,Espagne,Canterbury,0.0,Salades,108.59654874927443,2012.9379998610866,Bio Certifié
Rungis International,Fattoria Toscana,Maroc,Kansas,0.0,Lait,45.69685405928775,1891.0503477939892,Standard
Mercabarna,Union Agricole Méditerranée,USA,Toscane,0.0,Riz,-17.078508084524877,340.48957052515345,Bio Certifié
Green Valley Farm,Domaine Saada,Maroc,Canterbury,0.0,Pommes de terre,114.80202786105136,5625.975638402568,Bio Certifié
Hacienda El Sol,Union Agricole Méditerranée,USA,Catalogne,0.0,Olives de Table,938.8068306985327,3707.9790673793113,Premium
Cooperative Grains Alliance,Rungis International,Tunisie,Canterbury,0.0,Olives à Huile,1419.9859331020707,3289.5926703399637,Bio Certifié
Fazenda Brasil,Green Valley Farm,France,São Paulo,0.0,Raisins de Cuve,371.70253413539746,3682.6545810150265,Bio Certifié
Mercabarna,Marché Wholesale Agadir,Espagne,Andalousie,0.0,Raisins de Table,575.8935081070026,5527.820927086588,Bio Certifié
Fattoria Toscana,Dairy Meadows,Maroc,São Paulo,0.0,Medjool,-19.658810043506854,7941.434299791877,Standard
Domaine Saada,Domaine Provence Bio,Maroc,Meknès-Fès,0.0,Carottes,79.87774015805486,774.3819125737484,Premium
Green Valley Farm,Cooperative Grains Alliance,Tunisie,Californie,0.0,Medjool,1291.6368639741936,1932.3478310995808,Premium
Coopérative Oasis,Rungis International,Brésil,Provence,0.0,Olives à Huile,110.0604784411322,2585.1363384906153,Bio Certifié
Dairy Meadows,Marché Wholesale Agadir,Espagne,Canterbury,0.0,Oignons,53.453599745367214,3529.5497737502683,Standard
Dairy Meadows,Fattoria Toscana,Maroc,Toscane,0.0,Arabica,123.76440896074811,4441.40224932284,Premium
Fattoria Toscana,Rungis International,Espagne,Provence,0.0,Salades,251.1454821351751,10699.311480750635,Bio Certifié
Domaine Provence Bio,Green Valley Farm,Nouvelle-Zélande,Marrakech-Safi,0.0,Olives à Huile,500.6796336879812,1199.8743838884482,Standard
Fattoria Toscana,Union Agricole Méditerranée,France,Souss-Massa,0.0,Pommes de terre,40.733223841746735,2312.5417756142624,Standard
Rungis International,Union Agricole Méditerranée,Brésil,Canterbury,0.0,Medjool,1030.4596649247896,3971.2859651787303,Premium
Mercabarna,Coopérative Oasis,Maroc,Californie,0.0,Fromage,-26.402979848452908,3666.2892598476383,Commerce Équitable
Rungis International,Green Valley Farm,Espagne,Marrakech-Safi,0.0,Raisins de Table,162.26494196197348,5007.104675332199,Premium
Fazenda Brasil,Ferme Al Baraka,Italie,Sfax,0.0,Medjool,57.21959514242275,5218.468339747674,Premium
Domaine Saada,Cooperative Grains Alliance,Italie,Kansas,0.0,Tomates,3.817514912714941,3482.918147618456,Bio Certifié
Rungis International,Dairy Meadows,Maroc,Souss-Massa,0.0,Olives à Huile,111.63711994075263,1313.95090227873,Standard
Domaine Saada,Domaine Provence Bio,Tunisie,Canterbury,0.0,Olives de Table,133.10113492439194,3607.184637395396,Bio Certifié
Green Valley Farm,Marché Wholesale Agadir,France,São Paulo,0.0,Lait,339.45791633833954,7620.703004620607,Standard
Rungis International,Hacienda El Sol,Brésil,Souss-Massa,0.0,Olives à Huile,60.648489282302386,1709.0037215021914,Premium
Rungis International,Coopérative Oasis,Maroc,Sfax,0.0,Pommes,259.6801433306505,2841.018765744761,Premium
Domaine Saada,Coopérative Oasis,France,Souss-Massa,0.0,Raisins de Table,223.08936325509768,3218.8510577747043,Bio Certifié
Mercabarna,Coopérative Oasis,France,Andalousie,0.0,Medjool,190.71076382551976,19651.836045749696,Premium
Coopérative Oasis,Union Agricole Méditerranée,Brésil,Toscane,0.0,Salades,21.27462502421875,13299.284110517425,Bio Certifié
Green Valley Farm,Cooperative Grains Alliance,Espagne,Andalousie,0.0,Fromage,51.00983414982758,6957.435145479369,Premium
Domaine Saada,Fattoria Toscana,Espagne,Souss-Massa,0.0,Pamplemousses,213.77127414290715,2067.241239685391,Commerce Équitable
Fattoria Toscana,Cooperative Grains Alliance,France,Toscane,0.0,Mandarines,-5.927238767526653,2094.7614667417906,Bio Certifié
Domaine Saada,Union Agricole Méditerranée,France,Meknès-Fès,0.0,Salades,260.4923553218485,2958.6408310429533,Commerce Équitable
Domaine Provence Bio,Green Valley Farm,France,Canterbury,0.0,Raisins de Cuve,104.7362536525957,4782.160446700106,Bio Certifié
Green Valley Farm,Fazenda Brasil,Maroc,Souss-Massa,0.0,Robusta,295.95479447098177,1094.1679513384706,Bio Certifié
Fattoria Toscana,Fazenda Brasil,France,Californie,0.0,Tomates,484.98020668327877,3488.0873020368754,Bio Certifié
Mercabarna,Union Agricole Méditerranée,Italie,Toscane,0.0,Olives de Table,87.12225265079107,8138.164461271212,Standard
Dairy Meadows,Domaine Provence Bio,Italie,Sfax,0.0,Riz,128.45395357797898,-81.77760745954129,Premium
Ferme Al Baraka,Ferme Al Baraka,Italie,Meknès-Fès,0.0,Raisins de Table,79.18179772556749,468.0602360331611,Bio Certifié
Union Agricole Méditerranée,Rungis International,Tunisie,Souss-Massa,0.0,Bananes,218.23023874191392,3071.6548635807267,Bio Certifié
Dairy Meadows,Green Valley Farm,Espagne,Andalousie,0.0,Olives de Table,456.7031807697915,30.557757321687404,Bio Certifié
Ferme Al Baraka,Domaine Saada,France,Catalogne,0.0,Olives à Huile,207.40284554420282,15831.552126803886,Bio Certifié
Union Agricole Méditerranée,Fattoria Toscana,France,Sfax,0.0,Riz,625.4225568804433,3642.7818191418583,Bio Certifié
Fattoria Toscana,Domaine Saada,Italie,Andalousie,0.0,Blé,399.7232868895381,471.2307741040436,Standard
Fattoria Toscana,Union Agricole Méditerranée,Espagne,Souss-Massa,0.0,Pommes,104.8513623829264,11681.788055916177,Bio Certifié
Coopérative Oasis,Domaine Saada,Maroc,Toscane,0.0,Mandarines,447.17220347941674,2278.1698578596465,Bio Certifié
Dairy Meadows,Dairy Meadows,Maroc,Californie,0.0,Robusta,81.88881160456981,3314.7301380339263,Bio Certifié
Coopérative Oasis,Green Valley Farm,France,Souss-Massa,0.0,Raisins de Table,105.85630061271618,3002.8019521550286,Premium
Green Valley Farm,Dairy Meadows,Maroc,Marrakech-Safi,0.0,Blé,87.74297919860571,2761.5336141385505,Bio Certifié
Mercabarna,Green Valley Farm,Italie,Île-de-France,0.0,Robusta,146.57621990257718,2183.9961536821406,Commerce Équitable
Domaine Provence Bio,Union Agricole Méditerranée,USA,Meknès-Fès,0.0,Pommes de terre,185.51441350334943,3021.142372985073,Bio Certifié
Cooperative Grains Alliance,Cooperative Grains Alliance,France,Provence,0.0,Maïs,118.38113684124589,31.977082011998164,Standard
Union Agricole Méditerranée,Domaine Provence Bio,Maroc,Canterbury,0.0,Oranges,987.1848358505931,1712.4977706220022,Standard
Coopérative Oasis,Marché Wholesale Agadir,France,Meknès-Fès,0.0,Bananes,192.76690568419542,2507.921299443712,Bio Certifié
Marché Wholesale Agadir,Rungis International,Espagne,Meknès-Fès,0.0,Fromage,166.59302919022528,5118.462586060983,Standard
Mercabarna,Union Agricole Méditerranée,Maroc,Meknès-Fès,0.0,Olives à Huile,101.71763578926921,2133.032420025136,Standard
Dairy Meadows,Dairy Meadows,Tunisie,Kansas,0.0,Tomates,288.6943408574599,3845.057851466825,Standard
Domaine Saada,Union Agricole Méditerranée,Brésil,Catalogne,0.0,Yaourt,77.74637987071108,-782.9007084954285,Standard
Mercabarna,Hacienda El Sol,Maroc,Kansas,0.0,Raisins de Cuve,121.84507800155296,3145.5367914466588,Premium
Rungis International,Fattoria Toscana,USA,Provence,0.0,Courgettes,450.6605028587955,3813.409280355724,Bio Certifié
Domaine Saada,Fazenda Brasil,Maroc,Provence,0.0,Blé,164.51815071556447,2635.2759662717704,Standard
Fazenda Brasil,Mercabarna,Maroc,São Paulo,0.0,Riz,191.21887671636526,3625.4450548087043,Standard
Domaine Saada,Green Valley Farm,Italie,Île-de-France,0.0,Citrons,216.54695229407292,1634.9511235260713,Standard
Ferme Al Baraka,Cooperative Grains Alliance,France,Kansas,0.0,Medjool,775.5149582624595,4142.1834240208245,Bio Certifié
Rungis International,Fazenda Brasil,Maroc,Provence,0.0,Yaourt,39.06216602688285,715.6232838330736,Standard
Marché Wholesale Agadir,Fattoria Toscana,Espagne,Toscane,0.0,Raisins de Cuve,1046.6385903432003,13051.84055443741,Premium
Ferme Al Baraka,Marché Wholesale Agadir,Espagne,Marrakech-Safi,0.0,Mandarines,233.92749361155907,5157.885155605493,Premium
Fattoria Toscana,Union Agricole Méditerranée,Maroc,Île-de-France,0.0,Bananes,103.30202299159768,3035.398504675253,Standard
Union Agricole Méditerranée,Coopérative Oasis,USA,Kansas,0.0,Deglet Nour,113.0304928352686,1361.401866802591,Bio Certifié
Mercabarna,Ferme Al Baraka,Espagne,Andalousie,0.0,Beurre,127.01315856855314,2571.6829138462117,Bio Certifié
Ferme Al Baraka,Mercabarna,France,Provence,0.0,Blé,167.585737322069,2867.080127917355,Bio Certifié
Cooperative Grains Alliance,Domaine Provence Bio,Espagne,Catalogne,0.0,Medjool,161.95741178914128,3256.3397041233575,Premium
Union Agricole Méditerranée,Mercabarna,France,Marrakech-Safi,0.0,Robusta,102.57818641822425,5570.474730933518,Premium
Marché Wholesale Agadir,Domaine Provence Bio,Tunisie,Sfax,0.0,Olives à Huile,194.4394376748301,3858.9675867697697,Bio Certifié
Cooperative Grains Alliance,Fattoria Toscana,Brésil,São Paulo,0.0,Riz,92.46835806652066,1876.6670555778942,Standard
Fattoria Toscana,Hacienda El Sol,USA,Kansas,0.0,Raisins de Table,188.79102186933818,1681.8743955289242,Standard
Cooperative Grains Alliance,Rungis International,Nouvelle-Zélande,Souss-Massa,0.0,Olives de Table,206.6360883526947,3104.177429882611,Premium
Green Valley Farm,Ferme Al Baraka,France,Sfax,0.0,Pamplemousses,329.52551623597907,3903.8653895149696,Bio Certifié
Domaine Provence Bio,Marché Wholesale Agadir,Maroc,Andalousie,0.0,Olives de Table,172.9713391075163,2170.3230288940317,Standard
Domaine Provence Bio,Dairy Meadows,France,Souss-Massa,0.0,Pommes de terre,186.687329736197,609.0874415601668,Bio Certifié
Marché Wholesale Agadir,Hacienda El Sol,Maroc,Canterbury,0.0,Olives à Huile,459.6006308233982,3363.2255964584556,Standard
Fattoria Toscana,Fattoria Toscana,France,Catalogne,0.0,Pommes,363.53555399414705,80.43787967116668,Bio Certifié
Green Valley Farm,Fattoria Toscana,France,Île-de-France,0.0,Olives de Table,590.432185524729,4527.136088567598,Commerce Équitable
Cooperative Grains Alliance,Fazenda Brasil,Maroc,Souss-Massa,0.0,Arabica,281.3631261877439,11542.967608564979,Premium
Union Agricole Méditerranée,Rungis International,Espagne,São Paulo,0.0,Raisins de Cuve,51.40629649659095,4549.324790772321,Standard
Dairy Meadows,Fattoria Toscana,France,Provence,0.0,Pommes,292.88767016851295,1645.9288683274483,Standard
Domaine Saada,Fazenda Brasil,France,Toscane,0.0,Olives à Huile,3.5956592891257415,3098.3381004561115,Bio Certifié
Dairy Meadows,Rungis International,Brésil,Toscane,0.0,Pommes,91.27332894710527,1437.6153339529383,Standard
Union Agricole Méditerranée,Green Valley Farm,France,Marrakech-Safi,0.0,Maïs,183.4520463871938,2803.503220302434,Premium
Fattoria Toscana,Domaine Provence Bio,Tunisie,Canterbury,0.0,Courgettes,586.84932870834,24183.099552828127,Bio Certifié
Green Valley Farm,Marché Wholesale Agadir,France,Souss-Massa,0.0,Citrons,117.77597596672445,2060.2425126650387,Bio Certifié
Rungis International,Coopérative Oasis,France,Toscane,0.0,Orge,149.52924793518443,3038.8775574790525,Bio Certifié
Cooperative Grains Alliance,Fazenda Brasil,Italie,Canterbury,0.0,Raisins de Cuve,17.632069619569194,9403.968359102615,Bio Certifié
Domaine Saada,Marché Wholesale Agadir,Maroc,São Paulo,0.0,Bananes,86.85165982505231,5594.45103970957,Standard
Dairy Meadows,Dairy Meadows,Nouvelle-Zélande,Canterbury,0.0,Raisins de Table,205.29364538806635,1139.9984427855052,Standard
Hacienda El Sol,Coopérative Oasis,Tunisie,Souss-Massa,0.0,Yaourt,275.8707497283281,2733.6991090742204,Bio Certifié
Green Valley Farm,Dairy Meadows,Maroc,Marrakech-Safi,0.0,Deglet Nour,174.6770843929,2704.2234321397304,Standard
Domaine Provence Bio,Hacienda El Sol,Maroc,Canterbury,0.0,Yaourt,211.81194702801008,4878.487950600948,Standard
Coopérative Oasis,Ferme Al Baraka,France,Californie,0.0,Pommes,625.7968022151235,4931.524127797407,Bio Certifié
Domaine Saada,Green Valley Farm,Maroc,Catalogne,0.0,Pamplemousses,638.6561782373194,3204.6796337639175,Commerce Équitable
Rungis International,Domaine Provence Bio,Tunisie,Sfax,0.0,Robusta,369.2155034215348,2157.558660079347,Standard
Fattoria Toscana,Coopérative Oasis,Maroc,Canterbury,0.0,Oignons,290.18332945004727,2329.90901652741,Bio Certifié
Union Agricole Méditerranée,Mercabarna,Espagne,São Paulo,0.0,Blé,148.73954705012434,3575.624695930578,Premium
Ferme Al Baraka,Union Agricole Méditerranée,USA,Meknès-Fès,0.0,Riz,-10.65325328109531,1880.8886001320489,Premium
Domaine Saada,Domaine Saada,Espagne,Catalogne,0.0,Olives de Table,102.0380186735324,885.3603328014216,Bio Certifié
Fazenda Brasil,Domaine Saada,Italie,Marrakech-Safi,0.0,Riz,113.77640613962382,1226.885152377285,Bio Certifié
Union Agricole Méditerranée,Green Valley Farm,Maroc,Meknès-Fès,0.0,Citrons,144.33928892015948,406.05095245818063,Standard
Cooperative Grains Alliance,Domaine Provence Bio,Brésil,Catalogne,0.0,Raisins de Table,97.79005774723694,4690.98170629482,Commerce Équitable
Domaine Saada,Dairy Meadows,Maroc,Souss-Massa,0.0,Deglet Nour,395.2914962335234,-298.9211989074213,Standard
Domaine Provence Bio,Domaine Saada,Italie,Canterbury,0.0,Olives de Table,-46.41635533896139,5505.0269475691175,Bio Certifié
Union Agricole Méditerranée,Fattoria Toscana,Espagne,Île-de-France,0.0,Salades,685.2799119548926,3671.9562137949542,Standard
Rungis International,Cooperative Grains Alliance,Nouvelle-Zélande,Catalogne,0.0,Fromage,84.32237165045198,7609.842384131969,Standard
Fattoria Toscana,Union Agricole Méditerranée,Italie,Meknès-Fès,0.0,Arabica,187.61065326271088,3872.2181372532796,Premium
Fattoria Toscana,Hacienda El Sol,Nouvelle-Zélande,Meknès-Fès,0.0,Oignons,182.09269144680476,1410.0792630860242,Premium
Rungis International,Fattoria Toscana,Espagne,Canterbury,0.0,Olives de Table,115.84700328960673,3284.9464452201437,Commerce Équitable
Cooperative Grains Alliance,Domaine Provence Bio,Maroc,Canterbury,0.0,Yaourt,115.07607651347513,2882.7096092530974,Standard
Green Valley Farm,Domaine Saada,Maroc,Souss-Massa,0.0,Bananes,186.50968577674792,2587.5671349817444,Standard
Dairy Meadows,Fazenda Brasil,France,Californie,0.0,Deglet Nour,128.11855110775394,3905.2676414241027,Standard
Rungis International,Fazenda Brasil,Tunisie,Île-de-France,0.0,Olives à Huile,219.57325390622492,1783.8612158260162,Bio Certifié
Fattoria Toscana,Dairy Meadows,Espagne,Andalousie,0.0,Yaourt,65.64641924512637,1858.1825852921618,Premium
Union Agricole Méditerranée,Green Valley Farm,France,Sfax,0.0,Medjool,144.68488761633236,2061.565539357502,Standard
Domaine Provence Bio,Union Agricole Méditerranée,USA,Provence,0.0,Lait,272.81530920796894,2926.5080359711474,Bio Certifié
Mercabarna,Green Valley Farm,France,Souss-Massa,0.0,Tomates,380.5619729421806,3165.915151492669,Bio Certifié
Mercabarna,Union Agricole Méditerranée,Italie,São Paulo,0.0,Mandarines,95.02728616735305,5036.1284780059905,Bio Certifié
Mercabarna,Fazenda Brasil,Italie,Toscane,0.0,Olives de Table,204.11793852591214,2848.7985932630572,Standard
Hacienda El Sol,Dairy Meadows,France,Meknès-Fès,0.0,Orge,176.10737333491917,14330.741244727953,Premium
Domaine Provence Bio,Green Valley Farm,Italie,Sfax,0.0,Tomates,84.3994371887684,2421.686619560224,Commerce Équitable
Cooperative Grains Alliance,Fazenda Brasil,Tunisie,Toscane,0.0,Medjool,831.6150071964555,1560.8955159196485,Commerce Équitable
Fattoria Toscana,Green Valley Farm,USA,Canterbury,0.0,Courgettes,408.1259986238881,4536.568065345273,Standard
Domaine Provence Bio,Fazenda Brasil,Maroc,São Paulo,0.0,Oignons,129.5425721200048,328.9018936011702,Premium
Hacienda El Sol,Ferme Al Baraka,Tunisie,Île-de-France,0.0,Beurre,228.90524891322323,2971.4289902821647,Premium
Dairy Meadows,Union Agricole Méditerranée,Tunisie,Californie,0.0,Olives à Huile,133.32113821975315,5457.758866440898,Standard
Fattoria Toscana,Fazenda Brasil,Tunisie,Kansas,0.0,Arabica,152.5402798698817,455.5904595761506,Standard
Green Valley Farm,Fattoria Toscana,USA,Île-de-France,0.0,Tomates,112.23069939515051,1701.81914215213,Standard
Ferme Al Baraka,Ferme Al Baraka,Brésil,Souss-Massa,0.0,Tomates,135.33492061068915,965.9467174261925,Standard
Dairy Meadows,Fazenda Brasil,Maroc,Meknès-Fès,0.0,Deglet Nour,98.05015259011756,995.3533271925479,Bio Certifié
Green Valley Farm,Dairy Meadows,France,Sfax,0.0,Riz,-12.571898354602261,11548.141167132722,Bio Certifié
Fattoria Toscana,Coopérative Oasis,Maroc,Californie,0.0,Raisins de Table,805.8598333944049,4836.698441701545,Standard
Marché Wholesale Agadir,Marché Wholesale Agadir,France,Provence,0.0,Deglet Nour,211.56488659193832,1280.4548690322215,Bio Certifié
Fattoria Toscana,Fattoria Toscana,USA,Meknès-Fès,0.0,Robusta,5.188211589232765,7592.481450000466,Bio Certifié
Fazenda Brasil,Green Valley Farm,Italie,Californie,0.0,Olives à Huile,143.88114349263847,24294.202615215647,Bio Certifié
Hacienda El Sol,Union Agricole Méditerranée,France,Canterbury,0.0,Fromage,235.38799723843363,2421.5401339561804,Premium
Union Agricole Méditerranée,Marché Wholesale Agadir,Espagne,São Paulo,0.0,Raisins de Table,246.90766550089873,2402.9832856751805,Commerce Équitable
Coopérative Oasis,Domaine Provence Bio,France,Canterbury,0.0,Medjool,92.68479213508408,21263.935969749524,Premium
Union Agricole Méditerranée,Green Valley Farm,Nouvelle-Zélande,Souss-Massa,0.0,Deglet Nour,60.949289031166906,2375.0378915908714,Standard
Fazenda Brasil,Marché Wholesale Agadir,Brésil,Meknès-Fès,0.0,Raisins de Table,276.2902826889023,3100.645431767006,Premium
Fattoria Toscana,Fattoria Toscana,Nouvelle-Zélande,Toscane,0.0,Maïs,89.74625688672742,1850.2567301656932,Premium
Dairy Meadows,Domaine Provence Bio,USA,Sfax,0.0,Raisins de Table,162.00680250835376,2187.9605631627965,Bio Certifié
Fazenda Brasil,Dairy Meadows,Nouvelle-Zélande,Souss-Massa,0.0,Raisins de Cuve,144.12366971985102,620.768378713431,Standard
Coopérative Oasis,Marché Wholesale Agadir,Espagne,Marrakech-Safi,0.0,Pommes,110.46680236525611,2708.1882166019273,Standard
Domaine Saada,Ferme Al Baraka,France,Meknès-Fès,0.0,Yaourt,-76.84472588803553,2185.879487063916,Bio Certifié
Fattoria Toscana,Marché Wholesale Agadir,France,Sfax,0.0,Olives à Huile,-14.349058753600822,2867.256628610869,Standard
Hacienda El Sol,Dairy Meadows,Nouvelle-Zélande,Kansas,0.0,Mandarines,559.3430055580718,3823.882984185583,Standard
Green Valley Farm,Domaine Saada,USA,São Paulo,0.0,Olives à Huile,58.541909891968565,-224.11230029745911,Bio Certifié
Hacienda El Sol,Union Agricole Méditerranée,France,Californie,0.0,Raisins de Table,176.70227650500829,3081.2927436809805,Premium
Fattoria Toscana,Rungis International,Nouvelle-Zélande,Catalogne,0.0,Salades,273.0024233125854,2616.9805733797093,Premium
Fattoria Toscana,Hacienda El Sol,Tunisie,São Paulo,0.0,Olives de Table,276.2027697962668,14527.89311776487,Standard
Domaine Provence Bio,Union Agricole Méditerranée,France,Californie,0.0,Medjool,277.8950768038102,24808.969889206637,Premium
Domaine Provence Bio,Cooperative Grains Alliance,Brésil,São Paulo,0.0,Raisins de Table,98.40086298041535,1063.2516871488842,Standard
Marché Wholesale Agadir,Cooperative Grains Alliance,Espagne,Souss-Massa,0.0,Olives de Table,-12.212952967347483,1236.8394558331886,Standard
Domaine Provence Bio,Domaine Saada,Italie,Meknès-Fès,0.0,Olives à Huile,107.93586233233077,3794.2747825284596,Premium
Ferme Al Baraka,Fattoria Toscana,Nouvelle-Zélande,Catalogne,0.0,Salades,146.31498046065002,2034.6851062830724,Bio Certifié
Coopérative Oasis,Fazenda Brasil,USA,Canterbury,0.0,Arabica,154.84141289944284,3800.8811917087523,Premium
Coopérative Oasis,Green Valley Farm,Italie,Catalogne,0.0,Raisins de Table,179.00001977264668,-65.87438087803002,Standard
Domaine Saada,Mercabarna,Maroc,Californie,0.0,Olives à Huile,134.0153103367575,3456.3015066648613,Bio Certifié
Union Agricole Méditerranée,Coopérative Oasis,France,Meknès-Fès,0.0,Mandarines,245.30580413657236,556.7857415857038,Bio Certifié
Cooperative Grains Alliance,Domaine Saada,Maroc,Meknès-Fès,0.0,Raisins de Cuve,102.14998841995524,3043.1298318200766,Standard
Domaine Saada,Fattoria Toscana,France,Catalogne,0.0,Raisins de Table,275.4825098394722,5253.893883721728,Standard
Ferme Al Baraka,Rungis International,Nouvelle-Zélande,Souss-Massa,0.0,Pommes de terre,100.98585692174842,9294.512293882006,Standard
Cooperative Grains Alliance,Ferme Al Baraka,France,Andalousie,0.0,Blé,257.9775655792241,3023.087207494431,Standard
Cooperative Grains Alliance,Dairy Meadows,France,Provence,0.0,Raisins de Table,20.381977566275474,1666.2020509408726,Bio Certifié
Green Valley Farm,Fattoria Toscana,Espagne,Californie,0.0,Pommes de terre,565.1415855999749,4544.199819667921,Standard
Union Agricole Méditerranée,Fattoria Toscana,Italie,Marrakech-Safi,0.0,Olives à Huile,161.71093854865418,3566.555798376018,Premium
Marché Wholesale Agadir,Mercabarna,Brésil,Californie,0.0,Pommes,90.88539287560306,3082.715517622213,Commerce Équitable
Domaine Provence Bio,Domaine Provence Bio,USA,Île-de-France,0.0,Pommes,68.12184403994526,3117.696226240826,Standard
