exploitation,type_exploitation,pays,region,resultat,produit,quantite_tonnes,prix_tonne_eur,qualite
Dairy Meadows,Green Valley Farm,USA,Catalogne,,Pommes de terre,121.77521814142625,3628.2733585005126,Bio Certifié
Fattoria Toscana,Domaine Saada,France,Catalogne,,Robusta,156.7296485613879,1368.0160228553234,Standard
Hacienda El Sol,Cooperative Grains Alliance,France,Toscane,,Fromage,191.79189665861892,7725.650706956875,Premium
Union Agricole Méditerranée,Domaine Provence Bio,Espagne,Californie,,Tomates,114.4647233607497,9325.423590637994,Commerce Équitable
Fattoria Toscana,Ferme Al Baraka,Brésil,Provence,,Raisins de Table,8.767765990637542,4525.119186528167,Bio Certifié
Mercabarna,Hacienda El Sol,Tunisie,Marrakech-Safi,,Orge,101.38701065912664,5204.680105456979,Premium
Fazenda Brasil,Dairy Meadows,Italie,Californie,,Fromage,1128.138675825739,3472.702633388514,Commerce Équitable
Green Valley Farm,Union Agricole Méditerranée,USA,Canterbury,,Fromage,568.5579243037322,1947.4465678392583,Bio Certifié
Domaine Saada,Domaine Provence Bio,Italie,Californie,,Raisins de Table,160.91820042582617,2322.235611019264,Bio Certifié
Cooperative Grains Alliance,Fattoria Toscana,France,Kansas,,Olives de Table,156.1495237328517,953.7661078244719,Standard
Marché Wholesale Agadir,Fazenda Brasil,Maroc,Souss-Massa,,Pommes,56.114737919836315,2781.805727553364,Bio Certifié
Mercabarna,Hacienda El Sol,USA,São Paulo,,Orge,286.2701952642501,896.8667814925407,Premium
Rungis International,Ferme Al Baraka,Maroc,Canterbury,,Arabica,122.89919671935954,2807.5357933813166,Premium
Marché Wholesale Agadir,Green Valley Farm,Maroc,Californie,,Raisins de Cuve,175.64189723106196,4459.868553075103,Bio Certifié
Union Agricole Méditerranée,Fattoria Toscana,Maroc,Souss-Massa,,Raisins de Cuve,17.32564472749567,2679.153748660816,Standard
Hacienda El Sol,Coopérative Oasis,Nouvelle-Zélande,Kansas,,Lait,141.51421751316428,5555.579639860393,Bio Certifié
Domaine Provence Bio,Ferme Al Baraka,Espagne,Île-de-France,,Riz,273.3360205359518,14608.453292813636,Standard
Rungis International,Fattoria Toscana,Nouvelle-Zélande,Catalogne,,Tomates,111.57982960041485,2365.7479113985573,Premium
Fazenda Brasil,Ferme Al Baraka,Maroc,Souss-Massa,,Olives à Huile,810.1065267955471,1291.4322507426677,Bio Certifié
Dairy Meadows,Ferme Al Baraka,Brésil,Marrakech-Safi,,Yaourt,89.62377823569982,2790.1402955735807,Bio Certifié
Green Valley Farm,Hacienda El Sol,Maroc,Californie,,Riz,88.36718759924513,20225.612869766865,Standard
Fazenda Brasil,Dairy Meadows,Italie,Souss-Massa,,Arabica,213.37907694027984,2658.693801729183,Premium
Marché Wholesale Agadir,Ferme Al Baraka,France,São Paulo,,Beurre,154.62619373428043,2310.8064760256375,Premium
Hacienda El Sol,Union Agricole Méditerranée,USA,Meknès-Fès,,Blé,569.8578706003026,9168.759302961065,Standard
Domaine Saada,Coopérative Oasis,Maroc,São Paulo,,Deglet Nour,1171.0059830264702,2864.826362774669,Commerce Équitable
Ferme Al Baraka,Rungis International,Espagne,Île-de-France,,Deglet Nour,195.5222923844314,5078.112428321924,Standard
Hacienda El Sol,Rungis International,Nouvelle-Zélande,Californie,,Orge,435.22541627244186,866.8187677195195,Commerce Équitable
Dairy Meadows,Dairy Meadows,Maroc,Andalousie,,Raisins de Cuve,182.0405970900794,2233.205649425934,Bio Certifié
Coopérative Oasis,Domaine Provence Bio,Brésil,Sfax,,Bananes,146.30852352404398,5555.780291301997,Premium
Cooperative Grains Alliance,Rungis International,France,Californie,,Pommes,254.3624079844503,4519.019371122488,Bio Certifié
Ferme Al Baraka,Marché Wholesale Agadir,USA,Île-de-France,,Medjool,15.149281383174198,13808.681795516824,Standard
Cooperative Grains Alliance,Coopérative Oasis,France,Île-de-France,,Riz,13.517170516783175,3814.6011340829236,Standard
Union Agricole Méditerranée,Ferme Al Baraka,Nouvelle-Zélande,Canterbury,,Olives de Table,41.21804891192885,3496.439536952058,Bio Certifié
Dairy Meadows,Ferme Al Baraka,Italie,Souss-Massa,,Mandarines,-5.21945716169531,5031.129024252951,Bio Certifié
Rungis International,Union Agricole Méditerranée,Tunisie,Kansas,,Tomates,120.99489866319519,2388.164081482548,Commerce Équitable
Hacienda El Sol,Fazenda Brasil,France,São Paulo,,Pommes de terre,154.07609593755507,3531.1161183906097,Premium
Ferme Al Baraka,Dairy Meadows,Brésil,São Paulo,,Carottes,143.47665442194796,2726.6117076458772,Bio Certifié
Hacienda El Sol,Hacienda El Sol,Tunisie,Toscane,,Bananes,185.40055362640607,4428.925568003398,Standard
Domaine Saada,Fazenda Brasil,Maroc,Andalousie,,Blé,341.05031533144376,434.9931121751001,Standard
Mercabarna,Ferme Al Baraka,Maroc,Île-de-France,,Olives à Huile,181.4673908715026,3358.065611724127,Standard
Fattoria Toscana,Green Valley Farm,Nouvelle-Zélande,Meknès-Fès,,Raisins de Table,218.5845265134677,3181.431564700631,Bio Certifié
Fazenda Brasil,Green Valley Farm,France,Andalousie,,Citrons,129.9426935209335,317.574469445703,Bio Certifié
Ferme Al Baraka,Domaine Provence Bio,USA,Californie,,Pommes,543.9634208038749,3432.6369372958025,Bio Certifié
Coopérative Oasis,Green Valley Farm,Espagne,Souss-Massa,,Olives à Huile,93.71035506513198,10323.424957553838,Premium
Coopérative Oasis,Fazenda Brasil,Espagne,Toscane,,Pommes,226.28272313257034,1179.2539707694848,Bio Certifié
Domaine Provence Bio,Ferme Al Baraka,Maroc,Souss-Massa,,Oignons,491.14709159535823,9345.13355271358,Bio Certifié
Hacienda El Sol,Fazenda Brasil,Italie,Canterbury,,Raisins de Table,516.210523377305,3836.814983044287,Commerce Équitable
Dairy Meadows,Union Agricole Méditerranée,USA,Kansas,,Tomates,769.7276941279807,3426.78805593425,Standard
Domaine Saada,Fattoria Toscana,Maroc,Provence,,Bananes,115.82580368646902,1076.7318617363494,Premium
Domaine Saada,Cooperative Grains Alliance,USA,Catalogne,,Tomates,137.65608867358554,2488.130081837408,Premium
Coopérative Oasis,Marché Wholesale Agadir,Brésil,Sfax,,Tomates,281.8802985328157,5696.919100278763,Premium
Mercabarna,Dairy Meadows,Maroc,Île-de-France,,Maïs,401.623739136502,4899.260680232064,Premium
Green Valley Farm,Cooperative Grains Alliance,Maroc,Provence,,Orge,109.60000449723027,5036.530903313077,Premium
Union Agricole Méditerranée,Domaine Saada,Maroc,Canterbury,,Raisins de Table,234.03649043849657,45.33202951802559,Standard
Mercabarna,Coopérative Oasis,France,Toscane,,Citrons,-23.329932368634722,2261.5569776983602,Standard
Domaine Saada,Green Valley Farm,USA,Souss-Massa,,Olives de Table,127.19877839988717,5011.714961147461,Premium
Fattoria Toscana,Dairy Meadows,Tunisie,Canterbury,,Blé,77.12210484741723,2661.2817164316084,Standard
Domaine Saada,Fattoria Toscana,Maroc,Île-de-France,,Pommes de terre,220.38864326235475,810.9933471971069,Standard
Fazenda Brasil,Fazenda Brasil,USA,Provence,,Medjool,177.9967176810046,1753.9847718136639,Bio Certifié
Marché Wholesale Agadir,Marché Wholesale Agadir,Tunisie,Meknès-Fès,,Deglet Nour,182.40127282195547,3893.612367797383,Standard
Marché Wholesale Agadir,Dairy Meadows,Maroc,Californie,,Tomates,3.9843904637824252,331.58487259406616,Standard
Fattoria Toscana,Dairy Meadows,Espagne,Toscane,,Oignons,194.05521495897955,2025.395873817474,Standard
Green Valley Farm,Domaine Provence Bio,Brésil,Souss-Massa,,Raisins de Table,177.79330656868942,2377.9241036650164,Bio Certifié
Rungis International,Union Agricole Méditerranée,Espagne,Canterbury,,Orge,46.41193576056476,2677.4327407069486,Bio Certifié
Marché Wholesale Agadir,Coopérative Oasis,France,Andalousie,,Pamplemousses,200.1730640871322,2792.551069583749,Premium
Coopérative Oasis,Fattoria Toscana,Maroc,Kansas,,Blé,65.84264435946007,1343.155241871742,Standard
Marché Wholesale Agadir,Domaine Provence Bio,Maroc,São Paulo,,Raisins de Table,178.14311424854208,5049.803953381381,Standard
Fattoria Toscana,Coopérative Oasis,USA,Canterbury,,Pommes de terre,80.16777806148882,1774.6108296220089,Standard
Union Agricole Méditerranée,Rungis International,Espagne,Île-de-France,,Yaourt,791.2006361933142,1710.458531977417,Premium
Union Agricole Méditerranée,Rungis International,Espagne,Andalousie,,Oranges,-33.171893962557725,2324.3375773352263,Standard
Coopérative Oasis,Green Valley Farm,Italie,São Paulo,,Salades,166.62831953792733,2914.494708882273,Standard
Ferme Al Baraka,Rungis International,USA,Californie,,Blé,377.6324407010495,1316.3404102898835,Premium
Domaine Saada,Domaine Saada,Brésil,Canterbury,,Fromage,113.66900605198983,4504.530634543794,Standard
Union Agricole Méditerranée,Hacienda El Sol,Espagne,Californie,,Pommes,93.83247329852088,28343.861567805867,Bio Certifié
Mercabarna,Fazenda Brasil,Italie,Kansas,,Blé,379.3496319381049,1236.757442203107,Premium
Union Agricole Méditerranée,Fattoria Toscana,USA,Île-de-France,,Carottes,223.20663533963,1664.847504865436,Commerce Équitable
Domaine Saada,Mercabarna,Espagne,Souss-Massa,,Olives à Huile,448.9126029902438,17532.859982954506,Commerce Équitable
Domaine Saada,Ferme Al Baraka,Italie,Île-de-France,,Deglet Nour,126.23944275703775,3593.9523965591084,Premium
Domaine Provence Bio,Ferme Al Baraka,USA,Provence,,Maïs,407.3722392981919,2414.7479699945343,Standard
Domaine Saada,Union Agricole Méditerranée,France,Californie,,Yaourt,166.942376546544,2541.53211597875,Premium
Coopérative Oasis,Green Valley Farm,Brésil,Sfax,,Olives à Huile,91.832026069932,23675.249951885693,Standard
Fattoria Toscana,Domaine Provence Bio,Tunisie,Andalousie,,Medjool,120.10014549250218,2936.232313101948,Standard
Marché Wholesale Agadir,Mercabarna,Maroc,Canterbury,,Medjool,162.4289157769505,11253.494810380804,Bio Certifié
Domaine Saada,Coopérative Oasis,Brésil,Kansas,,Tomates,677.4530291201614,3774.6099411239375,Premium
Domaine Saada,Hacienda El Sol,USA,Catalogne,,Medjool,115.91596600788709,23083.900930018248,Bio Certifié
Fazenda Brasil,Union Agricole Méditerranée,Italie,Sfax,,Pommes de terre,156.22873402011345,4526.013488747086,Commerce Équitable
Coopérative Oasis,Fazenda Brasil,Maroc,Meknès-Fès,,Raisins de Table,68.97344593580124,3519.5611278023707,Bio Certifié
Marché Wholesale Agadir,Dairy Meadows,Maroc,Île-de-France,,Medjool,157.07761908306054,2023.3792982824903,Standard
Fattoria Toscana,Cooperative Grains Alliance,Maroc,Meknès-Fès,,Robusta,428.81423282948793,3328.0969798268607,Premium
Ferme Al Baraka,Domaine Saada,France,Île-de-France,,Olives à Huile,170.12440286226195,12466.235237260873,Premium
Rungis International,Coopérative Oasis,Tunisie,Toscane,,Raisins de Cuve,145.8061288764912,2520.26930749424,Bio Certifié
Green Valley Farm,Fazenda Brasil,France,Souss-Massa,,Blé,141.39117748436004,3033.111924242982,Commerce Équitable
Rungis International,Cooperative Grains Alliance,Italie,Toscane,,Raisins de Cuve,92.02471890287,4540.792390650816,Standard
Mercabarna,Domaine Provence Bio,France,Souss-Massa,,Olives à Huile,249.9684241124258,3085.0224590784983,Commerce Équitable
Fattoria Toscana,Green Valley Farm,Nouvelle-Zélande,Marrakech-Safi,,Medjool,282.9847593218831,5815.45053077489,Bio Certifié
Union Agricole Méditerranée,Green Valley Farm,France,Catalogne,,Oignons,454.3616118898935,1407.458110217743,Standard
Green Valley Farm,Fattoria Toscana,Brésil,Catalogne,,Olives à Huile,297.0860544213385,2999.0267631454226,Standard
Domaine Saada,Fattoria Toscana,Maroc,Meknès-Fès,,Medjool,81.28012300588775,428.4280330996236,Premium
Hacienda El Sol,Fattoria Toscana,Maroc,Kansas,,Pommes de terre,49.826659841395184,5327.506923609191,Premium
Green Valley Farm,Green Valley Farm,France,Meknès-Fès,,Olives à Huile,285.6297162917747,1406.186621123095,Commerce Équitable
Fattoria Toscana,Green Valley Farm,Maroc,Marrakech-Safi,,Robusta,121.72922885072812,5648.771185995978,Bio Certifié
Domaine Saada,Hacienda El Sol,Italie,Provence,,Carottes,130.15516851963008,8856.819234334782,Premium
Domaine Provence Bio,Coopérative Oasis,Brésil,Andalousie,,Pommes de terre,220.02259414270281,722.4896908176107,Bio Certifié
Dairy Meadows,Domaine Saada,Maroc,Californie,,Arabica,148.4880148565995,3501.985259409843,Bio Certifié
Hacienda El Sol,Mercabarna,France,Île-de-France,,Tomates,220.9903280580289,3103.205582403358,Premium
Hacienda El Sol,Domaine Provence Bio,France,Souss-Massa,,Bananes,164.26570109532292,875.5818326300487,Standard
Fazenda Brasil,Green Valley Farm,France,Souss-Massa,,Pommes,-4.217697086246893,2493.8271993029093,Bio Certifié
Union Agricole Méditerranée,Domaine Provence Bio,Italie,Californie,,Salades,149.57863426260744,3230.4906812026356,Bio Certifié
Union Agricole Méditerranée,Dairy Meadows,Maroc,Californie,,Olives de Table,198.96690357211216,78.6543964052305,Bio Certifié
Union Agricole Méditerranée,Domaine Saada,USA,Catalogne,,Riz,149.3942227551552,95.80631160177381,Bio Certifié
Dairy Meadows,Union Agricole Méditerranée,France,Meknès-Fès,,Raisins de Table,22.869842230502833,536.327561343568,Bio Certifié
Fattoria Toscana,Marché Wholesale Agadir,Italie,Kansas,,Citrons,85.10966745019358,2472.878279908752,Premium
Domaine Provence Bio,Union Agricole Méditerranée,Nouvelle-Zélande,Meknès-Fès,,Raisins de Cuve,558.5801001548364,4912.0675840891845,Premium
Hacienda El Sol,Mercabarna,Maroc,Californie,,Orge,133.77252963915984,4051.328640775785,Bio Certifié
Hacienda El Sol,Ferme Al Baraka,Espagne,Souss-Massa,,Tomates,128.21392853670062,3037.655681372001,Bio Certifié
Marché Wholesale Agadir,Rungis International,USA,Californie,,Tomates,245.46100045122228,3443.5717744077474,Standard
Domaine Provence Bio,Union Agricole Méditerranée,Tunisie,Canterbury,,Raisins de Table,1157.163036645208,5089.331013804423,Standard
Cooperative Grains Alliance,Dairy Meadows,USA,Kansas,,Bananes,194.89414695973673,3496.4370131099204,Premium
Dairy Meadows,Dairy Meadows,Brésil,Canterbury,,Oranges,137.2078951415913,5156.11793402138,Bio Certifié
Cooperative Grains Alliance,Coopérative Oasis,Maroc,Sfax,,Oranges,199.7238825278772,1593.136715887187,Premium
Rungis International,Dairy Meadows,USA,Île-de-France,,Orge,70.64841537421968,3424.159221963364,Standard
Coopérative Oasis,Fattoria Toscana,Nouvelle-Zélande,Souss-Massa,,Olives à Huile,21.197915044607413,12928.68064498483,Bio Certifié
Green Valley Farm,Union Agricole Méditerranée,USA,Provence,,Raisins de Table,126.86836061482285,5060.958675407423,Commerce Équitable
Union Agricole Méditerranée,Fazenda Brasil,Maroc,Catalogne,,Raisins de Table,93.83493287586134,3947.423759350605,Standard
Union Agricole Méditerranée,Rungis International,Tunisie,São Paulo,,Raisins de Table,159.53801773886963,1384.4374182257332,Standard
Dairy Meadows,Cooperative Grains Alliance,Maroc,São Paulo,,Raisins de Cuve,725.8349345532799,4934.753936576245,Premium
Dairy Meadows,Union Agricole Méditerranée,USA,Californie,,Lait,259.46744853434063,2814.444054081308,Bio Certifié
Hacienda El Sol,Dairy Meadows,France,Souss-Massa,,Olives à Huile,34.11468033520627,1454.5400300418578,Bio Certifié
Dairy Meadows,Marché Wholesale Agadir,Nouvelle-Zélande,Kansas,,Blé,191.45971791345735,4030.0176225463492,Premium
Ferme Al Baraka,Marché Wholesale Agadir,Brésil,Toscane,,Oignons,184.74397372420592,2316.5046573516915,Premium
Green Valley Farm,Dairy Meadows,Espagne,Provence,,Medjool,395.22718942823025,2696.155939038592,Premium
Fattoria Toscana,Fazenda Brasil,Nouvelle-Zélande,Californie,,Yaourt,230.7876800842177,2323.4610205053086,Commerce Équitable
Rungis International,Rungis International,Espagne,Provence,,Tomates,144.7802129375986,4862.38937024155,Bio Certifié
Union Agricole Méditerranée,Green Valley Farm,Italie,Meknès-Fès,,Courgettes,575.1411351328143,2257.2880669781634,Premium
Union Agricole Méditerranée,Fattoria Toscana,USA,Île-de-France,,Raisins de Table,480.84201364603723,270.85116884236925,Standard
Fattoria Toscana,Rungis International,France,Californie,,Arabica,138.31911733043697,1498.2466242017376,Premium
Green Valley Farm,Cooperative Grains Alliance,USA,Souss-Massa,,Olives à Huile,225.19584820831207,2667.274780870135,Standard
Dairy Meadows,Fazenda Brasil,Espagne,Kansas,,Salades,169.3493578270907,6046.53877077283,Premium
Mercabarna,Fazenda Brasil,Maroc,São Paulo,,Robusta,-41.02823833265531,914.6894816461597,Bio Certifié
Fazenda Brasil,Ferme Al Baraka,Italie,Sfax,,Fromage,24.467529935874005,2230.2348348453556,Bio Certifié
Union Agricole Méditerranée,Mercabarna,Maroc,Souss-Massa,,Raisins de Table,284.7439223326795,3940.0051292087164,Premium
Domaine Saada,Mercabarna,France,Canterbury,,Tomates,154.8513347337504,2446.3824803761454,Standard
Union Agricole Méditerranée,Coopérative Oasis,France,Meknès-Fès,,Orge,888.4501400872325,3300.7238237051697,Standard
Fazenda Brasil,Union Agricole Méditerranée,USA,Marrakech-Safi,,Mandarines,64.15406222944698,1741.6732189554903,Bio Certifié
Cooperative Grains Alliance,Hacienda El Sol,Italie,São Paulo,,Olives de Table,148.34883875767628,2446.2868267591175,Standard
Cooperative Grains Alliance,Cooperative Grains Alliance,Italie,Catalogne,,Bananes,192.10134368949838,2536.6253374124763,Bio Certifié
Ferme Al Baraka,Coopérative Oasis,France,Meknès-Fès,,Medjool,122.6404158065955,1833.889824221278,Bio Certifié
Green Valley Farm,Fattoria Toscana,USA,Meknès-Fès,,Robusta,122.88217648038861,1514.7730593907775,Premium
Mercabarna,Cooperative Grains Alliance,Nouvelle-Zélande,Toscane,,Citrons,430.11644218688576,2327.6691314410755,Bio Certifié
Green Valley Farm,Fazenda Brasil,Nouvelle-Zélande,Souss-Massa,,Robusta,156.55238791905617,3696.2679350908047,Bio Certifié
Coopérative Oasis,Fattoria Toscana,Italie,Californie,,Olives à Huile,244.2929437545726,11164.445564970641,Premium
Marché Wholesale Agadir,Marché Wholesale Agadir,France,Catalogne,,Raisins de Table,250.19738091988364,2889.7853826543596,Premium
Cooperative Grains Alliance,Green Valley Farm,Tunisie,Marrakech-Safi,,Olives à Huile,472.58711154747743,2001.2071620277627,Bio Certifié
Rungis International,Domaine Provence Bio,Maroc,São Paulo,,Orge,260.7380203337919,1518.3748541483724,Bio Certifié
Rungis International,Cooperative Grains Alliance,USA,Provence,,Olives à Huile,265.86693940152986,1937.028778454343,Bio Certifié
Domaine Saada,Fattoria Toscana,USA,Souss-Massa,,Oranges,55.61892663531053,2495.7713996396787,Standard
Cooperative Grains Alliance,Ferme Al Baraka,USA,Meknès-Fès,,Olives de Table,169.47354812049784,15517.111715683668,Standard
Fazenda Brasil,Fattoria Toscana,Nouvelle-Zélande,Toscane,,Yaourt,710.0814452006568,1504.6395163371603,Premium
Dairy Meadows,Marché Wholesale Agadir,Nouvelle-Zélande,Sfax,,Blé,134.6097403062442,5060.608139158707,Bio Certifié
Mercabarna,Green Valley Farm,Maroc,Provence,,Raisins de Table,58.61877496038201,1208.797958318342,Standard
Dairy Meadows,Domaine Provence Bio,Maroc,Californie,,Raisins de Table,278.9060643650283,3197.6281909645604,Premium
Hacienda El Sol,Ferme Al Baraka,Maroc,Provence,,Yaourt,249.012937193668,4525.652902557119,Bio Certifié
Fattoria Toscana,Ferme Al Baraka,Tunisie,Marrakech-Safi,,Pommes,168.34771700336356,2846.3770962148383,Bio Certifié
Dairy Meadows,Mercabarna,France,Toscane,,Citrons,102.07634089809818,3097.2810612774856,Commerce Équitable
Green Valley Farm,Marché Wholesale Agadir,Nouvelle-Zélande,São Paulo,,Tomates,1044.1356367948326,2829.100418100157,Commerce Équitable
Coopérative Oasis,Cooperative Grains Alliance,Brésil,Catalogne,,Bananes,290.9090228996264,4148.34542789275,Premium
Ferme Al Baraka,Ferme Al Baraka,Maroc,Californie,,Blé,36.754714816404885,2158.1200839009102,Standard
Green Valley Farm,Dairy Meadows,Italie,Souss-Massa,,Olives à Huile,231.92626128461154,-98.91542848311974,Bio Certifié
Domaine Saada,Domaine Provence Bio,France,Californie,,Salades,255.68330690623765,2632.3339152862504,Bio Certifié
Marché Wholesale Agadir,Dairy Meadows,France,Île-de-France,,Pommes,293.970327470714,3751.760325202439,Bio Certifié
Green Valley Farm,Green Valley Farm,Tunisie,Meknès-Fès,,Deglet Nour,1052.4557910574733,1840.3968403866686,Bio Certifié
Fattoria Toscana,Domaine Provence Bio,Tunisie,Canterbury,,Blé,1346.5758376906836,3450.8788021655346,Bio Certifié
Green Valley Farm,Hacienda El Sol,Tunisie,Sfax,,Raisins de Table,208.00115484258959,1963.0100507030932,Standard
Dairy Meadows,Fazenda Brasil,France,Canterbury,,Salades,60.21440572542823,778.8208377997564,Bio Certifié
Coopérative Oasis,Coopérative Oasis,Nouvelle-Zélande,Sfax,,Yaourt,856.8051419713845,1198.3785867813576,Premium
Fattoria Toscana,Domaine Saada,France,Californie,,Blé,159.235686317432,3805.3430161721208,Premium
Marché Wholesale Agadir,Mercabarna,Maroc,Toscane,,Pommes,-14.330098601455866,1332.3142830303598,Premium
Ferme Al Baraka,Dairy Meadows,Maroc,Canterbury,,Salades,55.51288906497959,2412.8463390716615,Bio Certifié
Rungis International,Ferme Al Baraka,Espagne,Provence,,Oranges,114.55807117703935,3508.5023245784523,Commerce Équitable
Ferme Al Baraka,Fazenda Brasil,France,Meknès-Fès,,Olives à Huile,44.506076775834366,1118.8459430552111,Bio Certifié
Fazenda Brasil,Dairy Meadows,Espagne,Sfax,,Raisins de Table,442.4459729117386,1084.0453673556242,Standard
Mercabarna,Fattoria Toscana,USA,Andalousie,,Raisins de Table,6.560677588704216,2232.897235916677,Standard
Rungis International,Domaine Provence Bio,USA,Provence,,Robusta,139.1617519262246,2566.859851520593,Standard
Domaine Provence Bio,Hacienda El Sol,Nouvelle-Zélande,Meknès-Fès,,Bananes,98.73438691022048,3468.754609242581,Premium
Rungis International,Fattoria Toscana,Brésil,Marrakech-Safi,,Raisins de Cuve,-1.2679692319466014,12199.15682781559,Standard
Marché Wholesale Agadir,Domaine Provence Bio,USA,São Paulo,,Riz,172.80823696251906,609.3865236958554,Bio Certifié
Union Agricole Méditerranée,Coopérative Oasis,Maroc,Californie,,Robusta,222.07937792287115,3747.5344039266593,Standard
Fattoria Toscana,Mercabarna,France,Marrakech-Safi,,Orge,216.43804201834794,1301.1899548040922,Bio Certifié
Ferme Al Baraka,Green Valley Farm,USA,Île-de-France,,Pommes,-9.10438359879874,4333.772866797917,Bio Certifié
Dairy Meadows,Mercabarna,Maroc,Souss-Massa,,Olives à Huile,152.20826756675552,11176.857506115633,Premium
Fazenda Brasil,Ferme Al Baraka,Tunisie,Canterbury,,Raisins de Table,139.97188138449587,4998.347969075128,Standard
Cooperative Grains Alliance,Union Agricole Méditerranée,Espagne,Kansas,,Tomates,-41.82883731002389,12785.181449203645,Bio Certifié
Domaine Saada,Fazenda Brasil,USA,Andalousie,,Raisins de Cuve,50.12507950584107,2387.9876329108674,Bio Certifié
Dairy Meadows,Hacienda El Sol,Italie,São Paulo,,Fromage,206.2615572142181,11796.416352949453,Premium
Domaine Saada,Cooperative Grains Alliance,USA,Kansas,,Blé,146.15579381920816,2374.799417077612,Premium
Ferme Al Baraka,Coopérative Oasis,Italie,Canterbury,,Mandarines,123.40448498499553,911.5710643645468,Premium
Union Agricole Méditerranée,Green Valley Farm,Espagne,Californie,,Raisins de Table,201.28831011895676,1961.4967344642023,Bio Certifié
Mercabarna,Dairy Meadows,Espagne,Meknès-Fès,,Robusta,136.7247694951844,3118.4147377641507,Standard
Ferme Al Baraka,Fazenda Brasil,France,Californie,,Riz,219.88909851422807,4674.895171609685,Bio Certifié
Rungis International,Fattoria Toscana,Espagne,Kansas,,Salades,449.4184372325316,-223.73675258733238,Standard
Mercabarna,Domaine Provence Bio,France,Provence,,Tomates,848.0068813686115,3195.7210541172653,Premium
Green Valley Farm,Mercabarna,Italie,Catalogne,,Olives à Huile,166.81368342168548,3725.518808083578,Bio Certifié
Ferme Al Baraka,Fazenda Brasil,Italie,Catalogne,,Arabica,110.99805158361497,2566.146529604338,Bio Certifié
Ferme Al Baraka,Dairy Meadows,Maroc,Souss-Massa,,Olives à Huile,116.8797024889009,1429.5121076126907,Standard
Ferme Al Baraka,Fattoria Toscana,USA,Californie,,Olives de Table,107.29078907354256,699.3542801871732,Bio Certifié
Domaine Saada,Domaine Saada,Tunisie,Kansas,,Robusta,175.10298848439407,177.60354404029636,Bio Certifié
Coopérative Oasis,Mercabarna,Nouvelle-Zélande,Kansas,,Pamplemousses,280.95015188571665,3975.797798909255,Commerce Équitable
Marché Wholesale Agadir,Coopérative Oasis,France,Toscane,,Tomates,236.3051131196512,1012.6355044882898,Premium
Cooperative Grains Alliance,Ferme Al Baraka,Italie,Souss-Massa,,Citrons,88.76646481244511,18698.219688708137,Standard
Ferme Al Baraka,Domaine Provence Bio,Maroc,Sfax,,Olives de Table,301.7462638883066,627.3261686543336,Bio Certifié
Union Agricole Méditerranée,Coopérative Oasis,Italie,São Paulo,,Bananes,155.52708497820598,2943.324557624054,Commerce Équitable
Ferme Al Baraka,Fazenda Brasil,USA,Toscane,,Medjool,131.2790586670843,7443.985125303638,Bio Certifié
Ferme Al Baraka,Fazenda Brasil,Tunisie,Californie,,Pamplemousses,615.0723245850369,4711.274177031294,Bio Certifié
Dairy Meadows,Cooperative Grains Alliance,Italie,São Paulo,,Yaourt,106.75025431155609,5662.155284351289,Premium
Domaine Provence Bio,Fattoria Toscana,Tunisie,Andalousie,,Fromage,64.49570129003983,5237.00485053633,Standard
Dairy Meadows,Domaine Saada,Espagne,Californie,,Pommes de terre,113.5435011053392,20760.092241178816,Bio Certifié
Domaine Saada,Ferme Al Baraka,Italie,Californie,,Lait,154.95634502872707,2547.5792118919526,Standard
Fattoria Toscana,Ferme Al Baraka,Nouvelle-Zélande,Canterbury,,Yaourt,200.3989002425395,3188.2864882034405,Bio Certifié
Mercabarna,Mercabarna,France,Toscane,,Courgettes,127.71198748345341,5772.700789190919,Premium
Cooperative Grains Alliance,Hacienda El Sol,USA,Kansas,,Riz,1111.120963653679,1397.7983065239123,Premium
Cooperative Grains Alliance,Union Agricole Méditerranée,Italie,São Paulo,,Tomates,142.30761687515619,60.96941984537807,Bio Certifié
Marché Wholesale Agadir,Dairy Meadows,France,Souss-Massa,,Beurre,60.10424584894336,763.0111961994004,Standard
Dairy Meadows,Domaine Saada,Maroc,Meknès-Fès,,Pommes,834.0238793736787,898.9651182828377,Bio Certifié
Fattoria Toscana,Green Valley Farm,Tunisie,Marrakech-Safi,,Orge,127.53152033263379,4482.451056169242,Standard
Cooperative Grains Alliance,Rungis International,Italie,Canterbury,,Courgettes,290.23591412003964,2179.3345755037176,Premium
Coopérative Oasis,Fattoria Toscana,Brésil,Andalousie,,Pommes de terre,196.2781705126146,769.059457690886,Premium
Dairy Meadows,Fazenda Brasil,Maroc,Catalogne,,Olives à Huile,1325.3774812714141,7091.978724137296,Standard
Green Valley Farm,Rungis International,France,Marrakech-Safi,,Bananes,238.39850806270564,5546.577538716244,Bio Certifié
Rungis International,Rungis International,Tunisie,Toscane,,Orge,252.18083658946455,14761.637878555175,Standard
Green Valley Farm,Fattoria Toscana,USA,Île-de-France,,Carottes,142.04656091857237,2510.9345383542295,Bio Certifié
Dairy Meadows,Hacienda El Sol,Brésil,Toscane,,Raisins de Cuve,124.83972298754205,1756.3705177226307,Premium
Fazenda Brasil,Fazenda Brasil,France,Provence,,Blé,164.74052435821167,20963.213029335693,Standard
Fattoria Toscana,Rungis International,USA,Provence,,Tomates,82.89670751727343,2207.014393511307,Bio Certifié
Union Agricole Méditerranée,Fattoria Toscana,USA,Andalousie,,Robusta,468.5510032779906,3409.2221146541315,Bio Certifié
Mercabarna,Ferme Al Baraka,Maroc,Toscane,,Blé,5.625400369325348,3374.619565918294,Premium
Ferme Al Baraka,Marché Wholesale Agadir,Espagne,Marrakech-Safi,,Citrons,235.12607080458372,4623.04738214703,Bio Certifié
Fattoria Toscana,Marché Wholesale Agadir,Brésil,Souss-Massa,,Maïs,191.8363835332742,13895.954368464169,Commerce Équitable
Cooperative Grains Alliance,Mercabarna,France,Provence,,Oignons,144.35498925520005,15890.586463114265,Standard
Fattoria Toscana,Mercabarna,USA,Californie,,Orge,168.82025292424066,2312.5342142252052,Bio Certifié
Rungis International,Coopérative Oasis,Maroc,Provence,,Maïs,171.89262129366583,400.604921764845,Premium
Dairy Meadows,Union Agricole Méditerranée,Maroc,Marrakech-Safi,,Blé,59.673661278384,1819.1924113503003,Premium
Union Agricole Méditerranée,Fattoria Toscana,France,São Paulo,,Pommes de terre,182.56628511278075,1664.36793279519,Premium
Hacienda El Sol,Domaine Provence Bio,USA,Toscane,,Raisins de Cuve,165.16048921560517,2379.8568619742573,Standard
Mercabarna,Rungis International,Tunisie,Californie,,Raisins de Table,953.9480484373096,1797.5281995793257,Standard
Ferme Al Baraka,Hacienda El Sol,USA,Marrakech-Safi,,Riz,268.51946479411424,224.6953120797175,Standard
Union Agricole Méditerranée,Rungis International,Maroc,São Paulo,,Salades,-47.968125837162155,1052.0533547351727,Premium
Domaine Provence Bio,Dairy Meadows,Maroc,Californie,,Arabica,36.46498341631375,-58.2303360667554,Standard
Cooperative Grains Alliance,Domaine Saada,USA,Canterbury,,Beurre,121.29533406941832,1203.2276765297404,Bio Certifié
Fazenda Brasil,Fazenda Brasil,France,Provence,,Robusta,162.48300006690945,2650.454466685638,Bio Certifié
Domaine Provence Bio,Hacienda El Sol,France,Californie,,Oignons,102.07783358687098,-374.81394296490384,Premium
Coopérative Oasis,Cooperative Grains Alliance,Tunisie,Catalogne,,Raisins de Table,122.27785439600814,658.4111887132522,Premium
Green Valley Farm,Cooperative Grains Alliance,Maroc,Souss-Massa,,Pommes,185.38827169850302,4051.6513436765704,Bio Certifié
Dairy Meadows,Mercabarna,Maroc,Provence,,Raisins de Table,79.27884399739882,3950.5832246334276,Bio Certifié
Rungis International,Fazenda Brasil,France,Andalousie,,Maïs,109.05321380538365,3970.9897311636932,Standard
Coopérative Oasis,Fazenda Brasil,Maroc,Marrakech-Safi,,Deglet Nour,67.34455807683992,20994.968092319188,Standard
Union Agricole Méditerranée,Hacienda El Sol,Espagne,Andalousie,,Maïs,175.06714249915083,2221.2535743413246,Bio Certifié
Green Valley Farm,Dairy Meadows,Maroc,São Paulo,,Salades,135.3557154493593,5385.366217291645,Bio Certifié
Coopérative Oasis,Union Agricole Méditerranée,Maroc,Toscane,,Salades,163.4705211521425,2965.2373963464315,Premium
Union Agricole Méditerranée,Domaine Saada,Espagne,Sfax,,Tomates,234.3390446269808,3973.645598896027,Bio Certifié
Cooperative Grains Alliance,Domaine Provence Bio,USA,Île-de-France,,Olives à Huile,639.9573230304043,1395.9768181049285,Standard
Coopérative Oasis,Mercabarna,France,Marrakech-Safi,,Olives à Huile,91.28339006009833,3775.7329507824793,Premium
Green Valley Farm,Union Agricole Méditerranée,USA,Canterbury,,Salades,64.95884259751182,4563.667268631543,Bio Certifié
Marché Wholesale Agadir,Fattoria Toscana,USA,Catalogne,,Bananes,94.401590224823,4584.887256286387,Bio Certifié
Fazenda Brasil,Coopérative Oasis,Espagne,Canterbury,,Robusta,239.39695323326595,2065.522739787385,Bio Certifié
Cooperative Grains Alliance,Marché Wholesale Agadir,Maroc,Meknès-Fès,,Deglet Nour,108.87365592213257,3772.186541688012,Bio Certifié
Green Valley Farm,Domaine Provence Bio,Maroc,Meknès-Fès,,Medjool,102.76119557340954,12491.502943693025,Bio Certifié
Cooperative Grains Alliance,Mercabarna,Brésil,Île-de-France,,Maïs,548.310771692723,4462.895082191203,Bio Certifié
Mercabarna,Rungis International,France,Île-de-France,,Raisins de Cuve,281.6611604795755,3230.7423923918604,Premium
Coopérative Oasis,Dairy Meadows,Maroc,Sfax,,Orge,-21.140646413703855,1709.5431506951422,Premium
Mercabarna,Domaine Saada,Brésil,Provence,,Olives à Huile,862.5143858357593,2465.2879675157974,Standard
Ferme Al Baraka,Green Valley Farm,France,Californie,,Courgettes,95.77153985387152,1631.384436859506,Standard
Dairy Meadows,Domaine Saada,Nouvelle-Zélande,Sfax,,Olives à Huile,161.11252294484973,977.10221755969,Premium
Hacienda El Sol,Ferme Al Baraka,France,Kansas,,Bananes,144.68544712646303,867.7207373949107,Standard
Ferme Al Baraka,Mercabarna,Espagne,Catalogne,,Tomates,10.45526758722346,2461.879964768073,Standard
Union Agricole Méditerranée,Mercabarna,USA,Souss-Massa,,Raisins de Table,246.32349290055308,3244.121952589693,Premium
Domaine Provence Bio,Marché Wholesale Agadir,Tunisie,São Paulo,,Courgettes,216.87557763112142,2755.3127883751804,Standard
Mercabarna,Hacienda El Sol,France,São Paulo,,Pommes,196.78097781736645,2731.950759497193,Premium
Rungis International,Cooperative Grains Alliance,Brésil,Kansas,,Mandarines,1255.7567978583215,2931.901479851558,Commerce Équitable
Union Agricole Méditerranée,Domaine Provence Bio,Nouvelle-Zélande,Canterbury,,Citrons,235.0729412081443,17158.97774390118,Bio Certifié
Dairy Meadows,Union Agricole Méditerranée,Maroc,Andalousie,,Medjool,203.60005453753755,18845.257037123018,Commerce Équitable
Dairy Meadows,Green Valley Farm,France,Souss-Massa,,Robusta,444.3717769596305,2655.1387038171647,Bio Certifié
Marché Wholesale Agadir,Green Valley Farm,Maroc,Canterbury,,Raisins de Cuve,-3.3741538011398475,531.5810296515135,Bio Certifié
Union Agricole Méditerranée,Cooperative Grains Alliance,Italie,Californie,,Orge,41.64567242632526,-852.094326092166,Premium
Domaine Provence Bio,Marché Wholesale Agadir,France,Catalogne,,Robusta,89.0554631730385,-176.17961047015137,Bio Certifié
Mercabarna,Coopérative Oasis,Maroc,Californie,,Yaourt,-44.62372974673861,1455.5626488121186,Premium
Domaine Saada,Hacienda El Sol,Italie,Californie,,Pommes de terre,7.416396436951345,172.48914896402948,Standard
Hacienda El Sol,Rungis International,Italie,Provence,,Robusta,144.0395787179124,2425.8972950231337,Bio Certifié
Cooperative Grains Alliance,Cooperative Grains Alliance,USA,Andalousie,,Olives de Table,185.89724699292105,1003.0683129999167,Standard
Cooperative Grains Alliance,Green Valley Farm,Maroc,Souss-Massa,,Citrons,481.42167048431,7293.504368127043,Bio Certifié
Rungis International,Dairy Meadows,France,Canterbury,,Raisins de Table,60.933282204636114,3083.4229516123196,Premium
Domaine Provence Bio,Cooperative Grains Alliance,USA,Kansas,,Medjool,3.7405297050885906,2117.6231859799655,Commerce Équitable
Dairy Meadows,Domaine Saada,Nouvelle-Zélande,Souss-Massa,,Robusta,-0.39383195018723427,2299.0676059088696,Bio Certifié
Rungis International,Fazenda Brasil,Espagne,Sfax,,Citrons,1265.707344312836,3662.051197689788,Standard
Cooperative Grains Alliance,Domaine Provence Bio,Espagne,São Paulo,,Courgettes,770.3730913964995,4954.728373001663,Standard
Fazenda Brasil,Rungis International,France,Marrakech-Safi,,Citrons,69.7535131216852,-1126.8696010236674,Standard
Hacienda El Sol,Union Agricole Méditerranée,Espagne,Provence,,Riz,99.87916832741712,3492.3334101321366,Standard
Rungis International,Coopérative Oasis,France,Sfax,,Bananes,46.73158579562926,22305.011011652383,Bio Certifié
Domaine Saada,Ferme Al Baraka,Brésil,Toscane,,Oranges,-4.916055409088209,3243.861549344973,Standard
Green Valley Farm,Coopérative Oasis,Tunisie,Kansas,,Raisins de Cuve,133.11702825008396,2674.7046356119695,Bio Certifié
Dairy Meadows,Hacienda El Sol,Brésil,Canterbury,,Pommes,281.6205064736619,3518.461110188022,Standard
Ferme Al Baraka,Fazenda Brasil,Brésil,Canterbury,,Pommes,101.91575190438937,831.7510654369817,Bio Certifié
Fattoria Toscana,Rungis International,USA,Sfax,,Lait,48.34066051403403,4194.746683769086,Premium
Mercabarna,Domaine Provence Bio,Espagne,Sfax,,Courgettes,643.890880627239,1146.7613827583955,Standard
Dairy Meadows,Union Agricole Méditerranée,Nouvelle-Zélande,Andalousie,,Olives à Huile,51.60179794556853,3306.4734726077004,Bio Certifié
Mercabarna,Fazenda Brasil,Espagne,Souss-Massa,,Yaourt,140.3716455427997,3060.1734630378987,Commerce Équitable
Dairy Meadows,Green Valley Farm,USA,Toscane,,Tomates,167.7329886787966,2604.705958044051,Bio Certifié
Mercabarna,Domaine Provence Bio,Nouvelle-Zélande,Californie,,Pommes de terre,236.85501143984817,7889.6246615256105,Bio Certifié
Rungis International,Domaine Provence Bio,USA,Souss-Massa,,Arabica,84.93590434543678,11052.571218360701,Standard
Marché Wholesale Agadir,Mercabarna,Maroc,Souss-Massa,,Olives à Huile,92.52695537186924,3695.0277190642173,Standard
Hacienda El Sol,Marché Wholesale Agadir,Espagne,Toscane,,Raisins de Table,205.7125436397489,3597.9294547962236,Standard
Coopérative Oasis,Fattoria Toscana,Tunisie,Canterbury,,Salades,97.80268765503672,2667.6669859383724,Bio Certifié
Ferme Al Baraka,Fazenda Brasil,Maroc,Souss-Massa,,Arabica,87.96591825946032,4041.9504775133155,Bio Certifié
Coopérative Oasis,Union Agricole Méditerranée,Espagne,Andalousie,,Olives de Table,90.29132849565492,5108.506871919428,Premium
Ferme Al Baraka,Ferme Al Baraka,France,Provence,,Oranges,167.50881800801122,2346.7366498541073,Bio Certifié
Green Valley Farm,Fattoria Toscana,Italie,Kansas,,Blé,269.604134205924,5701.018763547095,Standard
Dairy Meadows,Coopérative Oasis,Maroc,Marrakech-Safi,,Oignons,187.70383525976496,2500.905126210309,Premium
Cooperative Grains Alliance,Domaine Saada,Espagne,Souss-Massa,,Oranges,420.33462670394965,19168.03026480206,Premium
Cooperative Grains Alliance,Domaine Saada,Espagne,Californie,,Oranges,145.18484180664595,4439.830823402661,Standard
Ferme Al Baraka,Rungis International,Espagne,Meknès-Fès,,Maïs,268.59361994962114,13013.052525842693,Bio Certifié
Domaine Saada,Marché Wholesale Agadir,Nouvelle-Zélande,Île-de-France,,Tomates,228.43341978669827,1699.0805210482426,Bio Certifié
Domaine Provence Bio,Green Valley Farm,Espagne,Île-de-France,,Deglet Nour,104.71839878120943,6619.657062294938,Standard
Rungis International,Domaine Provence Bio,Italie,Californie,,Oignons,148.1566331577747,3306.0783122354915,Bio Certifié
Green Valley Farm,Hacienda El Sol,France,Californie,,Bananes,65.43278590108274,8045.5423627219,Bio Certifié
Dairy Meadows,Mercabarna,France,Souss-Massa,,Olives à Huile,172.68908507551413,13456.71156071105,Bio Certifié
Rungis International,Domaine Saada,Maroc,Provence,,Salades,140.70856832015525,-232.50702171772218,Bio Certifié
Rungis International,Dairy Meadows,Nouvelle-Zélande,Catalogne,,Oranges,110.96278946049131,4657.282613930445,Standard
Green Valley Farm,Cooperative Grains Alliance,Maroc,Souss-Massa,,Deglet Nour,174.03197935381755,13019.975238990217,Bio Certifié
Cooperative Grains Alliance,Fazenda Brasil,Tunisie,Catalogne,,Riz,13.088277895428668,3613.1787967240684,Standard
Fazenda Brasil,Cooperative Grains Alliance,Espagne,Marrakech-Safi,,Citrons,7.802104472141593,4443.51915184152,Premium
Hacienda El Sol,Domaine Provence Bio,Maroc,Souss-Massa,,Olives à Huile,83.1488185633695,1958.5294187428026,Standard
Fattoria Toscana,Union Agricole Méditerranée,France,Souss-Massa,,Arabica,173.6917493268326,7892.296156577982,Bio Certifié
Mercabarna,Marché Wholesale Agadir,Italie,Californie,,Maïs,459.8269916774633,1410.8306070755814,Premium
Mercabarna,Marché Wholesale Agadir,Italie,Catalogne,,Raisins de Cuve,276.08758936603647,3820.812814352841,Premium
Fazenda Brasil,Domaine Provence Bio,Tunisie,Californie,,Medjool,108.53644917936472,-706.6061807430278,Bio Certifié
Ferme Al Baraka,Ferme Al Baraka,France,Kansas,,Tomates,273.54369536193684,2296.9669876621992,Standard
Rungis International,Hacienda El Sol,USA,Toscane,,Riz,4.161759629009396,1008.6070738598041,Premium
Marché Wholesale Agadir,Hacienda El Sol,Italie,Californie,,Tomates,572.3172988716461,2667.078132418155,Premium
Fattoria Toscana,Dairy Meadows,Espagne,Canterbury,,Riz,143.08085032417546,1345.3114075322312,Premium
Ferme Al Baraka,Domaine Saada,France,Île-de-France,,Maïs,216.21645648915435,3474.199271776318,Premium
Rungis International,Fattoria Toscana,Espagne,Provence,,Riz,113.12362208110879,2281.864400436789,Standard
Rungis International,Ferme Al Baraka,Italie,Kansas,,Medjool,1173.6097916171984,1311.1326863600116,Premium
Fazenda Brasil,Fazenda Brasil,Tunisie,Kansas,,Olives à Huile,541.2012501904244,1296.6224968241554,Premium
Fattoria Toscana,Hacienda El Sol,Brésil,Sfax,,Mandarines,109.35260072393055,3268.5759585934898,Bio Certifié
Mercabarna,Dairy Meadows,USA,Californie,,Olives à Huile,257.81263743541103,1007.2653573152352,Bio Certifié
Dairy Meadows,Ferme Al Baraka,Espagne,São Paulo,,Deglet Nour,204.82872112493834,4521.037556133143,Standard
Domaine Provence Bio,Ferme Al Baraka,USA,Kansas,,Olives à Huile,155.96156665548853,1777.6503768368111,Standard
Cooperative Grains Alliance,Cooperative Grains Alliance,Italie,Kansas,,Riz,126.30980064881066,14343.61666595292,Premium
Marché Wholesale Agadir,Green Valley Farm,Nouvelle-Zélande,Souss-Massa,,Deglet Nour,182.29193031747818,2733.538256201962,Commerce Équitable
Coopérative Oasis,Mercabarna,Maroc,Marrakech-Safi,,Olives à Huile,92.57100501002245,5139.818069732259,Premium
Mercabarna,Fazenda Brasil,USA,Kansas,,Courgettes,1230.764576162103,2291.8790901682382,Premium
Rungis International,Mercabarna,Maroc,Californie,,Tomates,145.93522696172096,2037.444086380206,Premium
Cooperative Grains Alliance,Union Agricole Méditerranée,Italie,Souss-Massa,,Bananes,494.5209730701284,3394.8365509801133,Standard
Domaine Provence Bio,Dairy Meadows,Nouvelle-Zélande,Marrakech-Safi,,Pommes de terre,119.93982804487166,4896.598372391063,Standard
Fattoria Toscana,Green Valley Farm,Tunisie,Kansas,,Raisins de Table,295.6663391449106,5897.88485313767,Premium
Domaine Saada,Mercabarna,Nouvelle-Zélande,São Paulo,,Pommes de terre,985.6155238912063,14244.373223907382,Premium
Fazenda Brasil,Ferme Al Baraka,France,Kansas,,Olives à Huile,78.39747870372152,1304.0409236659991,Premium
Green Valley Farm,Domaine Provence Bio,USA,Catalogne,,Raisins de Cuve,422.60042528303256,13141.68408388588,Standard
Hacienda El Sol,Coopérative Oasis,France,Canterbury,,Riz,67.62223693179045,2967.74533254362,Bio Certifié
Domaine Saada,Fazenda Brasil,USA,Andalousie,,Raisins de Table,469.83723873774295,2800.3542847058566,Bio Certifié
Green Valley Farm,Coopérative Oasis,Nouvelle-Zélande,Marrakech-Safi,,Salades,232.0653307124057,1637.8370939209017,Premium
Domaine Saada,Cooperative Grains Alliance,Maroc,Souss-Massa,,Fromage,160.01198659290424,5730.823610591247,Premium
Union Agricole Méditerranée,Rungis International,USA,Canterbury,,Raisins de Table,141.41020626316813,4488.840823071419,Standard
Domaine Saada,Mercabarna,USA,Toscane,,Carottes,21.693552643950532,2753.498987158708,Standard
Coopérative Oasis,Domaine Provence Bio,France,Marrakech-Safi,,Maïs,53.06603828977431,3227.5416557925146,Premium
Fazenda Brasil,Domaine Provence Bio,Maroc,Canterbury,,Salades,184.58630968715536,3750.687055524724,Premium
Hacienda El Sol,Rungis International,Tunisie,Catalogne,,Fromage,112.95298944920151,3804.168190407517,Bio Certifié
Mercabarna,Hacienda El Sol,Brésil,Provence,,Raisins de Cuve,247.42703047668715,1112.5729649693678,Premium
Green Valley Farm,Dairy Meadows,France,Toscane,,Citrons,46.17896725978231,1670.112822432604,Bio Certifié
Mercabarna,Hacienda El Sol,Maroc,Toscane,,Lait,106.22465123800845,7195.769299491751,Premium
Fattoria Toscana,Dairy Meadows,Italie,Andalousie,,Riz,162.92110487411514,1504.2053944574154,Standard
Union Agricole Méditerranée,Hacienda El Sol,USA,Sfax,,Robusta,190.18512029199758,1685.6345838021819,Standard
Fattoria Toscana,Ferme Al Baraka,Maroc,Toscane,,Raisins de Cuve,124.51169148797928,1202.324779618221,Premium
Domaine Saada,Green Valley Farm,Maroc,Marrakech-Safi,,Blé,117.8959535377744,5202.965770797743,Bio Certifié
Rungis International,Marché Wholesale Agadir,USA,São Paulo,,Pommes,121.96180862081494,1392.550124022174,Standard
Mercabarna,Fazenda Brasil,Nouvelle-Zélande,Canterbury,,Olives à Huile,1022.3474553369853,11160.537239353795,Premium
Cooperative Grains Alliance,Dairy Meadows,USA,Provence,,Salades,224.73994776981704,4158.124305834008,Standard
Green Valley Farm,Dairy Meadows,Espagne,Meknès-Fès,,Raisins de Table,1131.4060698125415,1731.9917044552112,Standard
Rungis International,Dairy Meadows,Tunisie,Provence,,Olives à Huile,81.2835056872859,5096.556565182493,Bio Certifié
Ferme Al Baraka,Hacienda El Sol,Espagne,Provence,,Arabica,28.309627835753233,4859.68116054122,Bio Certifié
Domaine Saada,Domaine Provence Bio,France,Île-de-France,,Raisins de Cuve,121.52833478636671,2663.121767882276,Premium
Dairy Meadows,Union Agricole Méditerranée,Nouvelle-Zélande,Canterbury,,Carottes,179.03143945334403,5179.114052782723,Standard
Fazenda Brasil,Dairy Meadows,Maroc,Meknès-Fès,,Orge,25.438671986827515,5504.352247257944,Commerce Équitable
Rungis International,Dairy Meadows,Maroc,Canterbury,,Beurre,94.43505227213964,4924.283608421731,Premium
Union Agricole Méditerranée,Hacienda El Sol,Maroc,Souss-Massa,,Tomates,129.86783484066103,2368.9854119650463,Bio Certifié
Cooperative Grains Alliance,Coopérative Oasis,Maroc,Kansas,,Raisins de Table,169.069976476524,2188.5882427025044,Premium
Hacienda El Sol,Coopérative Oasis,France,Canterbury,,Mandarines,278.92224736011804,5245.994915003708,Bio Certifié
Dairy Meadows,Green Valley Farm,Brésil,Canterbury,,Medjool,426.643653914635,3232.200167769781,Standard
Green Valley Farm,Domaine Provence Bio,Brésil,Marrakech-Safi,,Salades,153.80542884393924,1630.2730128413646,Premium
Fazenda Brasil,Union Agricole Méditerranée,Maroc,São Paulo,,Robusta,24.58966564405751,3652.449324404036,Bio Certifié
Cooperative Grains Alliance,Union Agricole Méditerranée,Maroc,Toscane,,Olives de Table,781.3761351034414,2452.6217439834877,Bio Certifié
Mercabarna,Ferme Al Baraka,France,Toscane,,Yaourt,80.70295238362269,754.5252817789776,Premium
Mercabarna,Union Agricole Méditerranée,Italie,Sfax,,Robusta,50.90184613989428,1213.9823459593106,Bio Certifié
Domaine Saada,Coopérative Oasis,France,Marrakech-Safi,,Oranges,131.53695964252128,2301.3514903523137,Commerce Équitable
Green Valley Farm,Green Valley Farm,USA,Provence,,Olives à Huile,99.66151650661541,1599.8543003136563,Premium
Ferme Al Baraka,Ferme Al Baraka,Nouvelle-Zélande,Meknès-Fès,,Riz,284.3247355769553,5536.185899463434,Premium
Cooperative Grains Alliance,Rungis International,USA,Sfax,,Lait,273.8619249366843,1247.5688931234931,Standard
Rungis International,Fattoria Toscana,Italie,Andalousie,,Orge,19.82615677431741,9211.697274013533,Premium
Fazenda Brasil,Green Valley Farm,USA,Souss-Massa,,Pommes,228.28884079462324,22897.78118195462,Premium
Green Valley Farm,Domaine Saada,Brésil,Sfax,,Raisins de Table,258.70901923253524,2723.8769884978965,Premium
Dairy Meadows,Mercabarna,France,São Paulo,,Pamplemousses,30.128306162380717,5274.058342440574,Bio Certifié
Rungis International,Green Valley Farm,Tunisie,Californie,,Olives à Huile,142.45610020490332,10688.402502559798,Bio Certifié
Ferme Al Baraka,Coopérative Oasis,Nouvelle-Zélande,Souss-Massa,,Riz,87.3871967491742,1100.3987203172653,Standard
Green Valley Farm,Cooperative Grains Alliance,Italie,Marrakech-Safi,,Salades,229.34986249181867,4357.869846145152,Bio Certifié
Rungis International,Coopérative Oasis,France,Provence,,Raisins de Cuve,249.90442429918517,2031.944886745831,Bio Certifié
Coopérative Oasis,Fattoria Toscana,Maroc,Provence,,Salades,207.3102838308383,3865.414686668755,Bio Certifié
Ferme Al Baraka,Fazenda Brasil,France,Provence,,Pommes,172.06609991049697,552.9795352574644,Standard
Green Valley Farm,Ferme Al Baraka,Brésil,Meknès-Fès,,Orge,183.8736003061372,926.4612339426333,Premium
Ferme Al Baraka,Dairy Meadows,Nouvelle-Zélande,Toscane,,Raisins de Table,1264.2488721153184,3621.6619837000626,Bio Certifié
Dairy Meadows,Dairy Meadows,USA,Catalogne,,Olives de Table,109.6765443956094,1033.3681525629274,Premium
Fattoria Toscana,Cooperative Grains Alliance,Tunisie,Toscane,,Lait,174.62768636445844,3709.4062159802497,Standard
Hacienda El Sol,Marché Wholesale Agadir,France,São Paulo,,Raisins de Cuve,149.992541549427,10703.214396218455,Premium
Green Valley Farm,Dairy Meadows,France,Meknès-Fès,,Raisins de Table,165.71305465323027,-662.0662136884612,Bio Certifié
Rungis International,Domaine Saada,France,Andalousie,,Raisins de Table,205.65100572766374,9377.361465408896,Standard
Domaine Saada,Green Valley Farm,Maroc,Île-de-France,,Medjool,237.44765644221712,513.2609061237916,Premium
Fattoria Toscana,Union Agricole Méditerranée,USA,Sfax,,Raisins de Cuve,1317.690466041839,3208.364137892274,Standard
Green Valley Farm,Hacienda El Sol,Nouvelle-Zélande,Meknès-Fès,,Fromage,133.28942146754756,932.0250171711016,Standard
Mercabarna,Ferme Al Baraka,Maroc,Canterbury,,Yaourt,254.0653546063603,691.8159650738808,Bio Certifié
Domaine Saada,Domaine Saada,Maroc,Andalousie,,Pamplemousses,103.56988538067962,8438.638196577987,Standard
Domaine Saada,Mercabarna,Maroc,Sfax,,Olives de Table,210.68636774309354,1063.3586321758794,Bio Certifié
Fazenda Brasil,Ferme Al Baraka,Maroc,Catalogne,,Robusta,-3.642505484470682,3240.3668120007114,Bio Certifié
Domaine Provence Bio,Domaine Saada,Maroc,Marrakech-Safi,,Pommes,145.88351030709148,23732.656825886443,Premium
Mercabarna,Fattoria Toscana,USA,Toscane,,Tomates,24.462726551707327,2330.528451516134,Standard
Dairy Meadows,Union Agricole Méditerranée,Maroc,Provence,,Oranges,386.82096718976743,4156.874050376763,Standard
Green Valley Farm,Cooperative Grains Alliance,Maroc,Provence,,Mandarines,135.82294563285257,2364.419529153284,Premium
Rungis International,Ferme Al Baraka,Maroc,Toscane,,Lait,298.657711528377,1652.7767250722716,Standard
Coopérative Oasis,Fattoria Toscana,Tunisie,Californie,,Raisins de Cuve,85.45388931022595,2207.4416799852615,Standard
Ferme Al Baraka,Fattoria Toscana,Maroc,Californie,,Mandarines,217.07861235043657,3522.6498686802033,Bio Certifié
Green Valley Farm,Domaine Provence Bio,Brésil,Californie,,Salades,167.5382682601634,2342.185275129252,Commerce Équitable
Fattoria Toscana,Green Valley Farm,USA,Sfax,,Olives à Huile,103.09369722773036,4597.188241824396,Bio Certifié
Coopérative Oasis,Fazenda Brasil,Brésil,Andalousie,,Maïs,204.63617352753738,13695.161093275889,Standard
Ferme Al Baraka,Marché Wholesale Agadir,Brésil,Kansas,,Pamplemousses,188.59067023761045,3205.30845737476,Premium
Domaine Saada,Domaine Saada,Tunisie,São Paulo,,Raisins de Table,677.0630610750226,2083.93864275777,Premium
Green Valley Farm,Ferme Al Baraka,Italie,Souss-Massa,,Riz,240.68929747106085,3157.4671788323867,Premium
Dairy Meadows,Mercabarna,Maroc,Catalogne,,Courgettes,42.2326660675069,2415.3878481045754,Premium
Mercabarna,Fazenda Brasil,Brésil,Marrakech-Safi,,Deglet Nour,163.28464641280502,2643.243809889506,Standard
Domaine Provence Bio,Coopérative Oasis,Espagne,Sfax,,Raisins de Table,69.63293157804675,2818.2432943286212,Bio Certifié
Mercabarna,Marché Wholesale Agadir,Maroc,Souss-Massa,,Arabica,122.63168375093473,4287.783195217678,Standard
Coopérative Oasis,Domaine Provence Bio,Brésil,Sfax,,Riz,138.40395745823764,3700.3649721614074,Bio Certifié
Fattoria Toscana,Green Valley Farm,Espagne,Meknès-Fès,,Raisins de Table,96.65879966324479,7486.004539592428,Premium
Green Valley Farm,Domaine Saada,Tunisie,Californie,,Raisins de Table,218.61396354251795,3571.0077989668744,Bio Certifié
Domaine Saada,Hacienda El Sol,Maroc,Sfax,,Pommes de terre,73.16752715554767,4028.8300706923737,Standard
Green Valley Farm,Green Valley Farm,USA,Kansas,,Raisins de Table,147.571767688544,1005.119138030379,Standard
Domaine Saada,Coopérative Oasis,France,Provence,,Oignons,1076.129678203925,1248.7452375409753,Bio Certifié
Hacienda El Sol,Dairy Meadows,France,Catalogne,,Lait,135.28871708684895,1332.4728749607032,Bio Certifié
Hacienda El Sol,Fazenda Brasil,Nouvelle-Zélande,São Paulo,,Arabica,61.74475434392472,3173.4200484740713,Standard
Coopérative Oasis,Marché Wholesale Agadir,France,Kansas,,Olives à Huile,201.29579566113154,493.2057834710861,Premium
Green Valley Farm,Rungis International,Brésil,Meknès-Fès,,Deglet Nour,178.8164562355624,2938.0539339593056,Bio Certifié
Dairy Meadows,Green Valley Farm,Brésil,Toscane,,Yaourt,181.59883489309564,11067.966687696106,Standard
Dairy Meadows,Hacienda El Sol,USA,Sfax,,Olives de Table,276.624505004359,4973.099665607212,Premium
Hacienda El Sol,Rungis International,Nouvelle-Zélande,Provence,,Riz,108.18960418171781,4898.876073969748,Commerce Équitable
Union Agricole Méditerranée,Fattoria Toscana,Espagne,São Paulo,,Pommes,98.40187376531821,1951.7369312176274,Bio Certifié
Rungis International,Fazenda Brasil,Tunisie,Île-de-France,,Oranges,69.02215637967156,2597.021111118213,Premium
Domaine Saada,Cooperative Grains Alliance,Maroc,Meknès-Fès,,Deglet Nour,1094.6976469903943,5461.610346053672,Premium
Marché Wholesale Agadir,Domaine Saada,Nouvelle-Zélande,Catalogne,,Olives à Huile,136.25392979968012,1183.3060385353936,Bio Certifié
Green Valley Farm,Ferme Al Baraka,USA,Catalogne,,Mandarines,-11.31961525501736,2587.154823304475,Premium
Dairy Meadows,Ferme Al Baraka,Maroc,Souss-Massa,,Olives à Huile,108.73878545738165,4695.972321801653,Premium
Cooperative Grains Alliance,Hacienda El Sol,USA,Kansas,,Pamplemousses,219.3257126300837,3489.6396164025637,Standard
Hacienda El Sol,Dairy Meadows,Maroc,Catalogne,,Salades,57.427963273426755,990.5153166216018,Bio Certifié
Coopérative Oasis,Ferme Al Baraka,Maroc,Marrakech-Safi,,Raisins de Table,167.6960382256072,11178.356247959753,Bio Certifié
Mercabarna,Mercabarna,Espagne,Andalousie,,Olives à Huile,207.85154626338837,2483.3436628131803,Bio Certifié
Union Agricole Méditerranée,Mercabarna,Maroc,Californie,,Maïs,259.22096991475286,12921.39320922623,Commerce Équitable
Union Agricole Méditerranée,Marché Wholesale Agadir,Nouvelle-Zélande,Meknès-Fès,,Bananes,250.53690209290536,3104.5551045973234,Commerce Équitable
Green Valley Farm,Fattoria Toscana,Maroc,Meknès-Fès,,Deglet Nour,112.68767401143307,3611.3315613171562,Premium
Domaine Provence Bio,Union Agricole Méditerranée,Espagne,Provence,,Salades,640.117775832226,12475.362919065095,Standard
Coopérative Oasis,Marché Wholesale Agadir,Brésil,Souss-Massa,,Pamplemousses,237.52023444229627,1808.8720707727252,Standard
Coopérative Oasis,Rungis International,Nouvelle-Zélande,Canterbury,,Lait,300.5094949593887,1429.9605312645508,Standard
Domaine Saada,Hacienda El Sol,USA,Provence,,Blé,1066.2277193633572,274.08791990466784,Standard
Hacienda El Sol,Domaine Provence Bio,Maroc,Californie,,Deglet Nour,157.93823136066388,656.7651298074295,Commerce Équitable
Coopérative Oasis,Fazenda Brasil,Maroc,Catalogne,,Arabica,128.5144032612116,3380.6231133399024,Standard
Fazenda Brasil,Domaine Saada,Italie,Sfax,,Bananes,97.50116881154817,26802.633449495966,Bio Certifié
Coopérative Oasis,Dairy Meadows,Italie,Toscane,,Blé,269.89290751801855,3456.5313672738257,Premium
Rungis International,Fazenda Brasil,Maroc,Souss-Massa,,Lait,49.89220383990495,938.8719958700219,Bio Certifié
Dairy Meadows,Ferme Al Baraka,Italie,Provence,,Yaourt,74.68295444967153,2673.477098046109,Bio Certifié
Union Agricole Méditerranée,Union Agricole Méditerranée,USA,Sfax,,Bananes,222.16648210144768,3234.4113258654534,Bio Certifié
Domaine Provence Bio,Fattoria Toscana,Nouvelle-Zélande,Souss-Massa,,Mandarines,100.80289145354962,615.4899311380552,Standard
Dairy Meadows,Dairy Meadows,Brésil,Toscane,,Bananes,159.1938171783014,3236.623168254668,Bio Certifié
Cooperative Grains Alliance,Dairy Meadows,France,Souss-Massa,,Yaourt,56.4463884970512,5259.767753639722,Standard
Ferme Al Baraka,Mercabarna,Maroc,Souss-Massa,,Mandarines,97.94264765371594,9742.728535877097,Premium
Cooperative Grains Alliance,Coopérative Oasis,France,Toscane,,Yaourt,32.45089807419913,3107.925167201321,Premium
Domaine Provence Bio,Hacienda El Sol,Nouvelle-Zélande,Andalousie,,Pommes,99.01416274052346,13786.678496238394,Bio Certifié
Dairy Meadows,Green Valley Farm,Maroc,Sfax,,Olives à Huile,37.98506915244937,526.3371004966431,Bio Certifié
Cooperative Grains Alliance,Marché Wholesale Agadir,Tunisie,Sfax,,Oranges,475.1578713722103,896.9944037766495,Bio Certifié
Union Agricole Méditerranée,Dairy Meadows,Tunisie,São Paulo,,Orge,142.56818353749108,1132.9258193373832,Bio Certifié
Mercabarna,Domaine Saada,USA,São Paulo,,Orge,85.87275896529478,12308.669018314207,Standard
Rungis International,Fazenda Brasil,France,Sfax,,Citrons,147.42439400825418,2105.3478908455563,Standard
Domaine Saada,Marché Wholesale Agadir,USA,Provence,,Tomates,36.843266323590385,5099.8569373786195,Standard
Cooperative Grains Alliance,Cooperative Grains Alliance,Italie,São Paulo,,Pamplemousses,453.03729077231327,5140.125270064094,Bio Certifié
Cooperative Grains Alliance,Domaine Provence Bio,Italie,Souss-Massa,,Courgettes,228.48133783895844,4316.718971810306,Standard
Domaine Provence Bio,Green Valley Farm,USA,Toscane,,Tomates,809.7019698681331,3678.035026461698,Bio Certifié
Mercabarna,Dairy Meadows,Tunisie,Catalogne,,Arabica,425.2336179883001,4421.189112352091,Standard
Coopérative Oasis,Domaine Provence Bio,Espagne,Andalousie,,Oignons,171.28119227398477,5594.499650063703,Standard
Fazenda Brasil,Fazenda Brasil,Nouvelle-Zélande,Kansas,,Mandarines,431.4159469106118,1314.4716708138733,Premium
Marché Wholesale Agadir,Mercabarna,Maroc,Sfax,,Deglet Nour,443.59420029864054,14502.492146156284,Premium
Ferme Al Baraka,Marché Wholesale Agadir,Brésil,Sfax,,Fromage,204.15128478472684,3328.5844607227923,Premium
Union Agricole Méditerranée,Cooperative Grains Alliance,Brésil,Île-de-France,,Courgettes,147.6250365121952,9081.214195879107,Standard
Hacienda El Sol,Marché Wholesale Agadir,Maroc,Toscane,,Medjool,69.99141552150653,3045.6829377418517,Premium
Domaine Provence Bio,Domaine Provence Bio,Brésil,São Paulo,,Bananes,118.8357567289556,3834.1818869487115,Bio Certifié
Domaine Saada,Coopérative Oasis,Maroc,Californie,,Tomates,96.30986845006443,757.0313446285044,Commerce Équitable
Coopérative Oasis,Domaine Saada,France,Provence,,Robusta,1089.176284608604,4756.956006794086,Bio Certifié
Cooperative Grains Alliance,Coopérative Oasis,USA,Kansas,,Bananes,236.2581446616697,22199.916348976534,Premium
Domaine Saada,Fazenda Brasil,Italie,Meknès-Fès,,Tomates,23.08344101364181,1222.0356633212803,Premium
Fazenda Brasil,Marché Wholesale Agadir,Nouvelle-Zélande,Californie,,Raisins de Cuve,210.22223205767938,5413.634064810112,Standard
Coopérative Oasis,Green Valley Farm,France,São Paulo,,Pommes,205.94201013768037,2990.187866235121,Standard
Dairy Meadows,Ferme Al Baraka,Maroc,Île-de-France,,Olives à Huile,725.2907468315407,2472.5594566080817,Standard
Cooperative Grains Alliance,Domaine Saada,Nouvelle-Zélande,São Paulo,,Olives à Huile,202.68872316235513,3553.9538275060977,Standard
Hacienda El Sol,Fazenda Brasil,France,Kansas,,Salades,191.47989772335987,24995.95230217171,Premium
Mercabarna,Domaine Provence Bio,USA,São Paulo,,Raisins de Table,183.93443868665838,4288.199519379686,Bio Certifié
Domaine Saada,Union Agricole Méditerranée,Maroc,Toscane,,Maïs,242.9419370283078,13227.515112874567,Standard
Domaine Saada,Domaine Saada,Nouvelle-Zélande,Kansas,,Riz,1133.835872399439,5265.340125320208,Premium
Ferme Al Baraka,Domaine Provence Bio,USA,São Paulo,,Yaourt,291.40186473718524,3217.750999114844,Standard
Union Agricole Méditerranée,Fazenda Brasil,Tunisie,Île-de-France,,Oranges,178.76558816461784,9182.02611662613,Standard
Green Valley Farm,Mercabarna,Maroc,Souss-Massa,,Raisins de Cuve,176.14867501196488,3317.780621897993,Premium
Rungis International,Fazenda Brasil,Maroc,Californie,,Medjool,146.54616482952252,5467.209375025133,Premium
Hacienda El Sol,Marché Wholesale Agadir,France,Sfax,,Bananes,85.07565931554556,2776.928823262135,Standard
Domaine Provence Bio,Coopérative Oasis,USA,Catalogne,,Raisins de Table,116.73759185971738,5054.299484548324,Premium
Fazenda Brasil,Domaine Saada,Italie,Californie,,Raisins de Cuve,27.6084800988233,1880.8041376104188,Bio Certifié
Domaine Saada,Cooperative Grains Alliance,Maroc,Kansas,,Robusta,114.66621458344197,18946.20722865861,Premium
Fazenda Brasil,Dairy Meadows,France,Andalousie,,Oranges,152.45246034654681,2495.045521918635,Standard
Dairy Meadows,Rungis International,Italie,Souss-Massa,,Raisins de Table,19.820210364119674,3062.038183754432,Bio Certifié
Rungis International,Union Agricole Méditerranée,Brésil,Souss-Massa,,Salades,189.20208445896694,2472.290813587109,Standard
Rungis International,Union Agricole Méditerranée,France,Californie,,Raisins de Cuve,166.44818458917186,2610.067692409979,Premium
Marché Wholesale Agadir,Fazenda Brasil,Nouvelle-Zélande,Catalogne,,Deglet Nour,99.1942754485032,660.2836145742178,Bio Certifié
Marché Wholesale Agadir,Mercabarna,Tunisie,Île-de-France,,Blé,1260.421349427068,5164.665373416671,Standard
Fazenda Brasil,Dairy Meadows,Italie,Toscane,,Robusta,222.64825980900906,3209.6489477484156,Bio Certifié
Ferme Al Baraka,Domaine Provence Bio,France,Sfax,,Raisins de Table,109.17011144388471,2172.512209564488,Premium
Fattoria Toscana,Coopérative Oasis,Nouvelle-Zélande,Kansas,,Olives de Table,373.8165083825353,1607.1664809158085,Bio Certifié
Domaine Provence Bio,Green Valley Farm,France,Catalogne,,Tomates,52.014925571753885,3388.0768604539753,Bio Certifié
Domaine Saada,Fattoria Toscana,USA,Kansas,,Deglet Nour,119.61511674598827,603.7910815479532,Commerce Équitable
Cooperative Grains Alliance,Domaine Provence Bio,Maroc,São Paulo,,Mandarines,149.00282230562283,3567.918655250841,Bio Certifié
Fazenda Brasil,Ferme Al Baraka,Maroc,Andalousie,,Lait,30.384405830345077,3560.8424358597895,Standard
Hacienda El Sol,Cooperative Grains Alliance,Italie,Canterbury,,Lait,235.9438195082859,3362.57276262544,Commerce Équitable
Dairy Meadows,Hacienda El Sol,USA,Kansas,,Mandarines,155.4160893999543,399.7581863684327,Standard
Fazenda Brasil,Green Valley Farm,Brésil,Californie,,Citrons,143.86184258199876,676.0840578113734,Bio Certifié
Coopérative Oasis,Marché Wholesale Agadir,Maroc,Sfax,,Pommes,114.86631344775166,2520.8955543762117,Standard
Domaine Saada,Cooperative Grains Alliance,Italie,Souss-Massa,,Raisins de Table,107.6138411860735,2106.5945847336316,Premium
Green Valley Farm,Fattoria Toscana,Espagne,Provence,,Lait,563.4535409304789,1487.2553184712926,Premium
Rungis International,Hacienda El Sol,France,Sfax,,Tomates,224.23731602844464,2378.1821244595862,Standard
Marché Wholesale Agadir,Fazenda Brasil,Maroc,Californie,,Pommes,240.80659093868718,9291.241351231063,Bio Certifié
Coopérative Oasis,Fattoria Toscana,France,Andalousie,,Arabica,225.11227666077565,4292.665684760847,Standard
Fattoria Toscana,Union Agricole Méditerranée,Tunisie,Provence,,Salades,1000.4016981297099,2791.425418121181,Standard
Dairy Meadows,Cooperative Grains Alliance,Maroc,Meknès-Fès,,Pamplemousses,513.6434286071805,3722.196558794635,Commerce Équitable
Union Agricole Méditerranée,Ferme Al Baraka,Italie,Andalousie,,Raisins de Table,144.04738995110023,3627.9194296407486,Standard
Hacienda El Sol,Domaine Saada,France,São Paulo,,Carottes,101.13437083238613,4297.549884932314,Standard
Cooperative Grains Alliance,Domaine Provence Bio,Maroc,São Paulo,,Yaourt,945.8916923391508,3101.7102191621884,Standard
Dairy Meadows,Union Agricole Méditerranée,Maroc,Souss-Massa,,Maïs,271.31472065358446,1860.3493224911335,Bio Certifié
Domaine Provence Bio,Union Agricole Méditerranée,Espagne,Canterbury,,Oignons,156.5635423594047,27007.676222345588,Bio Certifié
Fazenda Brasil,Coopérative Oasis,Nouvelle-Zélande,Catalogne,,Tomates,283.9097032794309,5474.758947913302,Bio Certifié
Rungis International,Rungis International,France,Provence,,Oignons,60.17914193122266,5012.331813821418,Commerce Équitable
Green Valley Farm,Domaine Provence Bio,USA,Souss-Massa,,Raisins de Table,138.057362382069,4676.891688661899,Bio Certifié
Dairy Meadows,Ferme Al Baraka,Nouvelle-Zélande,Californie,,Oranges,250.81992455776953,3377.577336289527,Bio Certifié
Domaine Provence Bio,Green Valley Farm,Espagne,Californie,,Raisins de Table,10.265128715839872,2405.597359683047,Premium
Hacienda El Sol,Ferme Al Baraka,Tunisie,Souss-Massa,,Olives à Huile,-1.1707700556624943,2888.9051372501763,Standard
Marché Wholesale Agadir,Mercabarna,USA,Provence,,Salades,35.4093485491023,3369.6450730643983,Commerce Équitable
Dairy Meadows,Fattoria Toscana,France,Île-de-France,,Tomates,920.4083677606228,3116.7676631905542,Standard
Domaine Saada,Fazenda Brasil,France,Île-de-France,,Tomates,159.41856903935218,4834.063646465668,Standard
Domaine Provence Bio,Coopérative Oasis,France,Toscane,,Robusta,136.13921534020824,1209.6802309409866,Standard
Dairy Meadows,Mercabarna,Espagne,Californie,,Olives à Huile,129.9488771242263,1730.0480640808655,Bio Certifié
Green Valley Farm,Fazenda Brasil,Maroc,Toscane,,Yaourt,155.3445825404362,4304.298741224697,Bio Certifié
Hacienda El Sol,Fattoria Toscana,USA,Californie,,Lait,228.00527498048066,3509.335276599126,Bio Certifié
Rungis International,Fazenda Brasil,USA,Meknès-Fès,,Olives à Huile,1282.74690098861,5144.104334037423,Bio Certifié
Domaine Provence Bio,Ferme Al Baraka,Maroc,Toscane,,Riz,50.7080004277054,2630.4356322165368,Premium
Green Valley Farm,Ferme Al Baraka,Maroc,Sfax,,Raisins de Cuve,160.44649150931855,-228.77232242096647,Premium
Rungis International,Green Valley Farm,Maroc,Kansas,,Arabica,157.96066414136914,3612.993595493066,Bio Certifié
Rungis International,Cooperative Grains Alliance,Brésil,Toscane,,Salades,113.61885595681929,12703.503466418088,Premium
Union Agricole Méditerranée,Green Valley Farm,Nouvelle-Zélande,Sfax,,Lait,270.800762419499,3323.426470928434,Bio Certifié
Fattoria Toscana,Mercabarna,Brésil,Provence,,Raisins de Table,632.9364851840647,5540.160259208942,Standard
Fattoria Toscana,Hacienda El Sol,Nouvelle-Zélande,Souss-Massa,,Olives de Table,207.19907513958145,4566.527956526437,Premium
Dairy Meadows,Domaine Provence Bio,Maroc,Californie,,Pamplemousses,524.9895447065799,3155.23273725959,Premium
Ferme Al Baraka,Dairy Meadows,France,Catalogne,,Olives de Table,133.27464216001152,3647.9103986028235,Premium
Ferme Al Baraka,Coopérative Oasis,France,Toscane,,Olives de Table,141.84541729528712,688.2639096489327,Bio Certifié
Rungis International,Ferme Al Baraka,Maroc,Californie,,Tomates,80.08505238383518,3681.265376142129,Standard
Domaine Saada,Mercabarna,Maroc,Marrakech-Safi,,Raisins de Table,189.5059886119189,2597.2992171709657,Standard
Dairy Meadows,Rungis International,Brésil,Canterbury,,Olives à Huile,104.49314867876848,1828.451827758748,Bio Certifié
Union Agricole Méditerranée,Coopérative Oasis,Maroc,Sfax,,Olives de Table,38.84112796165125,3269.2706934452053,Bio Certifié
Domaine Saada,Domaine Provence Bio,France,Provence,,Robusta,104.31040164550222,3913.726627081155,Standard
Ferme Al Baraka,Cooperative Grains Alliance,Maroc,Souss-Massa,,Olives de Table,288.62631160443755,1977.785001154962,Standard
Dairy Meadows,Marché Wholesale Agadir,Italie,São Paulo,,Arabica,120.13350924409917,10871.640154594068,Bio Certifié
Green Valley Farm,Ferme Al Baraka,USA,Californie,,Fromage,169.37974027194397,4895.00321150325,Bio Certifié
Dairy Meadows,Domaine Provence Bio,Maroc,Provence,,Pommes de terre,128.74515355525406,9009.99320603572,Bio Certifié
Cooperative Grains Alliance,Fattoria Toscana,France,Souss-Massa,,Robusta,1081.1886965081876,3657.423480745646,Standard
Domaine Provence Bio,Marché Wholesale Agadir,Tunisie,Canterbury,,Oignons,-5.158470128528599,4764.90187523794,Bio Certifié
Union Agricole Méditerranée,Ferme Al Baraka,Maroc,Canterbury,,Deglet Nour,106.34761646896277,3158.0093916429423,Standard
Hacienda El Sol,Rungis International,Maroc,Meknès-Fès,,Fromage,174.03205426916745,4456.512656735472,Premium
Ferme Al Baraka,Ferme Al Baraka,USA,Toscane,,Pommes,123.57130374298055,1293.5770998630705,Standard
Union Agricole Méditerranée,Union Agricole Méditerranée,Nouvelle-Zélande,Marrakech-Safi,,Pommes de terre,156.47086945177412,111.21983617857904,Standard
Rungis International,Dairy Meadows,Italie,São Paulo,,Olives de Table,1091.6002744949424,2642.6007929803113,Standard
Domaine Provence Bio,Union Agricole Méditerranée,Brésil,Canterbury,,Pamplemousses,-11.111092899710748,11526.491079538737,Bio Certifié
Dairy Meadows,Dairy Meadows,Maroc,Andalousie,,Robusta,217.38681160133586,10976.91964397727,Premium
Dairy Meadows,Marché Wholesale Agadir,Espagne,Souss-Massa,,Raisins de Table,38.192113478362074,5728.3695717455175,Bio Certifié
Fazenda Brasil,Fattoria Toscana,Brésil,Marrakech-Safi,,Pamplemousses,150.13319418181007,4458.907678904923,Commerce Équitable
Cooperative Grains Alliance,Hacienda El Sol,Italie,Californie,,Salades,-50.710270606365775,2031.6764456132998,Commerce Équitable
Fattoria Toscana,Dairy Meadows,Tunisie,Toscane,,Fromage,257.1791114103395,3019.377650227648,Standard
Fazenda Brasil,Domaine Provence Bio,USA,Provence,,Robusta,16.26491595765726,1097.849311608953,Bio Certifié
Fazenda Brasil,Domaine Saada,Espagne,São Paulo,,Oignons,202.82475762639646,2043.1674688854725,Standard
Rungis International,Fazenda Brasil,Maroc,Toscane,,Fromage,103.81840251218269,8658.4557874511,Bio Certifié
Fazenda Brasil,Dairy Meadows,France,Andalousie,,Oignons,180.29696280932507,3385.8720319622635,Bio Certifié
Dairy Meadows,Union Agricole Méditerranée,France,São Paulo,,Pommes de terre,-12.045959461416423,938.4441669799454,Standard
Domaine Saada,Mercabarna,USA,Meknès-Fès,,Olives à Huile,177.70260463993918,2847.043513440328,Commerce Équitable
Mercabarna,Rungis International,USA,Andalousie,,Fromage,175.33401756233766,2061.5016861514123,Premium
Dairy Meadows,Fazenda Brasil,France,Meknès-Fès,,Pommes,51.56216674966946,3329.777957884943,Bio Certifié
Green Valley Farm,Coopérative Oasis,Tunisie,Marrakech-Safi,,Raisins de Table,59.31068986227874,6964.475988967654,Bio Certifié
Cooperative Grains Alliance,Union Agricole Méditerranée,Maroc,Kansas,,Fromage,185.9891949353331,2810.4996253319805,Standard
Fattoria Toscana,Hacienda El Sol,Tunisie,Provence,,Robusta,275.40138250295865,4914.6894070604685,Standard
Ferme Al Baraka,Cooperative Grains Alliance,France,Provence,,Yaourt,-21.775697924394827,1497.3567595279328,Bio Certifié
Mercabarna,Fazenda Brasil,France,Souss-Massa,,Yaourt,146.2839639417647,2483.873482310794,Premium
Ferme Al Baraka,Domaine Provence Bio,Espagne,Andalousie,,Tomates,122.73416038653079,2242.5990839385063,Bio Certifié
Fazenda Brasil,Fazenda Brasil,Tunisie,Kansas,,Oranges,220.14368409738637,2481.5846955064753,Premium
Coopérative Oasis,Fazenda Brasil,Brésil,Provence,,Olives de Table,112.75539221054825,2192.6719878081403,Bio Certifié
Union Agricole Méditerranée,Cooperative Grains Alliance,Nouvelle-Zélande,Canterbury,,Raisins de Cuve,621.7609830093569,3499.5081924795186,Bio Certifié
Mercabarna,Union Agricole Méditerranée,Italie,Kansas,,Salades,80.50403027594149,1094.4087138210343,Bio Certifié
Domaine Saada,Union Agricole Méditerranée,USA,Californie,,Tomates,712.123103086113,2580.848530873536,Bio Certifié
Coopérative Oasis,Fattoria Toscana,Espagne,São Paulo,,Blé,113.00166406890617,2523.8892517921745,Standard
Coopérative Oasis,Rungis International,France,Marrakech-Safi,,Yaourt,258.0355741251997,3292.949796505599,Premium
Rungis International,Mercabarna,France,Toscane,,Raisins de Table,40.34532490418305,11050.504821900739,Bio Certifié
Dairy Meadows,Domaine Saada,Maroc,Meknès-Fès,,Salades,146.28874529520505,16335.175896267023,Standard
Marché Wholesale Agadir,Coopérative Oasis,Italie,Provence,,Fromage,143.92795846738164,1739.0189768321306,Bio Certifié
Domaine Saada,Domaine Provence Bio,USA,Andalousie,,Raisins de Table,105.47545930782304,1283.434140455714,Bio Certifié
Cooperative Grains Alliance,Fazenda Brasil,Espagne,Kansas,,Yaourt,333.37850562681666,1961.244665191634,Bio Certifié
Green Valley Farm,Ferme Al Baraka,France,Canterbury,,Carottes,851.129555518311,21826.549255788526,Bio Certifié
Cooperative Grains Alliance,Marché Wholesale Agadir,Brésil,Kansas,,Tomates,199.1613669642585,3314.116893169284,Commerce Équitable
Cooperative Grains Alliance,Fazenda Brasil,Tunisie,Toscane,,Arabica,86.58918637294559,10794.309006563686,Standard
Domaine Provence Bio,Ferme Al Baraka,Brésil,Souss-Massa,,Pommes de terre,148.8405569320979,19251.93117242527,Bio Certifié
Domaine Saada,Fattoria Toscana,Nouvelle-Zélande,São Paulo,,Olives de Table,265.8503311855319,2130.4160370087966,Bio Certifié
Fattoria Toscana,Fattoria Toscana,Maroc,São Paulo,,Deglet Nour,47.75809547952592,3566.54884293369,Premium
Cooperative Grains Alliance,Mercabarna,Espagne,Souss-Massa,,Olives à Huile,33.73455112819323,1784.5785805688906,Standard
Domaine Provence Bio,Ferme Al Baraka,Espagne,Île-de-France,,Yaourt,135.07243155403967,2368.3666852306183,Standard
Green Valley Farm,Fazenda Brasil,Maroc,Californie,,Blé,123.28237095808407,2409.3562435052027,Bio Certifié
Dairy Meadows,Fattoria Toscana,Nouvelle-Zélande,Californie,,Yaourt,343.0438797306049,2642.7256207785285,Bio Certifié
Cooperative Grains Alliance,Hacienda El Sol,Tunisie,Toscane,,Raisins de Table,145.3673572988837,24736.62214972798,Bio Certifié
Green Valley Farm,Hacienda El Sol,Espagne,Canterbury,,Bananes,69.10775993756148,3033.0483691885,Bio Certifié
Union Agricole Méditerranée,Fattoria Toscana,Brésil,Toscane,,Orge,272.21053741904905,12524.18357470342,Premium
Rungis International,Fattoria Toscana,Nouvelle-Zélande,Andalousie,,Fromage,76.05802912520646,421.069832252682,Standard
Green Valley Farm,Fattoria Toscana,Italie,Californie,,Medjool,104.61849153730338,12219.97669326995,Bio Certifié
Fazenda Brasil,Hacienda El Sol,Tunisie,Provence,,Olives de Table,271.82780795738876,1221.3607563855662,Standard
Cooperative Grains Alliance,Domaine Provence Bio,Italie,Souss-Massa,,Robusta,150.70086557205337,5631.02755142341,Bio Certifié
Union Agricole Méditerranée,Fazenda Brasil,France,Provence,,Olives à Huile,240.10368235050692,4063.2887479873434,Bio Certifié
Dairy Meadows,Union Agricole Méditerranée,Maroc,Toscane,,Deglet Nour,124.7566169941428,12633.590746542555,Premium
Fattoria Toscana,Domaine Provence Bio,Brésil,Île-de-France,,Raisins de Table,69.78409040854501,1292.2141659560284,Standard
Cooperative Grains Alliance,Green Valley Farm,Maroc,Île-de-France,,Pommes,140.62396410208171,4422.736087164438,Standard
Marché Wholesale Agadir,Domaine Provence Bio,France,Californie,,Orge,76.64037609240395,3537.7738456943744,Bio Certifié
Fattoria Toscana,Ferme Al Baraka,Nouvelle-Zélande,Californie,,Olives à Huile,140.65644100785258,2297.131121529237,Bio Certifié
Domaine Provence Bio,Marché Wholesale Agadir,Maroc,Meknès-Fès,,Raisins de Cuve,252.73704353137236,3744.1768526024753,Premium
Domaine Provence Bio,Mercabarna,Maroc,Canterbury,,Oignons,101.16152229450154,3441.151144172597,Bio Certifié
Rungis International,Green Valley Farm,Brésil,Meknès-Fès,,Raisins de Table,391.7086376503201,5077.603839278636,Bio Certifié
Domaine Provence Bio,Coopérative Oasis,Espagne,Sfax,,Salades,103.02612656569673,2118.4420886256585,Bio Certifié
Domaine Saada,Fazenda Brasil,France,Toscane,,Olives à Huile,149.20116996177146,21771.530859680777,Standard
Dairy Meadows,Hacienda El Sol,France,Andalousie,,Riz,149.24063901028867,21740.739037696243,Premium
Fazenda Brasil,Dairy Meadows,Maroc,Meknès-Fès,,Pommes,105.49328359831875,-345.55981670233245,Standard
Fazenda Brasil,Mercabarna,Maroc,Andalousie,,Olives de Table,200.16141814065068,1077.4231000338978,Premium
Fattoria Toscana,Cooperative Grains Alliance,Maroc,Catalogne,,Olives de Table,1022.5886589718751,27038.866260260933,Bio Certifié
Mercabarna,Green Valley Farm,Espagne,Canterbury,,Olives à Huile,161.16096307549105,3581.003841739949,Bio Certifié
Green Valley Farm,Rungis International,France,Sfax,,Pamplemousses,558.553142132687,5200.440170668217,Bio Certifié
Mercabarna,Domaine Provence Bio,France,Californie,,Pommes,114.83087345681622,3422.307563114822,Standard
Domaine Saada,Domaine Provence Bio,Maroc,Canterbury,,Maïs,144.03947386914479,2699.72383823058,Standard
Domaine Provence Bio,Marché Wholesale Agadir,USA,Provence,,Robusta,110.26542283224373,3403.2993301809374,Premium
Dairy Meadows,Hacienda El Sol,France,São Paulo,,Salades,135.26667263345647,4085.767401688564,Standard
Dairy Meadows,Marché Wholesale Agadir,Espagne,Meknès-Fès,,Lait,247.74926064081228,1637.090077538746,Premium
Marché Wholesale Agadir,Domaine Provence Bio,Espagne,Souss-Massa,,Yaourt,404.5558490591122,1380.860318199733,Premium
Fazenda Brasil,Domaine Saada,Maroc,Californie,,Bananes,-47.54062246197865,1466.9458498788345,Premium
Domaine Saada,Dairy Meadows,Maroc,Marrakech-Safi,,Olives à Huile,106.95008732524605,1597.4746542832256,Bio Certifié
Fattoria Toscana,Mercabarna,Maroc,Toscane,,Salades,71.5079404511664,1967.1615606998396,Bio Certifié
Green Valley Farm,Cooperative Grains Alliance,Nouvelle-Zélande,Meknès-Fès,,Arabica,175.2814708549645,982.6609250808071,Bio Certifié
Dairy Meadows,Union Agricole Méditerranée,Brésil,Canterbury,,Citrons,128.60246001642412,14021.78971647792,Commerce Équitable
Green Valley Farm,Hacienda El Sol,Espagne,Marrakech-Safi,,Olives à Huile,135.02625440929955,3775.702614243837,Commerce Équitable
Green Valley Farm,Dairy Meadows,Italie,Californie,,Tomates,255.8953261257804,719.2966940008214,Commerce Équitable
Union Agricole Méditerranée,Union Agricole Méditerranée,USA,Andalousie,,Pommes de terre,61.062511911493395,824.037320518664,Bio Certifié
Green Valley Farm,Domaine Provence Bio,Nouvelle-Zélande,Toscane,,Yaourt,420.7385961127268,4228.853903534874,Bio Certifié
Coopérative Oasis,Union Agricole Méditerranée,Tunisie,Provence,,Olives à Huile,400.225084750231,4460.623724192456,Premium
Dairy Meadows,Marché Wholesale Agadir,France,Toscane,,Orge,357.3154571394683,13011.41599802707,Premium
Mercabarna,Cooperative Grains Alliance,USA,Californie,,Arabica,140.80704889478136,4385.347240837621,Standard
Union Agricole Méditerranée,Marché Wholesale Agadir,Italie,Kansas,,Bananes,153.5001092326244,12758.188969157372,Bio Certifié
Fattoria Toscana,Rungis International,Brésil,São Paulo,,Deglet Nour,251.77086272947054,-83.17784257580206,Standard
Dairy Meadows,Coopérative Oasis,USA,Souss-Massa,,Riz,33.57873712210985,4679.688779757541,Bio Certifié
Dairy Meadows,Green Valley Farm,France,Catalogne,,Medjool,-8.37565845163494,2989.8103646822065,Bio Certifié
Domaine Provence Bio,Fattoria Toscana,Italie,Île-de-France,,Robusta,58.807002526105826,667.5214606539926,Standard
Union Agricole Méditerranée,Coopérative Oasis,Maroc,Californie,,Raisins de Table,153.1623564025252,1654.483136805774,Bio Certifié
Mercabarna,Dairy Meadows,Nouvelle-Zélande,Kansas,,Robusta,104.28213179653218,22794.58765282935,Bio Certifié
Dairy Meadows,Dairy Meadows,France,Marrakech-Safi,,Pommes,77.39084425275334,2075.439550655321,Standard
Domaine Saada,Domaine Provence Bio,Tunisie,Provence,,Salades,582.0872084467655,26454.078397795565,Bio Certifié
Hacienda El Sol,Hacienda El Sol,Maroc,Toscane,,Oranges,485.9138903840782,19188.14875507233,Premium
Hacienda El Sol,Hacienda El Sol,Espagne,Toscane,,Olives de Table,277.3299935542208,2945.459719523212,Standard
Green Valley Farm,Dairy Meadows,Maroc,Provence,,Medjool,7.959574215013667,3502.383858211496,Premium
Rungis International,Fattoria Toscana,France,Meknès-Fès,,Pommes de terre,152.76313001315356,2442.5992410113613,Bio Certifié
Union Agricole Méditerranée,Coopérative Oasis,Tunisie,Île-de-France,,Raisins de Table,81.87368935418968,3129.655014843071,Standard
Fazenda Brasil,Fattoria Toscana,Italie,Canterbury,,Tomates,100.60929694153317,5311.128227866007,Standard
Ferme Al Baraka,Coopérative Oasis,Maroc,Souss-Massa,,Salades,6.594906342634097,1446.311389779372,Standard
Coopérative Oasis,Ferme Al Baraka,Espagne,Souss-Massa,,Citrons,294.78374758067775,3719.5214591557306,Bio Certifié
Green Valley Farm,Domaine Saada,Nouvelle-Zélande,Californie,,Raisins de Table,47.9586145404879,4278.2987591722,Standard
Domaine Provence Bio,Green Valley Farm,Maroc,Kansas,,Fromage,270.4877836183096,2730.4258540774445,Premium
Coopérative Oasis,Mercabarna,Tunisie,Catalogne,,Robusta,120.36398431012663,897.7594644567329,Bio Certifié
Union Agricole Méditerranée,Dairy Meadows,Maroc,Meknès-Fès,,Salades,228.22110792244416,-38.8206439767946,Premium
Domaine Saada,Hacienda El Sol,Maroc,Île-de-France,,Riz,159.6817916114711,1720.5513072872081,Standard
Domaine Saada,Dairy Meadows,Maroc,Toscane,,Orge,150.64432807718507,2454.744474147595,Bio Certifié
Hacienda El Sol,Coopérative Oasis,Italie,São Paulo,,Oranges,81.06352947982357,4716.369425969017,Bio Certifié
Rungis International,Cooperative Grains Alliance,Espagne,Souss-Massa,,Orge,53.98624076837088,25653.127971016365,Premium
Domaine Saada,Fazenda Brasil,Tunisie,Provence,,Medjool,1.4614932050734168,4511.488472593239,Bio Certifié
Marché Wholesale Agadir,Mercabarna,Maroc,Kansas,,Blé,188.36464655457607,9478.02704117067,Standard
Coopérative Oasis,Union Agricole Méditerranée,France,Provence,,Olives à Huile,138.62365992433317,23272.279142970776,Bio Certifié
Domaine Provence Bio,Coopérative Oasis,Tunisie,Kansas,,Arabica,1.7529247233770135,1378.8103800032293,Premium
Cooperative Grains Alliance,Rungis International,Tunisie,Toscane,,Pommes,50.321189296105786,3047.63444841702,Standard
Dairy Meadows,Union Agricole Méditerranée,USA,Kansas,,Deglet Nour,243.30347105970782,5578.6927318291,Premium
Mercabarna,Domaine Provence Bio,France,Île-de-France,,Olives de Table,218.87022725751854,1073.4873330588928,Standard
Fattoria Toscana,Fazenda Brasil,Italie,Souss-Massa,,Olives à Huile,172.6211216471502,3181.184901195682,Standard
Domaine Saada,Domaine Provence Bio,Maroc,Sfax,,Mandarines,137.675801351197,679.1431227387089,Premium
Ferme Al Baraka,Domaine Provence Bio,Italie,Sfax,,Riz,-22.824561308697376,2988.7284776857396,Premium
Marché Wholesale Agadir,Fattoria Toscana,Maroc,Canterbury,,Olives à Huile,123.00545241892,3310.362545086136,Premium
Mercabarna,Fazenda Brasil,Maroc,Andalousie,,Maïs,487.0393160532285,3484.050332409156,Commerce Équitable
Mercabarna,Union Agricole Méditerranée,Maroc,Île-de-France,,Pommes de terre,145.02847734453255,1061.7195649634245,Standard
Union Agricole Méditerranée,Rungis International,USA,Île-de-France,,Mandarines,79.36171602645727,7303.025653936884,Bio Certifié
Dairy Meadows,Green Valley Farm,Maroc,Catalogne,,Robusta,36.022523801298846,-52.54058635096544,Commerce Équitable
Domaine Saada,Fattoria Toscana,Nouvelle-Zélande,Catalogne,,Riz,87.0249202291981,12416.587472680902,Premium
Coopérative Oasis,Fattoria Toscana,Maroc,São Paulo,,Raisins de Table,153.41053343548612,1234.844300804556,Standard
Mercabarna,Rungis International,Nouvelle-Zélande,Île-de-France,,Olives de Table,68.18367805456292,1008.6902975543029,Premium
Fattoria Toscana,Fattoria Toscana,USA,Sfax,,Olives de Table,236.6747060306148,472.58994502749545,Standard
Marché Wholesale Agadir,Hacienda El Sol,Maroc,São Paulo,,Oignons,163.09660669105494,3294.3344649487403,Bio Certifié
Mercabarna,Ferme Al Baraka,USA,Andalousie,,Raisins de Table,243.18015481550282,14321.741324523558,Bio Certifié
Coopérative Oasis,Domaine Saada,France,Marrakech-Safi,,Fromage,121.46208729692358,1228.033127231735,Commerce Équitable
Green Valley Farm,Union Agricole Méditerranée,France,Canterbury,,Medjool,82.03514771893003,1685.4470623313323,Bio Certifié
Cooperative Grains Alliance,Domaine Provence Bio,USA,Kansas,,Deglet Nour,-16.393033054005095,519.4966470220912,Premium
Green Valley Farm,Domaine Saada,USA,Andalousie,,Tomates,314.51576253810185,3670.4836907849576,Commerce Équitable
Ferme Al Baraka,Green Valley Farm,Maroc,Andalousie,,Yaourt,161.41941729529427,24165.311484329533,Bio Certifié
Domaine Provence Bio,Domaine Saada,France,São Paulo,,Oignons,115.75905587223166,3172.3101325267407,Standard
Domaine Provence Bio,Dairy Meadows,Maroc,Meknès-Fès,,Deglet Nour,399.2463330210021,2814.2855567950446,Bio Certifié
Domaine Saada,Fattoria Toscana,USA,São Paulo,,Medjool,111.95596504309069,14566.614710327678,Bio Certifié
Dairy Meadows,Coopérative Oasis,Tunisie,Meknès-Fès,,Pommes,281.10270320614273,3190.012627969654,Premium
Domaine Provence Bio,Green Valley Farm,Maroc,Souss-Massa,,Blé,23.553827534782663,11236.512738531863,Standard
Domaine Saada,Cooperative Grains Alliance,USA,Marrakech-Safi,,Orge,173.57743440872724,3494.8752879590597,Bio Certifié
Mercabarna,Union Agricole Méditerranée,France,Provence,,Bananes,129.47525446424237,2650.181120399376,Premium
Cooperative Grains Alliance,Hacienda El Sol,France,Toscane,,Raisins de Table,164.07938969845387,2838.0002069703364,Bio Certifié
Domaine Provence Bio,Union Agricole Méditerranée,Maroc,Île-de-France,,Medjool,547.6934843238656,4087.152547314718,Premium
Cooperative Grains Alliance,Mercabarna,France,Canterbury,,Oignons,32.510260465214046,-567.9603849153616,Bio Certifié
Hacienda El Sol,Rungis International,Maroc,Provence,,Maïs,554.2212904506765,2774.9097495517767,Standard
Domaine Saada,Fattoria Toscana,Italie,Marrakech-Safi,,Mandarines,84.41882816837884,1826.0113508683794,Bio Certifié
Fazenda Brasil,Domaine Provence Bio,USA,Toscane,,Blé,151.73738301396844,2474.725648225659,Bio Certifié
Marché Wholesale Agadir,Green Valley Farm,Maroc,Marrakech-Safi,,Raisins de Table,153.36030213839797,2997.219355662367,Standard
Hacienda El Sol,Marché Wholesale Agadir,Maroc,Marrakech-Safi,,Blé,782.6095819586535,4740.810883089747,Standard
Cooperative Grains Alliance,Domaine Provence Bio,Espagne,Toscane,,Pommes,-4.186548264865898,3372.4369721711173,Standard
Green Valley Farm,Green Valley Farm,Maroc,Andalousie,,Raisins de Cuve,-18.035279301266222,2252.8767274333154,Premium
Dairy Meadows,Cooperative Grains Alliance,France,Kansas,,Pommes de terre,77.9110011732747,1861.1858499677564,Standard
Union Agricole Méditerranée,Green Valley Farm,Brésil,Marrakech-Safi,,Pommes,183.22634148868286,395.0678644984007,Bio Certifié
Cooperative Grains Alliance,Ferme Al Baraka,USA,Marrakech-Safi,,Oranges,120.9440120613094,2970.2028033686306,Bio Certifié
Union Agricole Méditerranée,Coopérative Oasis,Italie,São Paulo,,Citrons,263.68959939915504,2464.406919644658,Commerce Équitable
Domaine Provence Bio,Green Valley Farm,Nouvelle-Zélande,Catalogne,,Oignons,90.92478543133832,-569.0944313160128,Standard
Cooperative Grains Alliance,Mercabarna,Espagne,São Paulo,,Orge,118.44499003283974,5179.948126630319,Standard
Dairy Meadows,Ferme Al Baraka,Maroc,Meknès-Fès,,Salades,-11.4358575887208,1732.7793971334834,Bio Certifié
Mercabarna,Hacienda El Sol,France,São Paulo,,Riz,908.7430512028941,5900.142846777149,Standard
Hacienda El Sol,Fattoria Toscana,USA,Toscane,,Olives de Table,302.6675051909726,3194.7557132215634,Standard
Domaine Provence Bio,Green Valley Farm,Brésil,Sfax,,Riz,128.76651649165703,3685.664937757,Standard
Domaine Provence Bio,Union Agricole Méditerranée,USA,Californie,,Raisins de Cuve,154.07663765618778,3948.6845476807885,Bio Certifié
Coopérative Oasis,Coopérative Oasis,USA,Canterbury,,Fromage,71.49374654924961,887.3693952712995,Standard
Mercabarna,Domaine Saada,France,Île-de-France,,Tomates,428.7093789458011,4338.354000655934,Bio Certifié
Union Agricole Méditerranée,Mercabarna,France,Toscane,,Maïs,-20.217706399315155,5426.380383915015,Bio Certifié
Fazenda Brasil,Fattoria Toscana,Brésil,Souss-Massa,,Lait,454.63777154676876,1342.2461434176444,Premium
Fazenda Brasil,Union Agricole Méditerranée,Italie,Californie,,Olives de Table,166.25522393574226,3373.950579495595,Premium
Fazenda Brasil,Fazenda Brasil,Espagne,Californie,,Raisins de Table,194.1554227442762,2357.515895497212,Bio Certifié
Coopérative Oasis,Fazenda Brasil,Nouvelle-Zélande,Meknès-Fès,,Lait,95.67143549298456,1752.728127883748,Premium
Fattoria Toscana,Mercabarna,Tunisie,Kansas,,Raisins de Table,243.8939715153671,3337.4060828099846,Standard
Green Valley Farm,Domaine Saada,Brésil,Kansas,,Beurre,276.09080137770025,1184.1385909606493,Bio Certifié
Mercabarna,Marché Wholesale Agadir,Maroc,Kansas,,Blé,1048.0443497844392,2552.819993702682,Premium
Dairy Meadows,Green Valley Farm,Brésil,Kansas,,Medjool,154.13120445351203,1102.4165665277562,Bio Certifié
Rungis International,Domaine Saada,Nouvelle-Zélande,Île-de-France,,Salades,86.03423480482974,-198.1091547501801,Bio Certifié
Rungis International,Domaine Provence Bio,USA,Catalogne,,Orge,74.7496584878976,2525.209316913926,Standard
Dairy Meadows,Union Agricole Méditerranée,Maroc,São Paulo,,Beurre,125.63040247811429,2712.141627324866,Commerce Équitable
Mercabarna,Coopérative Oasis,Maroc,Kansas,,Raisins de Cuve,11.65793100753131,2964.301371356961,Premium
Fattoria Toscana,Union Agricole Méditerranée,Nouvelle-Zélande,São Paulo,,Raisins de Table,129.8267952855344,2955.6668324708344,Bio Certifié
Fazenda Brasil,Domaine Provence Bio,Tunisie,Sfax,,Blé,175.8579468541441,3419.974117390145,Commerce Équitable
Domaine Saada,Mercabarna,Nouvelle-Zélande,Provence,,Yaourt,84.72351599209026,-254.5279631825838,Bio Certifié
Union Agricole Méditerranée,Marché Wholesale Agadir,Nouvelle-Zélande,Catalogne,,Fromage,679.9984426296438,-198.64706963784806,Standard
Ferme Al Baraka,Coopérative Oasis,France,Canterbury,,Olives à Huile,115.97336352938568,1330.722669308103,Bio Certifié
Fattoria Toscana,Fazenda Brasil,Brésil,Kansas,,Citrons,96.11667360034144,2829.9703640726766,Standard
Fazenda Brasil,Green Valley Farm,France,Île-de-France,,Oignons,138.0315433730421,479.8475918033546,Standard
Fazenda Brasil,Green Valley Farm,Nouvelle-Zélande,Meknès-Fès,,Tomates,134.9188196461105,3732.100604484679,Premium
Coopérative Oasis,Marché Wholesale Agadir,Maroc,Souss-Massa,,Orge,20.136994052028356,3486.5735553721033,Bio Certifié
Ferme Al Baraka,Fattoria Toscana,Espagne,Souss-Massa,,Carottes,197.71990526973727,3179.9241438533704,Standard
Dairy Meadows,Rungis International,USA,Toscane,,Raisins de Table,168.17269225406457,2520.2903370315316,Bio Certifié
Cooperative Grains Alliance,Fazenda Brasil,Maroc,Marrakech-Safi,,Pommes,-31.55232999869211,4174.380976758607,Premium
Domaine Provence Bio,Fazenda Brasil,Espagne,Andalousie,,Yaourt,133.1807102177539,3076.6473598418734,Premium
Green Valley Farm,Marché Wholesale Agadir,USA,Provence,,Olives à Huile,790.5467425378896,3521.3287895090843,Premium
Fattoria Toscana,Hacienda El Sol,Maroc,Toscane,,Orge,170.38028026289166,5420.44293564528,Premium
Union Agricole Méditerranée,Rungis International,Italie,Meknès-Fès,,Deglet Nour,33.241335972252045,1409.5595691617589,Commerce Équitable
Marché Wholesale Agadir,Fazenda Brasil,Espagne,Sfax,,Olives à Huile,94.98024402028005,2165.353247212127,Premium
Mercabarna,Ferme Al Baraka,France,Kansas,,Olives à Huile,72.61499490149909,1025.8281952078255,Bio Certifié
Mercabarna,Marché Wholesale Agadir,Maroc,Andalousie,,Raisins de Table,-43.06642847604578,684.0196484536166,Standard
Dairy Meadows,Union Agricole Méditerranée,USA,Canterbury,,Lait,146.0107617613952,1204.773475272429,Standard
Fazenda Brasil,Hacienda El Sol,France,Canterbury,,Salades,104.00645817426243,2772.4121553720634,Standard
Domaine Provence Bio,Ferme Al Baraka,France,Souss-Massa,,Orge,104.48640957863276,2476.610874174635,Premium
Fattoria Toscana,Domaine Saada,USA,Souss-Massa,,Pommes,203.39730832226408,174.0862199927276,Standard
Fattoria Toscana,Marché Wholesale Agadir,France,Kansas,,Raisins de Cuve,218.91616190935082,2650.8185729780726,Premium
Green Valley Farm,Union Agricole Méditerranée,USA,Kansas,,Raisins de Table,141.94563249937553,2349.5833755295703,Standard
Domaine Provence Bio,Hacienda El Sol,Maroc,Sfax,,Mandarines,145.9434575899793,3348.297911493206,Bio Certifié
Dairy Meadows,Marché Wholesale Agadir,Nouvelle-Zélande,Marrakech-Safi,,Robusta,582.8445058748773,4428.484796111967,Bio Certifié
Dairy Meadows,Cooperative Grains Alliance,Nouvelle-Zélande,Kansas,,Medjool,211.57846551549892,5520.622745761285,Bio Certifié
Dairy Meadows,Fattoria Toscana,Maroc,Provence,,Lait,254.24023613961054,21623.852440855724,Bio Certifié
Domaine Saada,Ferme Al Baraka,France,Kansas,,Raisins de Table,134.25898325454017,1762.097872686276,Premium
Dairy Meadows,Marché Wholesale Agadir,Italie,Toscane,,Raisins de Cuve,155.44769256599497,4686.828300787462,Bio Certifié
Hacienda El Sol,Hacienda El Sol,Maroc,Catalogne,,Tomates,63.20172196531232,13068.371726117119,Premium
Domaine Saada,Cooperative Grains Alliance,Maroc,Marrakech-Safi,,Pommes,192.23251926463814,283.07203311467003,Premium
Union Agricole Méditerranée,Cooperative Grains Alliance,France,Meknès-Fès,,Olives de Table,108.86917363731672,24343.422758417102,Premium
Ferme Al Baraka,Fazenda Brasil,Maroc,Canterbury,,Beurre,130.28477907120532,5138.394969540745,Premium
Rungis International,Mercabarna,Maroc,Meknès-Fès,,Olives de Table,161.04394311342776,1762.2159883951067,Bio Certifié
Fazenda Brasil,Ferme Al Baraka,Maroc,Catalogne,,Raisins de Table,107.92995535262847,3689.560783322693,Standard
Dairy Meadows,Fazenda Brasil,Nouvelle-Zélande,Californie,,Maïs,498.71854245016283,3223.8558367342553,Standard
Marché Wholesale Agadir,Dairy Meadows,Italie,São Paulo,,Bananes,101.42178751662954,5275.7944876106085,Standard
Union Agricole Méditerranée,Mercabarna,Nouvelle-Zélande,Sfax,,Blé,123.42831623613625,2884.07584913044,Bio Certifié
Fattoria Toscana,Ferme Al Baraka,Maroc,Kansas,,Medjool,-8.364976983433458,3452.3914248868787,Standard
Domaine Provence Bio,Cooperative Grains Alliance,Brésil,Andalousie,,Raisins de Table,111.42591957317299,-179.4133734729735,Bio Certifié
Rungis International,Mercabarna,France,Marrakech-Safi,,Medjool,167.34120378378293,2634.6500830897357,Premium
Fazenda Brasil,Fazenda Brasil,Tunisie,Sfax,,Raisins de Table,552.6982836317676,3592.422599507364,Bio Certifié
Union Agricole Méditerranée,Fattoria Toscana,Espagne,São Paulo,,Fromage,45.93867359122903,1313.7436948392044,Standard
Fazenda Brasil,Hacienda El Sol,Nouvelle-Zélande,Sfax,,Medjool,285.5519452189457,2918.2437922501235,Bio Certifié
Ferme Al Baraka,Domaine Provence Bio,Tunisie,Île-de-France,,Raisins de Table,140.1493642625217,4891.015309283715,Bio Certifié
Rungis International,Hacienda El Sol,Espagne,Andalousie,,Riz,7.462486207718449,5062.342431148085,Bio Certifié
Ferme Al Baraka,Marché Wholesale Agadir,France,Provence,,Olives à Huile,61.3985954194069,6772.988868710739,Bio Certifié
Cooperative Grains Alliance,Marché Wholesale Agadir,France,Kansas,,Olives de Table,55.91091519210342,4788.707691393633,Bio Certifié
Cooperative Grains Alliance,Mercabarna,Espagne,Souss-Massa,,Oignons,50.15792338229862,10584.03955523812,Standard
Domaine Provence Bio,Mercabarna,Tunisie,Île-de-France,,Pommes,142.17913564968984,8602.78037877634,Premium
Fattoria Toscana,Hacienda El Sol,Italie,Meknès-Fès,,Pommes de terre,70.35681901523832,9421.670220149348,Bio Certifié
Mercabarna,Fattoria Toscana,Tunisie,Californie,,Riz,166.85678204446714,3365.9336790724738,Bio Certifié
Domaine Saada,Hacienda El Sol,France,Île-de-France,,Olives à Huile,60.72527242908352,2436.635990935889,Premium
Fazenda Brasil,Marché Wholesale Agadir,France,Île-de-France,,Beurre,-20.78192383008028,1126.549140416594,Standard
Dairy Meadows,Rungis International,Maroc,Catalogne,,Bananes,285.546059736496,3425.982109011532,Bio Certifié
Fattoria Toscana,Fattoria Toscana,USA,Île-de-France,,Olives à Huile,63.093490459716335,7675.192242610632,Standard
Green Valley Farm,Marché Wholesale Agadir,USA,Sfax,,Salades,276.7594191110385,1450.0406270173376,Bio Certifié
Marché Wholesale Agadir,Union Agricole Méditerranée,Maroc,Catalogne,,Riz,137.71640397423775,3744.3553057517,Standard
Union Agricole Méditerranée,Cooperative Grains Alliance,Espagne,Kansas,,Mandarines,25.77116708810035,2763.7123843806726,Standard
Marché Wholesale Agadir,Hacienda El Sol,France,Souss-Massa,,Orge,204.51162152435398,5321.101903604691,Premium
Fazenda Brasil,Mercabarna,Nouvelle-Zélande,Californie,,Robusta,118.28511721359752,1129.581807250407,Premium
Mercabarna,Marché Wholesale Agadir,USA,Kansas,,Yaourt,1234.8286851384282,11851.601108709598,Standard
Domaine Provence Bio,Union Agricole Méditerranée,Maroc,Andalousie,,Olives à Huile,148.30080738201067,3235.4628312159784,Standard
Hacienda El Sol,Fattoria Toscana,France,Californie,,Medjool,1151.1587513508466,21460.55733423898,Bio Certifié
Ferme Al Baraka,Fazenda Brasil,France,Canterbury,,Raisins de Cuve,99.06103450834908,4860.020577706,Premium
Coopérative Oasis,Rungis International,Maroc,Catalogne,,Yaourt,156.38773166690333,2982.6407775620237,Bio Certifié
Rungis International,Fazenda Brasil,Maroc,Souss-Massa,,Robusta,145.92899719744477,3925.186137711541,Standard
Coopérative Oasis,Fazenda Brasil,Tunisie,Californie,,Raisins de Table,120.78495735929549,3809.8791936989646,Standard
Green Valley Farm,Domaine Provence Bio,USA,Andalousie,,Maïs,30.245503056739373,3659.9231165440656,Standard
Union Agricole Méditerranée,Hacienda El Sol,Maroc,Toscane,,Raisins de Table,-30.098601835615078,2299.750112515786,Standard
Domaine Saada,Union Agricole Méditerranée,Maroc,Sfax,,Raisins de Table,90.94752013911766,-471.6174224711849,Bio Certifié
Domaine Saada,Green Valley Farm,Maroc,Souss-Massa,,Lait,68.31118070903906,2448.340308850623,Premium
Domaine Provence Bio,Dairy Meadows,Tunisie,Meknès-Fès,,Salades,232.60698176249724,3491.1066585145745,Premium
Coopérative Oasis,Rungis International,France,Île-de-France,,Raisins de Cuve,447.42764871119925,11298.097957330701,Standard
Hacienda El Sol,Fazenda Brasil,Maroc,Andalousie,,Pommes,43.207617398506,1960.834498780182,Standard
Dairy Meadows,Cooperative Grains Alliance,Nouvelle-Zélande,Californie,,Arabica,1145.8178639460898,4547.500120587869,Standard
Domaine Provence Bio,Marché Wholesale Agadir,USA,Provence,,Tomates,569.3557801976003,2549.5093620953603,Bio Certifié
Fazenda Brasil,Coopérative Oasis,Brésil,Catalogne,,Raisins de Cuve,69.30426127244279,5670.221466985431,Bio Certifié
Dairy Meadows,Dairy Meadows,Maroc,Catalogne,,Oranges,101.76949661095418,20544.872475567703,Bio Certifié
Cooperative Grains Alliance,Fattoria Toscana,Maroc,Californie,,Robusta,333.89300422644607,61.695323186336736,Bio Certifié
Mercabarna,Fattoria Toscana,Maroc,São Paulo,,Tomates,152.38832785035146,3093.6957540350627,Standard
Fattoria Toscana,Green Valley Farm,Brésil,Toscane,,Blé,137.1502108446047,3085.3484884339705,Bio Certifié
Fattoria Toscana,Coopérative Oasis,France,Andalousie,,Citrons,8.539475273935551,-337.91471608903885,Premium
Dairy Meadows,Fazenda Brasil,Espagne,Sfax,,Bananes,133.70535652870345,1833.4647250771764,Standard
Union Agricole Méditerranée,Rungis International,Italie,São Paulo,,Arabica,43.328396850936414,3366.5637039896665,Standard
Green Valley Farm,Cooperative Grains Alliance,Tunisie,Canterbury,,Robusta,73.48602521064817,290.23390586987966,Bio Certifié
Domaine Saada,Union Agricole Méditerranée,Maroc,Île-de-France,,Olives à Huile,148.35042132255475,2283.802879454876,Standard
Coopérative Oasis,Cooperative Grains Alliance,Maroc,Île-de-France,,Salades,90.93443588665818,3109.800550165959,Bio Certifié
Marché Wholesale Agadir,Cooperative Grains Alliance,Maroc,Kansas,,Blé,-10.937694881557455,223.07862293421908,Bio Certifié
Fazenda Brasil,Mercabarna,Maroc,Provence,,Lait,71.22962067565761,2931.9173957727944,Premium
Dairy Meadows,Fazenda Brasil,Brésil,Sfax,,Citrons,234.28686386264667,2705.0376151668006,Bio Certifié
Dairy Meadows,Fattoria Toscana,Maroc,Toscane,,Olives à Huile,272.65830530849996,3332.944538487355,Commerce Équitable
Coopérative Oasis,Rungis International,Italie,Californie,,Pommes,256.286653007882,5060.413555189818,Premium
Ferme Al Baraka,Dairy Meadows,France,Kansas,,Tomates,-43.91491712802566,10311.643274208605,Bio Certifié
Domaine Provence Bio,Domaine Saada,Brésil,Provence,,Fromage,157.45031276496974,2190.770911652048,Standard
Fattoria Toscana,Marché Wholesale Agadir,France,Sfax,,Riz,129.3779083921871,997.5325176545414,Premium
Mercabarna,Fazenda Brasil,Maroc,Californie,,Deglet Nour,149.49805798469006,3630.45298154364,Bio Certifié
Union Agricole Méditerranée,Mercabarna,Maroc,Kansas,,Raisins de Cuve,261.2893515573957,3295.9334030712016,Premium
Dairy Meadows,Fattoria Toscana,Maroc,Toscane,,Riz,21.168373904329954,4775.404919158652,Premium
Hacienda El Sol,Fazenda Brasil,Maroc,Toscane,,Yaourt,1377.8407601925605,2291.6686858620046,Commerce Équitable
Marché Wholesale Agadir,Ferme Al Baraka,Nouvelle-Zélande,Sfax,,Lait,901.5972265213325,9378.457512518176,Standard
Marché Wholesale Agadir,Ferme Al Baraka,Maroc,Catalogne,,Pommes,215.04657740864158,2828.5302899229864,Premium
Dairy Meadows,Domaine Saada,Espagne,São Paulo,,Olives à Huile,213.693820424524,3348.269872242041,Bio Certifié
Rungis International,Cooperative Grains Alliance,Maroc,Marrakech-Safi,,Arabica,85.53819091651208,4547.8790960320375,Premium
Dairy Meadows,Coopérative Oasis,Maroc,Californie,,Raisins de Cuve,154.1304774983616,3797.1151144705063,Standard
Green Valley Farm,Domaine Provence Bio,USA,Californie,,Raisins de Table,144.11252724798533,1929.3454878978234,Standard
Cooperative Grains Alliance,Coopérative Oasis,Brésil,Andalousie,,Bananes,180.4527606098286,7807.8300145880585,Commerce Équitable
Green Valley Farm,Mercabarna,Italie,Californie,,Oranges,176.45576831493202,2156.9600932045023,Bio Certifié
Cooperative Grains Alliance,Domaine Provence Bio,Tunisie,Provence,,Orge,240.7188114345222,3630.8435058027653,Bio Certifié
Coopérative Oasis,Domaine Provence Bio,Italie,Canterbury,,Raisins de Cuve,162.5841977219847,3572.1399397977866,Bio Certifié
Rungis International,Rungis International,USA,Meknès-Fès,,Olives à Huile,73.5233063284552,2905.5417753892393,Bio Certifié
Rungis International,Dairy Meadows,France,Meknès-Fès,,Tomates,419.1741401509556,1750.103439117785,Standard
Coopérative Oasis,Rungis International,France,Kansas,,Yaourt,194.73961969653146,3881.7627058820235,Premium
Rungis International,Union Agricole Méditerranée,Maroc,Souss-Massa,,Riz,67.53467455864292,-503.5132346421449,Commerce Équitable
Cooperative Grains Alliance,Dairy Meadows,Espagne,Kansas,,Oranges,115.42441470040549,1846.90702253999,Premium
Cooperative Grains Alliance,Cooperative Grains Alliance,Brésil,Sfax,,Oranges,669.7887417429208,1208.9399507891296,Standard
Marché Wholesale Agadir,Coopérative Oasis,Maroc,Andalousie,,Arabica,193.53316546371124,3138.6965235717544,Standard
Dairy Meadows,Rungis International,Espagne,São Paulo,,Beurre,6.863616259254314,2943.242855328369,Bio Certifié
Dairy Meadows,Ferme Al Baraka,Italie,Catalogne,,Deglet Nour,108.30110137701632,3214.097990004378,Standard
Ferme Al Baraka,Union Agricole Méditerranée,France,Californie,,Beurre,940.7569682977689,14350.430492136556,Bio Certifié
Dairy Meadows,Rungis International,Italie,Californie,,Olives à Huile,137.6309424441509,3454.191118308332,Premium
Green Valley Farm,Fazenda Brasil,Maroc,Canterbury,,Robusta,603.6780672232233,4005.282055166552,Bio Certifié
Fattoria Toscana,Domaine Provence Bio,Italie,Île-de-France,,Deglet Nour,75.71637557641776,-720.6326435241162,Standard
Mercabarna,Hacienda El Sol,Tunisie,Meknès-Fès,,Raisins de Table,10.920516518750844,1287.0714853136608,Standard
Domaine Provence Bio,Marché Wholesale Agadir,Maroc,Sfax,,Riz,224.00681091596317,1563.669975581895,Bio Certifié
Mercabarna,Fattoria Toscana,USA,Provence,,Beurre,190.5463189259764,1703.1418306110686,Commerce Équitable
Ferme Al Baraka,Rungis International,France,Canterbury,,Pommes de terre,375.94475066974417,-17.883690881089933,Standard
Domaine Provence Bio,Domaine Provence Bio,Italie,Sfax,,Bananes,94.973921634774,690.48110496712,Standard
Fazenda Brasil,Dairy Meadows,Italie,Provence,,Pamplemousses,145.3379724122779,598.9602605045295,Bio Certifié
Domaine Provence Bio,Fazenda Brasil,Maroc,Andalousie,,Raisins de Cuve,-0.2616831846958405,1945.8181428278185,Standard
Domaine Saada,Dairy Meadows,Nouvelle-Zélande,Provence,,Beurre,47.19058202721253,2946.615311259653,Premium
Fattoria Toscana,Fazenda Brasil,Italie,Canterbury,,Maïs,63.210087477141485,2487.001532256567,Premium
Coopérative Oasis,Rungis International,Brésil,Californie,,Salades,275.24318612011746,2896.553051635885,Bio Certifié
Ferme Al Baraka,Green Valley Farm,Maroc,Canterbury,,Citrons,5.575230234018292,1729.9938435389354,Bio Certifié
Cooperative Grains Alliance,Fattoria Toscana,Italie,Andalousie,,Olives de Table,368.62503497386007,1753.1530817011387,Bio Certifié
Fazenda Brasil,Hacienda El Sol,USA,Meknès-Fès,,Oignons,95.35569216668864,1963.0969970647457,Standard
Ferme Al Baraka,Ferme Al Baraka,Maroc,Andalousie,,Medjool,224.54672699631885,4637.178739963817,Standard
Cooperative Grains Alliance,Coopérative Oasis,Brésil,Canterbury,,Olives à Huile,8.533022706028156,1597.9987926058548,Standard
Domaine Provence Bio,Ferme Al Baraka,USA,Catalogne,,Deglet Nour,1177.4954413110386,2433.8814696265326,Standard
Domaine Provence Bio,Fazenda Brasil,Brésil,Marrakech-Safi,,Riz,180.9992417517235,2867.7492853504446,Bio Certifié
Fazenda Brasil,Mercabarna,France,São Paulo,,Yaourt,136.1615393903144,3151.114331658886,Bio Certifié
Domaine Provence Bio,Mercabarna,Brésil,Californie,,Bananes,95.87068528540462,3602.9036111378346,Bio Certifié
Fazenda Brasil,Cooperative Grains Alliance,Nouvelle-Zélande,Andalousie,,Raisins de Cuve,108.82090825462147,2623.892542489017,Premium
Hacienda El Sol,Hacienda El Sol,Tunisie,Souss-Massa,,Carottes,250.2948707615158,726.7647008229741,Standard
Mercabarna,Ferme Al Baraka,Maroc,Souss-Massa,,Pommes de terre,149.30234221114767,-98.08466377937862,Premium
Green Valley Farm,Coopérative Oasis,Maroc,Marrakech-Safi,,Arabica,14.90865346148204,377.03476003854803,Commerce Équitable
Hacienda El Sol,Ferme Al Baraka,Tunisie,Californie,,Fromage,625.4212465523497,12081.034013783912,Standard
Domaine Provence Bio,Fattoria Toscana,Maroc,Provence,,Fromage,27.381196367160342,1536.4575100422003,Premium
Fattoria Toscana,Domaine Provence Bio,Tunisie,Marrakech-Safi,,Olives de Table,121.57997663001841,2741.818979385879,Standard
Fazenda Brasil,Hacienda El Sol,USA,Meknès-Fès,,Yaourt,188.97167055472062,891.6347900405208,Standard
Ferme Al Baraka,Domaine Saada,Espagne,Marrakech-Safi,,Raisins de Table,80.63268623452143,2835.9766582084894,Standard
Green Valley Farm,Rungis International,Nouvelle-Zélande,Canterbury,,Pamplemousses,-24.0978447426972,-566.4465670925204,Standard
Rungis International,Domaine Saada,France,Souss-Massa,,Olives à Huile,224.73350932128739,5709.225502806383,Standard
Green Valley Farm,Cooperative Grains Alliance,USA,Catalogne,,Courgettes,32.395361046180426,20081.276357531577,Commerce Équitable
Green Valley Farm,Dairy Meadows,Tunisie,Marrakech-Safi,,Arabica,112.06903133287491,3166.000296480408,Commerce Équitable
Union Agricole Méditerranée,Domaine Provence Bio,Espagne,Californie,,Robusta,220.43561652873697,4155.079993311227,Premium
Coopérative Oasis,Cooperative Grains Alliance,Tunisie,Canterbury,,Raisins de Cuve,163.6278111514528,3728.5928004252164,Bio Certifié
Fazenda Brasil,Dairy Meadows,Nouvelle-Zélande,Andalousie,,Olives à Huile,214.51777354229034,1575.968847608276,Premium
Fazenda Brasil,Domaine Saada,USA,Île-de-France,,Olives à Huile,250.05128247318925,3428.962026597654,Standard
Domaine Saada,Marché Wholesale Agadir,USA,Provence,,Medjool,106.91748809591294,3192.5066887703747,Standard
Mercabarna,Green Valley Farm,Italie,Californie,,Olives de Table,203.93753214026418,1004.2316559933056,Standard
Marché Wholesale Agadir,Rungis International,Tunisie,Île-de-France,,Citrons,638.0366073793698,5363.347152393133,Bio Certifié
Ferme Al Baraka,Ferme Al Baraka,Nouvelle-Zélande,Toscane,,Yaourt,805.7611112381367,3611.5414620552,Bio Certifié
Rungis International,Union Agricole Méditerranée,France,São Paulo,,Olives à Huile,51.39950535453811,993.0221173057787,Premium
Green Valley Farm,Cooperative Grains Alliance,USA,Canterbury,,Raisins de Table,584.3103952463658,3766.7589234553943,Bio Certifié
Green Valley Farm,Union Agricole Méditerranée,Maroc,Canterbury,,Courgettes,-51.716128521148754,3246.9536169077383,Standard
Fazenda Brasil,Fattoria Toscana,Brésil,Kansas,,Deglet Nour,227.0641555629973,4287.005999760989,Premium
Cooperative Grains Alliance,Coopérative Oasis,France,São Paulo,,Raisins de Table,221.02617468520458,14241.207881132603,Standard
Domaine Provence Bio,Hacienda El Sol,Maroc,Provence,,Bananes,115.43909352787256,497.3999156613429,Premium
Dairy Meadows,Domaine Saada,Maroc,Meknès-Fès,,Salades,46.68770877072883,472.4770473517623,Standard
Domaine Saada,Fattoria Toscana,France,São Paulo,,Orge,668.2576541409597,355.57122130213406,Standard
Domaine Provence Bio,Domaine Provence Bio,France,Souss-Massa,,Yaourt,224.49163714956472,3280.2245048361856,Standard
Coopérative Oasis,Dairy Meadows,France,Andalousie,,Pommes de terre,207.964110923641,22295.439928551525,Standard
Cooperative Grains Alliance,Domaine Provence Bio,Italie,Marrakech-Safi,,Olives de Table,245.64964362725948,3299.767287534887,Commerce Équitable
Coopérative Oasis,Domaine Provence Bio,Espagne,Sfax,,Blé,495.24662393796723,1725.8840190015007,Bio Certifié
Dairy Meadows,Fattoria Toscana,Brésil,Meknès-Fès,,Arabica,168.03151059501064,4049.168081597418,Standard
Hacienda El Sol,Hacienda El Sol,USA,Californie,,Deglet Nour,172.40315374881203,3478.093728451314,Premium
Marché Wholesale Agadir,Cooperative Grains Alliance,Maroc,Canterbury,,Oranges,409.4099005446286,3053.2147913983376,Standard
Domaine Provence Bio,Marché Wholesale Agadir,Maroc,Canterbury,,Pommes de terre,134.68479692274437,4543.117562164768,Commerce Équitable
Domaine Provence Bio,Coopérative Oasis,Tunisie,São Paulo,,Pommes de terre,-4.305914218104725,1857.6352250009259,Bio Certifié
Hacienda El Sol,Marché Wholesale Agadir,Italie,Souss-Massa,,Raisins de Table,218.3051343911277,4119.210612570041,Bio Certifié
Cooperative Grains Alliance,Green Valley Farm,Tunisie,Canterbury,,Riz,623.9047974810544,3184.9612903204015,Standard
Fattoria Toscana,Domaine Provence Bio,Maroc,Île-de-France,,Riz,257.3100281469704,2035.7494946407164,Bio Certifié
Dairy Meadows,Cooperative Grains Alliance,Maroc,Souss-Massa,,Medjool,238.66568203888153,3037.6305543511608,Standard
Fattoria Toscana,Rungis International,Maroc,Toscane,,Arabica,126.85572672142237,3723.101761213754,Premium
Green Valley Farm,Rungis International,Tunisie,Souss-Massa,,Pommes de terre,795.5327036339166,4898.749344923344,Bio Certifié
Mercabarna,Cooperative Grains Alliance,France,Sfax,,Yaourt,268.0008787792383,-334.64155740917613,Standard
Green Valley Farm,Mercabarna,Tunisie,Meknès-Fès,,Tomates,151.57673722717718,877.240746346577,Bio Certifié
Fattoria Toscana,Domaine Provence Bio,Nouvelle-Zélande,Canterbury,,Raisins de Table,589.9288356464041,3210.762806618673,Standard
Fazenda Brasil,Union Agricole Méditerranée,USA,Meknès-Fès,,Raisins de Table,182.4259134713132,1352.0778598520967,Standard
Green Valley Farm,Domaine Saada,Espagne,Sfax,,Maïs,162.20658434459924,1218.6105468608375,Standard
Mercabarna,Fattoria Toscana,France,Andalousie,,Mandarines,176.92236280564387,3103.5760008631323,Standard
Fattoria Toscana,Marché Wholesale Agadir,USA,Sfax,,Robusta,73.71080322932964,11423.513461071794,Premium
Fazenda Brasil,Ferme Al Baraka,Brésil,Marrakech-Safi,,Lait,197.03578458695668,3836.3164400939713,Bio Certifié
Cooperative Grains Alliance,Ferme Al Baraka,France,Sfax,,Robusta,114.71409663755541,1785.4840042566811,Standard
Coopérative Oasis,Green Valley Farm,USA,Souss-Massa,,Bananes,59.720150989860414,4972.449199196926,Commerce Équitable
Domaine Saada,Domaine Provence Bio,Nouvelle-Zélande,Marrakech-Safi,,Oranges,1346.5149449646663,2745.8189355329323,Bio Certifié
Fazenda Brasil,Rungis International,Italie,Sfax,,Raisins de Table,89.66035998037641,1411.3930873600586,Bio Certifié
Rungis International,Fattoria Toscana,Maroc,Île-de-France,,Mandarines,172.87368880570702,4002.5439183133594,Bio Certifié
Marché Wholesale Agadir,Dairy Meadows,Nouvelle-Zélande,Provence,,Pamplemousses,94.15764753291643,-593.4471523612162,Premium
Domaine Provence Bio,Union Agricole Méditerranée,Espagne,Sfax,,Raisins de Table,109.67774112102458,7521.0086627128985,Bio Certifié
Marché Wholesale Agadir,Domaine Saada,Maroc,Sfax,,Pommes de terre,168.9467092753899,5274.761410671021,Standard
Coopérative Oasis,Union Agricole Méditerranée,France,Souss-Massa,,Yaourt,386.5100336713972,2847.870660637005,Bio Certifié
Coopérative Oasis,Hacienda El Sol,Italie,Meknès-Fès,,Tomates,101.95417897772276,8792.99862979067,Premium
Rungis International,Dairy Meadows,France,São Paulo,,Yaourt,1115.9871315539115,909.5976363755592,Bio Certifié
Union Agricole Méditerranée,Domaine Provence Bio,France,Provence,,Pamplemousses,19.721386643271273,2466.9664320848224,Premium
Marché Wholesale Agadir,Domaine Saada,Maroc,Île-de-France,,Carottes,230.36605546934152,28010.196684688686,Bio Certifié
Marché Wholesale Agadir,Marché Wholesale Agadir,Brésil,Toscane,,Salades,177.26294611825915,3141.153000055864,Standard
Domaine Provence Bio,Coopérative Oasis,Italie,Souss-Massa,,Pamplemousses,118.51503308619766,13242.300864544337,Premium
Hacienda El Sol,Domaine Saada,USA,Catalogne,,Pommes de terre,1.9452828936752624,2360.9654829313595,Bio Certifié
Rungis International,Hacienda El Sol,France,Canterbury,,Raisins de Cuve,37.55888808370718,2185.7548933903727,Bio Certifié
Fattoria Toscana,Fattoria Toscana,France,Souss-Massa,,Oignons,195.44983459436958,25829.479572243356,Standard
Hacienda El Sol,Fattoria Toscana,Maroc,Canterbury,,Beurre,1283.7764990134317,1051.9409145805453,Bio Certifié
Ferme Al Baraka,Domaine Provence Bio,Italie,São Paulo,,Riz,137.39346306341142,4605.300967803477,Bio Certifié
Union Agricole Méditerranée,Fazenda Brasil,USA,Provence,,Olives à Huile,1188.5196029341244,5201.926706659113,Premium
Fattoria Toscana,Fazenda Brasil,Brésil,Canterbury,,Deglet Nour,126.18866210150837,2022.9788985848666,Bio Certifié
Domaine Provence Bio,Green Valley Farm,Italie,Californie,,Pommes de terre,109.8723448024294,1075.0169498863688,Bio Certifié
Hacienda El Sol,Fazenda Brasil,France,Souss-Massa,,Deglet Nour,234.87976851865312,3095.2410096405642,Bio Certifié
Cooperative Grains Alliance,Hacienda El Sol,Espagne,Provence,,Pommes,420.93462484557216,2003.0318353415691,Commerce Équitable
Mercabarna,Coopérative Oasis,France,Marrakech-Safi,,Arabica,117.23455003682113,767.0503952210081,Bio Certifié
Coopérative Oasis,Green Valley Farm,Espagne,Provence,,Orge,480.6139123194067,927.950778807812,Bio Certifié
Green Valley Farm,Hacienda El Sol,Maroc,Souss-Massa,,Robusta,90.56297199341923,4243.170864521986,Premium
Fazenda Brasil,Union Agricole Méditerranée,France,Kansas,,Citrons,725.4337878997827,14601.415397669964,Bio Certifié
Cooperative Grains Alliance,Union Agricole Méditerranée,Italie,Toscane,,Orge,707.4286007383279,1656.5260653410737,Premium
Hacienda El Sol,Mercabarna,Nouvelle-Zélande,Sfax,,Tomates,93.70032234868017,154.91141347773828,Standard
Fattoria Toscana,Mercabarna,Nouvelle-Zélande,Catalogne,,Raisins de Table,122.00414418472755,2093.3319625548565,Standard
Marché Wholesale Agadir,Ferme Al Baraka,Maroc,Andalousie,,Tomates,25.614455314444207,-787.2307350375283,Premium
Dairy Meadows,Union Agricole Méditerranée,USA,Sfax,,Olives à Huile,132.9023591357755,2328.714397915448,Standard
Dairy Meadows,Union Agricole Méditerranée,USA,Provence,,Yaourt,82.55720065466588,1779.3781587903084,Commerce Équitable
Dairy Meadows,Coopérative Oasis,USA,Île-de-France,,Olives à Huile,107.55091445070579,3402.224307370715,Premium
Green Valley Farm,Fazenda Brasil,Brésil,Marrakech-Safi,,Riz,90.72952862948519,3001.663336898866,Bio Certifié
Fazenda Brasil,Dairy Meadows,Nouvelle-Zélande,Kansas,,Deglet Nour,107.27724606111678,663.4339721194788,Bio Certifié
Union Agricole Méditerranée,Fazenda Brasil,Brésil,Île-de-France,,Carottes,124.28071050471004,3100.104116928105,Bio Certifié
Ferme Al Baraka,Domaine Provence Bio,Brésil,Sfax,,Lait,185.11719394721402,4121.80802344999,Bio Certifié
