exploitation,type_exploitation,pays,region,resultat,produit,quantite_tonnes,prix_tonne_eur,qualite
Green Valley Farm,Ferme Al Baraka,USA,Kansas,,Salades,115.14057161165853,13187.496641795367,Premium
Hacienda El Sol,Marché Wholesale Agadir,Maroc,Île-de-France,,Oignons,82.28581491012199,3559.6205733024462,Bio Certifié
Domaine Provence Bio,Union Agricole Méditerranée,Espagne,Souss-Massa,,Deglet Nour,506.99506370491014,3448.6901262635065,Standard
Cooperative Grains Alliance,Fazenda Brasil,USA,Californie,,Medjool,72.01888924710632,2644.8716437484254,Bio Certifié
Domaine Provence Bio,Green Valley Farm,Italie,Andalousie,,Deglet Nour,153.32470271231855,140.3752574499906,Standard
Domaine Saada,Hacienda El Sol,Nouvelle-Zélande,Andalousie,,Raisins de Table,3.5873980799768717,2833.5912665889223,Standard
Dairy Meadows,Hacienda El Sol,USA,Souss-Massa,,Olives de Table,140.32983916787953,1613.0425532774327,Standard
Green Valley Farm,Mercabarna,Nouvelle-Zélande,Californie,,Pommes,91.85073111039884,1757.007956118605,Commerce Équitable
Marché Wholesale Agadir,Domaine Saada,Espagne,Kansas,,Yaourt,78.62313618731167,11552.732525917874,Standard
Fazenda Brasil,Domaine Saada,Espagne,Canterbury,,Olives à Huile,1079.9484349647196,5364.445660865116,Bio Certifié
Union Agricole Méditerranée,Domaine Saada,Maroc,Souss-Massa,,Pamplemousses,171.49068113639092,2625.078832421924,Bio Certifié
Cooperative Grains Alliance,Rungis International,Tunisie,Sfax,,Riz,152.07739009257153,3014.7912070557823,Premium
Fattoria Toscana,Dairy Meadows,Maroc,Marrakech-Safi,,Raisins de Table,152.88055786474686,1724.7491733841723,Standard
Ferme Al Baraka,Hacienda El Sol,Maroc,Meknès-Fès,,Courgettes,271.3023566139418,5773.77895885273,Bio Certifié
Green Valley Farm,Marché Wholesale Agadir,Nouvelle-Zélande,Sfax,,Pommes,180.56230238063608,2714.819420197963,Bio Certifié
Fattoria Toscana,Mercabarna,Brésil,Meknès-Fès,,Bananes,275.3779078907693,3955.2338244129533,Bio Certifié
Hacienda El Sol,Mercabarna,Maroc,Souss-Massa,,Blé,106.32777493982111,1500.4557221930659,Standard
Mercabarna,Cooperative Grains Alliance,Espagne,Catalogne,,Raisins de Cuve,80.75318586506017,3740.522553954979,Standard
Ferme Al Baraka,Fattoria Toscana,Espagne,Souss-Massa,,Courgettes,176.62283018003615,4337.182576652753,Premium
Coopérative Oasis,Hacienda El Sol,Espagne,Sfax,,Salades,55.66791288269449,1055.9603254607696,Standard
Ferme Al Baraka,Rungis International,USA,Canterbury,,Arabica,69.77044674374346,11066.792460315546,Premium
Ferme Al Baraka,Domaine Provence Bio,Maroc,Marrakech-Safi,,Salades,24.487678374052003,45.2280945169382,Bio Certifié
Mercabarna,Fazenda Brasil,Maroc,Souss-Massa,,Tomates,-34.260128059102264,566.6652375066302,Premium
Marché Wholesale Agadir,Dairy Meadows,Maroc,Catalogne,,Raisins de Table,106.46723024463319,1555.6534957991305,Standard
Mercabarna,Hacienda El Sol,Maroc,Andalousie,,Fromage,191.49023923686417,14810.36764356819,Premium
Fazenda Brasil,Ferme Al Baraka,Espagne,São Paulo,,Pommes,-32.407895942486455,2839.7684543496216,Premium
Domaine Provence Bio,Ferme Al Baraka,Maroc,Provence,,Mandarines,96.31900332531039,13612.153896985055,Bio Certifié
Rungis International,Union Agricole Méditerranée,Espagne,Andalousie,,Fromage,186.50655370436854,4817.386588636855,Standard
Domaine Saada,Mercabarna,Espagne,Californie,,Raisins de Table,173.1576105310297,13282.659771147997,Standard
Green Valley Farm,Marché Wholesale Agadir,Tunisie,Provence,,Raisins de Cuve,218.1605361654499,592.0462290911045,Bio Certifié
Ferme Al Baraka,Dairy Meadows,France,Catalogne,,Raisins de Table,142.1905969130929,3732.649624277754,Bio Certifié
Domaine Provence Bio,Hacienda El Sol,USA,Île-de-France,,Fromage,164.46348955804427,3376.944192783486,Standard
Rungis International,Rungis International,USA,Île-de-France,,Arabica,84.43183982666221,3018.415643567653,Standard
Mercabarna,Union Agricole Méditerranée,Espagne,Andalousie,,Olives à Huile,112.05880857803177,4407.242213908355,Bio Certifié
Rungis International,Union Agricole Méditerranée,Maroc,Toscane,,Olives à Huile,145.36333809612486,2900.3665771063247,Bio Certifié
Coopérative Oasis,Green Valley Farm,Maroc,Californie,,Orge,43.59836058406944,6279.860542389555,Premium
Domaine Saada,Fattoria Toscana,Italie,Sfax,,Raisins de Cuve,324.64499097601447,1772.3602354595293,Standard
Coopérative Oasis,Fattoria Toscana,Maroc,Souss-Massa,,Bananes,260.6620379860212,13121.311022621236,Premium
Green Valley Farm,Domaine Provence Bio,Espagne,Provence,,Olives de Table,167.54321249817727,2234.8198147292946,Commerce Équitable
Green Valley Farm,Green Valley Farm,USA,Île-de-France,,Raisins de Table,181.4857389045663,1606.7216958030308,Bio Certifié
Ferme Al Baraka,Cooperative Grains Alliance,France,Catalogne,,Tomates,60.91177369951724,1690.9966967444307,Standard
Fattoria Toscana,Fattoria Toscana,France,Kansas,,Tomates,157.42311941528956,1672.6701115079702,Premium
Mercabarna,Dairy Meadows,Maroc,Souss-Massa,,Riz,122.68006737470152,2077.0451521281434,Premium
Rungis International,Union Agricole Méditerranée,Brésil,Marrakech-Safi,,Pamplemousses,135.9878574067488,13765.347419531357,Bio Certifié
Mercabarna,Union Agricole Méditerranée,France,Californie,,Olives à Huile,175.82539539209867,1585.9038284452372,Premium
Domaine Saada,Coopérative Oasis,Italie,Andalousie,,Fromage,4.950108775360832,4318.320547554237,Commerce Équitable
Dairy Meadows,Green Valley Farm,Tunisie,Canterbury,,Olives de Table,259.47394949207927,8580.35830400017,Standard
Fattoria Toscana,Ferme Al Baraka,Italie,Île-de-France,,Maïs,154.0029726595361,3150.528800282882,Standard
Coopérative Oasis,Fattoria Toscana,Italie,São Paulo,,Olives à Huile,153.15221091664773,4001.299664139351,Bio Certifié
Domaine Saada,Rungis International,Maroc,Île-de-France,,Tomates,381.37378253793105,2567.7608631638404,Standard
Fazenda Brasil,Rungis International,Maroc,Kansas,,Blé,59.61971904483555,3479.9787020160757,Bio Certifié
Dairy Meadows,Marché Wholesale Agadir,Espagne,Île-de-France,,Pamplemousses,138.01682959598585,1678.4492472994793,Premium
Domaine Provence Bio,Mercabarna,France,Californie,,Citrons,260.2168570161438,5429.155878328395,Premium
Green Valley Farm,Marché Wholesale Agadir,Italie,Kansas,,Oranges,295.6157066856,3487.7035097757653,Commerce Équitable
Domaine Provence Bio,Hacienda El Sol,France,Catalogne,,Citrons,545.4228190545509,2791.7466369663134,Premium
Domaine Saada,Hacienda El Sol,Espagne,Toscane,,Raisins de Cuve,712.7797439843483,14678.662419600765,Standard
Fattoria Toscana,Fazenda Brasil,France,Californie,,Beurre,155.07285489874707,2313.277065094475,Bio Certifié
Marché Wholesale Agadir,Fazenda Brasil,France,Catalogne,,Bananes,151.3332172269781,2930.209496082278,Standard
Cooperative Grains Alliance,Rungis International,Brésil,Canterbury,,Medjool,193.17431496991017,4992.115152319287,Commerce Équitable
Domaine Provence Bio,Fazenda Brasil,Maroc,Andalousie,,Arabica,23.83857931284902,1672.4535237884986,Premium
Fazenda Brasil,Fattoria Toscana,France,Sfax,,Raisins de Cuve,195.71816258671208,3901.261796805218,Premium
Marché Wholesale Agadir,Domaine Saada,France,São Paulo,,Olives à Huile,104.74544102585857,2536.0095830193136,Bio Certifié
Fattoria Toscana,Fattoria Toscana,Maroc,Sfax,,Medjool,27.450844345402487,3161.9412779183986,Bio Certifié
Fazenda Brasil,Ferme Al Baraka,Nouvelle-Zélande,Canterbury,,Pommes,108.79222337927959,9147.668811174319,Bio Certifié
Coopérative Oasis,Coopérative Oasis,Tunisie,Sfax,,Oranges,133.14499822579762,2534.064841864897,Bio Certifié
Green Valley Farm,Marché Wholesale Agadir,Tunisie,Catalogne,,Olives de Table,93.72053631733793,26713.22620495681,Standard
Domaine Saada,Domaine Saada,Nouvelle-Zélande,Kansas,,Courgettes,832.4994634946175,5331.736737180523,Standard
Coopérative Oasis,Fattoria Toscana,Espagne,Île-de-France,,Pommes,182.86318135307127,3566.2794648495,Standard
Green Valley Farm,Ferme Al Baraka,Brésil,Catalogne,,Lait,23.48615639268006,1224.426144156492,Bio Certifié
Mercabarna,Green Valley Farm,USA,Californie,,Robusta,147.13932768388497,3432.718916702286,Bio Certifié
Fattoria Toscana,Cooperative Grains Alliance,Brésil,Toscane,,Medjool,104.27563991033693,3531.4551095604656,Bio Certifié
Union Agricole Méditerranée,Cooperative Grains Alliance,Brésil,Souss-Massa,,Pommes,278.0468298457915,768.538368417471,Bio Certifié
Rungis International,Hacienda El Sol,Espagne,Andalousie,,Oranges,90.8073264150606,4518.800410700354,Bio Certifié
Fazenda Brasil,Ferme Al Baraka,Italie,Kansas,,Raisins de Table,-24.221478914517967,1400.6997995737688,Bio Certifié
Dairy Meadows,Domaine Provence Bio,Maroc,Sfax,,Fromage,142.8439192845245,2299.2491298514033,Bio Certifié
Ferme Al Baraka,Domaine Provence Bio,Brésil,Provence,,Riz,166.00965123325432,251.09133944241898,Commerce Équitable
Union Agricole Méditerranée,Domaine Saada,Tunisie,Catalogne,,Mandarines,1380.2840632452726,4270.919063537056,Standard
Fattoria Toscana,Mercabarna,France,Californie,,Olives à Huile,262.12655181907473,3575.556940292455,Bio Certifié
Dairy Meadows,Domaine Provence Bio,Espagne,Californie,,Pommes,270.79180917740626,3607.8984629849765,Commerce Équitable
Rungis International,Fazenda Brasil,France,São Paulo,,Yaourt,194.22639371641978,13370.392285854718,Commerce Équitable
Fattoria Toscana,Domaine Provence Bio,USA,Provence,,Pamplemousses,119.05967000960939,2217.5164911463057,Premium
Coopérative Oasis,Union Agricole Méditerranée,Tunisie,Sfax,,Fromage,168.53002279806606,3224.053874214013,Standard
Rungis International,Marché Wholesale Agadir,Nouvelle-Zélande,Souss-Massa,,Deglet Nour,205.40020916425254,291.2521419960449,Bio Certifié
Mercabarna,Green Valley Farm,USA,Souss-Massa,,Lait,254.75059466569593,3667.454317997076,Premium
Cooperative Grains Alliance,Domaine Provence Bio,Italie,Marrakech-Safi,,Blé,232.42711391772704,1225.7510113325534,Premium
Coopérative Oasis,Fazenda Brasil,Nouvelle-Zélande,Andalousie,,Tomates,143.29754651465794,2733.952491748483,Bio Certifié
Hacienda El Sol,Domaine Provence Bio,Brésil,Île-de-France,,Raisins de Cuve,104.45035619022721,3466.3984122402053,Standard
Domaine Saada,Ferme Al Baraka,Espagne,Sfax,,Maïs,478.99596733895606,400.9160273723827,Bio Certifié
Dairy Meadows,Green Valley Farm,Espagne,Meknès-Fès,,Maïs,83.86101037048894,3674.0832877562457,Bio Certifié
Domaine Provence Bio,Dairy Meadows,France,São Paulo,,Blé,92.37152862782798,-689.4833838575612,Standard
Marché Wholesale Agadir,Fattoria Toscana,Nouvelle-Zélande,Souss-Massa,,Oignons,162.71808086084053,1136.3457102709795,Commerce Équitable
Rungis International,Hacienda El Sol,Tunisie,São Paulo,,Raisins de Table,528.1098186405571,860.2750245116431,Standard
Fazenda Brasil,Coopérative Oasis,Tunisie,Île-de-France,,Yaourt,93.26824713035847,1989.6562291630858,Standard
Domaine Provence Bio,Fattoria Toscana,USA,Canterbury,,Orge,166.88302340667272,2912.1081637566294,Premium
Cooperative Grains Alliance,Union Agricole Méditerranée,Brésil,Provence,,Olives à Huile,137.99101058695896,11089.782865369867,Premium
Rungis International,Domaine Provence Bio,France,Californie,,Pamplemousses,242.61172491903017,2846.2920815077896,Standard
Domaine Provence Bio,Marché Wholesale Agadir,USA,Andalousie,,Raisins de Table,-7.326152868630707,262.4846321550714,Bio Certifié
Dairy Meadows,Domaine Saada,Italie,Californie,,Salades,130.91801757195617,1243.9771108458924,Commerce Équitable
Mercabarna,Coopérative Oasis,USA,Sfax,,Raisins de Cuve,177.89690545439737,11320.7542166624,Premium
Fazenda Brasil,Fattoria Toscana,Tunisie,Sfax,,Bananes,1068.539252244526,1674.852141292369,Bio Certifié
Mercabarna,Mercabarna,France,Kansas,,Arabica,9.27011391110846,3552.5480469921413,Premium
Dairy Meadows,Fazenda Brasil,Maroc,Île-de-France,,Robusta,15.592481492610432,2549.0236908755714,Bio Certifié
Cooperative Grains Alliance,Rungis International,Italie,Meknès-Fès,,Blé,298.7823785816666,11452.897449694048,Premium
Marché Wholesale Agadir,Domaine Saada,USA,Île-de-France,,Courgettes,8.718281741018679,3045.2537922563647,Bio Certifié
Dairy Meadows,Fazenda Brasil,Maroc,Canterbury,,Salades,634.4195517391995,1555.4472768644423,Standard
Domaine Saada,Domaine Provence Bio,Nouvelle-Zélande,Toscane,,Mandarines,532.7379917432723,7109.744072871327,Commerce Équitable
Domaine Saada,Coopérative Oasis,Maroc,Souss-Massa,,Lait,278.55723204661535,4830.897416038571,Bio Certifié
Dairy Meadows,Dairy Meadows,Maroc,Toscane,,Raisins de Cuve,159.91425006668607,19369.008700312697,Standard
Marché Wholesale Agadir,Fazenda Brasil,France,Canterbury,,Maïs,206.68672562040598,3654.430358519704,Bio Certifié
Dairy Meadows,Marché Wholesale Agadir,Maroc,Toscane,,Oignons,173.03182695947268,3765.0037661809656,Standard
Coopérative Oasis,Fazenda Brasil,Brésil,Sfax,,Olives à Huile,136.4729839171378,5185.448081712859,Bio Certifié
Mercabarna,Ferme Al Baraka,Nouvelle-Zélande,Souss-Massa,,Blé,170.86575847500245,657.3837756823541,Bio Certifié
Dairy Meadows,Cooperative Grains Alliance,Nouvelle-Zélande,Canterbury,,Olives de Table,24.697076653438124,7033.704103224423,Standard
Ferme Al Baraka,Mercabarna,Brésil,Canterbury,,Beurre,133.89898162161046,2909.460560217478,Bio Certifié
Domaine Saada,Union Agricole Méditerranée,France,Meknès-Fès,,Courgettes,-34.4281656840109,3839.4343946711924,Premium
Rungis International,Hacienda El Sol,Brésil,Provence,,Robusta,882.173056317846,968.6660942337782,Premium
Rungis International,Hacienda El Sol,USA,Meknès-Fès,,Riz,264.0586826196451,5682.518175952695,Commerce Équitable
Green Valley Farm,Marché Wholesale Agadir,Espagne,Toscane,,Olives à Huile,142.7437003744901,2880.7494943024567,Standard
Ferme Al Baraka,Ferme Al Baraka,Espagne,Canterbury,,Orge,167.45120761581288,1427.6578302779315,Commerce Équitable
Domaine Saada,Coopérative Oasis,USA,Provence,,Riz,148.16237205916062,23458.288502634696,Bio Certifié
Fattoria Toscana,Fazenda Brasil,Brésil,Californie,,Mandarines,45.593239449034776,3404.857718573049,Premium
Fazenda Brasil,Domaine Saada,Nouvelle-Zélande,Sfax,,Arabica,174.60613120531485,3544.7228243808577,Commerce Équitable
Green Valley Farm,Marché Wholesale Agadir,France,Île-de-France,,Yaourt,196.15545297105018,2080.3255103530837,Premium
Union Agricole Méditerranée,Rungis International,Maroc,São Paulo,,Pommes,104.07468850979234,3380.129281561577,Bio Certifié
Marché Wholesale Agadir,Hacienda El Sol,Espagne,Toscane,,Deglet Nour,184.8008763380218,1492.3252146032085,Bio Certifié
Green Valley Farm,Fattoria Toscana,Brésil,São Paulo,,Deglet Nour,989.3092607133647,1861.2399443175798,Standard
Domaine Provence Bio,Domaine Provence Bio,Italie,Sfax,,Riz,269.8542287428339,22598.415201165382,Standard
Domaine Saada,Ferme Al Baraka,USA,Kansas,,Bananes,847.9445237483001,4174.450898690285,Bio Certifié
Fazenda Brasil,Dairy Meadows,Maroc,Marrakech-Safi,,Fromage,518.8265444185868,11864.947478540093,Premium
Coopérative Oasis,Cooperative Grains Alliance,Brésil,Sfax,,Raisins de Table,151.84299193515557,9031.443739838594,Premium
Dairy Meadows,Green Valley Farm,Espagne,Souss-Massa,,Riz,1067.2789275088057,2247.6333612636568,Premium
Ferme Al Baraka,Fattoria Toscana,Maroc,Andalousie,,Raisins de Cuve,61.613183884917234,3533.2856867582586,Bio Certifié
Domaine Saada,Dairy Meadows,Maroc,Meknès-Fès,,Olives à Huile,285.2482081638907,2303.397737429691,Bio Certifié
Fattoria Toscana,Dairy Meadows,Nouvelle-Zélande,Provence,,Lait,158.845570265303,2877.5958003131873,Premium
Mercabarna,Fazenda Brasil,Maroc,São Paulo,,Orge,26.116145745768165,5037.198618558699,Standard
Ferme Al Baraka,Fazenda Brasil,USA,Marrakech-Safi,,Olives à Huile,46.711360905224865,4439.626902254312,Standard
Cooperative Grains Alliance,Hacienda El Sol,Nouvelle-Zélande,Catalogne,,Tomates,-57.880537065529744,5529.86401572891,Bio Certifié
Hacienda El Sol,Cooperative Grains Alliance,Nouvelle-Zélande,Souss-Massa,,Riz,89.5116053447897,1453.5783142529792,Premium
Fattoria Toscana,Coopérative Oasis,Maroc,Catalogne,,Bananes,259.84436944796226,557.1435382727935,Bio Certifié
Dairy Meadows,Domaine Provence Bio,Espagne,Provence,,Oranges,80.46463768786617,2833.1391623339446,Premium
Hacienda El Sol,Domaine Saada,Espagne,Canterbury,,Salades,331.49330558188063,1005.761822974159,Standard
Mercabarna,Domaine Provence Bio,Tunisie,Californie,,Olives à Huile,115.86476375309427,21115.623839740943,Premium
Green Valley Farm,Ferme Al Baraka,USA,Île-de-France,,Riz,120.7082290264211,2803.155076454409,Bio Certifié
Green Valley Farm,Hacienda El Sol,Espagne,Catalogne,,Olives à Huile,62.29981136448895,3836.471891194995,Standard
Mercabarna,Dairy Meadows,Maroc,Californie,,Olives à Huile,-48.20018237210123,100.01751046508275,Bio Certifié
Rungis International,Ferme Al Baraka,Nouvelle-Zélande,São Paulo,,Yaourt,89.92355260077743,1447.88416407167,Premium
Hacienda El Sol,Domaine Provence Bio,Maroc,São Paulo,,Mandarines,197.5325164206772,3003.0305863130634,Bio Certifié
Domaine Saada,Ferme Al Baraka,USA,Californie,,Bananes,309.3024707424428,5298.912203533462,Bio Certifié
Marché Wholesale Agadir,Cooperative Grains Alliance,Maroc,Marrakech-Safi,,Oranges,63.192019631695985,434.99068578271533,Standard
Domaine Saada,Mercabarna,France,Toscane,,Olives à Huile,32.48692506137021,3740.3204218156907,Bio Certifié
Fattoria Toscana,Fazenda Brasil,USA,Provence,,Olives à Huile,262.31767612987016,3856.8637031060625,Bio Certifié
Fazenda Brasil,Fattoria Toscana,Italie,Marrakech-Safi,,Pamplemousses,96.46041466740101,958.3489851181494,Bio Certifié
Cooperative Grains Alliance,Mercabarna,Tunisie,Souss-Massa,,Fromage,147.89297472355642,3302.65523596527,Bio Certifié
Union Agricole Méditerranée,Coopérative Oasis,USA,Souss-Massa,,Raisins de Table,111.05499084551877,3608.2142585188003,Standard
Fattoria Toscana,Coopérative Oasis,France,Kansas,,Robusta,199.42073690610758,5384.630932228254,Bio Certifié
Cooperative Grains Alliance,Fattoria Toscana,Italie,Souss-Massa,,Pamplemousses,406.8447639765983,13217.637765313826,Premium
Green Valley Farm,Fazenda Brasil,Tunisie,Andalousie,,Raisins de Cuve,671.6781470047036,3046.9480967333993,Standard
Domaine Provence Bio,Fazenda Brasil,Brésil,Sfax,,Pommes,161.94759095457403,15690.113156743786,Bio Certifié
Dairy Meadows,Green Valley Farm,USA,Canterbury,,Tomates,159.06772949214627,3085.761122058146,Standard
Fazenda Brasil,Domaine Provence Bio,Nouvelle-Zélande,Toscane,,Raisins de Cuve,197.03238985606654,724.679490618902,Bio Certifié
Dairy Meadows,Union Agricole Méditerranée,Italie,Sfax,,Tomates,243.4904409123034,3231.455630180045,Bio Certifié
Dairy Meadows,Ferme Al Baraka,Tunisie,Andalousie,,Olives de Table,154.25031680314754,2013.7639692647658,Bio Certifié
Domaine Provence Bio,Domaine Provence Bio,USA,Sfax,,Medjool,186.7971245890379,3223.6170812680057,Bio Certifié
Domaine Provence Bio,Hacienda El Sol,Maroc,Meknès-Fès,,Riz,111.9803982286509,9469.49708709733,Standard
Domaine Provence Bio,Union Agricole Méditerranée,Maroc,Canterbury,,Olives à Huile,250.80558590689924,2480.8004521236285,Premium
Domaine Saada,Fattoria Toscana,Maroc,Californie,,Orge,411.5453345033266,2172.8170055666806,Bio Certifié
Fazenda Brasil,Fattoria Toscana,Espagne,Californie,,Carottes,174.1910656759263,3592.4471649041734,Premium
Union Agricole Méditerranée,Union Agricole Méditerranée,USA,Meknès-Fès,,Fromage,231.7487928317878,885.8103162317159,Standard
Domaine Saada,Rungis International,USA,Canterbury,,Orge,258.89015194698777,665.8963639716222,Premium
Green Valley Farm,Fazenda Brasil,France,Toscane,,Pommes de terre,122.49749072068266,3032.9882559782222,Standard
Union Agricole Méditerranée,Domaine Provence Bio,Italie,Catalogne,,Orge,967.5177978922986,5142.38971427347,Premium
Coopérative Oasis,Ferme Al Baraka,Maroc,Sfax,,Salades,1204.6595504451575,23820.67890043219,Standard
Hacienda El Sol,Coopérative Oasis,Brésil,Toscane,,Raisins de Table,860.313938818701,3440.969356651238,Standard
Domaine Provence Bio,Ferme Al Baraka,Maroc,Île-de-France,,Tomates,1341.1511817706128,10161.646242104584,Premium
Hacienda El Sol,Fattoria Toscana,Nouvelle-Zélande,Île-de-France,,Mandarines,80.47986325405213,3362.2404567439435,Standard
Green Valley Farm,Green Valley Farm,USA,Canterbury,,Tomates,120.0393927875316,-642.6008288153228,Standard
Domaine Provence Bio,Fazenda Brasil,Maroc,Souss-Massa,,Maïs,81.82953805332467,3632.161786510089,Bio Certifié
Domaine Provence Bio,Fazenda Brasil,Maroc,Marrakech-Safi,,Raisins de Table,56.17650877981691,247.8350745934231,Standard
Dairy Meadows,Fazenda Brasil,Tunisie,Californie,,Bananes,146.30937978897956,2435.0060095551307,Premium
Domaine Saada,Dairy Meadows,USA,Provence,,Olives à Huile,273.463452771151,14481.326962972715,Commerce Équitable
Dairy Meadows,Union Agricole Méditerranée,Espagne,Souss-Massa,,Tomates,162.7853774953814,2738.064851204443,Bio Certifié
Domaine Saada,Domaine Provence Bio,Maroc,Andalousie,,Arabica,-31.39980125399422,1634.2391827359477,Bio Certifié
Cooperative Grains Alliance,Rungis International,Tunisie,São Paulo,,Blé,5.743656673106848,1070.0691919083984,Premium
Cooperative Grains Alliance,Mercabarna,Nouvelle-Zélande,Provence,,Deglet Nour,526.733877657469,5622.028791262184,Standard
Marché Wholesale Agadir,Ferme Al Baraka,Tunisie,Californie,,Tomates,107.93439881828272,3249.2549821778775,Premium
Hacienda El Sol,Fazenda Brasil,Brésil,Toscane,,Arabica,148.799896253288,128.7835060007735,Standard
Fattoria Toscana,Fattoria Toscana,USA,Sfax,,Robusta,68.84288443984916,127.7364480258102,Standard
Mercabarna,Fazenda Brasil,Brésil,Meknès-Fès,,Arabica,36.53322030489165,16964.808330634565,Bio Certifié
Rungis International,Green Valley Farm,Nouvelle-Zélande,Californie,,Citrons,135.80003831434885,2487.528678751113,Commerce Équitable
Coopérative Oasis,Rungis International,Italie,Sfax,,Medjool,493.0459308186675,1432.8398670836377,Bio Certifié
Union Agricole Méditerranée,Mercabarna,Brésil,Californie,,Medjool,286.88217003741,3588.179011336618,Bio Certifié
Fazenda Brasil,Domaine Provence Bio,Maroc,Catalogne,,Arabica,83.02194500149909,14346.191749829437,Standard
Domaine Provence Bio,Fazenda Brasil,Espagne,Toscane,,Raisins de Cuve,99.68972082510568,3162.118244969998,Bio Certifié
Mercabarna,Marché Wholesale Agadir,Nouvelle-Zélande,Meknès-Fès,,Yaourt,781.0783689700676,2468.0655649609007,Premium
Cooperative Grains Alliance,Fazenda Brasil,USA,Kansas,,Bananes,226.6034434588775,2332.4588542393785,Bio Certifié
Ferme Al Baraka,Fazenda Brasil,USA,Provence,,Blé,142.59546260910113,1863.7480545062012,Bio Certifié
Hacienda El Sol,Dairy Meadows,Tunisie,Kansas,,Olives de Table,403.47350434059166,2411.6965113345937,Standard
Union Agricole Méditerranée,Marché Wholesale Agadir,Brésil,Californie,,Oranges,148.9264137662184,1743.3342000555588,Bio Certifié
Fattoria Toscana,Marché Wholesale Agadir,Italie,Île-de-France,,Raisins de Table,878.080024468578,4729.871628953064,Standard
Green Valley Farm,Union Agricole Méditerranée,France,Souss-Massa,,Raisins de Table,168.11028882985448,2351.621793834637,Premium
Dairy Meadows,Union Agricole Méditerranée,USA,Meknès-Fès,,Pommes,91.29191994421421,5240.08341126316,Bio Certifié
Marché Wholesale Agadir,Marché Wholesale Agadir,Maroc,Californie,,Oranges,168.72894006737832,907.2937408372236,Standard
Fattoria Toscana,Cooperative Grains Alliance,Nouvelle-Zélande,Andalousie,,Tomates,103.09561071773945,1857.8393614849442,Standard
Hacienda El Sol,Cooperative Grains Alliance,France,São Paulo,,Tomates,259.70590674157035,3589.355290029044,Standard
Green Valley Farm,Coopérative Oasis,Maroc,Souss-Massa,,Pommes,123.3153941134075,2821.5269646572456,Premium
Domaine Provence Bio,Hacienda El Sol,France,Meknès-Fès,,Fromage,719.1394007989942,586.1741881748812,Premium
Ferme Al Baraka,Mercabarna,Brésil,Andalousie,,Carottes,98.93152880554149,3215.5698947392293,Commerce Équitable
Fattoria Toscana,Dairy Meadows,France,Californie,,Oranges,203.72629428936466,11669.343682980458,Bio Certifié
Rungis International,Fazenda Brasil,Nouvelle-Zélande,Canterbury,,Maïs,245.1081503914761,-57.199851321831375,Bio Certifié
Green Valley Farm,Fattoria Toscana,USA,Catalogne,,Robusta,169.62173505788434,2044.1849140781346,Bio Certifié
Dairy Meadows,Fazenda Brasil,Tunisie,Californie,,Raisins de Table,540.8976688599132,1931.6808410921026,Bio Certifié
Coopérative Oasis,Union Agricole Méditerranée,France,Catalogne,,Pamplemousses,567.4453594436745,4802.333059615129,Commerce Équitable
Green Valley Farm,Ferme Al Baraka,Maroc,Souss-Massa,,Pommes,76.48863698998721,996.5451064821048,Bio Certifié
Green Valley Farm,Fazenda Brasil,Maroc,Souss-Massa,,Maïs,93.54092600970304,4438.659114294762,Bio Certifié
Fattoria Toscana,Domaine Saada,France,Californie,,Pommes,562.1205208278644,3532.5370415142743,Bio Certifié
Mercabarna,Coopérative Oasis,Tunisie,Marrakech-Safi,,Medjool,116.1512001453683,5683.797298262467,Bio Certifié
Mercabarna,Domaine Provence Bio,Brésil,Provence,,Pamplemousses,97.64127734598154,4479.489317099926,Standard
Fazenda Brasil,Union Agricole Méditerranée,France,Californie,,Bananes,673.40227192288,2960.260043138113,Premium
Cooperative Grains Alliance,Fazenda Brasil,Maroc,São Paulo,,Maïs,167.71269170486448,1997.3879367494517,Bio Certifié
Green Valley Farm,Marché Wholesale Agadir,Italie,Meknès-Fès,,Raisins de Table,111.57436633878115,1366.2761386654665,Standard
Domaine Provence Bio,Mercabarna,France,Toscane,,Courgettes,42.929898358270954,3931.7154855785548,Premium
Union Agricole Méditerranée,Fattoria Toscana,Maroc,Catalogne,,Pommes de terre,214.54262816547896,5628.179640412084,Standard
Union Agricole Méditerranée,Ferme Al Baraka,Italie,Canterbury,,Pommes de terre,202.1080703113177,3853.1366701503975,Bio Certifié
Hacienda El Sol,Fazenda Brasil,Nouvelle-Zélande,Kansas,,Olives à Huile,70.66639693786682,955.5738103672973,Bio Certifié
Hacienda El Sol,Fattoria Toscana,France,Sfax,,Tomates,190.73869822935308,2339.386969164189,Premium
Coopérative Oasis,Hacienda El Sol,France,Meknès-Fès,,Salades,96.9592841682865,3932.916669155797,Bio Certifié
Dairy Meadows,Marché Wholesale Agadir,Maroc,Sfax,,Blé,141.50829643523085,9264.816270737478,Bio Certifié
Dairy Meadows,Domaine Provence Bio,USA,Sfax,,Blé,40.82895950398279,3095.846563497529,Premium
Dairy Meadows,Mercabarna,Maroc,Souss-Massa,,Olives à Huile,243.0487316077273,2479.581604627142,Bio Certifié
Domaine Saada,Rungis International,Maroc,Souss-Massa,,Pommes,47.90092150610397,5761.6003796133355,Premium
Fattoria Toscana,Fazenda Brasil,France,Sfax,,Salades,2.2186148934681427,2486.982904206739,Standard
Ferme Al Baraka,Union Agricole Méditerranée,Brésil,Californie,,Olives de Table,209.96582409065797,3651.7384422018467,Commerce Équitable
Mercabarna,Hacienda El Sol,Italie,Île-de-France,,Riz,31.275928348385744,1844.2822069286713,Standard
Coopérative Oasis,Fattoria Toscana,Italie,Californie,,Carottes,512.2799841355882,3339.5051819968794,Bio Certifié
Cooperative Grains Alliance,Cooperative Grains Alliance,Espagne,São Paulo,,Riz,129.8214916853722,535.2482823173101,Premium
Hacienda El Sol,Domaine Saada,France,Californie,,Tomates,129.82424396552227,2696.5010410837167,Standard
Hacienda El Sol,Union Agricole Méditerranée,USA,Souss-Massa,,Raisins de Table,193.63362952613716,721.0791154467116,Standard
Coopérative Oasis,Cooperative Grains Alliance,France,Souss-Massa,,Medjool,165.09943300283263,1802.9558193557446,Premium
Green Valley Farm,Fazenda Brasil,Tunisie,Canterbury,,Orge,159.61196171317513,3473.6606231472033,Commerce Équitable
Dairy Meadows,Rungis International,Espagne,Toscane,,Olives à Huile,659.3080323602028,2942.587932232058,Bio Certifié
Dairy Meadows,Domaine Provence Bio,Maroc,Californie,,Olives de Table,108.15628065406383,3567.7466813841493,Standard
Coopérative Oasis,Ferme Al Baraka,Tunisie,Meknès-Fès,,Pommes de terre,108.90933521443604,14254.449720606095,Bio Certifié
Hacienda El Sol,Rungis International,USA,Catalogne,,Raisins de Cuve,131.65103278119517,1931.9168623960363,Bio Certifié
Domaine Provence Bio,Domaine Provence Bio,Maroc,Canterbury,,Raisins de Cuve,169.95427950592804,3662.9966701193143,Premium
Green Valley Farm,Marché Wholesale Agadir,Italie,Sfax,,Tomates,45.51591785161231,11634.65487802672,Premium
Rungis International,Mercabarna,Maroc,Meknès-Fès,,Deglet Nour,159.45136896982746,3880.5252367752673,Premium
Cooperative Grains Alliance,Union Agricole Méditerranée,Tunisie,Marrakech-Safi,,Olives de Table,528.9189015239936,2973.891296147478,Bio Certifié
Fattoria Toscana,Green Valley Farm,Maroc,Californie,,Pommes,224.7974514337197,642.3543798789445,Bio Certifié
Dairy Meadows,Green Valley Farm,USA,Canterbury,,Robusta,170.74131946923532,863.3550373287237,Standard
Fazenda Brasil,Coopérative Oasis,Brésil,Kansas,,Beurre,197.13410342709562,5678.803261499039,Commerce Équitable
Rungis International,Cooperative Grains Alliance,Italie,Andalousie,,Raisins de Cuve,34.829777326928564,2793.2207690358373,Standard
Ferme Al Baraka,Coopérative Oasis,USA,Californie,,Raisins de Cuve,593.512486300897,845.4246994072805,Bio Certifié
Cooperative Grains Alliance,Hacienda El Sol,Espagne,Canterbury,,Citrons,94.7334150488485,1207.5226551796045,Bio Certifié
Cooperative Grains Alliance,Domaine Provence Bio,Tunisie,São Paulo,,Maïs,1155.4073198166852,1899.607182178488,Standard
Marché Wholesale Agadir,Marché Wholesale Agadir,France,Sfax,,Pommes,140.82793864209273,2856.385094473587,Premium
Fattoria Toscana,Rungis International,France,Catalogne,,Oignons,14.517196218867184,3249.375245871761,Bio Certifié
Green Valley Farm,Domaine Saada,France,Canterbury,,Raisins de Cuve,130.39963215873775,1139.9625937111375,Bio Certifié
Mercabarna,Domaine Provence Bio,Italie,Souss-Massa,,Olives de Table,241.15856852841645,2917.949342195089,Premium
Ferme Al Baraka,Fattoria Toscana,USA,Catalogne,,Oranges,124.02905788509432,2681.4476308075587,Premium
Rungis International,Green Valley Farm,Maroc,Souss-Massa,,Mandarines,104.00793042570778,733.1959495433558,Commerce Équitable
Domaine Saada,Rungis International,USA,Californie,,Oranges,120.23561883766692,2369.485189366799,Premium
Marché Wholesale Agadir,Fazenda Brasil,Nouvelle-Zélande,Souss-Massa,,Raisins de Cuve,132.47552417148557,3571.3200823674097,Bio Certifié
Ferme Al Baraka,Fazenda Brasil,USA,Sfax,,Tomates,1.5409642022321322,734.7901823093639,Standard
Ferme Al Baraka,Coopérative Oasis,France,Kansas,,Olives à Huile,179.8343887905868,3752.9896045797623,Premium
Fazenda Brasil,Domaine Saada,Maroc,Kansas,,Mandarines,244.4981278289981,3862.6749426142733,Standard
Dairy Meadows,Green Valley Farm,Maroc,Sfax,,Pommes,88.62471801601765,945.7603549823137,Bio Certifié
Fattoria Toscana,Dairy Meadows,France,São Paulo,,Lait,169.9132314275201,3588.6388553741517,Standard
Marché Wholesale Agadir,Rungis International,Maroc,Sfax,,Olives de Table,75.29706605653494,2312.191476462872,Premium
Union Agricole Méditerranée,Rungis International,Espagne,Californie,,Pommes de terre,170.79096260010306,2396.6139118491637,Standard
Ferme Al Baraka,Domaine Provence Bio,USA,Île-de-France,,Medjool,581.1898220337742,18584.82034318367,Standard
Domaine Saada,Domaine Provence Bio,Nouvelle-Zélande,Canterbury,,Salades,145.5760412960404,3809.86489192685,Premium
Cooperative Grains Alliance,Domaine Saada,France,Souss-Massa,,Raisins de Table,181.24386432864327,2250.007034794397,Premium
Domaine Provence Bio,Hacienda El Sol,Maroc,Souss-Massa,,Medjool,-13.378368862957664,2638.01640720414,Standard
Mercabarna,Hacienda El Sol,France,São Paulo,,Raisins de Table,217.30044310806556,4875.5549358318,Commerce Équitable
Green Valley Farm,Fazenda Brasil,USA,Souss-Massa,,Tomates,212.84995571948278,1927.1939519385976,Premium
Domaine Provence Bio,Marché Wholesale Agadir,Maroc,Provence,,Raisins de Table,104.89622665979475,4569.882408894973,Bio Certifié
Union Agricole Méditerranée,Marché Wholesale Agadir,USA,São Paulo,,Yaourt,1005.0829612125635,2893.998034025226,Standard
Marché Wholesale Agadir,Marché Wholesale Agadir,Espagne,Souss-Massa,,Maïs,117.90364104907718,1498.0798192684372,Premium
Fattoria Toscana,Fazenda Brasil,Nouvelle-Zélande,São Paulo,,Lait,175.38502648778572,5333.020991375189,Commerce Équitable
Dairy Meadows,Domaine Provence Bio,France,Catalogne,,Pommes,146.5863640208446,2999.7789863035086,Standard
Mercabarna,Fazenda Brasil,Nouvelle-Zélande,Provence,,Arabica,166.02701557026145,-554.1449682910975,Commerce Équitable
Green Valley Farm,Mercabarna,Tunisie,Souss-Massa,,Beurre,141.84473577829758,-521.8361603075055,Premium
Ferme Al Baraka,Fattoria Toscana,France,Canterbury,,Raisins de Table,133.2118602395515,0.7646968703422772,Bio Certifié
Domaine Saada,Domaine Provence Bio,France,Catalogne,,Tomates,-17.157660166682085,2713.905018096544,Bio Certifié
Green Valley Farm,Ferme Al Baraka,Maroc,Catalogne,,Medjool,1306.985862319646,2038.1150077485438,Bio Certifié
Domaine Provence Bio,Domaine Provence Bio,France,Provence,,Arabica,178.26759412571508,2115.8064199454266,Bio Certifié
Rungis International,Marché Wholesale Agadir,France,Kansas,,Salades,266.32283348815406,4866.043602682206,Standard
Coopérative Oasis,Cooperative Grains Alliance,Espagne,Catalogne,,Deglet Nour,261.31254728234484,2065.1159501334646,Bio Certifié
Ferme Al Baraka,Domaine Saada,France,Toscane,,Blé,615.1274107973734,1862.1619038505723,Bio Certifié
Fattoria Toscana,Union Agricole Méditerranée,USA,Kansas,,Robusta,585.5863199802019,18913.296767091477,Premium
Domaine Saada,Green Valley Farm,Maroc,Meknès-Fès,,Bananes,496.78545796999924,3434.5547476272673,Standard
Domaine Saada,Mercabarna,Italie,Toscane,,Deglet Nour,99.28220424625007,3877.8126112454,Premium
Mercabarna,Dairy Meadows,Brésil,Île-de-France,,Carottes,717.9889314161773,980.1683154893161,Premium
Ferme Al Baraka,Fazenda Brasil,USA,Canterbury,,Tomates,25.49283074400286,1444.51833553106,Standard
Green Valley Farm,Domaine Saada,USA,Sfax,,Lait,1061.9106641594808,1733.4570176565921,Bio Certifié
Fazenda Brasil,Fattoria Toscana,Maroc,Canterbury,,Lait,143.06699421583315,1244.3216052479818,Premium
Marché Wholesale Agadir,Green Valley Farm,Maroc,São Paulo,,Raisins de Cuve,76.57547798177,24794.522091914107,Standard
Fazenda Brasil,Ferme Al Baraka,USA,Kansas,,Raisins de Table,559.9677164226129,1223.9966571144391,Standard
Domaine Saada,Fattoria Toscana,Espagne,Sfax,,Oignons,131.1320925432481,9677.02506932508,Commerce Équitable
Hacienda El Sol,Domaine Provence Bio,Maroc,Marrakech-Safi,,Raisins de Table,1269.1589634060651,3261.4032044766514,Standard
Hacienda El Sol,Fazenda Brasil,Tunisie,Provence,,Citrons,306.7306621822045,2045.6745601467524,Bio Certifié
Hacienda El Sol,Domaine Saada,France,Californie,,Robusta,116.30273719547245,3509.3467875005654,Bio Certifié
Mercabarna,Dairy Meadows,France,Catalogne,,Tomates,98.49052178282801,-683.4268357510559,Bio Certifié
Fattoria Toscana,Ferme Al Baraka,Maroc,Meknès-Fès,,Pommes de terre,478.4555263347193,1662.8017204924508,Bio Certifié
Fattoria Toscana,Cooperative Grains Alliance,France,Meknès-Fès,,Orge,431.9611017049623,12707.671639473352,Bio Certifié
Cooperative Grains Alliance,Fattoria Toscana,Italie,Andalousie,,Fromage,354.12321951849043,1185.0274092915677,Standard
Domaine Saada,Rungis International,Maroc,Marrakech-Safi,,Citrons,100.34108942525782,882.8911739097957,Premium
Fattoria Toscana,Green Valley Farm,France,Californie,,Olives de Table,56.759165750006815,1719.1395135922264,Standard
Fattoria Toscana,Coopérative Oasis,Italie,Toscane,,Raisins de Cuve,95.90932860932125,2983.7043492697976,Bio Certifié
Union Agricole Méditerranée,Dairy Meadows,Maroc,Canterbury,,Oranges,157.4928027280485,-809.2053690501209,Standard
Domaine Saada,Fazenda Brasil,Maroc,Californie,,Pamplemousses,227.3118891751663,1007.2442832333834,Bio Certifié
Mercabarna,Marché Wholesale Agadir,Brésil,Toscane,,Carottes,-30.6911371710354,3114.9841676268265,Premium
Fattoria Toscana,Ferme Al Baraka,Maroc,Sfax,,Oignons,199.6267913010587,3049.233373724032,Bio Certifié
Marché Wholesale Agadir,Fattoria Toscana,Maroc,Kansas,,Orge,79.71079470780896,1610.4801804828453,Premium
Cooperative Grains Alliance,Rungis International,Maroc,São Paulo,,Deglet Nour,209.400702373863,4175.928275692168,Premium
Hacienda El Sol,Fattoria Toscana,Nouvelle-Zélande,Kansas,,Tomates,614.2146576493976,5029.532010184482,Bio Certifié
Marché Wholesale Agadir,Hacienda El Sol,Nouvelle-Zélande,Californie,,Medjool,270.339675260125,10216.221476755403,Standard
Green Valley Farm,Green Valley Farm,Italie,Californie,,Yaourt,129.5232014317652,5754.260643796379,Bio Certifié
Mercabarna,Marché Wholesale Agadir,France,Sfax,,Bananes,115.53857146679707,3137.957879106048,Premium
Mercabarna,Fazenda Brasil,Espagne,Souss-Massa,,Arabica,99.83988610383344,1949.1543256219009,Premium
Rungis International,Dairy Meadows,Brésil,São Paulo,,Riz,169.33924752759745,1208.003448062583,Standard
Ferme Al Baraka,Domaine Saada,Espagne,São Paulo,,Orge,-36.75019891614833,17669.8166218232,Bio Certifié
Green Valley Farm,Dairy Meadows,Tunisie,Provence,,Olives à Huile,28.52364601396269,4148.000486824092,Bio Certifié
Hacienda El Sol,Hacienda El Sol,USA,Andalousie,,Olives de Table,-7.582307145328208,1540.0770677577227,Standard
Domaine Provence Bio,Rungis International,Italie,Toscane,,Robusta,975.4529779344491,5248.642112294745,Bio Certifié
Cooperative Grains Alliance,Fazenda Brasil,Espagne,Marrakech-Safi,,Blé,135.39898304079793,2530.035010693362,Premium
Mercabarna,Fattoria Toscana,Espagne,Californie,,Mandarines,14.078779834453698,364.0961150622147,Standard
Hacienda El Sol,Domaine Provence Bio,Italie,Sfax,,Medjool,162.28598065686285,2388.827693957506,Premium
Domaine Saada,Mercabarna,France,Provence,,Lait,172.04409040669367,3681.8603298621147,Premium
Mercabarna,Mercabarna,Italie,Kansas,,Mandarines,17.944034021532076,60.45523803476135,Commerce Équitable
Dairy Meadows,Dairy Meadows,Nouvelle-Zélande,Californie,,Tomates,-15.405287763828788,3053.810626640864,Bio Certifié
Fazenda Brasil,Coopérative Oasis,Nouvelle-Zélande,Canterbury,,Pamplemousses,200.69936758512242,4730.809338365042,Bio Certifié
Marché Wholesale Agadir,Fattoria Toscana,Italie,Souss-Massa,,Pamplemousses,67.26564246091938,1356.0568569523136,Premium
Union Agricole Méditerranée,Domaine Saada,Italie,Souss-Massa,,Pommes de terre,183.97753153015097,2535.831849874814,Commerce Équitable
Fattoria Toscana,Ferme Al Baraka,Maroc,Île-de-France,,Arabica,146.93590359990395,1017.7672065012271,Bio Certifié
Union Agricole Méditerranée,Marché Wholesale Agadir,USA,Meknès-Fès,,Blé,140.83585472404818,3601.7000749503186,Bio Certifié
Ferme Al Baraka,Rungis International,Espagne,Provence,,Lait,569.2075662723842,4518.725784540858,Standard
Union Agricole Méditerranée,Fattoria Toscana,Maroc,Meknès-Fès,,Yaourt,133.42102414570758,-585.2635053865599,Bio Certifié
Coopérative Oasis,Union Agricole Méditerranée,Tunisie,Provence,,Raisins de Table,100.07219165459561,26036.74973769159,Commerce Équitable
Cooperative Grains Alliance,Fattoria Toscana,USA,Toscane,,Oignons,28.899511371092444,-161.23447506561865,Premium
Marché Wholesale Agadir,Domaine Provence Bio,Maroc,Souss-Massa,,Olives de Table,639.4062971821002,3360.346229091342,Bio Certifié
Dairy Meadows,Domaine Saada,Maroc,Californie,,Bananes,71.71812181978571,3716.3142412160205,Commerce Équitable
Union Agricole Méditerranée,Dairy Meadows,Italie,Sfax,,Oignons,235.84918056582148,23511.108125358573,Standard
Union Agricole Méditerranée,Hacienda El Sol,Espagne,São Paulo,,Beurre,22.666553576180007,3283.799137695227,Bio Certifié
Rungis International,Green Valley Farm,France,Marrakech-Safi,,Salades,1136.414367616765,5691.7541432379,Standard
Mercabarna,Domaine Saada,Maroc,Catalogne,,Olives à Huile,81.15850717284368,3116.357164131872,Standard
Ferme Al Baraka,Ferme Al Baraka,USA,Californie,,Pommes,434.23712269539254,967.4926127997214,Standard
Green Valley Farm,Coopérative Oasis,France,Sfax,,Olives à Huile,145.827207348266,3344.5234214478332,Bio Certifié
Ferme Al Baraka,Union Agricole Méditerranée,Tunisie,Souss-Massa,,Salades,5.677868440122786,-412.7596129152648,Standard
Marché Wholesale Agadir,Coopérative Oasis,Maroc,Toscane,,Maïs,117.38915419579308,2232.1768472424355,Bio Certifié
Domaine Provence Bio,Fattoria Toscana,Maroc,Provence,,Bananes,79.6590190757477,-425.9389083848903,Standard
Marché Wholesale Agadir,Union Agricole Méditerranée,Tunisie,Île-de-France,,Courgettes,946.9312047685552,5138.912719705583,Standard
Fattoria Toscana,Cooperative Grains Alliance,Tunisie,Marrakech-Safi,,Orge,73.3711030518068,10138.740454540608,Bio Certifié
Union Agricole Méditerranée,Domaine Saada,Espagne,Catalogne,,Maïs,90.42650913801005,11127.898867949496,Bio Certifié
Marché Wholesale Agadir,Mercabarna,Nouvelle-Zélande,Californie,,Pommes,180.31508086314105,1809.2277221939976,Premium
Rungis International,Union Agricole Méditerranée,Brésil,Souss-Massa,,Salades,132.87800800949532,8250.673954134447,Standard
Rungis International,Fattoria Toscana,France,Catalogne,,Oranges,176.4132979725282,2492.460296753121,Standard
Ferme Al Baraka,Mercabarna,Nouvelle-Zélande,Californie,,Bananes,163.4816245362521,5697.531362657062,Commerce Équitable
Marché Wholesale Agadir,Ferme Al Baraka,Maroc,Souss-Massa,,Yaourt,1136.479666744819,3604.155941606685,Premium
Domaine Provence Bio,Domaine Saada,Maroc,Toscane,,Tomates,54.210228717515946,3743.311006493017,Bio Certifié
Rungis International,Rungis International,Espagne,Californie,,Olives de Table,107.65043340346975,3695.269503141033,Bio Certifié
Domaine Provence Bio,Ferme Al Baraka,Nouvelle-Zélande,Marrakech-Safi,,Oranges,122.40896777991927,2907.5381586693757,Premium
Rungis International,Mercabarna,Nouvelle-Zélande,Souss-Massa,,Salades,210.0724599928546,7284.213642865811,Premium
Domaine Saada,Domaine Provence Bio,Brésil,Sfax,,Yaourt,302.1936950033616,3101.331882000146,Bio Certifié
Domaine Provence Bio,Ferme Al Baraka,Tunisie,Meknès-Fès,,Beurre,247.21627827425772,2851.7126213955316,Standard
Dairy Meadows,Fazenda Brasil,France,Canterbury,,Olives de Table,81.23132901065573,13488.843013398497,Bio Certifié
Domaine Provence Bio,Ferme Al Baraka,Espagne,São Paulo,,Salades,197.47491178035997,3177.217669933025,Premium
Cooperative Grains Alliance,Ferme Al Baraka,Maroc,Souss-Massa,,Maïs,193.00146760179322,1791.8764074424375,Premium
Domaine Provence Bio,Domaine Saada,France,Canterbury,,Riz,170.1526623257819,-613.8261145286067,Bio Certifié
Domaine Provence Bio,Rungis International,France,Marrakech-Safi,,Mandarines,121.73444762437987,170.00541806155297,Premium
Fazenda Brasil,Cooperative Grains Alliance,Brésil,Californie,,Raisins de Cuve,687.6183934241603,3577.2724799216894,Standard
Fattoria Toscana,Rungis International,Tunisie,Kansas,,Courgettes,270.98065430627264,11983.015707509621,Bio Certifié
Fazenda Brasil,Union Agricole Méditerranée,USA,Souss-Massa,,Olives à Huile,31.85314921068529,2263.8769006101065,Bio Certifié
Fazenda Brasil,Ferme Al Baraka,France,Californie,,Deglet Nour,55.61473817489026,1286.5175599507572,Standard
Domaine Saada,Hacienda El Sol,USA,Provence,,Blé,-13.61268838379791,428.8028145082508,Premium
Dairy Meadows,Domaine Provence Bio,France,Provence,,Yaourt,1214.5461571935232,1097.0267456268848,Bio Certifié
Domaine Saada,Cooperative Grains Alliance,USA,Canterbury,,Robusta,31.02184483484878,4972.320759522225,Bio Certifié
Union Agricole Méditerranée,Rungis International,France,Souss-Massa,,Tomates,243.7492001872643,14729.230789925703,Bio Certifié
Union Agricole Méditerranée,Union Agricole Méditerranée,USA,Sfax,,Arabica,-1.8839601104236579,1487.2458483149744,Bio Certifié
Cooperative Grains Alliance,Marché Wholesale Agadir,USA,Souss-Massa,,Yaourt,34.44769531161856,3138.6172816006083,Bio Certifié
Rungis International,Hacienda El Sol,Maroc,Meknès-Fès,,Bananes,225.94753913697485,19835.986382993295,Premium
Hacienda El Sol,Mercabarna,Brésil,Meknès-Fès,,Pamplemousses,177.7686263856717,2818.006541387093,Standard
Hacienda El Sol,Union Agricole Méditerranée,Maroc,Californie,,Salades,291.37110058954335,5859.304768029887,Bio Certifié
Dairy Meadows,Fattoria Toscana,Nouvelle-Zélande,Sfax,,Riz,54.777141234734444,3923.0223471455256,Bio Certifié
Dairy Meadows,Fattoria Toscana,Espagne,Californie,,Olives de Table,163.6382513914602,3773.369147579466,Premium
Ferme Al Baraka,Domaine Provence Bio,Nouvelle-Zélande,Canterbury,,Lait,71.39919043564929,4260.738732036943,Bio Certifié
Mercabarna,Union Agricole Méditerranée,USA,São Paulo,,Deglet Nour,204.7456704281471,2183.7331275817337,Bio Certifié
Green Valley Farm,Cooperative Grains Alliance,Maroc,Souss-Massa,,Courgettes,128.3450288145158,1766.464653652461,Standard
Dairy Meadows,Rungis International,Espagne,São Paulo,,Citrons,112.08886959344869,3017.9785678688836,Commerce Équitable
Domaine Provence Bio,Hacienda El Sol,Tunisie,Île-de-France,,Pommes,87.09180282119422,1515.6972889922056,Standard
Green Valley Farm,Green Valley Farm,France,Catalogne,,Lait,134.25359762850218,3565.28120115587,Bio Certifié
Ferme Al Baraka,Fattoria Toscana,Maroc,Souss-Massa,,Blé,116.55085306665225,2993.1918083786295,Premium
Fattoria Toscana,Mercabarna,Brésil,Californie,,Olives de Table,143.90464709138038,4836.740779751919,Standard
Marché Wholesale Agadir,Domaine Provence Bio,Maroc,Souss-Massa,,Beurre,375.99475879437017,3327.811407904388,Premium
Domaine Provence Bio,Mercabarna,Maroc,Provence,,Robusta,103.62803312029624,3811.971122319039,Bio Certifié
Rungis International,Dairy Meadows,France,Californie,,Salades,52.61213596081801,3196.4493477826536,Bio Certifié
Union Agricole Méditerranée,Domaine Saada,Nouvelle-Zélande,Provence,,Carottes,710.0254112888856,2855.5165562658476,Standard
Coopérative Oasis,Fazenda Brasil,Maroc,São Paulo,,Olives à Huile,154.22124506228752,3854.5172117998545,Standard
Union Agricole Méditerranée,Green Valley Farm,Nouvelle-Zélande,Sfax,,Olives à Huile,129.47652613380032,1198.8726656858921,Standard
Domaine Provence Bio,Fattoria Toscana,Maroc,Toscane,,Raisins de Cuve,98.79598556119834,27256.30442386031,Bio Certifié
Mercabarna,Rungis International,Nouvelle-Zélande,Kansas,,Raisins de Cuve,149.7265828965266,2264.868006199134,Bio Certifié
Fattoria Toscana,Dairy Meadows,Nouvelle-Zélande,Californie,,Pommes,227.26586797212153,1975.3030968605394,Premium
Domaine Provence Bio,Dairy Meadows,Maroc,Île-de-France,,Raisins de Table,55.91425178569805,12179.226862059199,Bio Certifié
Mercabarna,Union Agricole Méditerranée,USA,Meknès-Fès,,Raisins de Table,83.57149234219443,1387.3313863453784,Standard
Rungis International,Fazenda Brasil,Brésil,Andalousie,,Olives à Huile,291.9424636104395,2175.6140956800973,Standard
Rungis International,Union Agricole Méditerranée,Tunisie,Marrakech-Safi,,Raisins de Cuve,155.00277555798894,4496.322255932388,Commerce Équitable
Cooperative Grains Alliance,Fattoria Toscana,USA,Provence,,Medjool,225.23715734790383,5451.141550589913,Standard
Fattoria Toscana,Dairy Meadows,USA,Catalogne,,Salades,199.1391700973149,3921.673201785653,Standard
Domaine Provence Bio,Marché Wholesale Agadir,Nouvelle-Zélande,Meknès-Fès,,Riz,599.3728572911975,3161.5783681199327,Premium
Cooperative Grains Alliance,Mercabarna,France,Canterbury,,Bananes,163.99385445307138,2667.1543936001553,Bio Certifié
Fazenda Brasil,Union Agricole Méditerranée,USA,São Paulo,,Maïs,8.812003433176663,20953.928956074084,Standard
Rungis International,Mercabarna,Tunisie,Provence,,Medjool,159.84614205471837,784.4658007905166,Bio Certifié
Fazenda Brasil,Marché Wholesale Agadir,France,Californie,,Mandarines,56.635078871788345,202.3645250992954,Bio Certifié
Marché Wholesale Agadir,Dairy Meadows,France,Toscane,,Carottes,132.07722991548206,5207.074985074071,Premium
Rungis International,Fazenda Brasil,France,Kansas,,Carottes,48.15816358876555,9197.021790432229,Standard
Mercabarna,Fattoria Toscana,Maroc,São Paulo,,Lait,163.64991296524394,2007.8175448035463,Bio Certifié
Domaine Provence Bio,Mercabarna,France,Provence,,Arabica,134.29581673226457,3275.7518326434065,Bio Certifié
Marché Wholesale Agadir,Mercabarna,Espagne,Meknès-Fès,,Arabica,84.27647579653987,5351.906470336621,Bio Certifié
Green Valley Farm,Hacienda El Sol,Maroc,Sfax,,Courgettes,154.82375502467193,499.46945488904566,Bio Certifié
Dairy Meadows,Union Agricole Méditerranée,Tunisie,Provence,,Arabica,19.915046685767493,3591.981933177729,Standard
Cooperative Grains Alliance,Coopérative Oasis,Maroc,Meknès-Fès,,Citrons,298.12323727719996,2231.6189940018776,Bio Certifié
Dairy Meadows,Fattoria Toscana,Espagne,Catalogne,,Raisins de Table,254.9337229213395,-177.5199533759826,Bio Certifié
Cooperative Grains Alliance,Domaine Saada,Italie,Canterbury,,Tomates,127.96773926162587,2588.2116401357052,Premium
Rungis International,Mercabarna,Tunisie,Provence,,Raisins de Table,188.93683181199094,1453.1216307603308,Standard
Coopérative Oasis,Ferme Al Baraka,Espagne,São Paulo,,Raisins de Table,706.6417635310305,4622.545811674843,Premium
Green Valley Farm,Coopérative Oasis,Espagne,Andalousie,,Arabica,447.45264284307984,3342.1181677779923,Standard
Domaine Provence Bio,Domaine Provence Bio,Tunisie,Canterbury,,Tomates,271.01916959583366,12707.011603393017,Standard
Rungis International,Dairy Meadows,Maroc,Toscane,,Olives à Huile,53.529374823467265,5336.832983984753,Standard
Domaine Saada,Hacienda El Sol,Espagne,Souss-Massa,,Deglet Nour,38.214714940832565,23388.199228044938,Premium
Fazenda Brasil,Mercabarna,Nouvelle-Zélande,Meknès-Fès,,Riz,124.64780351494875,3817.7051234003147,Premium
Dairy Meadows,Ferme Al Baraka,Maroc,Kansas,,Olives à Huile,-26.594879305392816,1415.3500604196233,Premium
Fattoria Toscana,Domaine Provence Bio,Brésil,Californie,,Deglet Nour,145.62299606914038,2516.742235625933,Standard
Mercabarna,Dairy Meadows,France,Souss-Massa,,Raisins de Cuve,160.30704969233528,1457.6039769546921,Bio Certifié
Union Agricole Méditerranée,Mercabarna,Italie,Catalogne,,Fromage,514.1956927243255,1674.609936575197,Premium
Hacienda El Sol,Ferme Al Baraka,USA,Souss-Massa,,Blé,257.86215434576053,2857.4536892347937,Premium
Cooperative Grains Alliance,Marché Wholesale Agadir,Nouvelle-Zélande,Provence,,Courgettes,1139.5472725882146,2924.1552415725428,Standard
Green Valley Farm,Domaine Provence Bio,Tunisie,Catalogne,,Raisins de Cuve,-11.531060269721443,870.3893218794699,Bio Certifié
Marché Wholesale Agadir,Coopérative Oasis,Maroc,Souss-Massa,,Fromage,364.64355961458654,2172.198916627097,Standard
Marché Wholesale Agadir,Mercabarna,Maroc,Canterbury,,Citrons,100.3463231262416,10874.37700461866,Bio Certifié
Domaine Provence Bio,Mercabarna,Tunisie,Californie,,Arabica,6.131710699472642,3944.3695252897987,Standard
Domaine Provence Bio,Fazenda Brasil,Nouvelle-Zélande,Sfax,,Raisins de Table,1080.9574541544978,1536.4669744502175,Commerce Équitable
Rungis International,Ferme Al Baraka,Maroc,Souss-Massa,,Robusta,900.6095361924764,371.43095823302394,Bio Certifié
Union Agricole Méditerranée,Mercabarna,Espagne,São Paulo,,Pommes,273.24260292726365,2150.2414900269487,Standard
Hacienda El Sol,Domaine Provence Bio,France,Meknès-Fès,,Fromage,564.9005309842279,5200.458845027137,Premium
Marché Wholesale Agadir,Hacienda El Sol,USA,Île-de-France,,Carottes,328.04212402087154,11040.803785347756,Standard
Union Agricole Méditerranée,Fazenda Brasil,Maroc,Provence,,Olives à Huile,473.90330772472106,8.829663843807566,Bio Certifié
Domaine Provence Bio,Hacienda El Sol,USA,Toscane,,Salades,252.60645698531766,3174.362114616096,Premium
Green Valley Farm,Domaine Saada,Italie,Sfax,,Olives à Huile,518.6550375258295,1535.2925045113234,Standard
Union Agricole Méditerranée,Rungis International,Italie,São Paulo,,Salades,246.55437306828867,4007.1694065584206,Standard
Union Agricole Méditerranée,Rungis International,Nouvelle-Zélande,Souss-Massa,,Riz,1086.0442702928854,2737.5755479765085,Standard
Ferme Al Baraka,Fattoria Toscana,Nouvelle-Zélande,Marrakech-Safi,,Salades,257.18500650959066,1466.6028597322875,Premium
Dairy Meadows,Green Valley Farm,Nouvelle-Zélande,Catalogne,,Riz,221.3425578340855,3458.4614334847856,Standard
Domaine Saada,Ferme Al Baraka,Espagne,Kansas,,Orge,136.89193338036284,2602.5287235597143,Premium
Coopérative Oasis,Marché Wholesale Agadir,Espagne,Meknès-Fès,,Tomates,49.71005859487787,2209.0741759693583,Premium
Fattoria Toscana,Union Agricole Méditerranée,France,São Paulo,,Bananes,163.74817263343115,3612.8817051582837,Standard
Domaine Provence Bio,Ferme Al Baraka,Nouvelle-Zélande,Souss-Massa,,Raisins de Cuve,459.1380501509468,2901.182451141452,Bio Certifié
Dairy Meadows,Hacienda El Sol,USA,Île-de-France,,Raisins de Cuve,10.29818228983266,1235.51560934015,Bio Certifié
Fattoria Toscana,Green Valley Farm,Italie,Provence,,Olives à Huile,81.46330254032043,2792.0863461180816,Standard
Coopérative Oasis,Fattoria Toscana,Brésil,Marrakech-Safi,,Oranges,214.3040257062284,3695.4596124764576,Bio Certifié
Coopérative Oasis,Hacienda El Sol,Espagne,Provence,,Medjool,73.36502619198338,2290.3794231698694,Standard
Cooperative Grains Alliance,Green Valley Farm,Maroc,Souss-Massa,,Oranges,120.8402510996516,2240.4006185927965,Premium
Domaine Saada,Rungis International,Brésil,Kansas,,Robusta,-15.456663659963503,2231.5763801425846,Standard
Union Agricole Méditerranée,Cooperative Grains Alliance,Nouvelle-Zélande,Marrakech-Safi,,Robusta,99.3865943005136,2473.417880213241,Bio Certifié
Ferme Al Baraka,Dairy Meadows,Maroc,Andalousie,,Lait,185.40402288750698,4980.728925263592,Standard
Ferme Al Baraka,Dairy Meadows,Maroc,Californie,,Deglet Nour,886.4696498782224,10249.334531642133,Bio Certifié
Dairy Meadows,Fattoria Toscana,France,Souss-Massa,,Arabica,282.39910573412357,12696.837062695447,Bio Certifié
Marché Wholesale Agadir,Domaine Provence Bio,Maroc,Souss-Massa,,Medjool,237.47177538009953,1425.9387152056681,Bio Certifié
Mercabarna,Dairy Meadows,France,Meknès-Fès,,Mandarines,24.725138989222252,732.454829115085,Standard
Domaine Saada,Union Agricole Méditerranée,Maroc,Canterbury,,Olives à Huile,394.1641911199542,9952.300507145763,Bio Certifié
Mercabarna,Green Valley Farm,Brésil,Marrakech-Safi,,Bananes,169.53447821258578,2188.8871497397085,Bio Certifié
Dairy Meadows,Fattoria Toscana,Brésil,Meknès-Fès,,Deglet Nour,1162.3311368381867,4719.872293789911,Premium
Rungis International,Union Agricole Méditerranée,Maroc,Sfax,,Raisins de Table,109.95072799362404,2672.772970967655,Premium
Fattoria Toscana,Hacienda El Sol,Nouvelle-Zélande,São Paulo,,Salades,191.882585499913,2402.6700981443023,Standard
Union Agricole Méditerranée,Coopérative Oasis,Italie,Kansas,,Raisins de Table,139.0501530449123,5295.581325132689,Standard
Mercabarna,Rungis International,Brésil,Canterbury,,Olives à Huile,187.37486751082625,2916.218475030132,Premium
Rungis International,Rungis International,USA,Canterbury,,Arabica,193.54317389227674,3773.3884745316564,Bio Certifié
Rungis International,Green Valley Farm,Italie,Canterbury,,Raisins de Table,107.20088994609617,6059.822635697561,Standard
Dairy Meadows,Fazenda Brasil,Nouvelle-Zélande,Souss-Massa,,Pommes de terre,200.88424097501533,619.0350880611596,Standard
Domaine Saada,Fazenda Brasil,Maroc,Catalogne,,Olives de Table,135.03671307386983,13142.27886327215,Standard
Cooperative Grains Alliance,Domaine Saada,France,Souss-Massa,,Yaourt,262.2945958065377,2470.9791772487474,Bio Certifié
Domaine Provence Bio,Union Agricole Méditerranée,Italie,Meknès-Fès,,Raisins de Table,173.16298152348656,2876.1275972134717,Bio Certifié
Coopérative Oasis,Fattoria Toscana,Italie,Andalousie,,Orge,157.829418755578,3359.9004340396223,Commerce Équitable
Cooperative Grains Alliance,Hacienda El Sol,USA,Souss-Massa,,Robusta,89.25736018940266,4827.678868896028,Bio Certifié
Cooperative Grains Alliance,Union Agricole Méditerranée,Espagne,São Paulo,,Tomates,209.75908209440757,3196.787629804762,Bio Certifié
Mercabarna,Dairy Meadows,France,Provence,,Pamplemousses,255.95284297044725,1707.1474776737662,Bio Certifié
Coopérative Oasis,Union Agricole Méditerranée,Tunisie,Kansas,,Tomates,-21.932403145003,4784.103677882129,Standard
Domaine Saada,Ferme Al Baraka,Maroc,Meknès-Fès,,Fromage,134.84000804841392,14574.300061948012,Standard
Fattoria Toscana,Dairy Meadows,Nouvelle-Zélande,Kansas,,Robusta,204.2235261967574,3354.1655079516495,Premium
Marché Wholesale Agadir,Fazenda Brasil,France,Andalousie,,Orge,-17.93916793094619,4218.081792038134,Premium
Rungis International,Dairy Meadows,Italie,Île-de-France,,Riz,944.5850769437369,1032.7229954164145,Bio Certifié
Union Agricole Méditerranée,Green Valley Farm,Maroc,Souss-Massa,,Pommes,38.00268888920792,14893.331374120153,Standard
Fattoria Toscana,Domaine Provence Bio,Nouvelle-Zélande,Provence,,Olives à Huile,99.69275707066807,-853.3625110956602,Standard
Ferme Al Baraka,Cooperative Grains Alliance,USA,Souss-Massa,,Lait,115.23192110044907,1589.1321145348868,Standard
Domaine Provence Bio,Domaine Saada,Tunisie,Kansas,,Pommes de terre,79.10436734305142,1880.919687516301,Commerce Équitable
Cooperative Grains Alliance,Marché Wholesale Agadir,Espagne,Catalogne,,Mandarines,1143.223665061931,2750.769031246161,Standard
Fazenda Brasil,Green Valley Farm,Maroc,Andalousie,,Olives de Table,615.6161215428909,1349.121639343914,Premium
Hacienda El Sol,Union Agricole Méditerranée,Nouvelle-Zélande,Californie,,Fromage,73.57240722476745,2434.278049354475,Standard
Fazenda Brasil,Domaine Provence Bio,Italie,Canterbury,,Orge,147.8666962127122,3064.4301130766366,Bio Certifié
Cooperative Grains Alliance,Hacienda El Sol,Maroc,Kansas,,Riz,162.98731502129885,16586.72315547373,Premium
Green Valley Farm,Domaine Provence Bio,Maroc,Andalousie,,Pommes de terre,186.45628745769116,11697.192763398029,Standard
Domaine Saada,Ferme Al Baraka,USA,Toscane,,Pommes,222.87641842195168,25446.54793748929,Bio Certifié
Mercabarna,Fattoria Toscana,Nouvelle-Zélande,Souss-Massa,,Raisins de Table,597.1295474670937,4440.093903779645,Premium
Green Valley Farm,Hacienda El Sol,USA,Meknès-Fès,,Medjool,190.52595775323658,2705.586368011902,Standard
Hacienda El Sol,Union Agricole Méditerranée,Espagne,Provence,,Pommes de terre,236.69882496849723,11040.18443642306,Bio Certifié
Rungis International,Green Valley Farm,Tunisie,Provence,,Robusta,521.6021609251486,2219.94571934544,Commerce Équitable
Rungis International,Union Agricole Méditerranée,Nouvelle-Zélande,Catalogne,,Pommes,80.48232654870371,2809.284647726772,Commerce Équitable
Mercabarna,Cooperative Grains Alliance,Nouvelle-Zélande,Kansas,,Raisins de Cuve,224.46873954545867,3405.893915038385,Bio Certifié
Rungis International,Fazenda Brasil,France,Toscane,,Olives à Huile,122.2877893374816,1180.14645708632,Standard
Cooperative Grains Alliance,Green Valley Farm,USA,Souss-Massa,,Raisins de Table,283.64504890521886,-301.583485539343,Premium
Marché Wholesale Agadir,Mercabarna,Maroc,Souss-Massa,,Blé,118.92125216155392,3405.3939508992926,Premium
Mercabarna,Ferme Al Baraka,France,Toscane,,Raisins de Table,49.22421780225942,904.7395281342795,Standard
Ferme Al Baraka,Cooperative Grains Alliance,USA,Andalousie,,Fromage,161.11513148151002,1387.2888737617818,Premium
Cooperative Grains Alliance,Fattoria Toscana,Italie,São Paulo,,Olives de Table,68.5722404882342,1564.3623075443697,Standard
Domaine Saada,Rungis International,Brésil,Marrakech-Safi,,Arabica,806.0776455972066,2144.230455206998,Commerce Équitable
Domaine Saada,Mercabarna,Italie,Marrakech-Safi,,Raisins de Table,-15.261601265200333,2320.0482811663755,Premium
Hacienda El Sol,Fattoria Toscana,Italie,Kansas,,Bananes,157.43729007266057,3333.7464472626525,Bio Certifié
Domaine Provence Bio,Fazenda Brasil,Maroc,São Paulo,,Olives à Huile,250.7907087151512,1930.5507487108007,Commerce Équitable
Union Agricole Méditerranée,Fattoria Toscana,Maroc,Canterbury,,Pommes,197.3186579913993,1598.4177293687362,Standard
Rungis International,Cooperative Grains Alliance,Brésil,Californie,,Salades,656.394342314916,780.2131153151556,Bio Certifié
Coopérative Oasis,Hacienda El Sol,Italie,Kansas,,Robusta,160.1189919390826,3231.0942159858905,Premium
Fattoria Toscana,Fazenda Brasil,Maroc,Californie,,Riz,222.6291839717109,3211.1301397969573,Bio Certifié
Rungis International,Fattoria Toscana,Espagne,Andalousie,,Lait,250.7100045178987,3199.472643642249,Commerce Équitable
Marché Wholesale Agadir,Fattoria Toscana,France,Meknès-Fès,,Salades,190.37570965674303,5410.353222287054,Premium
Domaine Saada,Domaine Provence Bio,France,Californie,,Olives de Table,314.43796016275235,11711.14157831078,Bio Certifié
Dairy Meadows,Marché Wholesale Agadir,Maroc,Marrakech-Safi,,Olives de Table,15.818177202313784,-391.56047683090196,Premium
Rungis International,Marché Wholesale Agadir,Espagne,Souss-Massa,,Tomates,85.37911130818715,2419.106477110628,Premium
Rungis International,Mercabarna,France,Canterbury,,Pamplemousses,1108.7574914804186,23303.61309465167,Premium
Hacienda El Sol,Domaine Provence Bio,Italie,Sfax,,Olives à Huile,84.7915672109755,11746.705236422129,Bio Certifié
Domaine Provence Bio,Ferme Al Baraka,USA,Toscane,,Blé,132.96530949395333,1805.0268290194188,Standard
Cooperative Grains Alliance,Hacienda El Sol,Maroc,São Paulo,,Medjool,-43.34413791188687,3273.6879219550424,Premium
Domaine Saada,Fattoria Toscana,France,São Paulo,,Yaourt,83.46518286708694,2144.300702146504,Standard
Mercabarna,Fazenda Brasil,Tunisie,Andalousie,,Beurre,248.99201103384655,2835.134669623795,Standard
Mercabarna,Fazenda Brasil,Maroc,Kansas,,Olives à Huile,93.11882234605204,2506.9490551061244,Premium
Cooperative Grains Alliance,Dairy Meadows,USA,Californie,,Lait,-16.45837131102811,2362.034330076781,Standard
Rungis International,Ferme Al Baraka,Espagne,Canterbury,,Olives de Table,275.12886681318315,23267.986260759797,Standard
Rungis International,Marché Wholesale Agadir,Italie,Canterbury,,Salades,176.8055175915266,2839.556956378461,Standard
Fattoria Toscana,Fazenda Brasil,Nouvelle-Zélande,São Paulo,,Oranges,178.72214990393812,3317.850754044205,Bio Certifié
Rungis International,Dairy Meadows,France,Californie,,Oranges,120.48955381544975,4013.140895395749,Premium
Domaine Saada,Cooperative Grains Alliance,Nouvelle-Zélande,Sfax,,Robusta,169.43080428521685,3321.9419328150416,Standard
Mercabarna,Coopérative Oasis,France,Californie,,Mandarines,16.643280210415327,2426.2287596239175,Bio Certifié
Green Valley Farm,Green Valley Farm,Maroc,Sfax,,Maïs,546.3604769109497,2439.4112918022456,Standard
Dairy Meadows,Ferme Al Baraka,Espagne,Souss-Massa,,Tomates,252.66811029901947,2457.5394610592302,Premium
Hacienda El Sol,Fazenda Brasil,Brésil,Île-de-France,,Bananes,280.94865166470004,2144.830288355117,Standard
Domaine Provence Bio,Fazenda Brasil,Espagne,Andalousie,,Raisins de Table,150.95936147122777,2951.3502045133832,Standard
Cooperative Grains Alliance,Union Agricole Méditerranée,Maroc,Andalousie,,Fromage,119.88464443430398,908.7134552587515,Standard
Mercabarna,Hacienda El Sol,Tunisie,Andalousie,,Olives à Huile,78.6795114829087,2842.1644353420656,Standard
Domaine Provence Bio,Coopérative Oasis,Tunisie,Île-de-France,,Blé,1072.4996232665198,13379.622570051415,Bio Certifié
Dairy Meadows,Fattoria Toscana,Tunisie,Andalousie,,Lait,234.8542262941652,2309.0782330576417,Bio Certifié
Hacienda El Sol,Union Agricole Méditerranée,USA,Canterbury,,Riz,21.76758461128886,1987.5938294960258,Bio Certifié
Mercabarna,Fazenda Brasil,Espagne,Kansas,,Pommes,148.43072281624907,194.26130927505687,Standard
Rungis International,Domaine Saada,Tunisie,Souss-Massa,,Courgettes,57.95164819115239,1175.2959769332185,Bio Certifié
Union Agricole Méditerranée,Green Valley Farm,France,Catalogne,,Orge,1113.472435412882,2689.8598028819197,Standard
Marché Wholesale Agadir,Fazenda Brasil,Tunisie,Marrakech-Safi,,Pamplemousses,29.202487175581076,4222.728072323831,Premium
Fazenda Brasil,Marché Wholesale Agadir,France,Kansas,,Olives à Huile,481.4247614942207,2261.784291746918,Bio Certifié
Ferme Al Baraka,Ferme Al Baraka,Espagne,Andalousie,,Olives de Table,263.8023852458396,3150.4905417366626,Premium
Domaine Provence Bio,Domaine Provence Bio,France,Californie,,Oranges,223.27821319236475,5318.546367479952,Standard
Rungis International,Ferme Al Baraka,Maroc,Souss-Massa,,Mandarines,128.41600269279851,1588.541430314518,Bio Certifié
Rungis International,Fazenda Brasil,France,Californie,,Yaourt,234.22618184588512,41.0727420685339,Premium
Cooperative Grains Alliance,Green Valley Farm,Italie,Californie,,Raisins de Table,207.5828912997987,5329.491394987141,Premium
Marché Wholesale Agadir,Mercabarna,France,Canterbury,,Raisins de Cuve,75.49768695870156,3566.911112818976,Bio Certifié
Marché Wholesale Agadir,Dairy Meadows,Maroc,Canterbury,,Carottes,125.20891480097308,2208.8211900546366,Bio Certifié
Dairy Meadows,Marché Wholesale Agadir,Espagne,São Paulo,,Raisins de Table,107.92126651013808,3867.3914085847364,Standard
Ferme Al Baraka,Dairy Meadows,France,Meknès-Fès,,Orge,194.0549656369717,6372.646912872799,Standard
Ferme Al Baraka,Mercabarna,Maroc,São Paulo,,Raisins de Table,93.43046828752279,2670.181069220054,Commerce Équitable
Domaine Saada,Coopérative Oasis,USA,Meknès-Fès,,Riz,183.56894965495027,1713.6676612680235,Standard
Union Agricole Méditerranée,Coopérative Oasis,France,São Paulo,,Yaourt,105.9470646958875,3879.2827877406166,Bio Certifié
Hacienda El Sol,Union Agricole Méditerranée,Maroc,Toscane,,Olives de Table,210.3410043632283,-526.3294405937656,Bio Certifié
Green Valley Farm,Domaine Provence Bio,France,Californie,,Tomates,120.45967628537618,2192.562284532917,Standard
Domaine Provence Bio,Rungis International,Espagne,Toscane,,Riz,67.97402256804371,2376.092972065864,Bio Certifié
Cooperative Grains Alliance,Fattoria Toscana,Italie,Île-de-France,,Lait,186.55121112514354,2916.878561909636,Commerce Équitable
Ferme Al Baraka,Domaine Provence Bio,Tunisie,Île-de-France,,Raisins de Table,184.62188362217796,3098.986706026053,Standard
Fattoria Toscana,Mercabarna,France,Île-de-France,,Raisins de Table,190.10533911723462,3848.2607753960237,Premium
Hacienda El Sol,Union Agricole Méditerranée,France,Île-de-France,,Raisins de Cuve,374.9113586587937,12761.260751129816,Premium
Rungis International,Coopérative Oasis,Maroc,Californie,,Riz,1016.9947315863321,3273.027684851755,Premium
Mercabarna,Domaine Provence Bio,USA,Souss-Massa,,Oranges,1276.0069340605953,2598.085835988142,Premium
Coopérative Oasis,Domaine Saada,France,Marrakech-Safi,,Orge,55.405842295849,1576.4640217154388,Standard
Mercabarna,Domaine Provence Bio,USA,Catalogne,,Arabica,234.566549297429,3060.262744938457,Bio Certifié
Marché Wholesale Agadir,Mercabarna,Maroc,Meknès-Fès,,Blé,536.6548713812931,25534.673041208105,Standard
Cooperative Grains Alliance,Mercabarna,Maroc,Canterbury,,Olives à Huile,148.40604933251112,1714.8928547468795,Premium
Union Agricole Méditerranée,Coopérative Oasis,France,Canterbury,,Olives à Huile,143.05473424364033,2495.0872494419823,Premium
Hacienda El Sol,Hacienda El Sol,Brésil,Marrakech-Safi,,Pommes,116.66686749810586,3648.5947444348185,Commerce Équitable
Cooperative Grains Alliance,Dairy Meadows,Maroc,Toscane,,Pommes de terre,103.13568042176561,4277.662975654805,Premium
Rungis International,Domaine Saada,USA,Île-de-France,,Raisins de Table,148.11408482213136,1607.8457940592552,Standard
Green Valley Farm,Fattoria Toscana,Maroc,Catalogne,,Blé,274.5300906803573,3447.2318502762,Bio Certifié
Domaine Provence Bio,Green Valley Farm,Nouvelle-Zélande,Andalousie,,Riz,72.6495949948143,2955.6934031737096,Premium
Fattoria Toscana,Coopérative Oasis,USA,Sfax,,Lait,174.44425682288323,9332.41375525208,Bio Certifié
Green Valley Farm,Coopérative Oasis,Italie,Marrakech-Safi,,Bananes,79.72761419761497,10889.343784647568,Premium
Fazenda Brasil,Fazenda Brasil,Nouvelle-Zélande,Canterbury,,Robusta,268.6243744804616,24608.257612393078,Bio Certifié
Dairy Meadows,Marché Wholesale Agadir,USA,Sfax,,Blé,193.12377797112237,262.92420132743064,Standard
Mercabarna,Union Agricole Méditerranée,Nouvelle-Zélande,Canterbury,,Maïs,262.9976416888469,3637.0177122919085,Premium
Cooperative Grains Alliance,Dairy Meadows,France,Kansas,,Mandarines,255.57859677204948,772.1625515289609,Bio Certifié
Marché Wholesale Agadir,Union Agricole Méditerranée,Maroc,Toscane,,Raisins de Table,152.5920315310461,2818.4558812721093,Bio Certifié
Mercabarna,Rungis International,USA,Andalousie,,Riz,136.15607851700076,1375.0745783546297,Standard
Mercabarna,Fazenda Brasil,France,Catalogne,,Olives de Table,113.06801291598134,3060.184169319896,Premium
Fattoria Toscana,Rungis International,Nouvelle-Zélande,Catalogne,,Pommes,192.9331681592012,3384.9351817606575,Standard
Green Valley Farm,Ferme Al Baraka,France,São Paulo,,Pommes,101.77496622166511,2988.7483264433567,Premium
Hacienda El Sol,Dairy Meadows,Tunisie,Canterbury,,Salades,177.8286056537888,2018.1009574996945,Standard
Dairy Meadows,Fattoria Toscana,Italie,Meknès-Fès,,Deglet Nour,1106.2770621467168,2850.7178910808952,Premium
Union Agricole Méditerranée,Union Agricole Méditerranée,Maroc,Californie,,Yaourt,161.47842899386467,1141.2153553363526,Bio Certifié
Domaine Saada,Mercabarna,France,Marrakech-Safi,,Pommes,193.35656466973322,2353.5632427847486,Bio Certifié
Rungis International,Marché Wholesale Agadir,Italie,Californie,,Arabica,148.05088286958937,2490.823294218284,Standard
Fattoria Toscana,Marché Wholesale Agadir,Maroc,Île-de-France,,Pamplemousses,138.19822670136895,5254.844993055373,Bio Certifié
Domaine Saada,Domaine Provence Bio,Italie,Toscane,,Olives à Huile,-10.798573673019199,3384.8798254897656,Premium
Hacienda El Sol,Cooperative Grains Alliance,USA,Toscane,,Tomates,287.04028948584005,1922.7050812526786,Premium
Domaine Provence Bio,Fazenda Brasil,France,Kansas,,Raisins de Cuve,271.8768440276688,1913.6400809777647,Standard
Rungis International,Green Valley Farm,Italie,Sfax,,Raisins de Table,25.595414341374216,815.458987554864,Premium
Mercabarna,Marché Wholesale Agadir,Maroc,Catalogne,,Medjool,26.011722926264774,23080.040606795767,Bio Certifié
Ferme Al Baraka,Fattoria Toscana,France,Californie,,Raisins de Table,100.40897463359431,22030.034734510373,Bio Certifié
Union Agricole Méditerranée,Ferme Al Baraka,Maroc,Toscane,,Bananes,68.4148887002257,3100.30216507142,Standard
Domaine Provence Bio,Marché Wholesale Agadir,Tunisie,Kansas,,Deglet Nour,109.75287836912159,6799.023537854465,Premium
Domaine Saada,Hacienda El Sol,France,Marrakech-Safi,,Tomates,-16.015935723855783,1785.3569708690711,Bio Certifié
Dairy Meadows,Fattoria Toscana,Brésil,Andalousie,,Blé,185.93123276902807,11235.020679602196,Premium
Rungis International,Domaine Provence Bio,Maroc,Souss-Massa,,Raisins de Table,116.25082543643572,3104.0327609016103,Bio Certifié
Fazenda Brasil,Mercabarna,Tunisie,São Paulo,,Pommes,413.8116464108411,949.2981717312002,Bio Certifié
Coopérative Oasis,Rungis International,USA,São Paulo,,Olives à Huile,937.0830837230843,5353.185022436961,Commerce Équitable
Domaine Saada,Ferme Al Baraka,Maroc,São Paulo,,Raisins de Cuve,94.41759058363195,1379.3635010397784,Bio Certifié
Fattoria Toscana,Mercabarna,Maroc,Provence,,Riz,140.7530591472161,1548.930863688385,Premium
Green Valley Farm,Domaine Saada,Espagne,Marrakech-Safi,,Blé,76.76439580188067,1527.5176195172141,Commerce Équitable
Fattoria Toscana,Mercabarna,USA,Andalousie,,Orge,199.11110956020207,13059.669359888414,Standard
Rungis International,Marché Wholesale Agadir,Maroc,Andalousie,,Tomates,123.22387282847373,1851.016785225536,Premium
Mercabarna,Domaine Provence Bio,USA,Meknès-Fès,,Maïs,-11.310327401685534,1188.202108252857,Bio Certifié
Ferme Al Baraka,Coopérative Oasis,Espagne,Sfax,,Lait,147.15230340633974,1567.201724088902,Bio Certifié
Domaine Provence Bio,Domaine Saada,Maroc,Californie,,Medjool,133.92243279596855,3455.537555220808,Bio Certifié
Fazenda Brasil,Dairy Meadows,Italie,Kansas,,Raisins de Cuve,125.84150759238453,3793.955365268974,Bio Certifié
Cooperative Grains Alliance,Cooperative Grains Alliance,Italie,Catalogne,,Bananes,69.24388258056322,1680.2474848227673,Standard
Dairy Meadows,Fattoria Toscana,USA,Andalousie,,Bananes,195.56362058839858,14566.572254165272,Premium
Domaine Saada,Union Agricole Méditerranée,Nouvelle-Zélande,Sfax,,Pamplemousses,103.64039180820666,3171.082634142046,Standard
Cooperative Grains Alliance,Union Agricole Méditerranée,Maroc,Île-de-France,,Pommes,199.14195732705414,3593.5990464559327,Standard
Coopérative Oasis,Dairy Meadows,Tunisie,Marrakech-Safi,,Medjool,198.64789708772125,4844.6004040190855,Bio Certifié
Green Valley Farm,Hacienda El Sol,Maroc,Souss-Massa,,Pamplemousses,190.33230174954676,2936.679449530979,Premium
Ferme Al Baraka,Domaine Saada,Maroc,Sfax,,Deglet Nour,222.70846579410187,5100.065919135683,Premium
Fazenda Brasil,Fattoria Toscana,Nouvelle-Zélande,Kansas,,Olives à Huile,173.82942900956675,215.02997048552425,Premium
Cooperative Grains Alliance,Dairy Meadows,Italie,Provence,,Maïs,171.0469436770206,9977.271708388163,Bio Certifié
Fattoria Toscana,Coopérative Oasis,Nouvelle-Zélande,Catalogne,,Beurre,970.8701088715418,2872.5893387922106,Standard
Fattoria Toscana,Union Agricole Méditerranée,Tunisie,Toscane,,Raisins de Table,177.0381682694822,1509.9381756816574,Standard
Ferme Al Baraka,Dairy Meadows,USA,Marrakech-Safi,,Olives de Table,1028.5162775584604,2515.2931007868033,Commerce Équitable
Hacienda El Sol,Fattoria Toscana,Espagne,Canterbury,,Pommes,237.15096850257987,4967.185453371858,Standard
Green Valley Farm,Green Valley Farm,Italie,Île-de-France,,Arabica,120.09530768132055,7506.121782822958,Commerce Équitable
Cooperative Grains Alliance,Domaine Saada,Italie,Marrakech-Safi,,Pommes de terre,132.29385183808745,3688.8252928821385,Premium
Mercabarna,Domaine Provence Bio,USA,Canterbury,,Tomates,116.11906836679086,13379.974012729092,Standard
Hacienda El Sol,Mercabarna,Brésil,Île-de-France,,Olives à Huile,88.14010701206944,3131.12567018248,Premium
Green Valley Farm,Domaine Provence Bio,USA,Andalousie,,Salades,1158.2465896566703,4551.384814900095,Bio Certifié
Union Agricole Méditerranée,Hacienda El Sol,Nouvelle-Zélande,Meknès-Fès,,Riz,89.53455848750158,743.7317764277932,Bio Certifié
Domaine Saada,Ferme Al Baraka,Maroc,Souss-Massa,,Medjool,62.39519343517795,3006.2164579334476,Premium
Hacienda El Sol,Green Valley Farm,France,Kansas,,Citrons,212.7381892537454,3433.045930920228,Premium
Coopérative Oasis,Hacienda El Sol,France,Provence,,Olives de Table,254.3100637344926,4808.068653745708,Standard
Dairy Meadows,Fattoria Toscana,Espagne,Île-de-France,,Tomates,65.9110657259139,3812.59804192637,Premium
Mercabarna,Domaine Provence Bio,Tunisie,Marrakech-Safi,,Raisins de Cuve,141.4983853492534,915.4849546278838,Bio Certifié
Marché Wholesale Agadir,Green Valley Farm,Maroc,São Paulo,,Pommes,146.54523709174492,3950.7124453508904,Premium
Green Valley Farm,Fazenda Brasil,Maroc,Meknès-Fès,,Deglet Nour,148.28472183357803,1836.226556464435,Premium
Hacienda El Sol,Cooperative Grains Alliance,Nouvelle-Zélande,Toscane,,Salades,81.86559852428819,3385.027697732222,Bio Certifié
Fattoria Toscana,Fazenda Brasil,USA,Californie,,Raisins de Table,199.63957683850472,2526.8308327831537,Bio Certifié
Coopérative Oasis,Marché Wholesale Agadir,Tunisie,Catalogne,,Yaourt,188.47877649813026,3904.067467981904,Standard
Rungis International,Dairy Meadows,Maroc,São Paulo,,Olives de Table,107.43627542940723,539.6444788093306,Standard
Green Valley Farm,Cooperative Grains Alliance,Nouvelle-Zélande,Andalousie,,Oranges,-5.914027822806297,3134.4931486190726,Bio Certifié
Hacienda El Sol,Fattoria Toscana,USA,Kansas,,Pommes de terre,102.60770571500845,3391.7312156135813,Standard
Ferme Al Baraka,Fazenda Brasil,USA,Kansas,,Raisins de Table,184.93459981840056,1236.475357450966,Premium
Fazenda Brasil,Fazenda Brasil,Maroc,Souss-Massa,,Medjool,669.3289765944365,1034.1857091594802,Standard
Marché Wholesale Agadir,Marché Wholesale Agadir,France,Kansas,,Robusta,120.84557654330706,5137.554195732316,Bio Certifié
Domaine Provence Bio,Fattoria Toscana,Tunisie,Canterbury,,Yaourt,295.8296516660904,3637.289950730522,Standard
Domaine Provence Bio,Fazenda Brasil,Brésil,Sfax,,Riz,86.24798212372284,5397.584950118995,Bio Certifié
Cooperative Grains Alliance,Domaine Provence Bio,Espagne,Andalousie,,Raisins de Table,127.07367634531968,4807.225171442474,Standard
Mercabarna,Fattoria Toscana,Espagne,Kansas,,Medjool,981.1944494732941,2144.685397754297,Premium
Fazenda Brasil,Green Valley Farm,Nouvelle-Zélande,São Paulo,,Blé,165.79084000654777,3630.3928878670085,Standard
Marché Wholesale Agadir,Ferme Al Baraka,Maroc,Canterbury,,Fromage,80.17951675476382,3500.4611952708074,Premium
Coopérative Oasis,Domaine Saada,Maroc,Californie,,Lait,23.286004463988583,1450.7068186027423,Standard
Fazenda Brasil,Union Agricole Méditerranée,Nouvelle-Zélande,Toscane,,Arabica,229.97000673775807,3285.095468330849,Premium
Fattoria Toscana,Rungis International,Maroc,Catalogne,,Olives à Huile,292.2964196023454,3319.3735785934423,Standard
Rungis International,Domaine Provence Bio,USA,Catalogne,,Raisins de Table,116.69879904646535,15454.33171187986,Standard
Marché Wholesale Agadir,Fattoria Toscana,Maroc,Catalogne,,Fromage,166.77709120178545,3230.18899793908,Standard
Cooperative Grains Alliance,Hacienda El Sol,Espagne,Andalousie,,Blé,96.45825341045884,2743.4402984459875,Standard
Fattoria Toscana,Green Valley Farm,Brésil,Provence,,Tomates,514.8948239695112,18832.507585802337,Standard
Ferme Al Baraka,Coopérative Oasis,USA,Souss-Massa,,Olives à Huile,168.99283399574622,3058.9357094136794,Standard
Fattoria Toscana,Green Valley Farm,Espagne,Meknès-Fès,,Olives de Table,14.314197280335037,-196.72794007615244,Bio Certifié
Hacienda El Sol,Fattoria Toscana,France,Californie,,Olives à Huile,-0.11795299908087742,5600.546293439787,Standard
Domaine Saada,Rungis International,Maroc,Catalogne,,Olives de Table,189.58259811146127,2762.693680579538,Premium
Union Agricole Méditerranée,Dairy Meadows,Brésil,Kansas,,Maïs,685.357982033779,5565.170357686373,Premium
Marché Wholesale Agadir,Mercabarna,Espagne,São Paulo,,Raisins de Table,214.02366709534886,4311.687800157577,Premium
Mercabarna,Dairy Meadows,France,Canterbury,,Oranges,49.24245165825366,4876.852304843417,Standard
Domaine Provence Bio,Green Valley Farm,Maroc,Souss-Massa,,Arabica,154.01898434522167,1918.5801654505128,Bio Certifié
Domaine Saada,Union Agricole Méditerranée,Brésil,Souss-Massa,,Riz,107.62360959625694,4944.5199135290895,Bio Certifié
Domaine Provence Bio,Dairy Meadows,Maroc,Andalousie,,Lait,318.36800927309326,2377.257304572171,Premium
Domaine Saada,Domaine Provence Bio,Tunisie,Canterbury,,Olives à Huile,70.28299448338959,746.5740433154791,Standard
Fattoria Toscana,Green Valley Farm,Espagne,Meknès-Fès,,Arabica,50.16067675462335,3437.5566173123043,Bio Certifié
Marché Wholesale Agadir,Marché Wholesale Agadir,Nouvelle-Zélande,Souss-Massa,,Oignons,148.38732459578304,2776.0779519493617,Bio Certifié
Dairy Meadows,Dairy Meadows,Nouvelle-Zélande,Île-de-France,,Pommes,179.9173059157084,2064.0050782159997,Premium
Union Agricole Méditerranée,Coopérative Oasis,Maroc,Marrakech-Safi,,Olives à Huile,24.597258442312793,2876.426395692636,Bio Certifié
Mercabarna,Green Valley Farm,USA,Provence,,Salades,97.65460502182395,-160.14367049359748,Premium
Green Valley Farm,Domaine Saada,USA,Toscane,,Medjool,173.29710945665258,10209.398909046513,Premium
Union Agricole Méditerranée,Fazenda Brasil,France,Canterbury,,Olives à Huile,164.80299860500114,3058.7723320279274,Bio Certifié
Fattoria Toscana,Fattoria Toscana,France,Catalogne,,Tomates,135.3747401789385,2354.230028678417,Standard
Fazenda Brasil,Domaine Provence Bio,Brésil,Meknès-Fès,,Robusta,184.31701436491593,5495.535669010447,Bio Certifié
Mercabarna,Green Valley Farm,Maroc,Toscane,,Oignons,122.13129329366737,2009.0109001998417,Bio Certifié
Marché Wholesale Agadir,Coopérative Oasis,Espagne,Californie,,Citrons,251.12009313241433,1217.6020981916047,Standard
Coopérative Oasis,Hacienda El Sol,USA,Canterbury,,Yaourt,179.62668377354697,1997.910539003316,Bio Certifié
Green Valley Farm,Hacienda El Sol,Maroc,Souss-Massa,,Arabica,94.03980955214378,381.4683093942101,Bio Certifié
Fazenda Brasil,Fattoria Toscana,Italie,Catalogne,,Blé,56.1323500554038,5076.301015506782,Premium
Cooperative Grains Alliance,Fattoria Toscana,Italie,Souss-Massa,,Raisins de Table,771.5791974646064,922.5402080965146,Standard
Fazenda Brasil,Rungis International,Italie,São Paulo,,Olives à Huile,115.38952787467743,3174.796072235181,Standard
Fattoria Toscana,Marché Wholesale Agadir,Maroc,Catalogne,,Tomates,130.54677866669772,1796.1899907983507,Standard
Dairy Meadows,Dairy Meadows,Espagne,Île-de-France,,Pommes,266.6020957836753,1951.8350245487222,Standard
Ferme Al Baraka,Union Agricole Méditerranée,USA,Kansas,,Salades,267.6939777965265,1753.5074413028842,Standard
Domaine Saada,Domaine Saada,Maroc,Marrakech-Safi,,Oignons,722.5702476911329,2557.4524544201586,Bio Certifié
Domaine Provence Bio,Marché Wholesale Agadir,France,Provence,,Riz,619.2365778169956,1517.3938577413699,Standard
Mercabarna,Green Valley Farm,USA,Canterbury,,Raisins de Table,19.374957577651358,2690.1665338297516,Bio Certifié
Ferme Al Baraka,Coopérative Oasis,USA,Toscane,,Riz,66.51543149728089,7248.9119334959,Standard
Dairy Meadows,Fattoria Toscana,France,Provence,,Bananes,91.22936516891693,653.8298076209126,Standard
Marché Wholesale Agadir,Domaine Saada,USA,Canterbury,,Orge,192.46372880782127,2696.0144226620732,Bio Certifié
Hacienda El Sol,Union Agricole Méditerranée,Espagne,São Paulo,,Salades,50.46278974112843,3236.516078697676,Bio Certifié
Fattoria Toscana,Rungis International,Maroc,Meknès-Fès,,Tomates,124.27414435063773,4019.7290239043054,Premium
Fattoria Toscana,Ferme Al Baraka,Nouvelle-Zélande,Canterbury,,Raisins de Table,671.4173507075634,3192.355013159616,Bio Certifié
Green Valley Farm,Mercabarna,Italie,Meknès-Fès,,Pommes,123.28749190482347,2195.9694714191473,Bio Certifié
Rungis International,Fattoria Toscana,Espagne,Provence,,Raisins de Cuve,89.16693632633353,1925.289000557571,Premium
Marché Wholesale Agadir,Fazenda Brasil,USA,Toscane,,Yaourt,285.0282430657311,3344.3385079471927,Standard
Fazenda Brasil,Fazenda Brasil,Brésil,Marrakech-Safi,,Olives de Table,221.63282175039524,2531.990196158489,Standard
Ferme Al Baraka,Fattoria Toscana,Italie,Meknès-Fès,,Olives à Huile,337.93013501305074,3093.174151185727,Bio Certifié
Union Agricole Méditerranée,Domaine Saada,Maroc,Catalogne,,Robusta,42.27326820920017,935.8755379608798,Standard
Dairy Meadows,Domaine Provence Bio,Espagne,Californie,,Pamplemousses,252.6600898866614,3075.9085471200247,Commerce Équitable
Mercabarna,Hacienda El Sol,France,Kansas,,Pommes,333.52380241142964,4222.651664259857,Premium
Domaine Saada,Rungis International,Maroc,São Paulo,,Bananes,172.38844870915307,2106.1974410520115,Bio Certifié
Cooperative Grains Alliance,Union Agricole Méditerranée,Brésil,Souss-Massa,,Deglet Nour,-57.5056153473086,1409.626177027308,Premium
Fattoria Toscana,Hacienda El Sol,Maroc,São Paulo,,Raisins de Table,396.46032851327624,1300.414140892732,Standard
Fazenda Brasil,Coopérative Oasis,Nouvelle-Zélande,Souss-Massa,,Olives à Huile,992.1708672615464,4613.112551925944,Standard
Green Valley Farm,Union Agricole Méditerranée,Italie,Toscane,,Maïs,1300.5457651132117,2954.340379983646,Premium
Hacienda El Sol,Rungis International,Tunisie,Sfax,,Citrons,178.56917461305872,5192.350039237905,Bio Certifié
Green Valley Farm,Marché Wholesale Agadir,USA,Meknès-Fès,,Mandarines,20.477818077279153,5760.531849957487,Premium
Coopérative Oasis,Marché Wholesale Agadir,Maroc,Canterbury,,Riz,100.23250105159079,4197.537181818163,Bio Certifié
Fattoria Toscana,Mercabarna,Tunisie,Californie,,Lait,522.6805922043357,2494.8267180276944,Standard
Cooperative Grains Alliance,Cooperative Grains Alliance,Italie,Île-de-France,,Tomates,109.1019335327386,3116.2604745275253,Premium
Dairy Meadows,Dairy Meadows,France,Canterbury,,Pamplemousses,257.53761614930215,1997.110565173658,Bio Certifié
Fattoria Toscana,Fattoria Toscana,Nouvelle-Zélande,Toscane,,Lait,188.40864342092854,8106.449216564737,Bio Certifié
Ferme Al Baraka,Fazenda Brasil,Maroc,Provence,,Salades,463.794402676971,2736.2966474025966,Bio Certifié
Union Agricole Méditerranée,Mercabarna,Brésil,Provence,,Orge,270.17838226723677,2935.1955502765486,Premium
Union Agricole Méditerranée,Rungis International,Nouvelle-Zélande,Kansas,,Lait,123.06726076743308,3681.2049333100977,Standard
Dairy Meadows,Fazenda Brasil,USA,Île-de-France,,Tomates,97.56843366467623,3818.3389931750744,Standard
Union Agricole Méditerranée,Hacienda El Sol,Brésil,Souss-Massa,,Maïs,59.164564372846755,2437.4427791393196,Premium
Ferme Al Baraka,Hacienda El Sol,USA,Souss-Massa,,Courgettes,13.638161625920148,1943.9462932421739,Standard
Dairy Meadows,Domaine Saada,Italie,Kansas,,Olives de Table,154.1676713643773,3810.1110200287712,Premium
Rungis International,Domaine Saada,USA,Toscane,,Arabica,101.19448710372916,2111.656654909714,Standard
Hacienda El Sol,Mercabarna,Italie,Catalogne,,Orge,249.686276776488,2237.202153451375,Bio Certifié
Coopérative Oasis,Marché Wholesale Agadir,Brésil,Meknès-Fès,,Deglet Nour,248.2099631281307,2419.6195663620542,Standard
Union Agricole Méditerranée,Hacienda El Sol,USA,Kansas,,Yaourt,229.21472719870718,1453.2366338337501,Standard
Cooperative Grains Alliance,Cooperative Grains Alliance,USA,Kansas,,Raisins de Table,203.13987616589478,3399.322764508387,Premium
Ferme Al Baraka,Dairy Meadows,Italie,Marrakech-Safi,,Salades,179.4465418499372,8883.161931781782,Commerce Équitable
Domaine Provence Bio,Fazenda Brasil,Espagne,São Paulo,,Maïs,137.2418486675062,2979.686056073899,Bio Certifié
Fazenda Brasil,Hacienda El Sol,Tunisie,São Paulo,,Tomates,369.6530137957465,2871.5003850377575,Standard
Ferme Al Baraka,Coopérative Oasis,Tunisie,São Paulo,,Tomates,116.63869988683888,3450.1889280418695,Standard
Cooperative Grains Alliance,Rungis International,Tunisie,Toscane,,Medjool,150.66816149395268,18823.297104807203,Premium
Hacienda El Sol,Fattoria Toscana,Maroc,Catalogne,,Bananes,26.29532136788729,1749.3716844464125,Bio Certifié
Cooperative Grains Alliance,Rungis International,France,Catalogne,,Fromage,95.1547848184879,2419.8985429015875,Bio Certifié
Green Valley Farm,Domaine Provence Bio,Tunisie,Provence,,Olives de Table,1080.4066304616063,3498.6026379204222,Bio Certifié
Fattoria Toscana,Dairy Meadows,Maroc,Île-de-France,,Deglet Nour,98.68006214249641,5069.158287048803,Premium
Domaine Provence Bio,Ferme Al Baraka,Maroc,Kansas,,Blé,57.790938929716106,11421.01031649673,Bio Certifié
Rungis International,Ferme Al Baraka,Maroc,Toscane,,Orge,140.73964724235782,3776.140976767303,Standard
Fattoria Toscana,Cooperative Grains Alliance,France,Californie,,Blé,153.38073324002414,4647.315281771699,Bio Certifié
Fattoria Toscana,Rungis International,Espagne,Île-de-France,,Salades,163.3084143721408,2572.852798805222,Premium
Marché Wholesale Agadir,Ferme Al Baraka,Maroc,Souss-Massa,,Tomates,38.77897457427726,3135.1071152831646,Premium
Domaine Provence Bio,Marché Wholesale Agadir,Maroc,São Paulo,,Mandarines,52.50119809235788,8889.551608793106,Commerce Équitable
Dairy Meadows,Union Agricole Méditerranée,Espagne,Sfax,,Raisins de Cuve,485.41528840684646,3309.322385613016,Bio Certifié
Domaine Provence Bio,Coopérative Oasis,Maroc,Souss-Massa,,Olives à Huile,85.72917513108462,3060.1003777609158,Premium
Green Valley Farm,Union Agricole Méditerranée,Nouvelle-Zélande,Sfax,,Olives à Huile,172.17507276094753,24843.084810868393,Bio Certifié
Fattoria Toscana,Hacienda El Sol,Brésil,Canterbury,,Olives de Table,32.182608066395744,13366.288976380903,Premium
Green Valley Farm,Ferme Al Baraka,Maroc,Californie,,Deglet Nour,198.76200043619602,4649.447152287986,Bio Certifié
Domaine Provence Bio,Fattoria Toscana,Espagne,Toscane,,Pommes,-52.57402735002268,3882.1488563585635,Bio Certifié
Domaine Provence Bio,Fattoria Toscana,France,Sfax,,Oranges,434.88124814740803,1828.5444527652107,Bio Certifié
Dairy Meadows,Fattoria Toscana,Espagne,Île-de-France,,Tomates,115.10116808504264,3041.9810420280164,Premium
Domaine Saada,Union Agricole Méditerranée,Tunisie,São Paulo,,Orge,155.70147695616052,5207.966935179081,Bio Certifié
Ferme Al Baraka,Cooperative Grains Alliance,USA,Île-de-France,,Olives de Table,592.762430667433,405.7585822996024,Premium
Domaine Saada,Dairy Meadows,USA,São Paulo,,Robusta,306.0668236466058,10769.262974263715,Bio Certifié
Fattoria Toscana,Marché Wholesale Agadir,Maroc,Kansas,,Raisins de Cuve,92.2927756990419,4155.117484581423,Premium
Domaine Saada,Dairy Meadows,Nouvelle-Zélande,Toscane,,Beurre,100.28628410068214,92.65402244691518,Bio Certifié
Coopérative Oasis,Domaine Provence Bio,Maroc,Andalousie,,Maïs,189.8168564705204,3715.226027694216,Bio Certifié
Coopérative Oasis,Coopérative Oasis,France,São Paulo,,Olives de Table,38.66661968233074,9859.747645555743,Commerce Équitable
Domaine Saada,Ferme Al Baraka,Maroc,Andalousie,,Arabica,67.87902849240365,3148.5902273314005,Bio Certifié
Hacienda El Sol,Dairy Meadows,Maroc,Toscane,,Oignons,222.9861365089933,3519.2661375379357,Bio Certifié
Ferme Al Baraka,Dairy Meadows,Brésil,Toscane,,Courgettes,237.5610289137864,3134.975707235849,Bio Certifié
Dairy Meadows,Cooperative Grains Alliance,Brésil,São Paulo,,Bananes,498.90532776333555,2553.596388061106,Bio Certifié
Marché Wholesale Agadir,Hacienda El Sol,Nouvelle-Zélande,Île-de-France,,Olives à Huile,93.57822159008586,5270.314719105581,Standard
Fattoria Toscana,Ferme Al Baraka,Tunisie,Toscane,,Blé,5.68862417620133,2082.343911038872,Bio Certifié
Mercabarna,Green Valley Farm,France,Canterbury,,Raisins de Cuve,367.4730238845856,2064.9988900738954,Bio Certifié
Rungis International,Marché Wholesale Agadir,Espagne,São Paulo,,Robusta,90.10796766022823,14643.926212030983,Premium
Domaine Saada,Union Agricole Méditerranée,USA,Canterbury,,Yaourt,202.04393586285767,11892.717608103398,Premium
Dairy Meadows,Hacienda El Sol,Tunisie,Canterbury,,Olives à Huile,75.69488267122993,1049.1639550955606,Bio Certifié
Hacienda El Sol,Rungis International,France,Californie,,Pommes,183.64161420624194,1420.9977158401448,Bio Certifié
Marché Wholesale Agadir,Domaine Provence Bio,Espagne,Kansas,,Pamplemousses,51.41312695693165,5157.4842983743465,Premium
Green Valley Farm,Cooperative Grains Alliance,Maroc,Meknès-Fès,,Tomates,188.1417771823971,2036.8005066350293,Bio Certifié
Union Agricole Méditerranée,Coopérative Oasis,Tunisie,Île-de-France,,Blé,61.903581318597986,3886.115011571822,Standard
Domaine Provence Bio,Dairy Meadows,France,Andalousie,,Pamplemousses,257.0525062200596,13745.23499193036,Commerce Équitable
Ferme Al Baraka,Fattoria Toscana,Italie,Sfax,,Arabica,44.05364451397409,1473.4699818054303,Bio Certifié
Green Valley Farm,Union Agricole Méditerranée,Maroc,Marrakech-Safi,,Olives à Huile,55.698044889464484,1457.947526579267,Standard
Fattoria Toscana,Dairy Meadows,Maroc,Souss-Massa,,Riz,169.77589118204216,1679.826592082229,Premium
Ferme Al Baraka,Fattoria Toscana,France,Marrakech-Safi,,Deglet Nour,173.9905029288258,2660.858753515115,Commerce Équitable
Union Agricole Méditerranée,Ferme Al Baraka,Maroc,Marrakech-Safi,,Pommes,122.48022125491562,3650.608433948616,Commerce Équitable
Domaine Provence Bio,Coopérative Oasis,France,Sfax,,Pamplemousses,618.3497665505945,3887.9506617954694,Bio Certifié
Marché Wholesale Agadir,Green Valley Farm,Maroc,Souss-Massa,,Bananes,-12.701508906177473,-670.3050439635788,Premium
Marché Wholesale Agadir,Cooperative Grains Alliance,Maroc,Andalousie,,Yaourt,39.68939319829005,3112.402463154041,Premium
Mercabarna,Fattoria Toscana,Maroc,Souss-Massa,,Bananes,54.746274740503765,4455.273734190701,Standard
Marché Wholesale Agadir,Domaine Provence Bio,Brésil,Sfax,,Lait,1197.0467409009448,4580.171909383162,Premium
Domaine Saada,Fazenda Brasil,France,Provence,,Bananes,267.876514303682,2105.450671321136,Bio Certifié
Fattoria Toscana,Coopérative Oasis,USA,Catalogne,,Deglet Nour,229.1844873970281,2022.60313745643,Standard
Dairy Meadows,Fazenda Brasil,Espagne,Île-de-France,,Blé,553.0572592370735,2982.1873518887483,Standard
Coopérative Oasis,Ferme Al Baraka,USA,Marrakech-Safi,,Deglet Nour,295.8466637877467,3271.7751547520465,Standard
Fazenda Brasil,Fazenda Brasil,Maroc,São Paulo,,Yaourt,122.80599074461537,5089.603716465583,Bio Certifié
Dairy Meadows,Union Agricole Méditerranée,France,Toscane,,Olives à Huile,97.12016368045562,13066.908167852029,Premium
Green Valley Farm,Green Valley Farm,Espagne,Andalousie,,Robusta,223.22619591365424,1334.6007059473854,Premium
Fattoria Toscana,Dairy Meadows,USA,Meknès-Fès,,Riz,273.15534007146425,2196.5801570884596,Bio Certifié
Ferme Al Baraka,Fattoria Toscana,Nouvelle-Zélande,São Paulo,,Raisins de Table,13.449149878788496,2047.658832665123,Commerce Équitable
Ferme Al Baraka,Ferme Al Baraka,France,Catalogne,,Medjool,77.03091764607677,535.5052313745473,Bio Certifié
Rungis International,Domaine Saada,France,Californie,,Raisins de Cuve,181.09164478786508,3078.2018783427066,Standard
Union Agricole Méditerranée,Green Valley Farm,Tunisie,Marrakech-Safi,,Blé,64.78511119304272,2022.2626562038954,Bio Certifié
Coopérative Oasis,Coopérative Oasis,Espagne,Andalousie,,Raisins de Table,330.16001225606874,3789.5830686000327,Standard
Fazenda Brasil,Dairy Meadows,France,Catalogne,,Lait,1232.8496481045577,1058.6795317054923,Standard
Dairy Meadows,Dairy Meadows,Nouvelle-Zélande,Meknès-Fès,,Medjool,475.0665320293503,2461.818046507622,Premium
Fattoria Toscana,Fattoria Toscana,Brésil,Canterbury,,Arabica,205.86791778744887,7797.162429680799,Bio Certifié
Marché Wholesale Agadir,Hacienda El Sol,Maroc,Meknès-Fès,,Raisins de Table,281.17136617466133,2921.7368052862403,Premium
Fattoria Toscana,Coopérative Oasis,USA,Meknès-Fès,,Olives de Table,74.05819123446024,3418.0367174489866,Bio Certifié
Domaine Saada,Domaine Saada,Espagne,Sfax,,Oranges,87.46163221171352,1432.5710568639283,Standard
Cooperative Grains Alliance,Cooperative Grains Alliance,Maroc,Catalogne,,Salades,159.48489371432845,3316.6221783566743,Standard
Green Valley Farm,Ferme Al Baraka,USA,Kansas,,Arabica,189.21797659638395,2048.3120207058882,Bio Certifié
Coopérative Oasis,Domaine Provence Bio,Maroc,Californie,,Pommes,136.99211637782554,2075.5625995984196,Premium
Coopérative Oasis,Coopérative Oasis,Tunisie,Souss-Massa,,Raisins de Cuve,74.06329932520102,3509.031432067122,Standard
Coopérative Oasis,Union Agricole Méditerranée,France,Provence,,Tomates,187.10849047928562,5032.600734798598,Bio Certifié
Mercabarna,Fattoria Toscana,USA,Californie,,Oranges,60.37871439855158,3506.329296497679,Commerce Équitable
Fazenda Brasil,Green Valley Farm,France,Toscane,,Olives à Huile,234.53544856173852,-146.05287295605604,Standard
Hacienda El Sol,Domaine Saada,France,Sfax,,Pommes de terre,167.9039735791657,3826.2466464758436,Bio Certifié
Dairy Meadows,Domaine Saada,Brésil,Toscane,,Medjool,297.6450633482083,3149.6609350997132,Standard
Domaine Provence Bio,Fattoria Toscana,France,Souss-Massa,,Riz,67.55657955332627,258.071262302686,Commerce Équitable
Union Agricole Méditerranée,Domaine Saada,Maroc,Canterbury,,Lait,190.95374914200315,3967.299371353729,Standard
Domaine Saada,Domaine Provence Bio,Italie,Souss-Massa,,Raisins de Cuve,104.9100365233715,2702.5822383230166,Premium
Fazenda Brasil,Fazenda Brasil,Espagne,Île-de-France,,Yaourt,221.6439868568073,2348.5090600595167,Commerce Équitable
Green Valley Farm,Marché Wholesale Agadir,Maroc,Californie,,Mandarines,79.56096800322665,3249.87530312736,Bio Certifié
Coopérative Oasis,Union Agricole Méditerranée,France,Île-de-France,,Robusta,586.3757639113845,3843.6729351576623,Standard
Domaine Provence Bio,Coopérative Oasis,USA,Canterbury,,Raisins de Cuve,214.60704630957997,3147.427795563992,Bio Certifié
Ferme Al Baraka,Dairy Meadows,Espagne,São Paulo,,Pommes,218.0674743784132,14941.817127829085,Bio Certifié
Domaine Provence Bio,Marché Wholesale Agadir,Italie,Sfax,,Courgettes,39.06967145116511,877.2402808321806,Premium
Green Valley Farm,Domaine Provence Bio,Maroc,Île-de-France,,Beurre,72.5707124796909,1748.1563369723935,Bio Certifié
Green Valley Farm,Hacienda El Sol,France,Souss-Massa,,Lait,140.79801390987686,-248.3179219564763,Bio Certifié
Fattoria Toscana,Domaine Provence Bio,Brésil,Catalogne,,Bananes,549.9776208656888,1508.7310640511125,Bio Certifié
Domaine Provence Bio,Fazenda Brasil,USA,Meknès-Fès,,Citrons,136.22455888613942,3247.0196598763428,Standard
Cooperative Grains Alliance,Fazenda Brasil,France,Catalogne,,Raisins de Table,29.46552652135241,3473.8338194347425,Bio Certifié
Domaine Saada,Domaine Provence Bio,Italie,Île-de-France,,Oignons,173.1914592765983,3831.308965525235,Bio Certifié
Union Agricole Méditerranée,Fattoria Toscana,Brésil,Souss-Massa,,Fromage,30.360375060157992,2095.34800765465,Standard
Domaine Saada,Domaine Saada,Espagne,Île-de-France,,Pommes de terre,207.52278148271972,3591.018740304349,Commerce Équitable
Ferme Al Baraka,Fazenda Brasil,Nouvelle-Zélande,Meknès-Fès,,Tomates,147.2306247482917,1535.7406530366388,Standard
Domaine Provence Bio,Cooperative Grains Alliance,France,Toscane,,Citrons,-18.67076768182229,23553.3484509309,Commerce Équitable
Domaine Provence Bio,Ferme Al Baraka,Tunisie,Souss-Massa,,Bananes,64.84576101728233,3603.435300548229,Standard
Green Valley Farm,Mercabarna,Maroc,Souss-Massa,,Riz,75.00776391784274,3710.7318702390367,Bio Certifié
Coopérative Oasis,Cooperative Grains Alliance,Brésil,Canterbury,,Olives à Huile,152.95447624592026,4611.073910651894,Standard
Hacienda El Sol,Coopérative Oasis,USA,Souss-Massa,,Blé,7.080059065215032,913.8801696005911,Standard
Rungis International,Ferme Al Baraka,Maroc,Meknès-Fès,,Deglet Nour,180.53928697071302,884.3368362085018,Bio Certifié
Green Valley Farm,Domaine Saada,France,Andalousie,,Orge,158.6638610989338,854.8663893544102,Premium
Fazenda Brasil,Ferme Al Baraka,Espagne,Canterbury,,Blé,153.95712753589348,15415.339085852707,Standard
Rungis International,Domaine Provence Bio,Tunisie,Souss-Massa,,Tomates,181.86437451791085,1637.712597245262,Bio Certifié
Fazenda Brasil,Mercabarna,Maroc,Souss-Massa,,Raisins de Cuve,22.89257693828217,2102.9523825138976,Bio Certifié
Fazenda Brasil,Ferme Al Baraka,Italie,Californie,,Orge,115.04025318453768,10438.881346310298,Premium
Ferme Al Baraka,Ferme Al Baraka,USA,Californie,,Pommes,141.49829797528037,24183.588532554255,Bio Certifié
Union Agricole Méditerranée,Coopérative Oasis,Maroc,Meknès-Fès,,Bananes,157.6885379024039,2795.3914015257956,Bio Certifié
Fattoria Toscana,Dairy Meadows,USA,Meknès-Fès,,Raisins de Table,449.543831371285,1884.5363709425767,Bio Certifié
Domaine Provence Bio,Hacienda El Sol,Maroc,Canterbury,,Pommes,89.51692205104787,13455.091936737863,Premium
Domaine Provence Bio,Ferme Al Baraka,Brésil,Provence,,Mandarines,176.50492491215206,3016.4621376589384,Standard
Fattoria Toscana,Domaine Provence Bio,USA,Andalousie,,Yaourt,271.762269455926,-115.50952228398569,Bio Certifié
Union Agricole Méditerranée,Fazenda Brasil,USA,Souss-Massa,,Pamplemousses,102.44618181978834,-580.9863591120413,Bio Certifié
Domaine Saada,Mercabarna,Nouvelle-Zélande,Meknès-Fès,,Maïs,254.69027359418914,5326.625950035761,Standard
Domaine Provence Bio,Mercabarna,Maroc,Canterbury,,Olives de Table,235.68311728548406,1865.6638671573978,Bio Certifié
Fattoria Toscana,Ferme Al Baraka,France,Catalogne,,Bananes,-21.230580444131498,814.6622385056065,Bio Certifié
Domaine Saada,Mercabarna,Italie,Souss-Massa,,Blé,115.91452152725657,3081.799914509376,Standard
Domaine Provence Bio,Ferme Al Baraka,Brésil,Canterbury,,Tomates,189.8407991215101,5001.215409759523,Bio Certifié
Domaine Saada,Cooperative Grains Alliance,Italie,Île-de-France,,Orge,1107.5270740266067,3358.790450102807,Bio Certifié
Cooperative Grains Alliance,Cooperative Grains Alliance,Tunisie,Souss-Massa,,Raisins de Cuve,168.27422675465795,2311.0268915723514,Premium
Marché Wholesale Agadir,Marché Wholesale Agadir,Maroc,Catalogne,,Carottes,628.3295556986477,3091.881312787312,Commerce Équitable
Fazenda Brasil,Fattoria Toscana,Espagne,Canterbury,,Olives à Huile,225.59731446400775,1684.6332744449273,Premium
Domaine Saada,Dairy Meadows,Espagne,Provence,,Robusta,82.45535755171585,3069.535553521986,Bio Certifié
Rungis International,Hacienda El Sol,Nouvelle-Zélande,Meknès-Fès,,Maïs,13.432924531999014,5219.108114731098,Premium
Green Valley Farm,Domaine Saada,Maroc,São Paulo,,Robusta,-7.064205697522105,3205.9562435235002,Bio Certifié
Domaine Saada,Fazenda Brasil,Italie,Canterbury,,Yaourt,183.48467242314982,5166.462245891282,Standard
Cooperative Grains Alliance,Fazenda Brasil,Maroc,São Paulo,,Beurre,294.96489302743225,1889.2646874173552,Standard
Mercabarna,Ferme Al Baraka,France,Meknès-Fès,,Deglet Nour,-5.028614929828926,503.76991363596665,Bio Certifié
Dairy Meadows,Domaine Provence Bio,Nouvelle-Zélande,Californie,,Olives à Huile,241.79790310152666,14361.121773828856,Bio Certifié
Domaine Saada,Fazenda Brasil,USA,Kansas,,Pommes,116.60417740238528,2319.6057449828327,Bio Certifié
Marché Wholesale Agadir,Fattoria Toscana,Brésil,Sfax,,Beurre,189.56166905700792,1714.380388600769,Bio Certifié
Union Agricole Méditerranée,Ferme Al Baraka,Maroc,Souss-Massa,,Riz,260.82099409617206,2272.075286243318,Bio Certifié
Mercabarna,Fazenda Brasil,France,São Paulo,,Raisins de Cuve,56.56640402117069,226.21204948299214,Bio Certifié
Fazenda Brasil,Union Agricole Méditerranée,Italie,Toscane,,Orge,187.91550586672696,14144.50650211806,Bio Certifié
Dairy Meadows,Marché Wholesale Agadir,France,Catalogne,,Raisins de Cuve,141.24811747996498,2696.014253384111,Bio Certifié
Union Agricole Méditerranée,Coopérative Oasis,Nouvelle-Zélande,Souss-Massa,,Raisins de Table,133.88488383106397,1902.8938135385956,Standard
Mercabarna,Dairy Meadows,Maroc,Provence,,Lait,181.56822942267667,882.7913980172755,Standard
Ferme Al Baraka,Dairy Meadows,France,Meknès-Fès,,Raisins de Table,249.7014136218735,3028.1253169468237,Bio Certifié
Mercabarna,Cooperative Grains Alliance,Maroc,Provence,,Pommes,75.75163534322925,2027.8177318257158,Bio Certifié
Coopérative Oasis,Rungis International,Tunisie,Meknès-Fès,,Medjool,91.94353100714147,2980.616344285947,Commerce Équitable
Marché Wholesale Agadir,Domaine Saada,Nouvelle-Zélande,São Paulo,,Blé,176.61088332923126,3774.6300366073847,Bio Certifié
Mercabarna,Rungis International,France,Provence,,Salades,261.5846642944344,1199.0198056825345,Bio Certifié
Fattoria Toscana,Domaine Provence Bio,Nouvelle-Zélande,Andalousie,,Mandarines,78.66698590784551,978.0701613919687,Bio Certifié
Cooperative Grains Alliance,Domaine Provence Bio,Brésil,Île-de-France,,Medjool,212.35505107802607,1463.0983164174377,Bio Certifié
Green Valley Farm,Hacienda El Sol,USA,Provence,,Oignons,194.96684036143256,3373.7182370680903,Commerce Équitable
Fazenda Brasil,Mercabarna,Nouvelle-Zélande,Catalogne,,Salades,180.46981760168268,3484.8634260074336,Bio Certifié
Mercabarna,Marché Wholesale Agadir,Espagne,Canterbury,,Yaourt,758.7975904377308,2638.1572141246284,Standard
Green Valley Farm,Dairy Meadows,France,Sfax,,Raisins de Cuve,177.04086812524847,4199.119334803295,Bio Certifié
Domaine Saada,Domaine Saada,Maroc,Souss-Massa,,Oranges,274.4044567870177,83.94753454819738,Standard
Fazenda Brasil,Fazenda Brasil,France,São Paulo,,Pamplemousses,52.096780786201336,20278.275904501523,Premium
Hacienda El Sol,Fattoria Toscana,USA,Kansas,,Olives à Huile,234.07056276581608,2711.39170969761,Bio Certifié
Green Valley Farm,Fazenda Brasil,Nouvelle-Zélande,Souss-Massa,,Blé,183.1302816638133,2472.651189050558,Bio Certifié
Domaine Provence Bio,Domaine Provence Bio,Brésil,Sfax,,Courgettes,518.9355584786081,3036.6688243769095,Bio Certifié
Green Valley Farm,Ferme Al Baraka,Brésil,Sfax,,Pamplemousses,105.08654027912436,2522.1229829359672,Commerce Équitable
Ferme Al Baraka,Dairy Meadows,Maroc,Canterbury,,Courgettes,170.57026622982247,1867.7025365600452,Bio Certifié
Ferme Al Baraka,Union Agricole Méditerranée,Espagne,Île-de-France,,Maïs,207.0224529652799,4932.7040336659,Standard
Ferme Al Baraka,Fattoria Toscana,Maroc,Souss-Massa,,Blé,146.90493523262353,772.0008064359423,Premium
Domaine Provence Bio,Coopérative Oasis,Maroc,Catalogne,,Fromage,137.88887979954208,3049.8932192212446,Premium
Rungis International,Fazenda Brasil,Espagne,Meknès-Fès,,Carottes,172.7805132008804,3457.1550927941844,Premium
Mercabarna,Fazenda Brasil,Maroc,Californie,,Lait,223.45974474377516,2579.273116691877,Standard
Domaine Saada,Domaine Saada,Espagne,Californie,,Salades,292.3550051564042,4636.430625188192,Standard
Ferme Al Baraka,Ferme Al Baraka,Tunisie,Provence,,Medjool,654.2551363806042,5129.957865670671,Bio Certifié
Dairy Meadows,Fattoria Toscana,Italie,Californie,,Tomates,151.23616316456204,2743.4209489895966,Bio Certifié
Rungis International,Green Valley Farm,France,Californie,,Robusta,112.4033503658345,1756.3240996377986,Commerce Équitable
Domaine Provence Bio,Coopérative Oasis,Brésil,Meknès-Fès,,Olives à Huile,948.5277286043492,1048.079324543833,Bio Certifié
Rungis International,Fazenda Brasil,France,São Paulo,,Oranges,139.3175912652442,3237.032376482822,Standard
Domaine Provence Bio,Dairy Meadows,Maroc,Toscane,,Raisins de Table,75.75273407093997,1826.8471268634053,Standard
Rungis International,Mercabarna,Maroc,Meknès-Fès,,Riz,-30.63729732886157,2784.746555036655,Bio Certifié
Hacienda El Sol,Ferme Al Baraka,Brésil,Sfax,,Pamplemousses,177.76013475004564,3024.440339169277,Bio Certifié
Domaine Provence Bio,Green Valley Farm,Nouvelle-Zélande,Souss-Massa,,Pommes,239.88992008924288,13992.888863259317,Premium
Rungis International,Marché Wholesale Agadir,Italie,Catalogne,,Raisins de Cuve,117.45568803619958,2712.8864972678457,Bio Certifié
Cooperative Grains Alliance,Dairy Meadows,Maroc,Kansas,,Raisins de Cuve,159.9973297847164,359.0072080313987,Standard
Rungis International,Fattoria Toscana,Italie,Île-de-France,,Raisins de Table,101.99211675680728,1522.3794344686546,Standard
Coopérative Oasis,Green Valley Farm,Maroc,Catalogne,,Orge,146.88546601821247,5098.218155469209,Bio Certifié
Coopérative Oasis,Hacienda El Sol,Maroc,Canterbury,,Blé,672.9421238178498,5592.034919791111,Commerce Équitable
Coopérative Oasis,Rungis International,Nouvelle-Zélande,Californie,,Raisins de Cuve,39.28036504970123,2022.1543983243027,Commerce Équitable
Cooperative Grains Alliance,Hacienda El Sol,Espagne,Sfax,,Courgettes,154.82450644083988,3287.2891986681752,Standard
Fattoria Toscana,Domaine Saada,Maroc,Kansas,,Arabica,3.462645521301461,2003.0287226029322,Bio Certifié
Fattoria Toscana,Fazenda Brasil,Italie,Île-de-France,,Oranges,541.5612424518052,1919.9831091857639,Bio Certifié
Domaine Saada,Fattoria Toscana,Maroc,Marrakech-Safi,,Deglet Nour,579.2874923991245,1252.1775143099587,Standard
Mercabarna,Mercabarna,USA,Canterbury,,Oranges,124.6380442372227,787.9007805313811,Premium
Fazenda Brasil,Ferme Al Baraka,Maroc,Toscane,,Pommes de terre,30.143087654266072,5175.272979492094,Standard
Coopérative Oasis,Ferme Al Baraka,Maroc,Provence,,Salades,50.330177893580036,2328.2214163333038,Bio Certifié
Domaine Saada,Fazenda Brasil,Tunisie,Andalousie,,Olives à Huile,290.5121759735277,2860.9922518746225,Standard
Mercabarna,Fazenda Brasil,Maroc,Catalogne,,Oignons,1157.5114705424262,3652.22015953791,Commerce Équitable
Rungis International,Marché Wholesale Agadir,Brésil,Catalogne,,Robusta,213.1303912647734,4441.941667446119,Premium
Cooperative Grains Alliance,Coopérative Oasis,Nouvelle-Zélande,Andalousie,,Yaourt,138.27829621024284,5296.455883850002,Standard
Fattoria Toscana,Green Valley Farm,Espagne,São Paulo,,Oignons,526.717749209328,1601.5526147202995,Premium
Fattoria Toscana,Dairy Meadows,France,Canterbury,,Orge,50.32384109618689,5087.587028254689,Bio Certifié
Domaine Saada,Fattoria Toscana,Maroc,São Paulo,,Olives à Huile,32.05362660742626,16021.020782943744,Commerce Équitable
Rungis International,Cooperative Grains Alliance,France,Californie,,Citrons,714.4196792924491,3638.520261395017,Bio Certifié
Dairy Meadows,Domaine Provence Bio,Tunisie,Souss-Massa,,Bananes,121.395241838866,2342.8000450154072,Bio Certifié
Cooperative Grains Alliance,Domaine Saada,Maroc,Sfax,,Raisins de Cuve,23.33194133030291,2177.6104548112144,Bio Certifié
Marché Wholesale Agadir,Rungis International,Espagne,Toscane,,Pamplemousses,335.04647391095995,3544.7884442764444,Bio Certifié
Marché Wholesale Agadir,Coopérative Oasis,Tunisie,Toscane,,Olives de Table,152.98180520617422,3288.4276930766223,Bio Certifié
Domaine Saada,Fattoria Toscana,Brésil,Andalousie,,Bananes,480.63086871663097,13278.49277743058,Commerce Équitable
Hacienda El Sol,Ferme Al Baraka,Brésil,Meknès-Fès,,Citrons,195.29875196206692,2092.569509844983,Standard
Rungis International,Green Valley Farm,France,Provence,,Raisins de Table,491.83586795734334,1848.9915281019398,Bio Certifié
Union Agricole Méditerranée,Ferme Al Baraka,Maroc,Souss-Massa,,Courgettes,135.3270925343589,19377.230183015607,Premium
Fazenda Brasil,Cooperative Grains Alliance,Tunisie,São Paulo,,Deglet Nour,431.05077720763063,6342.740084472791,Standard
Dairy Meadows,Rungis International,USA,Californie,,Olives à Huile,516.6970814552062,1919.2038068427998,Standard
Marché Wholesale Agadir,Ferme Al Baraka,France,Catalogne,,Tomates,18.900626121628733,3915.185008981314,Standard
Domaine Provence Bio,Ferme Al Baraka,Maroc,Toscane,,Raisins de Table,139.28929524714079,2723.50345986148,Bio Certifié
Hacienda El Sol,Fattoria Toscana,Italie,Île-de-France,,Raisins de Cuve,194.13939634476222,3635.0938991900953,Bio Certifié
Mercabarna,Hacienda El Sol,Maroc,Californie,,Olives à Huile,165.8965625138998,3973.780362491736,Commerce Équitable
Fazenda Brasil,Domaine Provence Bio,Espagne,Souss-Massa,,Salades,68.89381493505442,3253.45623222322,Standard
Coopérative Oasis,Marché Wholesale Agadir,USA,Souss-Massa,,Pommes de terre,89.61688224487935,1251.7805362881784,Bio Certifié
Domaine Saada,Union Agricole Méditerranée,Tunisie,São Paulo,,Bananes,226.00843272336698,12408.539671229675,Standard
Mercabarna,Hacienda El Sol,Brésil,Île-de-France,,Oranges,6.200788562540843,2567.929336331221,Standard
Coopérative Oasis,Mercabarna,Tunisie,Marrakech-Safi,,Olives à Huile,868.9821988422381,4184.751268795782,Standard
Mercabarna,Rungis International,France,São Paulo,,Robusta,108.67626241598387,2326.2899392428867,Bio Certifié
Green Valley Farm,Domaine Provence Bio,Nouvelle-Zélande,Marrakech-Safi,,Citrons,58.60367755697546,2807.3790085282376,Commerce Équitable
Mercabarna,Green Valley Farm,France,Île-de-France,,Courgettes,167.26129154806048,3448.502024549911,Bio Certifié
Domaine Saada,Ferme Al Baraka,Espagne,Kansas,,Raisins de Table,295.6835859496241,3337.5431471188385,Standard
Domaine Provence Bio,Dairy Meadows,USA,Île-de-France,,Tomates,137.28351731523858,2403.7201259008416,Bio Certifié
Dairy Meadows,Domaine Provence Bio,Nouvelle-Zélande,Provence,,Robusta,153.6537082511126,8263.831433688134,Standard
Ferme Al Baraka,Fattoria Toscana,France,Californie,,Bananes,48.06767954982516,2531.084026226001,Bio Certifié
Rungis International,Fattoria Toscana,Espagne,Californie,,Yaourt,81.02630379861915,2207.8172024599808,Premium
Fattoria Toscana,Mercabarna,Tunisie,Toscane,,Carottes,119.03088902289718,2022.2075672653423,Standard
Domaine Saada,Green Valley Farm,USA,Île-de-France,,Pommes,128.26446070222215,3618.6394303556553,Bio Certifié
Cooperative Grains Alliance,Union Agricole Méditerranée,Maroc,Sfax,,Citrons,273.2700052084993,2563.0812731825476,Premium
Union Agricole Méditerranée,Union Agricole Méditerranée,USA,Marrakech-Safi,,Deglet Nour,273.4395261692964,3032.548770933934,Standard
Hacienda El Sol,Dairy Meadows,Espagne,Toscane,,Oranges,495.6568750550116,26505.485049003142,Standard
Dairy Meadows,Marché Wholesale Agadir,Espagne,Catalogne,,Deglet Nour,120.09722720180338,3116.170789095333,Commerce Équitable
Rungis International,Coopérative Oasis,Maroc,Souss-Massa,,Raisins de Cuve,114.29641010284783,7818.961096555713,Bio Certifié
Dairy Meadows,Dairy Meadows,Maroc,São Paulo,,Maïs,265.6121661463523,19287.8155792498,Commerce Équitable
Domaine Saada,Coopérative Oasis,Brésil,Souss-Massa,,Salades,153.20967814631186,2361.4508177744874,Standard
Hacienda El Sol,Fazenda Brasil,Maroc,Meknès-Fès,,Courgettes,61.66359470821559,2762.6691862236557,Premium
Union Agricole Méditerranée,Mercabarna,Maroc,Kansas,,Raisins de Table,361.1209950434531,4179.851209674471,Standard
Cooperative Grains Alliance,Fazenda Brasil,USA,Kansas,,Lait,269.78271820770885,2495.244905447533,Standard
Cooperative Grains Alliance,Cooperative Grains Alliance,USA,Canterbury,,Olives de Table,145.54427211945097,2261.5263550804198,Commerce Équitable
Coopérative Oasis,Hacienda El Sol,Maroc,Souss-Massa,,Blé,173.47004937491857,1107.9383600393915,Standard
Coopérative Oasis,Fattoria Toscana,Maroc,Andalousie,,Maïs,165.74580746085417,4094.157035623371,Standard
Cooperative Grains Alliance,Domaine Saada,Italie,Andalousie,,Pommes,226.23448525680553,3418.2051418476594,Bio Certifié
Fazenda Brasil,Mercabarna,Brésil,Andalousie,,Riz,641.1840502995418,2726.487987317675,Standard
Cooperative Grains Alliance,Coopérative Oasis,Brésil,Toscane,,Medjool,159.623527118945,11819.226326572923,Bio Certifié
Rungis International,Domaine Provence Bio,Maroc,Provence,,Olives à Huile,994.6166078983636,5109.693620301112,Bio Certifié
Domaine Saada,Cooperative Grains Alliance,France,Toscane,,Olives à Huile,94.57863930028702,10697.816173791323,Bio Certifié
Hacienda El Sol,Domaine Provence Bio,Nouvelle-Zélande,Andalousie,,Bananes,173.1232449001492,2782.995299316656,Bio Certifié
Green Valley Farm,Fazenda Brasil,Espagne,Souss-Massa,,Raisins de Cuve,24.91680035208568,1114.9011336467263,Bio Certifié
Domaine Saada,Rungis International,Maroc,Andalousie,,Olives à Huile,132.76385542352455,421.6371919652927,Premium
Domaine Saada,Fazenda Brasil,Maroc,Catalogne,,Beurre,801.9825746150813,4480.339356811635,Premium
Domaine Saada,Hacienda El Sol,Tunisie,Île-de-France,,Raisins de Table,259.792284851642,12141.66888283635,Premium
Union Agricole Méditerranée,Fattoria Toscana,Brésil,Catalogne,,Olives à Huile,210.09427570680444,479.4350277418713,Bio Certifié
Fazenda Brasil,Marché Wholesale Agadir,Espagne,Souss-Massa,,Courgettes,151.04335771667388,1439.3679159884323,Bio Certifié
Fattoria Toscana,Fazenda Brasil,Maroc,Californie,,Arabica,277.406014369197,14908.071148249266,Bio Certifié
Domaine Provence Bio,Fazenda Brasil,Maroc,Kansas,,Raisins de Cuve,-39.885011057493095,23916.800212749324,Premium
Dairy Meadows,Fazenda Brasil,Tunisie,Canterbury,,Bananes,484.1470028832181,1803.1660625849745,Standard
Fazenda Brasil,Rungis International,Espagne,Sfax,,Olives de Table,138.9981092121588,1364.5294506178461,Bio Certifié
Fazenda Brasil,Domaine Provence Bio,USA,Souss-Massa,,Deglet Nour,81.76188124961692,1397.7832927768493,Commerce Équitable
Union Agricole Méditerranée,Hacienda El Sol,USA,Catalogne,,Pamplemousses,-14.743202745885974,2460.500516783542,Bio Certifié
Marché Wholesale Agadir,Ferme Al Baraka,Maroc,Souss-Massa,,Tomates,38.77897457427726,3135.1071152831646,Premium
Domaine Saada,Domaine Saada,Maroc,Marrakech-Safi,,Oignons,722.5702476911329,2557.4524544201586,Bio Certifié
Green Valley Farm,Domaine Saada,Maroc,São Paulo,,Robusta,-7.064205697522105,3205.9562435235002,Bio Certifié
Fattoria Toscana,Hacienda El Sol,Maroc,São Paulo,,Raisins de Table,396.46032851327624,1300.414140892732,Standard
Fattoria Toscana,Marché Wholesale Agadir,Maroc,Catalogne,,Tomates,130.54677866669772,1796.1899907983507,Standard
Ferme Al Baraka,Fattoria Toscana,Maroc,Souss-Massa,,Blé,116.55085306665225,2993.1918083786295,Premium
Dairy Meadows,Domaine Provence Bio,Maroc,Californie,,Olives de Table,108.15628065406383,3567.7466813841493,Standard
Cooperative Grains Alliance,Union Agricole Méditerranée,Maroc,Sfax,,Citrons,273.2700052084993,2563.0812731825476,Premium
Domaine Provence Bio,Hacienda El Sol,Maroc,Souss-Massa,,Medjool,-13.378368862957664,2638.01640720414,Standard
Rungis International,Union Agricole Méditerranée,Maroc,Sfax,,Raisins de Table,109.95072799362404,2672.772970967655,Premium
Marché Wholesale Agadir,Ferme Al Baraka,Maroc,Souss-Massa,,Tomates,38.77897457427726,3135.1071152831646,Premium
Coopérative Oasis,Fazenda Brasil,Maroc,São Paulo,,Olives à Huile,154.22124506228752,3854.5172117998545,Standard
Domaine Provence Bio,Mercabarna,Maroc,Canterbury,,Olives de Table,235.68311728548406,1865.6638671573978,Bio Certifié
Ferme Al Baraka,Fazenda Brasil,Maroc,Provence,,Salades,463.794402676971,2736.2966474025966,Bio Certifié
Union Agricole Méditerranée,Ferme Al Baraka,Maroc,Souss-Massa,,Courgettes,135.3270925343589,19377.230183015607,Premium
Marché Wholesale Agadir,Ferme Al Baraka,Maroc,Souss-Massa,,Yaourt,1136.479666744819,3604.155941606685,Premium
Dairy Meadows,Dairy Meadows,Maroc,São Paulo,,Maïs,265.6121661463523,19287.8155792498,Commerce Équitable
Mercabarna,Dairy Meadows,Maroc,Californie,,Olives à Huile,-48.20018237210123,100.01751046508275,Bio Certifié
Domaine Provence Bio,Fazenda Brasil,Maroc,Kansas,,Raisins de Cuve,-39.885011057493095,23916.800212749324,Premium
Coopérative Oasis,Fattoria Toscana,Maroc,Andalousie,,Maïs,165.74580746085417,4094.157035623371,Standard
Rungis International,Dairy Meadows,Maroc,São Paulo,,Olives de Table,107.43627542940723,539.6444788093306,Standard
Fazenda Brasil,Mercabarna,Maroc,Souss-Massa,,Raisins de Cuve,22.89257693828217,2102.9523825138976,Bio Certifié
Fattoria Toscana,Ferme Al Baraka,Maroc,Sfax,,Oignons,199.6267913010587,3049.233373724032,Bio Certifié
Cooperative Grains Alliance,Ferme Al Baraka,Maroc,Souss-Massa,,Maïs,193.00146760179322,1791.8764074424375,Premium
Fattoria Toscana,Ferme Al Baraka,Maroc,Sfax,,Oignons,199.6267913010587,3049.233373724032,Bio Certifié
Domaine Provence Bio,Domaine Saada,Maroc,Californie,,Medjool,133.92243279596855,3455.537555220808,Bio Certifié
Domaine Provence Bio,Mercabarna,Maroc,Provence,,Robusta,103.62803312029624,3811.971122319039,Bio Certifié
Rungis International,Domaine Provence Bio,Maroc,Provence,,Olives à Huile,994.6166078983636,5109.693620301112,Bio Certifié
Marché Wholesale Agadir,Marché Wholesale Agadir,Maroc,Catalogne,,Carottes,628.3295556986477,3091.881312787312,Commerce Équitable
Union Agricole Méditerranée,Fattoria Toscana,Maroc,Canterbury,,Pommes,197.3186579913993,1598.4177293687362,Standard
Union Agricole Méditerranée,Ferme Al Baraka,Maroc,Toscane,,Bananes,68.4148887002257,3100.30216507142,Standard
Dairy Meadows,Dairy Meadows,Maroc,São Paulo,,Maïs,265.6121661463523,19287.8155792498,Commerce Équitable
Domaine Saada,Rungis International,Maroc,Andalousie,,Olives à Huile,132.76385542352455,421.6371919652927,Premium
Domaine Provence Bio,Fazenda Brasil,Maroc,Marrakech-Safi,,Raisins de Table,56.17650877981691,247.8350745934231,Standard
Coopérative Oasis,Fattoria Toscana,Maroc,Souss-Massa,,Bananes,260.6620379860212,13121.311022621236,Premium
Coopérative Oasis,Hacienda El Sol,Maroc,Souss-Massa,,Blé,173.47004937491857,1107.9383600393915,Standard
Domaine Saada,Dairy Meadows,Maroc,Meknès-Fès,,Olives à Huile,285.2482081638907,2303.397737429691,Bio Certifié
Domaine Provence Bio,Green Valley Farm,Maroc,Souss-Massa,,Arabica,154.01898434522167,1918.5801654505128,Bio Certifié
Mercabarna,Dairy Meadows,Maroc,Souss-Massa,,Riz,122.68006737470152,2077.0451521281434,Premium
Domaine Provence Bio,Marché Wholesale Agadir,Maroc,São Paulo,,Mandarines,52.50119809235788,8889.551608793106,Commerce Équitable
Dairy Meadows,Ferme Al Baraka,Maroc,Kansas,,Olives à Huile,-26.594879305392816,1415.3500604196233,Premium
Fazenda Brasil,Fattoria Toscana,Maroc,Canterbury,,Lait,143.06699421583315,1244.3216052479818,Premium
Coopérative Oasis,Hacienda El Sol,Maroc,Canterbury,,Blé,672.9421238178498,5592.034919791111,Commerce Équitable
Cooperative Grains Alliance,Dairy Meadows,Maroc,Toscane,,Pommes de terre,103.13568042176561,4277.662975654805,Premium
Coopérative Oasis,Ferme Al Baraka,Maroc,Provence,,Salades,50.330177893580036,2328.2214163333038,Bio Certifié
Dairy Meadows,Green Valley Farm,Maroc,Sfax,,Pommes,88.62471801601765,945.7603549823137,Bio Certifié
Mercabarna,Hacienda El Sol,Maroc,Californie,,Olives à Huile,165.8965625138998,3973.780362491736,Commerce Équitable
Domaine Provence Bio,Hacienda El Sol,Maroc,Meknès-Fès,,Riz,111.9803982286509,9469.49708709733,Standard
Mercabarna,Fazenda Brasil,Maroc,Californie,,Lait,223.45974474377516,2579.273116691877,Standard
Dairy Meadows,Dairy Meadows,Maroc,Toscane,,Raisins de Cuve,159.91425006668607,19369.008700312697,Standard
Fattoria Toscana,Green Valley Farm,Maroc,Californie,,Pommes,224.7974514337197,642.3543798789445,Bio Certifié
Hacienda El Sol,Domaine Provence Bio,Maroc,Marrakech-Safi,,Raisins de Table,1269.1589634060651,3261.4032044766514,Standard
Domaine Provence Bio,Dairy Meadows,Maroc,Île-de-France,,Raisins de Table,55.91425178569805,12179.226862059199,Bio Certifié
Dairy Meadows,Marché Wholesale Agadir,Maroc,Toscane,,Oignons,173.03182695947268,3765.0037661809656,Standard
Union Agricole Méditerranée,Fazenda Brasil,Maroc,Provence,,Olives à Huile,473.90330772472106,8.829663843807566,Bio Certifié
Mercabarna,Hacienda El Sol,Maroc,Andalousie,,Fromage,191.49023923686417,14810.36764356819,Premium
Green Valley Farm,Domaine Saada,Maroc,São Paulo,,Robusta,-7.064205697522105,3205.9562435235002,Bio Certifié
Mercabarna,Hacienda El Sol,Maroc,Californie,,Olives à Huile,165.8965625138998,3973.780362491736,Commerce Équitable
Domaine Provence Bio,Ferme Al Baraka,Maroc,Toscane,,Raisins de Table,139.28929524714079,2723.50345986148,Bio Certifié
Green Valley Farm,Domaine Saada,Maroc,São Paulo,,Robusta,-7.064205697522105,3205.9562435235002,Bio Certifié
Coopérative Oasis,Ferme Al Baraka,Maroc,Sfax,,Salades,1204.6595504451575,23820.67890043219,Standard
Green Valley Farm,Cooperative Grains Alliance,Maroc,Meknès-Fès,,Tomates,188.1417771823971,2036.8005066350293,Bio Certifié
Domaine Provence Bio,Fazenda Brasil,Maroc,Marrakech-Safi,,Raisins de Table,56.17650877981691,247.8350745934231,Standard
Cooperative Grains Alliance,Dairy Meadows,Maroc,Kansas,,Raisins de Cuve,159.9973297847164,359.0072080313987,Standard
Cooperative Grains Alliance,Cooperative Grains Alliance,Maroc,Catalogne,,Salades,159.48489371432845,3316.6221783566743,Standard
Ferme Al Baraka,Domaine Saada,Maroc,Sfax,,Deglet Nour,222.70846579410187,5100.065919135683,Premium
Domaine Saada,Union Agricole Méditerranée,Maroc,Canterbury,,Olives à Huile,394.1641911199542,9952.300507145763,Bio Certifié
Fazenda Brasil,Dairy Meadows,Maroc,Marrakech-Safi,,Fromage,518.8265444185868,11864.947478540093,Premium
Fattoria Toscana,Hacienda El Sol,Maroc,São Paulo,,Raisins de Table,396.46032851327624,1300.414140892732,Standard
Fazenda Brasil,Dairy Meadows,Maroc,Marrakech-Safi,,Fromage,518.8265444185868,11864.947478540093,Premium
Union Agricole Méditerranée,Rungis International,Maroc,São Paulo,,Pommes,104.07468850979234,3380.129281561577,Bio Certifié
Rungis International,Union Agricole Méditerranée,Maroc,Toscane,,Olives à Huile,145.36333809612486,2900.3665771063247,Bio Certifié
Coopérative Oasis,Marché Wholesale Agadir,Maroc,Canterbury,,Riz,100.23250105159079,4197.537181818163,Bio Certifié
Union Agricole Méditerranée,Ferme Al Baraka,Maroc,Souss-Massa,,Courgettes,135.3270925343589,19377.230183015607,Premium
Dairy Meadows,Dairy Meadows,Maroc,São Paulo,,Maïs,265.6121661463523,19287.8155792498,Commerce Équitable
Fazenda Brasil,Domaine Saada,Maroc,Kansas,,Mandarines,244.4981278289981,3862.6749426142733,Standard
Domaine Saada,Fazenda Brasil,Maroc,Californie,,Pamplemousses,227.3118891751663,1007.2442832333834,Bio Certifié
Hacienda El Sol,Fattoria Toscana,Maroc,Catalogne,,Bananes,26.29532136788729,1749.3716844464125,Bio Certifié
Ferme Al Baraka,Dairy Meadows,Maroc,Canterbury,,Courgettes,170.57026622982247,1867.7025365600452,Bio Certifié
Domaine Provence Bio,Fattoria Toscana,Maroc,Provence,,Bananes,79.6590190757477,-425.9389083848903,Standard
Dairy Meadows,Marché Wholesale Agadir,Maroc,Marrakech-Safi,,Olives de Table,15.818177202313784,-391.56047683090196,Premium
Marché Wholesale Agadir,Green Valley Farm,Maroc,São Paulo,,Pommes,146.54523709174492,3950.7124453508904,Premium
Marché Wholesale Agadir,Green Valley Farm,Maroc,São Paulo,,Raisins de Cuve,76.57547798177,24794.522091914107,Standard
Cooperative Grains Alliance,Fazenda Brasil,Maroc,São Paulo,,Maïs,167.71269170486448,1997.3879367494517,Bio Certifié
Ferme Al Baraka,Dairy Meadows,Maroc,Andalousie,,Lait,185.40402288750698,4980.728925263592,Standard
Domaine Saada,Fazenda Brasil,Maroc,Catalogne,,Olives de Table,135.03671307386983,13142.27886327215,Standard
Domaine Saada,Union Agricole Méditerranée,Maroc,Canterbury,,Olives à Huile,394.1641911199542,9952.300507145763,Bio Certifié
Mercabarna,Hacienda El Sol,Maroc,Californie,,Olives à Huile,165.8965625138998,3973.780362491736,Commerce Équitable
Domaine Provence Bio,Hacienda El Sol,Maroc,Canterbury,,Pommes,89.51692205104787,13455.091936737863,Premium
Fattoria Toscana,Dairy Meadows,Maroc,Marrakech-Safi,,Raisins de Table,152.88055786474686,1724.7491733841723,Standard
Marché Wholesale Agadir,Domaine Provence Bio,Maroc,Souss-Massa,,Medjool,237.47177538009953,1425.9387152056681,Bio Certifié
Coopérative Oasis,Domaine Provence Bio,Maroc,Andalousie,,Maïs,189.8168564705204,3715.226027694216,Bio Certifié
Domaine Provence Bio,Hacienda El Sol,Maroc,Canterbury,,Pommes,89.51692205104787,13455.091936737863,Premium
Union Agricole Méditerranée,Mercabarna,Maroc,Kansas,,Raisins de Table,361.1209950434531,4179.851209674471,Standard
Fazenda Brasil,Domaine Saada,Maroc,Kansas,,Mandarines,244.4981278289981,3862.6749426142733,Standard
Coopérative Oasis,Marché Wholesale Agadir,Maroc,Canterbury,,Riz,100.23250105159079,4197.537181818163,Bio Certifié
Marché Wholesale Agadir,Cooperative Grains Alliance,Maroc,Marrakech-Safi,,Oranges,63.192019631695985,434.99068578271533,Standard
Green Valley Farm,Coopérative Oasis,Maroc,Souss-Massa,,Pommes,123.3153941134075,2821.5269646572456,Premium
Rungis International,Ferme Al Baraka,Maroc,Meknès-Fès,,Deglet Nour,180.53928697071302,884.3368362085018,Bio Certifié
Green Valley Farm,Ferme Al Baraka,Maroc,Californie,,Deglet Nour,198.76200043619602,4649.447152287986,Bio Certifié
Domaine Provence Bio,Marché Wholesale Agadir,Maroc,São Paulo,,Mandarines,52.50119809235788,8889.551608793106,Commerce Équitable
Domaine Provence Bio,Fazenda Brasil,Maroc,Marrakech-Safi,,Raisins de Table,56.17650877981691,247.8350745934231,Standard
Dairy Meadows,Mercabarna,Maroc,Souss-Massa,,Olives à Huile,243.0487316077273,2479.581604627142,Bio Certifié
Domaine Provence Bio,Ferme Al Baraka,Maroc,Provence,,Mandarines,96.31900332531039,13612.153896985055,Bio Certifié
Rungis International,Union Agricole Méditerranée,Maroc,Toscane,,Olives à Huile,145.36333809612486,2900.3665771063247,Bio Certifié
Domaine Provence Bio,Fazenda Brasil,Maroc,São Paulo,,Olives à Huile,250.7907087151512,1930.5507487108007,Commerce Équitable
Domaine Saada,Domaine Saada,Maroc,Souss-Massa,,Oranges,274.4044567870177,83.94753454819738,Standard
Hacienda El Sol,Mercabarna,Maroc,Souss-Massa,,Blé,106.32777493982111,1500.4557221930659,Standard
Coopérative Oasis,Fattoria Toscana,Maroc,Andalousie,,Maïs,165.74580746085417,4094.157035623371,Standard
Domaine Provence Bio,Fattoria Toscana,Maroc,Toscane,,Raisins de Cuve,98.79598556119834,27256.30442386031,Bio Certifié
Marché Wholesale Agadir,Coopérative Oasis,Maroc,Souss-Massa,,Fromage,364.64355961458654,2172.198916627097,Standard
Ferme Al Baraka,Domaine Provence Bio,Maroc,Marrakech-Safi,,Salades,24.487678374052003,45.2280945169382,Bio Certifié
Mercabarna,Fazenda Brasil,Maroc,Catalogne,,Oignons,1157.5114705424262,3652.22015953791,Commerce Équitable
Coopérative Oasis,Fattoria Toscana,Maroc,Andalousie,,Maïs,165.74580746085417,4094.157035623371,Standard
Green Valley Farm,Hacienda El Sol,Maroc,Souss-Massa,,Pamplemousses,190.33230174954676,2936.679449530979,Premium
Green Valley Farm,Ferme Al Baraka,Maroc,Catalogne,,Medjool,1306.985862319646,2038.1150077485438,Bio Certifié
Rungis International,Mercabarna,Maroc,Meknès-Fès,,Riz,-30.63729732886157,2784.746555036655,Bio Certifié
Rungis International,Coopérative Oasis,Maroc,Californie,,Riz,1016.9947315863321,3273.027684851755,Premium
