exploitation,type_exploitation,pays,region,resultat,produit,quantite_tonnes,prix_tonne_eur,qualite
Coopérative Oasis,Green Valley Farm,Italie,Sfax,0.0,Raisins de Table,179.21477453227354,3033.6469787762267,Standard
Green Valley Farm,Hacienda El Sol,USA,Canterbury,0.0,Mandarines,1159.2652654296353,3562.7394674371126,Standard
Fazenda Brasil,Ferme Al Baraka,Italie,Canterbury,0.0,Olives de Table,67.73604480817066,2644.257004059764,Premium
Domaine Provence Bio,Mercabarna,France,Provence,0.0,Salades,273.85425072917633,3345.8067110469083,Premium
Cooperative Grains Alliance,Marché Wholesale Agadir,France,Toscane,0.0,Arabica,692.4399315979853,12262.76407894023,Premium
Fazenda Brasil,Fazenda Brasil,Maroc,Canterbury,0.0,Olives de Table,823.6583693826849,1643.495590058217,Commerce Équitable
Union Agricole Méditerranée,Rungis International,Maroc,Andalousie,0.0,Olives à Huile,125.08763535772513,3812.413632632045,Bio Certifié
Domaine Provence Bio,Union Agricole Méditerranée,Nouvelle-Zélande,Sfax,0.0,Raisins de Cuve,194.60839332327825,3383.554808367342,Standard
Marché Wholesale Agadir,Fattoria Toscana,Maroc,São Paulo,0.0,Pommes,146.10819247870782,3759.732469491647,Premium
Domaine Provence Bio,Rungis International,France,Toscane,0.0,Tomates,202.74953500593546,1641.5071743686317,Bio Certifié
Domaine Provence Bio,Green Valley Farm,USA,Souss-Massa,0.0,Lait,109.41446149682744,4266.103832588663,Bio Certifié
Green Valley Farm,Coopérative Oasis,Maroc,Californie,0.0,Olives de Table,277.8801419112539,5693.837973609487,Bio Certifié
Rungis International,Marché Wholesale Agadir,Espagne,Kansas,0.0,Pommes,229.34209578450844,1192.0498423002746,Bio Certifié
Domaine Saada,Green Valley Farm,Tunisie,Andalousie,0.0,Riz,236.801195819278,3266.356160544303,Standard
Dairy Meadows,Cooperative Grains Alliance,Espagne,Meknès-Fès,0.0,Arabica,259.3278510453849,1437.6605212432164,Standard
Domaine Provence Bio,Mercabarna,Espagne,Souss-Massa,0.0,Orge,49.01008822223436,117.46659785421434,Premium
Green Valley Farm,Cooperative Grains Alliance,Brésil,Kansas,0.0,Riz,102.9336892709421,2219.563061711032,Standard
Domaine Provence Bio,Fazenda Brasil,France,Californie,0.0,Raisins de Table,101.25494793405879,1549.249288438123,Bio Certifié
Green Valley Farm,Cooperative Grains Alliance,Espagne,Marrakech-Safi,0.0,Maïs,142.30164049540173,2425.455117880565,Bio Certifié
Coopérative Oasis,Green Valley Farm,France,Provence,0.0,Arabica,148.86099594082398,2030.372448965818,Standard
Union Agricole Méditerranée,Fazenda Brasil,Maroc,São Paulo,0.0,Olives à Huile,51.54922011121748,4646.272083614682,Bio Certifié
Union Agricole Méditerranée,Fazenda Brasil,Maroc,Canterbury,0.0,Maïs,71.59121440050075,17928.128952337,Bio Certifié
Rungis International,Ferme Al Baraka,Nouvelle-Zélande,Catalogne,0.0,Orge,10.328881135252615,312.27618181942023,Standard
Fattoria Toscana,Mercabarna,Maroc,Toscane,0.0,Robusta,495.53027434992305,2929.1358536367948,Premium
Coopérative Oasis,Ferme Al Baraka,Espagne,Souss-Massa,0.0,Maïs,6.931702427728752,3041.7937765570227,Bio Certifié
Domaine Provence Bio,Fattoria Toscana,Espagne,Sfax,0.0,Pommes de terre,255.11397062976454,4132.057751830252,Standard
Marché Wholesale Agadir,Rungis International,Espagne,Meknès-Fès,0.0,Raisins de Table,637.3289305836324,5227.563892960091,Standard
Domaine Saada,Mercabarna,Espagne,Catalogne,0.0,Oignons,183.82810562296845,517.273478610844,Standard
Union Agricole Méditerranée,Ferme Al Baraka,France,Andalousie,0.0,Blé,122.3302114526067,2237.003872974836,Bio Certifié
Union Agricole Méditerranée,Fattoria Toscana,Nouvelle-Zélande,Catalogne,0.0,Courgettes,546.6213581474094,2052.075721653769,Standard
Coopérative Oasis,Marché Wholesale Agadir,Maroc,Île-de-France,0.0,Tomates,163.69123636081042,13539.834043783412,Bio Certifié
Green Valley Farm,Fattoria Toscana,USA,Marrakech-Safi,0.0,Fromage,32.5174731866867,1179.9023955441658,Standard
Green Valley Farm,Fattoria Toscana,Espagne,Île-de-France,0.0,Olives à Huile,289.039218588855,2179.346934446392,Commerce Équitable
Hacienda El Sol,Fattoria Toscana,Maroc,Canterbury,0.0,Blé,69.34180696082338,4460.5677011156995,Bio Certifié
Hacienda El Sol,Domaine Provence Bio,Tunisie,Andalousie,0.0,Raisins de Cuve,132.40168005818924,2741.065867762606,Bio Certifié
Fattoria Toscana,Green Valley Farm,Italie,Toscane,0.0,Raisins de Table,383.4935943748316,1238.7714445681697,Standard
Fazenda Brasil,Fattoria Toscana,Italie,Toscane,0.0,Arabica,92.57593945514866,3473.9568595813034,Premium
Dairy Meadows,Coopérative Oasis,Tunisie,Toscane,0.0,Olives à Huile,118.68741319756529,1818.6604559924717,Standard
Domaine Saada,Green Valley Farm,Nouvelle-Zélande,Andalousie,0.0,Beurre,216.77174021812888,2794.4153476429797,Premium
Domaine Saada,Ferme Al Baraka,Tunisie,Toscane,0.0,Olives à Huile,103.9483282700134,11537.408603078373,Standard
Dairy Meadows,Dairy Meadows,France,Souss-Massa,0.0,Olives à Huile,436.78112872541647,2621.281375413096,Bio Certifié
Hacienda El Sol,Fattoria Toscana,USA,Souss-Massa,0.0,Riz,264.92496408872296,3285.7338839671834,Bio Certifié
Green Valley Farm,Rungis International,Tunisie,Canterbury,0.0,Yaourt,138.72704019826708,2955.352179716659,Premium
Union Agricole Méditerranée,Domaine Provence Bio,Maroc,Meknès-Fès,0.0,Olives à Huile,225.12844250390975,1574.816079592285,Standard
Ferme Al Baraka,Green Valley Farm,Espagne,Souss-Massa,0.0,Maïs,287.74076768217844,2477.969626653635,Standard
Fattoria Toscana,Mercabarna,Maroc,Meknès-Fès,0.0,Olives à Huile,173.58038697427293,4331.675779057021,Standard
Coopérative Oasis,Domaine Provence Bio,Tunisie,Marrakech-Safi,0.0,Blé,113.05314186577365,3812.1530072091136,Commerce Équitable
Domaine Provence Bio,Union Agricole Méditerranée,Nouvelle-Zélande,Andalousie,0.0,Raisins de Cuve,68.5146490260939,1573.6468497453104,Bio Certifié
Mercabarna,Hacienda El Sol,USA,Provence,0.0,Yaourt,177.74786371147388,1940.2061695139128,Bio Certifié
Green Valley Farm,Hacienda El Sol,Tunisie,Sfax,0.0,Blé,165.4770944101612,2960.2726991629934,Bio Certifié
Dairy Meadows,Green Valley Farm,Espagne,Souss-Massa,0.0,Pommes,99.99893294691849,3324.2821316675,Standard
Cooperative Grains Alliance,Mercabarna,Maroc,São Paulo,0.0,Raisins de Cuve,241.97408290296434,12069.45724038917,Standard
Green Valley Farm,Fattoria Toscana,Italie,Souss-Massa,0.0,Pamplemousses,141.27169357625763,2003.2170853544944,Premium
Mercabarna,Fattoria Toscana,Espagne,Souss-Massa,0.0,Olives à Huile,1.1821324011422831,5599.96182877133,Bio Certifié
Rungis International,Ferme Al Baraka,Maroc,Canterbury,0.0,Raisins de Cuve,95.37608743634041,3490.5949930338943,Standard
Domaine Saada,Cooperative Grains Alliance,Espagne,Sfax,0.0,Raisins de Cuve,18.857227469230587,1796.209669361473,Premium
Green Valley Farm,Marché Wholesale Agadir,France,Provence,0.0,Riz,291.5344131107232,2442.5847709831037,Bio Certifié
Fattoria Toscana,Domaine Saada,USA,Sfax,0.0,Pommes de terre,187.3558585141224,-150.07421338775475,Standard
Mercabarna,Domaine Provence Bio,Tunisie,Provence,0.0,Tomates,846.0337742268437,12288.757078146782,Premium
Coopérative Oasis,Ferme Al Baraka,Brésil,Californie,0.0,Orge,107.73503762404707,1541.6295566394438,Bio Certifié
Marché Wholesale Agadir,Ferme Al Baraka,Maroc,Kansas,0.0,Medjool,122.84177912396363,3951.597304404455,Premium
Union Agricole Méditerranée,Fazenda Brasil,Nouvelle-Zélande,Provence,0.0,Oignons,133.23843875429142,2686.984305406085,Bio Certifié
Fattoria Toscana,Cooperative Grains Alliance,Italie,São Paulo,0.0,Blé,130.79335675595243,1010.7233600504303,Premium
Union Agricole Méditerranée,Fazenda Brasil,Tunisie,Provence,0.0,Orge,1009.1674146408451,2993.197697343618,Bio Certifié
Marché Wholesale Agadir,Rungis International,Maroc,Toscane,0.0,Pommes,217.33465968740592,1537.8122243737796,Standard
Rungis International,Mercabarna,France,Californie,0.0,Tomates,110.316829309269,2548.9245692332465,Commerce Équitable
Rungis International,Union Agricole Méditerranée,Tunisie,Provence,0.0,Salades,174.25561303775768,3610.482877334235,Premium
Marché Wholesale Agadir,Ferme Al Baraka,Espagne,Catalogne,0.0,Orge,920.3483891286451,3891.861144529516,Bio Certifié
Rungis International,Fattoria Toscana,Tunisie,São Paulo,0.0,Yaourt,140.51000222907405,3303.1033020728273,Standard
Union Agricole Méditerranée,Domaine Provence Bio,Maroc,Catalogne,0.0,Lait,175.2308102000496,4749.167587429819,Premium
Dairy Meadows,Dairy Meadows,France,Californie,0.0,Yaourt,114.08608571219227,2682.692007082076,Bio Certifié
Fattoria Toscana,Green Valley Farm,Nouvelle-Zélande,Souss-Massa,0.0,Lait,98.25796284754408,2552.925199956278,Bio Certifié
Dairy Meadows,Ferme Al Baraka,Maroc,Île-de-France,0.0,Riz,90.28103365728404,3934.074436696824,Standard
Ferme Al Baraka,Green Valley Farm,France,Californie,0.0,Bananes,140.94655754786226,1927.8714446633844,Bio Certifié
Dairy Meadows,Dairy Meadows,USA,São Paulo,0.0,Tomates,168.68560963181957,4424.547927636655,Standard
Marché Wholesale Agadir,Green Valley Farm,USA,Marrakech-Safi,0.0,Olives de Table,184.24041396149954,2174.5234593642185,Bio Certifié
Cooperative Grains Alliance,Marché Wholesale Agadir,Espagne,Sfax,0.0,Oranges,152.19872632890193,2202.176272260932,Bio Certifié
Fattoria Toscana,Fattoria Toscana,Maroc,Toscane,0.0,Raisins de Cuve,108.97199532876456,3883.4021232343744,Bio Certifié
Coopérative Oasis,Mercabarna,France,Marrakech-Safi,0.0,Pamplemousses,282.03222476115155,3752.2621869643253,Standard
Domaine Saada,Domaine Provence Bio,Maroc,Île-de-France,0.0,Salades,223.58551808073491,5096.751291703739,Standard
Union Agricole Méditerranée,Hacienda El Sol,Brésil,Andalousie,0.0,Arabica,186.24378362255567,468.50351028977684,Bio Certifié
Mercabarna,Cooperative Grains Alliance,France,Meknès-Fès,0.0,Pamplemousses,173.67907678680285,956.6166409066795,Premium
Ferme Al Baraka,Marché Wholesale Agadir,Maroc,Souss-Massa,0.0,Riz,141.23794101048068,3730.046485742364,Premium
Fazenda Brasil,Dairy Meadows,Espagne,Canterbury,0.0,Oignons,8.264203571941671,13536.42520613081,Bio Certifié
Hacienda El Sol,Cooperative Grains Alliance,Nouvelle-Zélande,Sfax,0.0,Maïs,90.3045590995192,1479.1424182090643,Standard
Green Valley Farm,Domaine Saada,Nouvelle-Zélande,Souss-Massa,0.0,Robusta,272.5131781587458,4724.836038177231,Commerce Équitable
Union Agricole Méditerranée,Hacienda El Sol,Tunisie,Souss-Massa,0.0,Oranges,179.41954989264,3746.755405571347,Bio Certifié
Cooperative Grains Alliance,Fattoria Toscana,USA,Marrakech-Safi,0.0,Riz,621.5143424971284,3555.2467413276736,Standard
Dairy Meadows,Fattoria Toscana,Italie,Toscane,0.0,Fromage,222.15966859766388,5281.830011902757,Standard
Ferme Al Baraka,Green Valley Farm,Espagne,Toscane,0.0,Arabica,165.5028361832779,2062.026224675749,Bio Certifié
Mercabarna,Ferme Al Baraka,Espagne,Marrakech-Safi,0.0,Raisins de Table,161.04922050139805,3619.9130386155134,Commerce Équitable
Mercabarna,Fazenda Brasil,Italie,Sfax,0.0,Medjool,114.73493357322283,1893.8962321887393,Bio Certifié
Green Valley Farm,Coopérative Oasis,Maroc,Kansas,0.0,Robusta,130.3130358140794,1563.5148712288185,Premium
Mercabarna,Fattoria Toscana,Brésil,Provence,0.0,Olives à Huile,1250.9889302248007,950.4960173076765,Standard
Union Agricole Méditerranée,Cooperative Grains Alliance,France,Souss-Massa,0.0,Blé,483.97057245324606,1480.536613599578,Bio Certifié
Hacienda El Sol,Fazenda Brasil,USA,Marrakech-Safi,0.0,Raisins de Table,-3.796126403831316,2306.193818006252,Standard
Hacienda El Sol,Union Agricole Méditerranée,USA,São Paulo,0.0,Arabica,143.570826090067,2054.313447230251,Bio Certifié
Union Agricole Méditerranée,Mercabarna,Nouvelle-Zélande,Souss-Massa,0.0,Yaourt,223.4646493124833,907.4280430517005,Standard
Fattoria Toscana,Mercabarna,Italie,Marrakech-Safi,0.0,Olives de Table,96.52700362112822,7096.364779859341,Premium
Rungis International,Cooperative Grains Alliance,USA,Provence,0.0,Olives à Huile,16.410048495539158,2653.068157603697,Standard
Rungis International,Coopérative Oasis,Espagne,Canterbury,0.0,Yaourt,80.03849953101107,2820.412057404944,Bio Certifié
Mercabarna,Marché Wholesale Agadir,Italie,Andalousie,0.0,Olives de Table,130.1317260826693,3623.081056006159,Premium
Fattoria Toscana,Domaine Saada,Espagne,São Paulo,0.0,Tomates,50.499569815070444,2980.8291883062475,Standard
Dairy Meadows,Mercabarna,USA,Canterbury,0.0,Oranges,178.99588892006977,3090.37638247148,Bio Certifié
Green Valley Farm,Rungis International,Italie,São Paulo,0.0,Raisins de Table,92.25806479664553,1033.9675019746367,Premium
Union Agricole Méditerranée,Fazenda Brasil,France,Canterbury,0.0,Orge,210.9712077834201,965.0090680079093,Bio Certifié
Domaine Provence Bio,Fattoria Toscana,USA,Californie,0.0,Olives à Huile,341.7420098323311,24415.31504353547,Standard
Domaine Provence Bio,Fazenda Brasil,USA,Meknès-Fès,0.0,Fromage,198.60316934446323,1218.6569766319465,Bio Certifié
Coopérative Oasis,Marché Wholesale Agadir,Maroc,Souss-Massa,0.0,Robusta,113.09150777732594,2413.7086338339827,Bio Certifié
Rungis International,Domaine Saada,Nouvelle-Zélande,Canterbury,0.0,Tomates,240.0104763114494,4209.359868556455,Standard
Coopérative Oasis,Fattoria Toscana,Nouvelle-Zélande,Canterbury,0.0,Orge,118.1662842415941,3597.8091528365158,Premium
Hacienda El Sol,Green Valley Farm,Maroc,Meknès-Fès,0.0,Olives à Huile,1181.9598766000563,3116.2789164217866,Standard
Cooperative Grains Alliance,Marché Wholesale Agadir,USA,Meknès-Fès,0.0,Olives à Huile,291.2888673208701,1896.2096099477826,Bio Certifié
Domaine Provence Bio,Union Agricole Méditerranée,France,Provence,0.0,Salades,125.07248907950245,2604.220286688638,Bio Certifié
Coopérative Oasis,Hacienda El Sol,France,Catalogne,0.0,Robusta,157.82528022520546,1730.7043471648033,Standard
Marché Wholesale Agadir,Mercabarna,Tunisie,São Paulo,0.0,Olives à Huile,168.13739037551412,1468.5276469067758,Bio Certifié
Ferme Al Baraka,Green Valley Farm,Espagne,Île-de-France,0.0,Blé,117.44065650177379,2793.938173222765,Standard
Fattoria Toscana,Hacienda El Sol,Italie,Canterbury,0.0,Olives à Huile,63.970301213122156,1407.1400242652867,Standard
Dairy Meadows,Coopérative Oasis,USA,Californie,0.0,Raisins de Table,181.82870289248507,3660.236386936461,Premium
Domaine Provence Bio,Domaine Provence Bio,France,Andalousie,0.0,Fromage,279.0964461004697,3202.2096839977876,Commerce Équitable
Domaine Saada,Union Agricole Méditerranée,Italie,Marrakech-Safi,0.0,Oignons,229.16000279040583,659.0227167027019,Bio Certifié
Fattoria Toscana,Fattoria Toscana,Italie,Californie,0.0,Blé,41.401794192836824,734.4452572171776,Standard
Dairy Meadows,Fattoria Toscana,USA,Catalogne,0.0,Beurre,484.3101567469038,137.45424979376526,Standard
Union Agricole Méditerranée,Fattoria Toscana,France,Meknès-Fès,0.0,Citrons,178.3317381909765,2426.717711974109,Bio Certifié
Coopérative Oasis,Fattoria Toscana,Brésil,São Paulo,0.0,Raisins de Table,10.789909903883213,1856.0242852023478,Standard
Rungis International,Domaine Provence Bio,Tunisie,Toscane,0.0,Oignons,172.71617974454708,-231.00390363934002,Standard
Coopérative Oasis,Coopérative Oasis,France,Souss-Massa,0.0,Lait,36.021876083394105,2630.150577326202,Bio Certifié
Coopérative Oasis,Mercabarna,Maroc,Marrakech-Safi,0.0,Olives à Huile,247.57153253435104,11808.950552117665,Premium
Green Valley Farm,Union Agricole Méditerranée,USA,Catalogne,0.0,Arabica,50.09290950115043,887.7210926732225,Premium
Fattoria Toscana,Marché Wholesale Agadir,Nouvelle-Zélande,Toscane,0.0,Olives de Table,153.22929360325446,2682.639940135321,Commerce Équitable
Green Valley Farm,Dairy Meadows,France,Andalousie,0.0,Citrons,272.53950896094756,11242.149580316209,Bio Certifié
Ferme Al Baraka,Ferme Al Baraka,Maroc,Canterbury,0.0,Blé,123.47788785972813,4922.682317782515,Bio Certifié
Rungis International,Coopérative Oasis,Italie,Toscane,0.0,Olives de Table,934.4938537603709,553.3443987025404,Premium
Green Valley Farm,Fattoria Toscana,Italie,São Paulo,0.0,Riz,19.504218633334503,4541.112919628139,Premium
Dairy Meadows,Marché Wholesale Agadir,Espagne,Sfax,0.0,Fromage,18.514140458078614,1727.8116034343584,Bio Certifié
Green Valley Farm,Domaine Saada,Italie,Souss-Massa,0.0,Riz,708.5847700248431,1335.3129019384917,Bio Certifié
Marché Wholesale Agadir,Ferme Al Baraka,Nouvelle-Zélande,São Paulo,0.0,Riz,244.3148027441287,3720.2736596924897,Commerce Équitable
Fazenda Brasil,Cooperative Grains Alliance,France,São Paulo,0.0,Riz,146.13138377093443,3955.050929986023,Standard
Fazenda Brasil,Fazenda Brasil,USA,Kansas,0.0,Maïs,463.5814652120898,12380.842135725132,Bio Certifié
Domaine Saada,Fazenda Brasil,France,Île-de-France,0.0,Pommes,43.42199403518285,3340.6070914743077,Bio Certifié
Fattoria Toscana,Mercabarna,Espagne,Toscane,0.0,Maïs,67.06352296915082,5651.489089256663,Premium
Dairy Meadows,Union Agricole Méditerranée,Italie,Andalousie,0.0,Pommes,283.79652314388943,2725.4323482794425,Bio Certifié
Ferme Al Baraka,Union Agricole Méditerranée,Tunisie,Marrakech-Safi,0.0,Blé,283.7064906492901,3453.537536095726,Bio Certifié
Coopérative Oasis,Coopérative Oasis,Espagne,Californie,0.0,Pommes de terre,115.64004929711581,3000.4835211827794,Bio Certifié
Union Agricole Méditerranée,Ferme Al Baraka,Maroc,Souss-Massa,0.0,Riz,216.62092953875413,2043.928373326204,Bio Certifié
Fattoria Toscana,Fazenda Brasil,Tunisie,São Paulo,0.0,Riz,260.817551281275,3981.2240142372575,Bio Certifié
Mercabarna,Domaine Provence Bio,USA,Canterbury,0.0,Tomates,174.18026600796696,2247.8063285781777,Standard
Rungis International,Coopérative Oasis,Nouvelle-Zélande,Marrakech-Safi,0.0,Raisins de Table,62.30498472282263,4179.131142075314,Bio Certifié
Hacienda El Sol,Fazenda Brasil,USA,Californie,0.0,Bananes,182.66198530540223,3143.9881792543183,Premium
Green Valley Farm,Ferme Al Baraka,Maroc,Souss-Massa,0.0,Courgettes,155.3998640531648,2145.7112775174037,Commerce Équitable
Fattoria Toscana,Union Agricole Méditerranée,Tunisie,Provence,0.0,Raisins de Cuve,277.3341768628248,5667.964578051037,Commerce Équitable
Domaine Saada,Coopérative Oasis,Tunisie,São Paulo,0.0,Medjool,1064.7159015752254,2898.238954815803,Premium
Union Agricole Méditerranée,Dairy Meadows,Nouvelle-Zélande,Kansas,0.0,Robusta,168.5874492706492,1608.8016572049673,Standard
Mercabarna,Hacienda El Sol,Brésil,Sfax,0.0,Olives à Huile,281.5621362756779,3008.271610593411,Standard
Ferme Al Baraka,Rungis International,Nouvelle-Zélande,Souss-Massa,0.0,Pommes,117.68220185018265,3828.040079581217,Standard
Rungis International,Dairy Meadows,Tunisie,Toscane,0.0,Medjool,98.10540789065428,4194.231998479949,Bio Certifié
Hacienda El Sol,Union Agricole Méditerranée,USA,São Paulo,0.0,Olives à Huile,75.02819086055973,4606.87446073285,Bio Certifié
Union Agricole Méditerranée,Rungis International,Tunisie,Marrakech-Safi,0.0,Olives de Table,290.7839948647742,2461.4356844237227,Standard
Ferme Al Baraka,Mercabarna,Espagne,Canterbury,0.0,Medjool,38.960458353590994,3361.5129171836443,Bio Certifié
Mercabarna,Fattoria Toscana,France,Catalogne,0.0,Arabica,134.45537908179045,2943.725848523987,Bio Certifié
Ferme Al Baraka,Dairy Meadows,Brésil,Provence,0.0,Raisins de Cuve,65.46362743269894,4067.54297365001,Bio Certifié
Mercabarna,Rungis International,Tunisie,Souss-Massa,0.0,Raisins de Table,582.8584007645109,2302.498913116296,Standard
Green Valley Farm,Domaine Provence Bio,Maroc,Sfax,0.0,Raisins de Table,264.92388700696745,1784.697617110532,Standard
Cooperative Grains Alliance,Fattoria Toscana,Espagne,Souss-Massa,0.0,Oignons,78.96008736120844,5790.803513153693,Standard
Marché Wholesale Agadir,Rungis International,Maroc,Provence,0.0,Bananes,83.35400760160547,5438.673956730399,Bio Certifié
Domaine Saada,Mercabarna,France,Canterbury,0.0,Raisins de Table,65.2980078824936,3837.024293685594,Bio Certifié
Dairy Meadows,Domaine Provence Bio,France,Souss-Massa,0.0,Raisins de Cuve,242.73826279170032,1126.4292368830233,Standard
Union Agricole Méditerranée,Rungis International,Espagne,São Paulo,0.0,Maïs,226.67393461305534,-392.5484768998374,Standard
Cooperative Grains Alliance,Fattoria Toscana,Brésil,Catalogne,0.0,Raisins de Table,134.51869900003675,11868.954475423267,Standard
Hacienda El Sol,Mercabarna,France,São Paulo,0.0,Citrons,-10.291053213345613,7553.500894502626,Bio Certifié
Fattoria Toscana,Fazenda Brasil,Espagne,São Paulo,0.0,Lait,35.36231732377592,2322.553783384788,Premium
Fazenda Brasil,Domaine Saada,France,Île-de-France,0.0,Raisins de Cuve,63.28437801683122,1972.4197334100406,Commerce Équitable
Mercabarna,Hacienda El Sol,Maroc,Souss-Massa,0.0,Blé,1388.5731617488784,27280.98563465196,Premium
Rungis International,Green Valley Farm,USA,Sfax,0.0,Raisins de Cuve,179.71560552758592,2606.9089357181947,Bio Certifié
Rungis International,Cooperative Grains Alliance,Maroc,Toscane,0.0,Yaourt,671.075551247371,3206.9030208375157,Premium
Rungis International,Union Agricole Méditerranée,Brésil,Meknès-Fès,0.0,Raisins de Cuve,250.7389605711088,4171.928862369713,Standard
Fazenda Brasil,Domaine Saada,Tunisie,Provence,0.0,Robusta,287.28025753088775,3635.5176088989783,Bio Certifié
Mercabarna,Domaine Provence Bio,Espagne,Meknès-Fès,0.0,Carottes,145.6586446501318,3092.291647718158,Premium
Ferme Al Baraka,Fazenda Brasil,France,Californie,0.0,Deglet Nour,118.72412337232889,2658.655030289933,Bio Certifié
Coopérative Oasis,Domaine Saada,Tunisie,Sfax,0.0,Deglet Nour,166.37837755071143,1121.799411629781,Premium
Domaine Provence Bio,Fattoria Toscana,Italie,Souss-Massa,0.0,Salades,-24.995682214637746,3216.259408411317,Premium
Union Agricole Méditerranée,Green Valley Farm,France,Sfax,0.0,Olives de Table,94.84760975693649,19.433502458325165,Standard
Fazenda Brasil,Domaine Saada,Italie,Kansas,0.0,Salades,12.372335560517428,-267.9627113951665,Standard
Union Agricole Méditerranée,Hacienda El Sol,Tunisie,Kansas,0.0,Oignons,105.69212566951985,338.3131326774361,Bio Certifié
Mercabarna,Union Agricole Méditerranée,Maroc,Île-de-France,0.0,Raisins de Table,-53.03498621947487,747.9756169827529,Bio Certifié
Fazenda Brasil,Fattoria Toscana,Nouvelle-Zélande,Canterbury,0.0,Olives à Huile,605.940271390521,1033.1475270830165,Standard
Coopérative Oasis,Domaine Provence Bio,USA,Andalousie,0.0,Carottes,145.29377967620505,3097.783308991757,Bio Certifié
Fattoria Toscana,Fattoria Toscana,France,Provence,0.0,Tomates,245.47455052437869,201.71917866462218,Bio Certifié
Dairy Meadows,Domaine Provence Bio,USA,Andalousie,0.0,Citrons,302.04941413212964,11254.87542188416,Bio Certifié
Hacienda El Sol,Domaine Saada,Maroc,São Paulo,0.0,Citrons,64.53012718149634,18726.62057972412,Premium
Domaine Saada,Domaine Provence Bio,Italie,Catalogne,0.0,Olives à Huile,142.15051847166941,4776.004280548536,Standard
Green Valley Farm,Marché Wholesale Agadir,Espagne,Catalogne,0.0,Maïs,30.30709297031991,1165.0701385651532,Standard
Fattoria Toscana,Domaine Provence Bio,USA,Kansas,0.0,Olives à Huile,503.59043772085,1582.1250243831769,Bio Certifié
Union Agricole Méditerranée,Fazenda Brasil,France,Souss-Massa,0.0,Raisins de Cuve,584.9955396717058,1147.0683053994126,Bio Certifié
Fazenda Brasil,Hacienda El Sol,USA,Meknès-Fès,0.0,Riz,54.44461227604707,2369.947248203818,Standard
Rungis International,Hacienda El Sol,Maroc,Meknès-Fès,0.0,Raisins de Table,460.7164522831833,1800.2749390420902,Premium
Marché Wholesale Agadir,Marché Wholesale Agadir,Maroc,Toscane,0.0,Blé,81.56943788969498,1765.0751230643066,Bio Certifié
Cooperative Grains Alliance,Ferme Al Baraka,Maroc,Californie,0.0,Deglet Nour,575.7360662260475,21431.291325246006,Bio Certifié
Dairy Meadows,Marché Wholesale Agadir,Italie,Marrakech-Safi,0.0,Lait,108.53636680618507,4367.275593288926,Commerce Équitable
Ferme Al Baraka,Union Agricole Méditerranée,USA,Catalogne,0.0,Courgettes,177.4357897458935,3764.4700576968607,Commerce Équitable
Rungis International,Cooperative Grains Alliance,Espagne,Catalogne,0.0,Tomates,90.0781381858398,789.7548370299533,Standard
Green Valley Farm,Mercabarna,Nouvelle-Zélande,Canterbury,0.0,Raisins de Table,158.35751067810145,20796.29023282771,Premium
Fazenda Brasil,Domaine Saada,USA,Souss-Massa,0.0,Riz,143.46948259804634,3017.255633627109,Premium
Domaine Saada,Domaine Saada,Espagne,Souss-Massa,0.0,Robusta,281.1327268600777,3649.3375953040886,Premium
Fazenda Brasil,Domaine Provence Bio,France,São Paulo,0.0,Yaourt,202.93301876802772,2565.1469198615678,Bio Certifié
Rungis International,Fazenda Brasil,Espagne,Île-de-France,0.0,Raisins de Cuve,67.47159055012376,1899.1074370656406,Standard
Fazenda Brasil,Union Agricole Méditerranée,Maroc,Provence,0.0,Robusta,167.7416768326325,3610.447207032019,Bio Certifié
Union Agricole Méditerranée,Union Agricole Méditerranée,Tunisie,Toscane,0.0,Tomates,261.7755674187979,3664.239000769702,Standard
Mercabarna,Cooperative Grains Alliance,Italie,Andalousie,0.0,Raisins de Table,42.668425190965976,1101.1586196700953,Premium
Domaine Provence Bio,Dairy Meadows,France,Canterbury,0.0,Pamplemousses,542.2302694683254,14027.03698366095,Commerce Équitable
Domaine Saada,Ferme Al Baraka,France,Toscane,0.0,Citrons,474.05809988919964,3120.962032541487,Standard
Cooperative Grains Alliance,Ferme Al Baraka,USA,Californie,0.0,Orge,912.3894192031584,11183.895990928231,Standard
Domaine Provence Bio,Mercabarna,France,Meknès-Fès,0.0,Tomates,485.4132461324412,346.4877732341786,Commerce Équitable
Domaine Saada,Fazenda Brasil,Italie,São Paulo,0.0,Blé,437.4314551319772,2956.1982676620564,Standard
Fazenda Brasil,Coopérative Oasis,Maroc,Marrakech-Safi,0.0,Oranges,58.16577203726047,2305.03444905615,Bio Certifié
Domaine Saada,Fazenda Brasil,Nouvelle-Zélande,Canterbury,0.0,Raisins de Cuve,160.03173311080636,5318.455704180162,Premium
Rungis International,Domaine Provence Bio,France,Souss-Massa,0.0,Orge,241.1412775195199,2143.7666571501145,Standard
Dairy Meadows,Hacienda El Sol,USA,Toscane,0.0,Robusta,513.6603629257625,23722.105330257782,Standard
Fattoria Toscana,Domaine Provence Bio,Nouvelle-Zélande,Marrakech-Safi,0.0,Oignons,88.8622113964278,3224.386516607795,Premium
Mercabarna,Fazenda Brasil,Brésil,Californie,0.0,Riz,177.21277641716182,3337.6483195740975,Bio Certifié
Domaine Provence Bio,Ferme Al Baraka,Italie,Provence,0.0,Oignons,116.48139949550009,4819.7261579389815,Premium
Mercabarna,Fazenda Brasil,Maroc,Souss-Massa,0.0,Citrons,26.590160471138596,1776.2849361761455,Standard
Ferme Al Baraka,Rungis International,Espagne,Marrakech-Safi,0.0,Arabica,35.74098738543955,2436.405816532908,Premium
Rungis International,Union Agricole Méditerranée,Nouvelle-Zélande,Meknès-Fès,0.0,Yaourt,675.5908764462213,-94.68175116792372,Standard
Domaine Provence Bio,Ferme Al Baraka,Maroc,Meknès-Fès,0.0,Orge,242.91288467131307,2355.588738243163,Standard
Domaine Provence Bio,Fattoria Toscana,Maroc,Toscane,0.0,Robusta,40.64867860110499,2472.3811671356475,Bio Certifié
Ferme Al Baraka,Fattoria Toscana,Brésil,Toscane,0.0,Maïs,40.886220037200275,10146.766634798018,Premium
Domaine Provence Bio,Green Valley Farm,Nouvelle-Zélande,Catalogne,0.0,Pommes,238.28997284223482,2624.025801353901,Commerce Équitable
Fazenda Brasil,Rungis International,Espagne,Sfax,0.0,Raisins de Cuve,-8.444115959494702,2310.259811818558,Standard
Rungis International,Marché Wholesale Agadir,USA,Meknès-Fès,0.0,Tomates,220.02823920511787,20937.976605778087,Bio Certifié
Domaine Saada,Domaine Saada,Maroc,Kansas,0.0,Robusta,545.9698394941689,4305.24764099679,Bio Certifié
Coopérative Oasis,Green Valley Farm,Maroc,Souss-Massa,0.0,Raisins de Table,99.82726493343095,4404.963015529908,Bio Certifié
Hacienda El Sol,Fattoria Toscana,Italie,São Paulo,0.0,Beurre,-20.247099003838493,4513.124189626949,Bio Certifié
Hacienda El Sol,Hacienda El Sol,Maroc,Andalousie,0.0,Riz,10.634423550198655,673.1629629209123,Premium
Dairy Meadows,Coopérative Oasis,USA,Provence,0.0,Bananes,273.286397840787,2865.6910052046287,Bio Certifié
Dairy Meadows,Cooperative Grains Alliance,USA,Californie,0.0,Olives à Huile,2.578150055040787,2275.3991581600785,Standard
Rungis International,Hacienda El Sol,Espagne,Toscane,0.0,Raisins de Table,291.8507385587958,3730.2824286085015,Standard
Domaine Provence Bio,Ferme Al Baraka,Maroc,Andalousie,0.0,Citrons,274.0510585695924,3408.99745719998,Standard
Union Agricole Méditerranée,Fazenda Brasil,Maroc,Marrakech-Safi,0.0,Maïs,160.9257960271125,2253.898210474614,Bio Certifié
Green Valley Farm,Dairy Meadows,France,Île-de-France,0.0,Olives à Huile,133.91272671424596,2510.796400061213,Bio Certifié
Domaine Provence Bio,Cooperative Grains Alliance,USA,Sfax,0.0,Medjool,1360.2301525634825,2212.062666683702,Standard
Green Valley Farm,Green Valley Farm,Espagne,Meknès-Fès,0.0,Tomates,281.15557638017685,3610.363919362593,Standard
Ferme Al Baraka,Marché Wholesale Agadir,France,Californie,0.0,Olives à Huile,67.87758572967418,-307.41002749900986,Premium
Domaine Saada,Green Valley Farm,USA,Île-de-France,0.0,Oignons,579.1375901608758,1917.2503528331213,Bio Certifié
Rungis International,Domaine Saada,France,São Paulo,0.0,Blé,102.22916838192143,-580.0733128722295,Standard
Coopérative Oasis,Union Agricole Méditerranée,France,Californie,0.0,Olives à Huile,47.88294321898081,5155.605743398511,Bio Certifié
Rungis International,Green Valley Farm,Maroc,São Paulo,0.0,Oignons,456.79570491929064,968.1485982974857,Standard
Cooperative Grains Alliance,Fattoria Toscana,Nouvelle-Zélande,Kansas,0.0,Riz,-45.140791444265794,3935.88544094804,Bio Certifié
Cooperative Grains Alliance,Fattoria Toscana,Brésil,Meknès-Fès,0.0,Olives à Huile,237.43054815254695,4471.124242253519,Standard
Union Agricole Méditerranée,Fazenda Brasil,Nouvelle-Zélande,Toscane,0.0,Maïs,74.8278270499837,2824.753867861078,Standard
Ferme Al Baraka,Mercabarna,Espagne,São Paulo,0.0,Fromage,144.54312366181367,2427.081677498055,Bio Certifié
Ferme Al Baraka,Coopérative Oasis,USA,Île-de-France,0.0,Olives à Huile,59.728035057446064,1557.5049863915292,Bio Certifié
Domaine Provence Bio,Ferme Al Baraka,Espagne,Andalousie,0.0,Yaourt,77.64226176793859,1745.5210763175073,Premium
Cooperative Grains Alliance,Rungis International,Maroc,Catalogne,0.0,Carottes,111.80773072916664,5368.896715696313,Premium
Union Agricole Méditerranée,Domaine Provence Bio,Italie,Souss-Massa,0.0,Beurre,1234.1972571018978,5235.769634352871,Premium
Cooperative Grains Alliance,Fattoria Toscana,USA,Andalousie,0.0,Olives à Huile,20.757117719429175,3624.1603994911825,Premium
Domaine Provence Bio,Rungis International,Maroc,Île-de-France,0.0,Citrons,1245.5414453920505,2899.4680893052155,Standard
Ferme Al Baraka,Marché Wholesale Agadir,Maroc,Île-de-France,0.0,Pommes,132.51703117736787,5008.620434556517,Standard
Hacienda El Sol,Hacienda El Sol,France,São Paulo,0.0,Courgettes,175.40866572912924,3724.506700003878,Bio Certifié
Domaine Saada,Hacienda El Sol,Maroc,Catalogne,0.0,Salades,183.39771048522596,9307.370024732241,Bio Certifié
Fattoria Toscana,Hacienda El Sol,Maroc,Provence,0.0,Olives à Huile,12.388687599567788,221.94810688953612,Standard
Hacienda El Sol,Dairy Meadows,France,Californie,0.0,Tomates,37.62933990250109,2488.3870457842445,Bio Certifié
Dairy Meadows,Fattoria Toscana,Maroc,Kansas,0.0,Oranges,626.6854696058098,2469.529898544336,Premium
Fattoria Toscana,Mercabarna,Brésil,Souss-Massa,0.0,Raisins de Table,454.83810210694287,777.4301166536759,Standard
Cooperative Grains Alliance,Fattoria Toscana,Maroc,Toscane,0.0,Tomates,-25.33112837184928,5404.439152604058,Premium
Mercabarna,Fazenda Brasil,France,Canterbury,0.0,Oranges,524.2538279342929,5807.940017232857,Standard
Union Agricole Méditerranée,Green Valley Farm,Italie,Souss-Massa,0.0,Riz,446.74431473452114,1886.6059209906907,Standard
Rungis International,Fazenda Brasil,Maroc,Catalogne,0.0,Deglet Nour,121.12409855709723,3110.719530874004,Standard
Rungis International,Ferme Al Baraka,Espagne,São Paulo,0.0,Medjool,118.17279127793839,3333.0217680567757,Bio Certifié
Domaine Saada,Cooperative Grains Alliance,France,São Paulo,0.0,Pommes,173.71746224954515,1723.82124075812,Standard
Green Valley Farm,Coopérative Oasis,Maroc,São Paulo,0.0,Pommes,238.27392240071737,4368.066331219641,Commerce Équitable
Green Valley Farm,Union Agricole Méditerranée,Brésil,Kansas,0.0,Raisins de Table,46.66217154276494,3681.982988590019,Commerce Équitable
Coopérative Oasis,Marché Wholesale Agadir,Brésil,Sfax,0.0,Salades,90.92179942581042,2457.9207294782027,Standard
Mercabarna,Rungis International,Maroc,Californie,0.0,Robusta,147.36663981208915,3894.5009284860835,Bio Certifié
Hacienda El Sol,Union Agricole Méditerranée,Italie,Souss-Massa,0.0,Raisins de Cuve,153.97039964239494,4416.577468911018,Bio Certifié
Green Valley Farm,Mercabarna,France,Marrakech-Safi,0.0,Riz,484.14235532903103,8400.000754684297,Premium
Fazenda Brasil,Union Agricole Méditerranée,France,Meknès-Fès,0.0,Raisins de Table,214.17113593624111,25609.08218183988,Bio Certifié
Rungis International,Ferme Al Baraka,USA,São Paulo,0.0,Raisins de Table,176.53709158725678,2339.3862980775093,Standard
Domaine Provence Bio,Green Valley Farm,Brésil,Souss-Massa,0.0,Pommes,250.10811776939542,2999.047536228225,Commerce Équitable
Coopérative Oasis,Marché Wholesale Agadir,France,Catalogne,0.0,Courgettes,455.233130047773,25965.619541377153,Premium
Marché Wholesale Agadir,Fazenda Brasil,France,Souss-Massa,0.0,Raisins de Table,383.1035163175929,3353.0200201333064,Commerce Équitable
Ferme Al Baraka,Ferme Al Baraka,Maroc,Île-de-France,0.0,Maïs,119.59483250765953,2380.906191407145,Bio Certifié
Rungis International,Cooperative Grains Alliance,Italie,Sfax,0.0,Oranges,29.469877745208713,3186.2948402443144,Bio Certifié
Ferme Al Baraka,Ferme Al Baraka,Maroc,São Paulo,0.0,Salades,130.25998233766273,2971.3932798992564,Standard
Green Valley Farm,Ferme Al Baraka,Espagne,Canterbury,0.0,Robusta,255.0187642960182,1490.010885633239,Standard
Green Valley Farm,Fazenda Brasil,Espagne,Souss-Massa,0.0,Medjool,735.9228500053298,3824.4994888425454,Standard
Marché Wholesale Agadir,Ferme Al Baraka,Maroc,Meknès-Fès,0.0,Medjool,129.05036734949513,5138.456124502396,Standard
Union Agricole Méditerranée,Union Agricole Méditerranée,USA,Souss-Massa,0.0,Raisins de Table,167.9257556343107,7782.890164076692,Standard
Domaine Provence Bio,Union Agricole Méditerranée,France,Sfax,0.0,Raisins de Cuve,227.5570887601694,684.0302065265604,Premium
Union Agricole Méditerranée,Cooperative Grains Alliance,Tunisie,Andalousie,0.0,Raisins de Table,93.94918745167863,20746.046748276345,Standard
Domaine Saada,Hacienda El Sol,Maroc,Provence,0.0,Orge,18.97869039782185,2863.868454668745,Standard
Rungis International,Ferme Al Baraka,Maroc,Souss-Massa,0.0,Olives à Huile,217.8067821263732,-224.9382697011381,Bio Certifié
Cooperative Grains Alliance,Ferme Al Baraka,Maroc,Kansas,0.0,Raisins de Table,259.9916988452344,2995.2633780054575,Standard
Domaine Provence Bio,Domaine Provence Bio,USA,Marrakech-Safi,0.0,Oignons,52.7694202998851,1080.4428375730918,Standard
Ferme Al Baraka,Domaine Saada,Brésil,São Paulo,0.0,Mandarines,101.39542678896994,1929.3298821406038,Premium
Dairy Meadows,Green Valley Farm,Maroc,Catalogne,0.0,Fromage,157.35822059740855,5906.000028182119,Bio Certifié
Fattoria Toscana,Domaine Provence Bio,Maroc,São Paulo,0.0,Oignons,467.352861600692,13151.203698967109,Premium
Marché Wholesale Agadir,Hacienda El Sol,Brésil,Kansas,0.0,Medjool,281.7070614726029,3246.316349200568,Premium
Hacienda El Sol,Cooperative Grains Alliance,USA,Californie,0.0,Oignons,206.15184393557718,12485.385718293332,Bio Certifié
Domaine Provence Bio,Dairy Meadows,Brésil,Provence,0.0,Deglet Nour,302.1611036634559,1354.512449462878,Bio Certifié
Green Valley Farm,Rungis International,Tunisie,Souss-Massa,0.0,Olives à Huile,75.81799478356193,369.73555619138835,Bio Certifié
Domaine Provence Bio,Domaine Saada,Maroc,Andalousie,0.0,Fromage,96.34753265270257,1888.9934164515614,Standard
Coopérative Oasis,Domaine Provence Bio,Nouvelle-Zélande,Andalousie,0.0,Mandarines,129.927917553207,1285.4317608506494,Premium
Mercabarna,Domaine Saada,France,Toscane,0.0,Raisins de Table,238.60719265283655,3078.0021583015237,Standard
Mercabarna,Dairy Meadows,Maroc,Souss-Massa,0.0,Arabica,101.80381273885708,3398.9732870114753,Bio Certifié
Domaine Provence Bio,Hacienda El Sol,Espagne,Kansas,0.0,Carottes,1282.706680850871,3861.6941263344197,Bio Certifié
Marché Wholesale Agadir,Green Valley Farm,Maroc,Toscane,0.0,Pommes de terre,249.34023541212485,5495.248283456396,Premium
Coopérative Oasis,Cooperative Grains Alliance,Espagne,Souss-Massa,0.0,Pommes,148.66805976454194,3404.596921552128,Premium
Domaine Saada,Domaine Provence Bio,Maroc,Toscane,0.0,Deglet Nour,477.0003561440282,3737.950383751947,Bio Certifié
Union Agricole Méditerranée,Fattoria Toscana,Maroc,Provence,0.0,Tomates,177.00489626055688,13189.957919876948,Premium
Ferme Al Baraka,Ferme Al Baraka,Maroc,Canterbury,0.0,Raisins de Table,275.0711126928727,3592.4350504619106,Premium
Rungis International,Hacienda El Sol,France,Provence,0.0,Riz,28.134517287728777,3429.029732521176,Standard
Ferme Al Baraka,Fazenda Brasil,USA,Souss-Massa,0.0,Raisins de Table,-2.7512516413970474,1538.0675267472593,Bio Certifié
Rungis International,Fattoria Toscana,Nouvelle-Zélande,Provence,0.0,Yaourt,270.8359406789782,1807.7567008038945,Standard
Green Valley Farm,Fattoria Toscana,Maroc,Marrakech-Safi,0.0,Arabica,33.03410238304744,9498.860928698074,Commerce Équitable
Fattoria Toscana,Domaine Saada,France,São Paulo,0.0,Robusta,131.08391453452583,5399.723378043758,Premium
Fazenda Brasil,Domaine Provence Bio,USA,Marrakech-Safi,0.0,Bananes,76.5998433063208,24802.92796412913,Bio Certifié
Dairy Meadows,Domaine Saada,Nouvelle-Zélande,Sfax,0.0,Maïs,225.46923309471475,21179.805290716544,Standard
Green Valley Farm,Fattoria Toscana,Italie,Toscane,0.0,Raisins de Cuve,232.82115273782026,-386.41150235720283,Bio Certifié
Dairy Meadows,Fattoria Toscana,France,São Paulo,0.0,Mandarines,-28.349235097433613,806.7815173732636,Bio Certifié
Mercabarna,Hacienda El Sol,Maroc,Toscane,0.0,Medjool,154.14838916283034,570.6241362842156,Bio Certifié
Ferme Al Baraka,Coopérative Oasis,Italie,Meknès-Fès,0.0,Salades,904.5891500659176,1348.2540549829496,Bio Certifié
Coopérative Oasis,Fattoria Toscana,USA,Provence,0.0,Olives de Table,579.7392552399858,3775.7892845605566,Bio Certifié
Dairy Meadows,Green Valley Farm,Italie,Catalogne,0.0,Fromage,44.68437538169932,4533.053080573935,Bio Certifié
Green Valley Farm,Fattoria Toscana,Maroc,Île-de-France,0.0,Blé,42.38856404104713,2565.9546334737825,Standard
Marché Wholesale Agadir,Hacienda El Sol,Maroc,São Paulo,0.0,Raisins de Cuve,74.6695228856693,3231.893943935903,Bio Certifié
Marché Wholesale Agadir,Green Valley Farm,Maroc,Île-de-France,0.0,Deglet Nour,166.97990114424366,5123.7451487973285,Premium
Fattoria Toscana,Fattoria Toscana,France,Canterbury,0.0,Olives de Table,33.52223237375897,1963.700910424321,Premium
Domaine Provence Bio,Marché Wholesale Agadir,Maroc,Californie,0.0,Robusta,251.59711597878413,4649.141234927374,Standard
Mercabarna,Mercabarna,France,Californie,0.0,Raisins de Table,53.74212129312835,11275.126028569279,Bio Certifié
Coopérative Oasis,Domaine Provence Bio,Maroc,Toscane,0.0,Tomates,249.43474933617125,19124.193395893173,Standard
Mercabarna,Fattoria Toscana,France,Île-de-France,0.0,Lait,83.58053773275115,1646.3800051096066,Premium
Coopérative Oasis,Marché Wholesale Agadir,Brésil,Sfax,0.0,Tomates,202.50343625000252,5068.884158864061,Commerce Équitable
Domaine Saada,Domaine Provence Bio,France,Sfax,0.0,Medjool,224.00217561769392,4350.32825618904,Standard
Rungis International,Fattoria Toscana,USA,Catalogne,0.0,Lait,130.4978360580195,2160.146897393825,Premium
Coopérative Oasis,Dairy Meadows,France,Kansas,0.0,Olives de Table,195.47609327056094,3100.0928437665557,Bio Certifié
Dairy Meadows,Hacienda El Sol,Maroc,Andalousie,0.0,Pommes de terre,141.73136804830645,2783.032669590044,Standard
Union Agricole Méditerranée,Rungis International,Maroc,Île-de-France,0.0,Salades,228.7487739378306,-502.6059227643209,Standard
Domaine Saada,Fattoria Toscana,Tunisie,Kansas,0.0,Fromage,82.58917734444123,1767.0640789251522,Bio Certifié
Rungis International,Fazenda Brasil,Tunisie,Californie,0.0,Bananes,263.204624105132,4209.285028568421,Commerce Équitable
Cooperative Grains Alliance,Mercabarna,Brésil,Provence,0.0,Olives à Huile,35.12424384178965,131.04059349455224,Bio Certifié
Dairy Meadows,Marché Wholesale Agadir,Nouvelle-Zélande,Kansas,0.0,Citrons,148.94831842125407,2213.136339231701,Premium
Domaine Provence Bio,Domaine Saada,France,Andalousie,0.0,Robusta,581.1849875570078,4420.570716843982,Standard
Hacienda El Sol,Domaine Provence Bio,USA,São Paulo,0.0,Olives de Table,164.7217408100942,3492.520683136395,Standard
Fattoria Toscana,Dairy Meadows,Maroc,Toscane,0.0,Tomates,289.13587705961106,3872.7999456098523,Bio Certifié
Domaine Saada,Domaine Saada,Tunisie,Sfax,0.0,Orge,122.76722728148584,5542.719644247352,Standard
Fattoria Toscana,Mercabarna,Italie,Sfax,0.0,Robusta,-36.36890763529416,-171.5325922691593,Premium
Union Agricole Méditerranée,Marché Wholesale Agadir,Maroc,Andalousie,0.0,Medjool,192.79086354065456,3907.5239957871536,Bio Certifié
Marché Wholesale Agadir,Marché Wholesale Agadir,Maroc,Californie,0.0,Olives de Table,60.68035457026213,19380.967034768782,Standard
Rungis International,Fattoria Toscana,Espagne,Marrakech-Safi,0.0,Blé,220.13590891346374,179.65036649811918,Standard
Domaine Provence Bio,Domaine Saada,Maroc,Île-de-France,0.0,Olives à Huile,32.23227361700862,864.6114254100584,Bio Certifié
Domaine Provence Bio,Domaine Provence Bio,Nouvelle-Zélande,Andalousie,0.0,Riz,257.6713666230137,3104.053425105566,Premium
Mercabarna,Coopérative Oasis,France,Meknès-Fès,0.0,Olives de Table,141.9693174790953,1431.1145265341006,Standard
Dairy Meadows,Ferme Al Baraka,Brésil,São Paulo,0.0,Riz,108.22973595318024,3834.077795615872,Premium
Mercabarna,Domaine Saada,Nouvelle-Zélande,Kansas,0.0,Raisins de Table,591.0548463995732,2506.448835088272,Premium
Dairy Meadows,Green Valley Farm,Espagne,Toscane,0.0,Mandarines,187.25327128531035,5164.0532535907305,Premium
Cooperative Grains Alliance,Hacienda El Sol,Maroc,Andalousie,0.0,Arabica,142.78107022274997,3533.2146090002425,Bio Certifié
Rungis International,Marché Wholesale Agadir,Maroc,Andalousie,0.0,Olives à Huile,435.52439033166866,279.2342787597063,Bio Certifié
Fazenda Brasil,Union Agricole Méditerranée,Maroc,São Paulo,0.0,Riz,227.936731228584,1846.65878287787,Premium
Dairy Meadows,Rungis International,Maroc,Canterbury,0.0,Olives à Huile,130.82222511663764,692.8952441001386,Standard
Ferme Al Baraka,Dairy Meadows,Brésil,São Paulo,0.0,Carottes,113.67959577751964,4203.041876766612,Bio Certifié
Domaine Provence Bio,Coopérative Oasis,Espagne,Marrakech-Safi,0.0,Raisins de Table,82.05927167288036,2732.2371314517786,Standard
Fazenda Brasil,Dairy Meadows,France,Kansas,0.0,Citrons,236.52556867468167,2013.7371324100322,Premium
Ferme Al Baraka,Ferme Al Baraka,Maroc,Souss-Massa,0.0,Beurre,277.6649755969871,3580.5459031746077,Premium
Mercabarna,Cooperative Grains Alliance,Espagne,Île-de-France,0.0,Raisins de Cuve,31.24841428428231,2474.45837334325,Standard
Green Valley Farm,Marché Wholesale Agadir,USA,Souss-Massa,0.0,Raisins de Cuve,502.15195898367654,5336.714950632197,Premium
Fazenda Brasil,Hacienda El Sol,Brésil,Souss-Massa,0.0,Riz,213.59998448497555,2997.792340137452,Standard
Domaine Provence Bio,Dairy Meadows,Maroc,Andalousie,0.0,Robusta,108.01750190406887,1926.046868287561,Standard
Fattoria Toscana,Green Valley Farm,Nouvelle-Zélande,Souss-Massa,0.0,Yaourt,57.30488010372333,2347.153420319154,Bio Certifié
Domaine Saada,Domaine Provence Bio,Tunisie,Andalousie,0.0,Robusta,74.98789550869542,1910.7954164400476,Bio Certifié
Ferme Al Baraka,Domaine Provence Bio,Tunisie,Canterbury,0.0,Olives à Huile,108.2434274547522,222.71905955763282,Bio Certifié
Cooperative Grains Alliance,Fattoria Toscana,Maroc,Île-de-France,0.0,Robusta,255.46390679869,23246.857103363287,Commerce Équitable
Coopérative Oasis,Fazenda Brasil,Brésil,Kansas,0.0,Carottes,182.75723167338938,2312.8441060550067,Bio Certifié
Domaine Provence Bio,Hacienda El Sol,Tunisie,Marrakech-Safi,0.0,Raisins de Table,476.3296953079838,14108.048451991564,Bio Certifié
Domaine Saada,Coopérative Oasis,USA,Californie,0.0,Raisins de Table,246.59173434168306,3912.854981537812,Bio Certifié
Union Agricole Méditerranée,Fattoria Toscana,Maroc,Kansas,0.0,Robusta,184.75855039091056,3462.878157226195,Standard
Dairy Meadows,Cooperative Grains Alliance,USA,Provence,0.0,Riz,270.4083488388404,4879.378475182376,Bio Certifié
Dairy Meadows,Domaine Provence Bio,Maroc,Souss-Massa,0.0,Olives à Huile,122.49827707787283,4772.432916319547,Bio Certifié
Coopérative Oasis,Green Valley Farm,Maroc,Meknès-Fès,0.0,Pommes,272.86656217923144,7845.493249713533,Commerce Équitable
Dairy Meadows,Green Valley Farm,USA,Catalogne,0.0,Raisins de Cuve,179.2157025536075,3793.315109171342,Premium
Union Agricole Méditerranée,Fazenda Brasil,Tunisie,Andalousie,0.0,Olives à Huile,36.75486404659628,1802.8727718187156,Bio Certifié
Coopérative Oasis,Union Agricole Méditerranée,USA,Andalousie,0.0,Olives à Huile,-8.978770406489112,2050.8209422095097,Standard
Union Agricole Méditerranée,Domaine Saada,France,Catalogne,0.0,Tomates,-0.5709346247965001,2158.0214660283928,Premium
Fazenda Brasil,Hacienda El Sol,Maroc,Canterbury,0.0,Pommes,64.69562877683812,1935.0672062806943,Standard
Fazenda Brasil,Marché Wholesale Agadir,Italie,São Paulo,0.0,Courgettes,93.52563774877417,2205.5504859052276,Standard
Fattoria Toscana,Coopérative Oasis,Brésil,Souss-Massa,0.0,Deglet Nour,124.07603260421621,3857.6561983948923,Bio Certifié
Hacienda El Sol,Ferme Al Baraka,USA,São Paulo,0.0,Pommes,283.8936239875093,4293.5016830652785,Standard
Coopérative Oasis,Domaine Provence Bio,Italie,Souss-Massa,0.0,Oignons,129.84375457369723,1705.1299603327261,Standard
Green Valley Farm,Domaine Saada,Maroc,Souss-Massa,0.0,Orge,383.707489500819,2430.4397061030127,Premium
Fazenda Brasil,Coopérative Oasis,Maroc,São Paulo,0.0,Maïs,-22.64325157728728,1989.7199982411046,Standard
Cooperative Grains Alliance,Fazenda Brasil,Italie,São Paulo,0.0,Lait,99.79237650600479,3673.6745002718935,Standard
Cooperative Grains Alliance,Domaine Provence Bio,USA,Provence,0.0,Oignons,70.31153628385066,2368.427202102156,Premium
Fazenda Brasil,Domaine Provence Bio,Maroc,Île-de-France,0.0,Salades,267.9067399104461,2188.132883886896,Premium
Ferme Al Baraka,Mercabarna,France,Sfax,0.0,Robusta,174.4509885838552,218.04742776029093,Bio Certifié
Mercabarna,Cooperative Grains Alliance,Espagne,Toscane,0.0,Maïs,111.31078515636894,3623.688632485064,Standard
Mercabarna,Fazenda Brasil,Tunisie,Île-de-France,0.0,Medjool,170.89012487024752,26328.220903671878,Standard
Marché Wholesale Agadir,Fazenda Brasil,USA,Andalousie,0.0,Arabica,126.24100238245612,2076.7012730429906,Standard
Domaine Provence Bio,Dairy Meadows,Espagne,São Paulo,0.0,Medjool,160.13065231076618,2909.5563910990213,Bio Certifié
Fattoria Toscana,Mercabarna,Brésil,Île-de-France,0.0,Raisins de Cuve,396.5157376257551,5295.226084656153,Bio Certifié
Mercabarna,Marché Wholesale Agadir,Brésil,Toscane,0.0,Courgettes,39.54018466456684,-162.0279728182827,Standard
Ferme Al Baraka,Rungis International,France,Île-de-France,0.0,Blé,39.12490490820858,3123.5628930880475,Bio Certifié
Green Valley Farm,Fazenda Brasil,Maroc,Andalousie,0.0,Blé,115.1338918714213,5738.93070575218,Premium
Domaine Provence Bio,Green Valley Farm,Maroc,Île-de-France,0.0,Carottes,231.13137975744272,14829.523046156723,Bio Certifié
Mercabarna,Coopérative Oasis,USA,Souss-Massa,0.0,Raisins de Table,250.1137532150091,3670.849474477156,Commerce Équitable
Coopérative Oasis,Dairy Meadows,Brésil,São Paulo,0.0,Tomates,122.46466431901973,5550.583545085265,Standard
Union Agricole Méditerranée,Green Valley Farm,Tunisie,Meknès-Fès,0.0,Tomates,69.94396973162915,1070.3100926404654,Bio Certifié
Ferme Al Baraka,Dairy Meadows,Maroc,Souss-Massa,0.0,Medjool,93.40941944291333,4332.764166311575,Bio Certifié
Mercabarna,Hacienda El Sol,Tunisie,Meknès-Fès,0.0,Courgettes,1264.9884913848339,7151.373126333571,Standard
Fazenda Brasil,Ferme Al Baraka,Brésil,Californie,0.0,Beurre,75.71433102544913,2361.3169700131048,Premium
Ferme Al Baraka,Rungis International,Maroc,Kansas,0.0,Salades,467.92728163530376,1244.5225420509275,Standard
Green Valley Farm,Hacienda El Sol,Tunisie,Canterbury,0.0,Bananes,180.82541085402494,2583.6579558942767,Standard
Rungis International,Green Valley Farm,Maroc,São Paulo,0.0,Pamplemousses,23.375571523729555,3256.2870399507456,Standard
Fazenda Brasil,Ferme Al Baraka,France,Canterbury,0.0,Medjool,40.68841191533502,2433.1050516568284,Bio Certifié
Cooperative Grains Alliance,Domaine Provence Bio,Nouvelle-Zélande,Toscane,0.0,Lait,148.6688964555418,2126.579608024855,Premium
Ferme Al Baraka,Fattoria Toscana,Nouvelle-Zélande,Toscane,0.0,Tomates,139.4336946798465,3240.597708925689,Bio Certifié
Domaine Saada,Union Agricole Méditerranée,Maroc,Marrakech-Safi,0.0,Raisins de Cuve,113.67017686322828,2521.6135033363867,Standard
Fazenda Brasil,Mercabarna,Italie,Souss-Massa,0.0,Maïs,92.99431006580244,5274.951432964449,Bio Certifié
Dairy Meadows,Fazenda Brasil,USA,Provence,0.0,Mandarines,201.57929529537063,4825.886558096879,Bio Certifié
Green Valley Farm,Rungis International,Italie,Sfax,0.0,Maïs,1315.355447975347,12347.626478445924,Bio Certifié
Hacienda El Sol,Cooperative Grains Alliance,Italie,Canterbury,0.0,Courgettes,676.9049751524541,5880.443001907326,Standard
Coopérative Oasis,Rungis International,Maroc,Meknès-Fès,0.0,Salades,258.45537635621275,2817.0525669642866,Bio Certifié
Dairy Meadows,Cooperative Grains Alliance,Brésil,Meknès-Fès,0.0,Deglet Nour,999.2515568832148,3000.2006862518538,Bio Certifié
Domaine Saada,Hacienda El Sol,USA,Kansas,0.0,Robusta,491.47068721504104,3567.790573265561,Premium
Green Valley Farm,Fattoria Toscana,Maroc,Catalogne,0.0,Medjool,22.956788071053253,1306.8347532807109,Premium
Dairy Meadows,Union Agricole Méditerranée,Tunisie,Canterbury,0.0,Olives à Huile,275.15894293995404,1245.0954200392127,Bio Certifié
Dairy Meadows,Hacienda El Sol,Tunisie,Marrakech-Safi,0.0,Oignons,648.5441864696684,5166.743501693932,Bio Certifié
Coopérative Oasis,Fazenda Brasil,USA,São Paulo,0.0,Arabica,-3.261187991424599,3327.8080149682028,Bio Certifié
Green Valley Farm,Mercabarna,Tunisie,Provence,0.0,Tomates,172.2901792016995,5356.244338595439,Standard
Fattoria Toscana,Fazenda Brasil,Italie,Souss-Massa,0.0,Pommes,58.804276867713156,3936.8132665899293,Standard
Mercabarna,Mercabarna,Maroc,Île-de-France,0.0,Robusta,70.03397647593836,3537.4262981914717,Premium
Union Agricole Méditerranée,Fattoria Toscana,Italie,Marrakech-Safi,0.0,Citrons,412.8831125533393,3995.760377317504,Premium
Marché Wholesale Agadir,Domaine Provence Bio,USA,Meknès-Fès,0.0,Olives à Huile,151.06713813764608,5281.574272972217,Standard
Green Valley Farm,Hacienda El Sol,Maroc,Californie,0.0,Olives de Table,223.08342488024027,426.0224518080488,Bio Certifié
Domaine Saada,Ferme Al Baraka,Maroc,Souss-Massa,0.0,Pommes,43.042412007675836,2126.5222533583706,Premium
Domaine Saada,Ferme Al Baraka,USA,Californie,0.0,Bananes,74.73837685293164,3540.976769623573,Bio Certifié
Marché Wholesale Agadir,Green Valley Farm,Brésil,Marrakech-Safi,0.0,Olives à Huile,268.3002113392574,3522.369002587682,Commerce Équitable
Rungis International,Fattoria Toscana,USA,Souss-Massa,0.0,Pommes,318.9675923217606,9115.865066990425,Bio Certifié
Union Agricole Méditerranée,Domaine Saada,Italie,Meknès-Fès,0.0,Lait,190.11266128836283,14124.175503903205,Bio Certifié
Fattoria Toscana,Cooperative Grains Alliance,Italie,Andalousie,0.0,Bananes,136.7865755781861,3745.5088216148883,Bio Certifié
Fazenda Brasil,Union Agricole Méditerranée,USA,Provence,0.0,Olives de Table,167.917173013919,2699.4109849764845,Bio Certifié
Ferme Al Baraka,Ferme Al Baraka,France,Île-de-France,0.0,Raisins de Cuve,1097.340363173574,5057.6297927396645,Bio Certifié
Union Agricole Méditerranée,Rungis International,Maroc,Provence,0.0,Maïs,77.70910831817083,4509.299937514583,Standard
Dairy Meadows,Ferme Al Baraka,Tunisie,São Paulo,0.0,Olives à Huile,1351.7444535264538,11738.198733365734,Bio Certifié
Coopérative Oasis,Coopérative Oasis,Italie,Sfax,0.0,Tomates,-8.808858609859236,12843.296444346246,Standard
Green Valley Farm,Ferme Al Baraka,France,São Paulo,0.0,Arabica,245.91854862768525,4132.174822954391,Bio Certifié
Marché Wholesale Agadir,Cooperative Grains Alliance,Maroc,São Paulo,0.0,Raisins de Cuve,102.47075574969969,3787.976618601281,Bio Certifié
Rungis International,Fazenda Brasil,Nouvelle-Zélande,Canterbury,0.0,Bananes,184.6594154903797,3357.3725708914108,Standard
Marché Wholesale Agadir,Ferme Al Baraka,USA,Provence,0.0,Medjool,1230.916362649281,3214.187502272204,Premium
Cooperative Grains Alliance,Cooperative Grains Alliance,Maroc,Catalogne,0.0,Pommes,71.56243232161388,2712.125138222898,Premium
Dairy Meadows,Dairy Meadows,USA,Kansas,0.0,Oignons,4.676248163031197,4973.891614047328,Bio Certifié
Rungis International,Dairy Meadows,France,Californie,0.0,Maïs,162.86064897261434,13348.954222285536,Standard
Union Agricole Méditerranée,Domaine Saada,Maroc,Marrakech-Safi,0.0,Maïs,252.63778852424144,1510.4197878576315,Standard
Mercabarna,Domaine Saada,Italie,Kansas,0.0,Pommes,163.75034603054496,20288.968043128334,Premium
Domaine Provence Bio,Domaine Provence Bio,Maroc,Meknès-Fès,0.0,Blé,114.27782322996416,2690.499680991961,Standard
Fazenda Brasil,Fattoria Toscana,Maroc,Kansas,0.0,Arabica,23.79007365172796,2080.3910156928328,Standard
Union Agricole Méditerranée,Ferme Al Baraka,Espagne,Marrakech-Safi,0.0,Tomates,82.13175493654694,3108.5988647960107,Bio Certifié
Domaine Saada,Rungis International,USA,Canterbury,0.0,Pamplemousses,3.6987998955750925,1073.5179801258687,Commerce Équitable
Marché Wholesale Agadir,Mercabarna,France,Canterbury,0.0,Olives à Huile,40.65541076572604,2850.518650841521,Bio Certifié
Rungis International,Domaine Saada,Tunisie,Provence,0.0,Mandarines,858.1963696612258,13812.268555014723,Standard
Domaine Provence Bio,Dairy Meadows,Italie,Kansas,0.0,Olives à Huile,432.7947084402435,842.3976285651738,Bio Certifié
Domaine Saada,Hacienda El Sol,USA,Californie,0.0,Mandarines,751.1944257575502,1477.7930289394858,Bio Certifié
Ferme Al Baraka,Hacienda El Sol,USA,Kansas,0.0,Oranges,134.48344360192388,20478.601413070166,Premium
Green Valley Farm,Fattoria Toscana,Brésil,Californie,0.0,Bananes,78.20432609269913,5625.735437679068,Bio Certifié
Rungis International,Cooperative Grains Alliance,USA,Sfax,0.0,Riz,83.71236758324103,5298.2700051599495,Bio Certifié
Ferme Al Baraka,Dairy Meadows,Espagne,Meknès-Fès,0.0,Deglet Nour,46.77980749133801,687.4851360932331,Standard
Dairy Meadows,Union Agricole Méditerranée,USA,São Paulo,0.0,Arabica,116.14682694201991,2714.6030464339356,Premium
Domaine Saada,Green Valley Farm,Espagne,Île-de-France,0.0,Fromage,97.23992063222371,4491.520736128654,Standard
Ferme Al Baraka,Fazenda Brasil,Maroc,Marrakech-Safi,0.0,Mandarines,61.18008929220018,10536.205415706763,Standard
Union Agricole Méditerranée,Fattoria Toscana,Maroc,Île-de-France,0.0,Riz,249.72241671610607,3240.5236267255495,Bio Certifié
Union Agricole Méditerranée,Domaine Saada,Espagne,Meknès-Fès,0.0,Blé,40.66005469239195,23032.706060999746,Bio Certifié
Rungis International,Coopérative Oasis,Maroc,São Paulo,0.0,Yaourt,810.2751771458386,1861.2525635282695,Premium
Green Valley Farm,Coopérative Oasis,France,Kansas,0.0,Raisins de Cuve,296.422646419263,1126.4672417392173,Bio Certifié
Green Valley Farm,Mercabarna,Espagne,Souss-Massa,0.0,Mandarines,144.8786781853128,3815.38481579509,Premium
Fazenda Brasil,Mercabarna,France,Canterbury,0.0,Carottes,254.49152315989258,3501.936296872367,Bio Certifié
Fattoria Toscana,Fattoria Toscana,USA,Souss-Massa,0.0,Olives à Huile,79.64129740657596,77.29086241855816,Bio Certifié
Domaine Provence Bio,Cooperative Grains Alliance,Espagne,Toscane,0.0,Riz,167.64192656023008,4394.37600827024,Commerce Équitable
Green Valley Farm,Green Valley Farm,Nouvelle-Zélande,Marrakech-Safi,0.0,Olives à Huile,600.5018630428171,1319.5536793428455,Bio Certifié
Hacienda El Sol,Union Agricole Méditerranée,France,Sfax,0.0,Olives de Table,46.484589403478736,17013.99505068166,Bio Certifié
Union Agricole Méditerranée,Rungis International,Nouvelle-Zélande,Provence,0.0,Raisins de Table,184.25620715357982,853.9283607513808,Bio Certifié
Domaine Provence Bio,Fattoria Toscana,Espagne,Catalogne,0.0,Pommes,44.53721685981806,1154.676109638965,Standard
Green Valley Farm,Coopérative Oasis,France,Souss-Massa,0.0,Mandarines,177.00700216190472,3547.9870215747733,Standard
Cooperative Grains Alliance,Mercabarna,USA,Sfax,0.0,Citrons,125.5749779419017,1249.6686982342394,Bio Certifié
Ferme Al Baraka,Dairy Meadows,USA,Californie,0.0,Carottes,256.2013904467714,4886.5750884317395,Standard
Domaine Provence Bio,Rungis International,Brésil,Catalogne,0.0,Riz,50.09234921554845,4204.210022065557,Standard
Fazenda Brasil,Dairy Meadows,Italie,Souss-Massa,0.0,Oignons,-4.105495798795552,2153.451985482561,Standard
Hacienda El Sol,Domaine Provence Bio,Maroc,Californie,0.0,Pommes,138.86613082591478,23187.724081867796,Standard
Hacienda El Sol,Fattoria Toscana,Espagne,Souss-Massa,0.0,Mandarines,1.0694505568393424,23906.301867090893,Bio Certifié
Rungis International,Cooperative Grains Alliance,France,Californie,0.0,Citrons,111.15396371345516,5330.597031077032,Standard
Mercabarna,Green Valley Farm,France,Canterbury,0.0,Riz,90.49722307872301,2993.0137925384734,Premium
Ferme Al Baraka,Fazenda Brasil,Maroc,Souss-Massa,0.0,Raisins de Cuve,175.20394326117042,3397.1127200762567,Bio Certifié
Marché Wholesale Agadir,Domaine Provence Bio,Nouvelle-Zélande,Canterbury,0.0,Salades,653.3498678923407,3561.997514278257,Bio Certifié
Green Valley Farm,Green Valley Farm,USA,Canterbury,0.0,Raisins de Cuve,219.0144167691373,1550.4199936458278,Bio Certifié
Green Valley Farm,Marché Wholesale Agadir,France,Californie,0.0,Salades,70.61675323074721,2803.590186838991,Commerce Équitable
Coopérative Oasis,Fattoria Toscana,Nouvelle-Zélande,Marrakech-Safi,0.0,Fromage,-46.262183963570756,3165.0821625311546,Standard
Cooperative Grains Alliance,Rungis International,Maroc,Californie,0.0,Olives à Huile,278.9073990187742,3362.756981172499,Commerce Équitable
Mercabarna,Mercabarna,France,Californie,0.0,Fromage,235.03456055380272,-256.8261738333995,Bio Certifié
Domaine Saada,Union Agricole Méditerranée,Italie,Californie,0.0,Raisins de Cuve,47.049861874968045,2685.304267822924,Bio Certifié
Domaine Provence Bio,Hacienda El Sol,Nouvelle-Zélande,Provence,0.0,Raisins de Cuve,256.8781439940844,2442.7022978986606,Bio Certifié
Domaine Saada,Union Agricole Méditerranée,Espagne,Sfax,0.0,Orge,1387.8014788730534,11138.639294256143,Standard
Hacienda El Sol,Domaine Saada,Espagne,Canterbury,0.0,Robusta,137.59913519050735,2775.823043893429,Standard
Dairy Meadows,Fattoria Toscana,Espagne,Kansas,0.0,Olives à Huile,121.4823405838692,3812.009484719536,Standard
Fattoria Toscana,Rungis International,Italie,Souss-Massa,0.0,Beurre,59.0625012597104,4156.272693253864,Premium
Dairy Meadows,Green Valley Farm,Nouvelle-Zélande,Meknès-Fès,0.0,Fromage,0.2489041014306963,2936.7023323663634,Bio Certifié
Cooperative Grains Alliance,Fattoria Toscana,Maroc,São Paulo,0.0,Raisins de Table,98.89633456920976,16627.700964830103,Standard
Hacienda El Sol,Dairy Meadows,France,São Paulo,0.0,Raisins de Cuve,144.61776724696313,2847.594552307113,Premium
Domaine Saada,Coopérative Oasis,Italie,Île-de-France,0.0,Olives de Table,102.54397513908896,2179.5893994315793,Bio Certifié
Fattoria Toscana,Coopérative Oasis,Nouvelle-Zélande,São Paulo,0.0,Bananes,293.85936573458184,5334.165401706499,Premium
Fazenda Brasil,Ferme Al Baraka,Espagne,Andalousie,0.0,Robusta,248.88447596072012,5003.46117960998,Standard
Domaine Saada,Green Valley Farm,Italie,São Paulo,0.0,Mandarines,90.33310199215492,3159.7258492897076,Bio Certifié
Ferme Al Baraka,Fazenda Brasil,Brésil,Provence,0.0,Oignons,242.60143494154443,1383.7860401341138,Bio Certifié
Ferme Al Baraka,Domaine Provence Bio,Nouvelle-Zélande,Californie,0.0,Arabica,68.80144917774021,2498.352680528131,Premium
Domaine Provence Bio,Rungis International,Espagne,Californie,0.0,Robusta,81.97915144092657,1075.3204661167556,Bio Certifié
Fattoria Toscana,Fattoria Toscana,Espagne,Californie,0.0,Oranges,96.25519848151384,2858.1603658955673,Bio Certifié
Dairy Meadows,Coopérative Oasis,France,Marrakech-Safi,0.0,Oignons,89.18940071318909,2501.442693268924,Standard
Cooperative Grains Alliance,Marché Wholesale Agadir,Maroc,Île-de-France,0.0,Bananes,160.1569807087676,3762.956321482424,Commerce Équitable
Rungis International,Domaine Saada,Brésil,Catalogne,0.0,Medjool,123.32643754624662,3997.247010288307,Commerce Équitable
Ferme Al Baraka,Dairy Meadows,France,Provence,0.0,Raisins de Table,250.94555845110915,3938.626995880892,Bio Certifié
Domaine Saada,Fattoria Toscana,Maroc,Île-de-France,0.0,Bananes,121.34388778622454,2419.647252352719,Premium
Dairy Meadows,Union Agricole Méditerranée,Espagne,Canterbury,0.0,Pamplemousses,-13.56516567987331,24385.624652472492,Bio Certifié
Dairy Meadows,Marché Wholesale Agadir,Maroc,Kansas,0.0,Tomates,72.25026754157983,5041.782532187702,Bio Certifié
Domaine Provence Bio,Green Valley Farm,Maroc,Kansas,0.0,Robusta,124.92739585990839,27843.134062874404,Premium
Domaine Saada,Marché Wholesale Agadir,USA,Kansas,0.0,Riz,66.20190419337564,4601.115559291712,Commerce Équitable
Ferme Al Baraka,Cooperative Grains Alliance,Nouvelle-Zélande,Andalousie,0.0,Salades,127.11634105634448,-99.35550242390673,Premium
Domaine Provence Bio,Dairy Meadows,France,Californie,0.0,Tomates,145.7666906202783,1442.3604200725033,Bio Certifié
Green Valley Farm,Dairy Meadows,Italie,Île-de-France,0.0,Pommes de terre,137.9767336797678,14004.118911327761,Premium
Domaine Saada,Fattoria Toscana,Nouvelle-Zélande,Toscane,0.0,Raisins de Table,168.94755761124338,3616.3508103049644,Standard
Fattoria Toscana,Ferme Al Baraka,France,Provence,0.0,Olives de Table,198.191233656986,5078.774441473221,Standard
Domaine Saada,Mercabarna,Espagne,Souss-Massa,0.0,Pommes,146.35841661706453,2950.6736500413363,Commerce Équitable
Fattoria Toscana,Marché Wholesale Agadir,Espagne,Californie,0.0,Yaourt,935.2671070028791,4751.297390936913,Premium
Fattoria Toscana,Mercabarna,Brésil,Sfax,0.0,Tomates,686.6508443110017,2009.7294393511131,Bio Certifié
Cooperative Grains Alliance,Dairy Meadows,USA,São Paulo,0.0,Riz,46.08549895214608,1446.3977441079726,Standard
Hacienda El Sol,Ferme Al Baraka,Maroc,Californie,0.0,Tomates,41.96532792226307,5910.73330062123,Standard
Fazenda Brasil,Marché Wholesale Agadir,Maroc,Toscane,0.0,Bananes,64.83065924517712,1330.255069713999,Standard
Mercabarna,Domaine Provence Bio,Maroc,Andalousie,0.0,Oignons,21.303401642232302,3854.15615271039,Standard
Fattoria Toscana,Hacienda El Sol,Espagne,Sfax,0.0,Blé,133.84192641722956,3246.0154501104744,Premium
Rungis International,Cooperative Grains Alliance,France,Californie,0.0,Raisins de Cuve,136.53072937590557,11757.772793240694,Standard
Domaine Saada,Ferme Al Baraka,Maroc,Souss-Massa,0.0,Raisins de Cuve,86.05141908097309,2748.1809152617666,Bio Certifié
Domaine Provence Bio,Domaine Provence Bio,Maroc,Californie,0.0,Oranges,191.50087061079918,3612.1127745869217,Standard
Ferme Al Baraka,Green Valley Farm,Brésil,Canterbury,0.0,Olives de Table,196.49563289496697,2675.615658495697,Bio Certifié
Domaine Provence Bio,Rungis International,Maroc,Andalousie,0.0,Deglet Nour,497.4316998277494,2713.453688724314,Bio Certifié
Domaine Saada,Fazenda Brasil,Italie,Kansas,0.0,Medjool,545.2945200646163,1054.564172843483,Premium
Domaine Provence Bio,Coopérative Oasis,France,Provence,0.0,Blé,14.270679291393598,1577.2687056691811,Bio Certifié
Domaine Provence Bio,Cooperative Grains Alliance,Espagne,Provence,0.0,Pommes de terre,223.80694974110628,24836.907966635685,Bio Certifié
Green Valley Farm,Dairy Meadows,Espagne,Canterbury,0.0,Salades,154.19255784322053,5043.745050502494,Bio Certifié
Domaine Provence Bio,Domaine Saada,Brésil,Sfax,0.0,Raisins de Cuve,157.02969445886006,2051.9200036027632,Bio Certifié
Union Agricole Méditerranée,Coopérative Oasis,Espagne,Kansas,0.0,Pommes,367.89862004655214,3318.539098966998,Standard
Fattoria Toscana,Dairy Meadows,Brésil,Catalogne,0.0,Pommes,202.5254106411753,4848.023320417445,Standard
Fazenda Brasil,Fattoria Toscana,Nouvelle-Zélande,Souss-Massa,0.0,Raisins de Cuve,143.75050192818165,1480.39492089555,Standard
Coopérative Oasis,Coopérative Oasis,Brésil,Californie,0.0,Yaourt,61.956305777397496,2354.500240654649,Standard
Green Valley Farm,Rungis International,USA,São Paulo,0.0,Riz,139.71033815321675,2237.3322154495504,Standard
Union Agricole Méditerranée,Hacienda El Sol,France,Toscane,0.0,Robusta,182.5870189365744,2713.2760102378024,Standard
Rungis International,Ferme Al Baraka,Maroc,Canterbury,0.0,Riz,130.27437700082353,2156.8363736614783,Premium
Fazenda Brasil,Green Valley Farm,France,Souss-Massa,0.0,Pamplemousses,52.35085774669032,20533.79602177153,Bio Certifié
Domaine Provence Bio,Ferme Al Baraka,Maroc,Kansas,0.0,Pommes de terre,9.169485306383379,3039.3004814496735,Standard
Domaine Provence Bio,Union Agricole Méditerranée,Italie,Canterbury,0.0,Medjool,230.4528422934722,3187.080932942214,Standard
Green Valley Farm,Ferme Al Baraka,USA,Souss-Massa,0.0,Maïs,208.70771085740554,3136.3469947974672,Premium
Cooperative Grains Alliance,Ferme Al Baraka,France,São Paulo,0.0,Yaourt,1149.942396882258,2878.4912595037313,Standard
Coopérative Oasis,Ferme Al Baraka,Espagne,Marrakech-Safi,0.0,Orge,-19.515674000908426,1334.5622534486167,Premium
Ferme Al Baraka,Fazenda Brasil,France,Souss-Massa,0.0,Robusta,24.08000015334632,1206.333911268924,Bio Certifié
Domaine Saada,Domaine Provence Bio,Espagne,Californie,0.0,Orge,1312.6168691095613,12944.23030036076,Premium
Coopérative Oasis,Green Valley Farm,Tunisie,São Paulo,0.0,Orge,140.77911406597016,4448.159658756712,Bio Certifié
Ferme Al Baraka,Rungis International,Maroc,Californie,0.0,Medjool,103.89581776336027,5180.566518760018,Bio Certifié
Ferme Al Baraka,Marché Wholesale Agadir,Espagne,São Paulo,0.0,Olives de Table,583.2894567515169,743.062958261237,Bio Certifié
Rungis International,Fazenda Brasil,Espagne,Île-de-France,0.0,Pommes de terre,194.37975251386135,3153.8553924768403,Premium
Fazenda Brasil,Fazenda Brasil,Tunisie,Californie,0.0,Robusta,162.85367652956748,3691.440107260625,Bio Certifié
Union Agricole Méditerranée,Domaine Provence Bio,Espagne,Marrakech-Safi,0.0,Carottes,87.2434294296207,3480.330693866249,Standard
Cooperative Grains Alliance,Fazenda Brasil,USA,Toscane,0.0,Carottes,492.3133406739715,5353.543541617734,Premium
Domaine Saada,Ferme Al Baraka,Nouvelle-Zélande,Souss-Massa,0.0,Raisins de Cuve,89.03705545383454,2877.5806572603597,Premium
Fazenda Brasil,Domaine Provence Bio,Espagne,Californie,0.0,Arabica,98.09726900506763,4870.630179514437,Premium
Domaine Saada,Dairy Meadows,Italie,Canterbury,0.0,Medjool,153.7797845828584,1865.5421139829828,Standard
Union Agricole Méditerranée,Marché Wholesale Agadir,Tunisie,Toscane,0.0,Olives à Huile,264.53980157631133,3266.0127497573994,Premium
Domaine Saada,Marché Wholesale Agadir,Tunisie,Provence,0.0,Raisins de Table,128.18699987821643,19624.7311963155,Bio Certifié
Green Valley Farm,Hacienda El Sol,Italie,Souss-Massa,0.0,Olives à Huile,54.676183339348555,5520.536501584598,Bio Certifié
Green Valley Farm,Fazenda Brasil,Maroc,Catalogne,0.0,Arabica,208.71694779513922,1479.3347602937765,Bio Certifié
Rungis International,Fazenda Brasil,Maroc,Île-de-France,0.0,Olives à Huile,158.5265766272108,3200.6452383845444,Premium
Fattoria Toscana,Dairy Meadows,Nouvelle-Zélande,Meknès-Fès,0.0,Raisins de Cuve,604.4838935069323,3729.254383577644,Bio Certifié
Dairy Meadows,Domaine Provence Bio,Tunisie,Marrakech-Safi,0.0,Bananes,94.06201805990898,2623.0149095423285,Bio Certifié
Hacienda El Sol,Domaine Provence Bio,USA,Canterbury,0.0,Maïs,134.87631338397324,1227.548339221071,Bio Certifié
Marché Wholesale Agadir,Rungis International,Espagne,Californie,0.0,Arabica,32.545315830231615,3883.5356756774117,Standard
Dairy Meadows,Mercabarna,France,Kansas,0.0,Tomates,525.9439038388731,27006.026937884722,Commerce Équitable
Rungis International,Green Valley Farm,Espagne,Meknès-Fès,0.0,Bananes,165.3377445538412,1216.189456424955,Bio Certifié
Fattoria Toscana,Marché Wholesale Agadir,Nouvelle-Zélande,Provence,0.0,Raisins de Cuve,143.6283968008887,4052.743472930526,Premium
Dairy Meadows,Hacienda El Sol,Italie,Souss-Massa,0.0,Raisins de Cuve,141.27913527074347,17702.48586429467,Premium
Domaine Provence Bio,Fattoria Toscana,Maroc,Meknès-Fès,0.0,Maïs,140.93645858476617,2310.8929596828975,Bio Certifié
Hacienda El Sol,Marché Wholesale Agadir,Italie,São Paulo,0.0,Olives à Huile,362.41632597288486,3847.9885180203164,Bio Certifié
Ferme Al Baraka,Union Agricole Méditerranée,France,Meknès-Fès,0.0,Pommes de terre,-29.332734012521236,857.8296424047137,Premium
Rungis International,Domaine Provence Bio,Espagne,Toscane,0.0,Riz,422.71027351766355,1561.5634771984196,Standard
Green Valley Farm,Cooperative Grains Alliance,Espagne,Île-de-France,0.0,Beurre,32.949797420831494,2799.2311749544697,Bio Certifié
Hacienda El Sol,Dairy Meadows,Maroc,São Paulo,0.0,Pommes,110.27541841475701,698.7842511527198,Bio Certifié
Fattoria Toscana,Green Valley Farm,France,Canterbury,0.0,Riz,210.48604496176998,2122.9894763605053,Commerce Équitable
Domaine Saada,Rungis International,France,Canterbury,0.0,Pommes de terre,155.69068832235592,2505.8929112994647,Bio Certifié
Dairy Meadows,Hacienda El Sol,France,Californie,0.0,Fromage,252.53818731226056,3609.406374534329,Bio Certifié
Green Valley Farm,Fazenda Brasil,Maroc,Marrakech-Safi,0.0,Deglet Nour,102.71869687293349,3915.472893468618,Commerce Équitable
Fattoria Toscana,Fazenda Brasil,France,Californie,0.0,Salades,633.864605067025,26124.99831287971,Bio Certifié
Coopérative Oasis,Marché Wholesale Agadir,Espagne,Sfax,0.0,Courgettes,198.70391495580935,14370.73494971242,Standard
Fazenda Brasil,Coopérative Oasis,Maroc,Canterbury,0.0,Mandarines,190.11988591040597,12215.505259720707,Bio Certifié
Cooperative Grains Alliance,Domaine Provence Bio,USA,Californie,0.0,Olives de Table,205.31374450296835,4516.591276805944,Bio Certifié
Ferme Al Baraka,Fattoria Toscana,Nouvelle-Zélande,Sfax,0.0,Citrons,127.17236087914512,2514.206279045723,Premium
Domaine Saada,Fattoria Toscana,USA,São Paulo,0.0,Pommes,271.52222447646716,2417.983367359241,Standard
Mercabarna,Dairy Meadows,Espagne,Meknès-Fès,0.0,Maïs,117.48549245602808,1597.5173969687173,Bio Certifié
Marché Wholesale Agadir,Fazenda Brasil,Maroc,Sfax,0.0,Deglet Nour,-9.322892799221343,10877.385692016422,Bio Certifié
Dairy Meadows,Dairy Meadows,France,Provence,0.0,Deglet Nour,37.625973820190566,725.0179619046066,Bio Certifié
Domaine Provence Bio,Dairy Meadows,Tunisie,Meknès-Fès,0.0,Deglet Nour,277.19312723685937,3335.5291287635264,Premium
Mercabarna,Cooperative Grains Alliance,USA,Toscane,0.0,Olives à Huile,123.54732104893884,2128.3255385659345,Premium
Ferme Al Baraka,Union Agricole Méditerranée,France,Catalogne,0.0,Pommes,159.14807846879742,59.87302503466708,Standard
Fazenda Brasil,Dairy Meadows,Nouvelle-Zélande,Andalousie,0.0,Olives à Huile,237.00534127915353,5255.745353749514,Bio Certifié
Union Agricole Méditerranée,Domaine Provence Bio,Italie,Meknès-Fès,0.0,Raisins de Cuve,218.8048137744738,1997.1834489709413,Bio Certifié
Ferme Al Baraka,Mercabarna,Nouvelle-Zélande,Meknès-Fès,0.0,Lait,133.32345961336475,7992.755004243422,Standard
Domaine Saada,Fattoria Toscana,France,Provence,0.0,Tomates,809.4755323677279,174.76412399098035,Bio Certifié
Dairy Meadows,Fattoria Toscana,Espagne,Marrakech-Safi,0.0,Tomates,1171.0038735786866,3383.939917546206,Bio Certifié
Fazenda Brasil,Mercabarna,France,Canterbury,0.0,Olives de Table,230.34473021226245,5091.908930649393,Bio Certifié
Union Agricole Méditerranée,Union Agricole Méditerranée,Maroc,Île-de-France,0.0,Raisins de Table,137.8396439161022,3419.597473923932,Bio Certifié
Hacienda El Sol,Rungis International,France,Canterbury,0.0,Raisins de Table,397.242480972866,4253.7935811473735,Bio Certifié
Mercabarna,Coopérative Oasis,Maroc,Marrakech-Safi,0.0,Orge,146.85186731265503,3424.1408820438282,Bio Certifié
Mercabarna,Union Agricole Méditerranée,Maroc,Toscane,0.0,Tomates,136.3317526271512,2012.6769504559516,Premium
Dairy Meadows,Dairy Meadows,Maroc,Souss-Massa,0.0,Salades,121.93160465185395,3257.087097908475,Commerce Équitable
Dairy Meadows,Rungis International,USA,Sfax,0.0,Riz,81.30722641231799,5247.094421342199,Bio Certifié
Fazenda Brasil,Ferme Al Baraka,Maroc,Californie,0.0,Tomates,283.21313912125765,1875.592613915734,Premium
Union Agricole Méditerranée,Mercabarna,France,Canterbury,0.0,Salades,198.98477364036108,2079.91690031095,Premium
Domaine Saada,Mercabarna,USA,Toscane,0.0,Raisins de Table,164.4008511567875,2850.646718732605,Standard
Fattoria Toscana,Domaine Provence Bio,Maroc,Toscane,0.0,Raisins de Cuve,66.89188062176787,1474.5888851532538,Premium
Fazenda Brasil,Rungis International,Tunisie,Canterbury,0.0,Blé,259.7602224358127,1095.5897450045557,Standard
Dairy Meadows,Fattoria Toscana,Brésil,Souss-Massa,0.0,Blé,475.75215114549803,1726.7800591895784,Standard
Rungis International,Dairy Meadows,Brésil,Toscane,0.0,Mandarines,261.3978579274624,21740.824486494537,Standard
Green Valley Farm,Cooperative Grains Alliance,Espagne,São Paulo,0.0,Oranges,48.99629187189478,1669.6898325193742,Bio Certifié
Coopérative Oasis,Cooperative Grains Alliance,USA,Toscane,0.0,Medjool,1254.844250747176,3474.5643876056074,Premium
Marché Wholesale Agadir,Domaine Provence Bio,France,Andalousie,0.0,Arabica,90.1364209945416,3875.350014343333,Bio Certifié
Fazenda Brasil,Domaine Saada,Espagne,São Paulo,0.0,Riz,201.19156028858757,1972.4039593966786,Bio Certifié
Fattoria Toscana,Fazenda Brasil,Espagne,Souss-Massa,0.0,Riz,182.86448048603563,3210.1508691567697,Bio Certifié
Ferme Al Baraka,Green Valley Farm,Espagne,Kansas,0.0,Pamplemousses,-3.911958079861556,4307.25998136076,Premium
Fazenda Brasil,Domaine Saada,Maroc,Californie,0.0,Olives à Huile,21.75796036816091,2845.0655305626055,Standard
Green Valley Farm,Dairy Meadows,Nouvelle-Zélande,Souss-Massa,0.0,Pommes,182.00924056517505,882.3124148435286,Commerce Équitable
Fazenda Brasil,Coopérative Oasis,Italie,Provence,0.0,Riz,-33.64868499592081,10634.071587399108,Premium
Domaine Provence Bio,Hacienda El Sol,Tunisie,Kansas,0.0,Oignons,117.30506083304684,3739.4470041798186,Bio Certifié
Mercabarna,Ferme Al Baraka,Espagne,Catalogne,0.0,Raisins de Table,107.59858132168587,13503.545425193917,Premium
Fattoria Toscana,Domaine Provence Bio,Maroc,Meknès-Fès,0.0,Tomates,257.73127929566414,3118.2716978859708,Standard
Ferme Al Baraka,Green Valley Farm,Nouvelle-Zélande,Toscane,0.0,Salades,107.48667273704415,9074.315495984998,Premium
Domaine Provence Bio,Coopérative Oasis,Espagne,Toscane,0.0,Olives à Huile,35.2567935922125,2075.2681513489924,Bio Certifié
Green Valley Farm,Union Agricole Méditerranée,Italie,Sfax,0.0,Raisins de Cuve,459.4612368701116,-343.54353887572734,Standard
Union Agricole Méditerranée,Fazenda Brasil,Brésil,Andalousie,0.0,Olives à Huile,180.722374039748,3440.5005938258855,Standard
Rungis International,Cooperative Grains Alliance,Brésil,Californie,0.0,Fromage,71.58459800639395,2941.5141215304325,Premium
Ferme Al Baraka,Mercabarna,Espagne,Souss-Massa,0.0,Riz,154.90970480192993,3894.609621954158,Premium
Coopérative Oasis,Fazenda Brasil,Maroc,Marrakech-Safi,0.0,Pommes,52.01492393349189,2108.384830090149,Bio Certifié
Union Agricole Méditerranée,Hacienda El Sol,Maroc,Kansas,0.0,Riz,89.43028857245099,3525.4194701729757,Premium
Domaine Provence Bio,Fazenda Brasil,USA,Meknès-Fès,0.0,Deglet Nour,122.36718554602194,3813.5485236552568,Bio Certifié
Fazenda Brasil,Domaine Saada,Espagne,Provence,0.0,Robusta,1016.7248628998952,2570.170053814039,Commerce Équitable
Mercabarna,Marché Wholesale Agadir,Tunisie,Meknès-Fès,0.0,Robusta,183.02667505405407,1753.1029834347005,Bio Certifié
Rungis International,Fattoria Toscana,Italie,Marrakech-Safi,0.0,Yaourt,137.77514444922016,3348.2886574053664,Standard
Rungis International,Coopérative Oasis,France,Kansas,0.0,Fromage,97.37834721767646,2743.2796138298713,Premium
Green Valley Farm,Rungis International,Nouvelle-Zélande,Toscane,0.0,Robusta,213.4254299229725,2587.9203887529857,Bio Certifié
Union Agricole Méditerranée,Domaine Saada,Maroc,Californie,0.0,Pommes de terre,278.0261922739413,1677.86068731291,Bio Certifié
Green Valley Farm,Cooperative Grains Alliance,Italie,Canterbury,0.0,Raisins de Table,195.73348215132398,18662.870461199243,Standard
Fattoria Toscana,Cooperative Grains Alliance,Nouvelle-Zélande,Provence,0.0,Olives à Huile,143.89481751941582,994.7163094369298,Bio Certifié
Cooperative Grains Alliance,Domaine Provence Bio,Maroc,Andalousie,0.0,Oignons,38.413353115441495,11401.015429567573,Bio Certifié
Union Agricole Méditerranée,Rungis International,USA,Kansas,0.0,Fromage,152.33485206964605,2970.197662384082,Bio Certifié
Marché Wholesale Agadir,Coopérative Oasis,France,Provence,0.0,Carottes,51.593451000708626,5360.209717542383,Premium
Marché Wholesale Agadir,Mercabarna,Tunisie,Île-de-France,0.0,Raisins de Table,88.72564587660032,1573.0798265449848,Premium
Domaine Provence Bio,Dairy Meadows,Tunisie,Provence,0.0,Fromage,146.41479648742603,1914.4558708848208,Bio Certifié
Rungis International,Green Valley Farm,Maroc,Kansas,0.0,Raisins de Table,126.5109379454401,1805.792142083716,Standard
Cooperative Grains Alliance,Union Agricole Méditerranée,USA,Kansas,0.0,Olives à Huile,160.87995964086716,8484.06610341352,Standard
Marché Wholesale Agadir,Union Agricole Méditerranée,France,Provence,0.0,Beurre,149.87532476150267,2941.6658885709944,Bio Certifié
Dairy Meadows,Cooperative Grains Alliance,Brésil,Souss-Massa,0.0,Maïs,69.2791194117068,2979.567772005701,Standard
Rungis International,Fattoria Toscana,Maroc,Souss-Massa,0.0,Mandarines,200.70371437935003,3097.1900887956303,Premium
Domaine Provence Bio,Ferme Al Baraka,USA,Catalogne,0.0,Tomates,39.76528334148526,1410.0704153076224,Standard
Fattoria Toscana,Green Valley Farm,France,Californie,0.0,Carottes,17.916209779824428,249.40582981201067,Bio Certifié
Cooperative Grains Alliance,Mercabarna,Nouvelle-Zélande,Souss-Massa,0.0,Pommes de terre,205.4293096052542,2560.1567545075677,Standard
Coopérative Oasis,Domaine Saada,Tunisie,Kansas,0.0,Raisins de Table,112.98078599309169,2411.8530088107796,Standard
Green Valley Farm,Domaine Saada,Maroc,Souss-Massa,0.0,Raisins de Cuve,226.69580321941282,5717.8681671769245,Bio Certifié
Domaine Saada,Rungis International,Italie,Kansas,0.0,Raisins de Cuve,39.572960157220905,2715.265395250468,Premium
Cooperative Grains Alliance,Ferme Al Baraka,Maroc,Marrakech-Safi,0.0,Olives de Table,112.44904695372301,4996.797997284852,Premium
Dairy Meadows,Mercabarna,France,Kansas,0.0,Blé,156.2718269071354,4826.016565847521,Premium
Fattoria Toscana,Hacienda El Sol,Italie,Meknès-Fès,0.0,Lait,94.22125786570078,2325.6928541078964,Bio Certifié
Cooperative Grains Alliance,Domaine Saada,Espagne,Californie,0.0,Raisins de Table,223.57449722634368,402.52430371075457,Commerce Équitable
Rungis International,Hacienda El Sol,Espagne,São Paulo,0.0,Oignons,158.85309316437986,2223.823909596411,Standard
Green Valley Farm,Fazenda Brasil,Espagne,Californie,0.0,Salades,172.85710522562815,10614.554528853301,Commerce Équitable
Mercabarna,Fattoria Toscana,Nouvelle-Zélande,Sfax,0.0,Pamplemousses,99.69359586080904,2949.869553312323,Premium
Rungis International,Coopérative Oasis,Italie,Île-de-France,0.0,Robusta,109.70045398531067,3307.712006072863,Premium
Marché Wholesale Agadir,Hacienda El Sol,France,São Paulo,0.0,Orge,283.7821932153611,2480.3236593260017,Standard
Ferme Al Baraka,Marché Wholesale Agadir,USA,Kansas,0.0,Blé,170.96076672743274,1909.5871690805407,Bio Certifié
Fattoria Toscana,Cooperative Grains Alliance,Maroc,São Paulo,0.0,Olives de Table,1294.7127201022536,1182.0619218692113,Standard
Ferme Al Baraka,Rungis International,Maroc,Canterbury,0.0,Carottes,113.24042360823954,2225.500022866494,Premium
Coopérative Oasis,Rungis International,Italie,Canterbury,0.0,Mandarines,184.769780410732,2839.697218542824,Standard
Fattoria Toscana,Domaine Provence Bio,Italie,Meknès-Fès,0.0,Olives à Huile,402.5547237232901,2925.091817251089,Bio Certifié
Dairy Meadows,Cooperative Grains Alliance,Maroc,Californie,0.0,Beurre,112.81553271484927,954.6105439513137,Bio Certifié
Rungis International,Cooperative Grains Alliance,USA,Sfax,0.0,Blé,64.27283677010594,1866.984166959514,Standard
Domaine Provence Bio,Rungis International,Maroc,Sfax,0.0,Raisins de Table,620.645282982104,5218.641113205764,Standard
Ferme Al Baraka,Hacienda El Sol,Tunisie,Canterbury,0.0,Olives à Huile,270.6349687635609,2631.798982754567,Bio Certifié
Domaine Saada,Rungis International,Maroc,Meknès-Fès,0.0,Pommes de terre,155.9677337160021,4757.947102064194,Bio Certifié
Union Agricole Méditerranée,Fattoria Toscana,Maroc,Meknès-Fès,0.0,Beurre,92.83890016434427,3740.2527828463935,Standard
Dairy Meadows,Fattoria Toscana,Maroc,Californie,0.0,Blé,140.08583326834878,5754.337194412711,Commerce Équitable
Ferme Al Baraka,Rungis International,Italie,Kansas,0.0,Salades,165.51053924119012,5072.191231021021,Commerce Équitable
Hacienda El Sol,Marché Wholesale Agadir,Italie,Toscane,0.0,Blé,300.1145136927594,2216.219314120872,Premium
Domaine Saada,Fazenda Brasil,France,São Paulo,0.0,Beurre,87.18549611681097,5306.538897247395,Bio Certifié
Ferme Al Baraka,Domaine Provence Bio,France,Marrakech-Safi,0.0,Robusta,129.83205956740875,2718.934320207381,Premium
Domaine Provence Bio,Fazenda Brasil,Maroc,Kansas,0.0,Olives à Huile,101.62780223891053,2135.6372774957126,Standard
Fattoria Toscana,Cooperative Grains Alliance,Maroc,Californie,0.0,Pommes,121.84790454958011,2716.43165419095,Commerce Équitable
Union Agricole Méditerranée,Fazenda Brasil,Maroc,Canterbury,0.0,Tomates,869.2935064584665,1005.4964797681865,Standard
Ferme Al Baraka,Dairy Meadows,Maroc,Toscane,0.0,Bananes,35.337206043930486,-226.57472894338366,Bio Certifié
Ferme Al Baraka,Ferme Al Baraka,Tunisie,Souss-Massa,0.0,Courgettes,231.51641725143628,3440.489658388886,Bio Certifié
Dairy Meadows,Domaine Saada,USA,Meknès-Fès,0.0,Fromage,110.53653553312195,1508.1397068061735,Commerce Équitable
Domaine Saada,Mercabarna,Tunisie,Toscane,0.0,Tomates,51.84626103858885,3492.5857982635544,Standard
Rungis International,Coopérative Oasis,Nouvelle-Zélande,Meknès-Fès,0.0,Raisins de Table,41.20120102558161,103.00548717219954,Standard
Union Agricole Méditerranée,Domaine Provence Bio,Espagne,Californie,0.0,Olives de Table,120.13823180734082,2433.393863325481,Commerce Équitable
Fattoria Toscana,Cooperative Grains Alliance,Maroc,Marrakech-Safi,0.0,Blé,700.7119827604671,3548.563920870438,Standard
Fattoria Toscana,Ferme Al Baraka,Italie,Canterbury,0.0,Pommes de terre,95.57673739667808,20988.842353827084,Premium
Mercabarna,Mercabarna,Espagne,Meknès-Fès,0.0,Oranges,63.703800118641546,1861.3375328802472,Bio Certifié
Rungis International,Fattoria Toscana,Maroc,Kansas,0.0,Pommes de terre,147.5946293883049,12898.393338871567,Premium
Rungis International,Rungis International,Nouvelle-Zélande,Kansas,0.0,Beurre,249.32323290726998,2236.2929813852147,Commerce Équitable
Marché Wholesale Agadir,Domaine Saada,Maroc,Kansas,0.0,Carottes,195.4656013009425,1740.355603628388,Premium
Fazenda Brasil,Rungis International,Nouvelle-Zélande,Toscane,0.0,Tomates,127.68230596656997,2195.629005114738,Premium
Marché Wholesale Agadir,Mercabarna,Maroc,Souss-Massa,0.0,Riz,143.63052254884806,2062.8428157265535,Premium
Green Valley Farm,Domaine Provence Bio,Maroc,Andalousie,0.0,Robusta,81.27769619378716,562.134772612871,Bio Certifié
Green Valley Farm,Rungis International,USA,Californie,0.0,Medjool,49.92314077940138,3521.348512804466,Premium
Ferme Al Baraka,Marché Wholesale Agadir,Italie,Kansas,0.0,Citrons,196.52478622837629,2581.710578896768,Premium
Green Valley Farm,Marché Wholesale Agadir,France,Catalogne,0.0,Raisins de Cuve,135.50457781658508,3222.9819143299555,Bio Certifié
Fattoria Toscana,Union Agricole Méditerranée,Maroc,Marrakech-Safi,0.0,Tomates,231.3104109404921,3990.0098687936797,Standard
Union Agricole Méditerranée,Marché Wholesale Agadir,Italie,Provence,0.0,Bananes,288.1485681450586,1400.665769768942,Standard
Ferme Al Baraka,Dairy Meadows,Espagne,São Paulo,0.0,Citrons,224.3063694708149,2052.1434328387063,Bio Certifié
Ferme Al Baraka,Green Valley Farm,Espagne,Souss-Massa,0.0,Medjool,92.49321596184434,1215.8649746902345,Bio Certifié
Coopérative Oasis,Domaine Provence Bio,Maroc,São Paulo,0.0,Deglet Nour,116.27120103437764,4762.140493508016,Standard
Domaine Provence Bio,Dairy Meadows,Maroc,Californie,0.0,Carottes,10.176492188911546,408.9148545464675,Standard
Mercabarna,Rungis International,USA,Kansas,0.0,Fromage,360.308294022523,1792.2366732657938,Commerce Équitable
Mercabarna,Hacienda El Sol,France,Californie,0.0,Deglet Nour,86.83655935506249,1351.6559367477043,Commerce Équitable
Coopérative Oasis,Fattoria Toscana,USA,Île-de-France,0.0,Maïs,400.3710438941106,1686.6191766842312,Standard
Domaine Saada,Coopérative Oasis,France,Marrakech-Safi,0.0,Medjool,227.54471193678236,5797.363202466797,Commerce Équitable
Fazenda Brasil,Rungis International,Espagne,Andalousie,0.0,Tomates,104.74973545663241,4691.826471569278,Bio Certifié
Domaine Provence Bio,Domaine Provence Bio,France,Provence,0.0,Medjool,45.697328063091376,2420.361667933901,Bio Certifié
Hacienda El Sol,Coopérative Oasis,USA,Provence,0.0,Pommes de terre,104.78948788279266,1271.6351883487346,Standard
Domaine Saada,Mercabarna,Maroc,Toscane,0.0,Blé,80.64913656929144,5448.2464901332205,Premium
Green Valley Farm,Coopérative Oasis,Nouvelle-Zélande,Souss-Massa,0.0,Yaourt,86.77746411053003,2239.7384465438704,Premium
Domaine Provence Bio,Coopérative Oasis,France,Sfax,0.0,Raisins de Cuve,1002.4195255644881,2876.2744620899593,Standard
Ferme Al Baraka,Mercabarna,Nouvelle-Zélande,Souss-Massa,0.0,Arabica,20.775855067942928,3420.8184962534333,Premium
Hacienda El Sol,Cooperative Grains Alliance,Tunisie,Kansas,0.0,Beurre,1018.3737947939553,3608.161105238625,Bio Certifié
Rungis International,Domaine Provence Bio,Nouvelle-Zélande,Andalousie,0.0,Olives à Huile,157.362257274962,1789.5005728271185,Bio Certifié
Domaine Provence Bio,Union Agricole Méditerranée,USA,Californie,0.0,Lait,322.79834182294417,1027.164674779958,Standard
Domaine Provence Bio,Cooperative Grains Alliance,Italie,Meknès-Fès,0.0,Orge,268.39925477675774,2525.5675959891696,Bio Certifié
Mercabarna,Fattoria Toscana,France,Kansas,0.0,Yaourt,256.8461681294675,2461.4742150803622,Premium
Union Agricole Méditerranée,Union Agricole Méditerranée,Maroc,Île-de-France,0.0,Arabica,1222.8899138330307,5456.601198740278,Bio Certifié
Domaine Provence Bio,Hacienda El Sol,Italie,Andalousie,0.0,Olives à Huile,271.4369619153565,2016.0984391142965,Bio Certifié
Dairy Meadows,Union Agricole Méditerranée,Espagne,Sfax,0.0,Courgettes,125.9549924191783,423.2850926252303,Standard
Cooperative Grains Alliance,Union Agricole Méditerranée,USA,Meknès-Fès,0.0,Robusta,87.6707515038102,1289.0678957103212,Bio Certifié
Mercabarna,Union Agricole Méditerranée,Espagne,Sfax,0.0,Carottes,87.49209138813188,10252.290148836888,Bio Certifié
Domaine Saada,Dairy Meadows,Tunisie,Marrakech-Safi,0.0,Olives à Huile,127.5755524463363,11949.334015225508,Bio Certifié
Domaine Provence Bio,Union Agricole Méditerranée,France,Catalogne,0.0,Olives à Huile,265.10928932093674,3517.548616081571,Premium
Green Valley Farm,Domaine Saada,Espagne,São Paulo,0.0,Robusta,237.17213169698198,3319.2267537237185,Standard
Domaine Saada,Fattoria Toscana,USA,Souss-Massa,0.0,Raisins de Cuve,244.23090576881526,1334.2941057374687,Premium
Rungis International,Fattoria Toscana,Maroc,Souss-Massa,0.0,Raisins de Cuve,0.17707832691107228,2099.744540658955,Standard
Union Agricole Méditerranée,Domaine Provence Bio,Nouvelle-Zélande,Californie,0.0,Bananes,78.38644337092931,1511.5257354824803,Bio Certifié
Domaine Provence Bio,Marché Wholesale Agadir,Espagne,Souss-Massa,0.0,Riz,149.34395650847785,2579.513807103766,Standard
Marché Wholesale Agadir,Dairy Meadows,Italie,Catalogne,0.0,Robusta,120.03076182052841,-452.966175975032,Standard
Hacienda El Sol,Dairy Meadows,Italie,Sfax,0.0,Pommes,156.4878360277903,3231.2432066196097,Commerce Équitable
Domaine Provence Bio,Cooperative Grains Alliance,Italie,São Paulo,0.0,Riz,109.0573378569101,2008.0211347360073,Commerce Équitable
Rungis International,Coopérative Oasis,Tunisie,Sfax,0.0,Olives de Table,181.17667173734168,1816.6864328642755,Bio Certifié
Domaine Saada,Mercabarna,Maroc,Californie,0.0,Pamplemousses,171.12572005109385,1202.071204439376,Bio Certifié
Domaine Provence Bio,Ferme Al Baraka,USA,Île-de-France,0.0,Salades,65.40874128719824,4436.652048368044,Standard
Rungis International,Rungis International,USA,Kansas,0.0,Pommes,739.5895273000875,1464.3162377232886,Standard
Hacienda El Sol,Fattoria Toscana,USA,Californie,0.0,Tomates,146.65313972396808,912.4778808447115,Standard
Fazenda Brasil,Domaine Saada,France,Californie,0.0,Olives à Huile,16.03872658500636,-775.4059068825779,Bio Certifié
Union Agricole Méditerranée,Ferme Al Baraka,Maroc,Canterbury,0.0,Pommes de terre,12.410788846042742,3882.775834486646,Premium
Coopérative Oasis,Ferme Al Baraka,Espagne,Californie,0.0,Lait,86.45971537585194,270.44962555822167,Standard
Marché Wholesale Agadir,Green Valley Farm,Tunisie,Sfax,0.0,Fromage,132.1423147879833,4659.057960998974,Premium
Ferme Al Baraka,Fattoria Toscana,Espagne,Provence,0.0,Raisins de Table,8.412988341895733,797.8889699203818,Standard
Union Agricole Méditerranée,Mercabarna,France,Marrakech-Safi,0.0,Yaourt,140.10529472345098,3250.9650981625255,Premium
Fattoria Toscana,Domaine Saada,Maroc,Souss-Massa,0.0,Raisins de Table,68.35960445706043,4885.328895716702,Bio Certifié
Mercabarna,Domaine Saada,USA,Catalogne,0.0,Raisins de Table,51.343794617167035,3595.612866473385,Premium
Union Agricole Méditerranée,Green Valley Farm,France,Catalogne,0.0,Olives à Huile,287.95208727588977,4651.041956794905,Standard
Marché Wholesale Agadir,Domaine Saada,Nouvelle-Zélande,Californie,0.0,Deglet Nour,167.07003221105722,13265.439473054455,Bio Certifié
Dairy Meadows,Fazenda Brasil,Italie,São Paulo,0.0,Pamplemousses,102.6752938518367,3619.5375816444803,Bio Certifié
Rungis International,Ferme Al Baraka,France,Meknès-Fès,0.0,Salades,223.89784483225694,2711.064956268817,Bio Certifié
Domaine Saada,Rungis International,Espagne,Canterbury,0.0,Blé,82.7806027975775,3620.169125017426,Standard
Domaine Saada,Hacienda El Sol,Maroc,Sfax,0.0,Arabica,57.721100768553534,1899.2691555881456,Premium
Domaine Saada,Fattoria Toscana,Tunisie,Meknès-Fès,0.0,Tomates,132.65891459541456,4928.349629333536,Bio Certifié
Dairy Meadows,Hacienda El Sol,Maroc,Catalogne,0.0,Pamplemousses,61.21140859521993,6540.974786207314,Bio Certifié
Cooperative Grains Alliance,Coopérative Oasis,Nouvelle-Zélande,São Paulo,0.0,Blé,638.8206119347976,2303.634137309945,Bio Certifié
Domaine Provence Bio,Dairy Meadows,France,Toscane,0.0,Citrons,370.42247721379607,1831.1777142790852,Premium
Fazenda Brasil,Union Agricole Méditerranée,Brésil,Catalogne,0.0,Beurre,565.801825316892,1942.599066308937,Bio Certifié
Green Valley Farm,Hacienda El Sol,Maroc,Meknès-Fès,0.0,Olives de Table,558.2778656215005,20883.45086900979,Bio Certifié
Domaine Provence Bio,Marché Wholesale Agadir,Maroc,Île-de-France,0.0,Pommes,150.794686316107,3112.2994020965502,Premium
Ferme Al Baraka,Cooperative Grains Alliance,Maroc,São Paulo,0.0,Citrons,125.07300458594324,1315.5893968780538,Premium
Hacienda El Sol,Domaine Saada,Italie,Île-de-France,0.0,Yaourt,135.6894956841844,1728.6715711407983,Standard
Rungis International,Green Valley Farm,France,Marrakech-Safi,0.0,Riz,149.9895627951094,3403.04610468643,Premium
Cooperative Grains Alliance,Fazenda Brasil,Nouvelle-Zélande,Meknès-Fès,0.0,Oignons,189.4787578038368,2419.0712750420253,Commerce Équitable
Domaine Saada,Fazenda Brasil,USA,Toscane,0.0,Deglet Nour,151.97857886648524,1830.516540947768,Premium
Green Valley Farm,Ferme Al Baraka,Espagne,Souss-Massa,0.0,Olives de Table,157.16317567744,11065.446907219804,Commerce Équitable
Union Agricole Méditerranée,Hacienda El Sol,Maroc,Île-de-France,0.0,Blé,93.2031360456653,659.7848370581744,Standard
Rungis International,Green Valley Farm,USA,Catalogne,0.0,Courgettes,746.9328255920714,10252.307445791943,Commerce Équitable
Domaine Provence Bio,Cooperative Grains Alliance,Maroc,Souss-Massa,0.0,Salades,34.48966103085921,811.136070470008,Standard
Fazenda Brasil,Mercabarna,Italie,Kansas,0.0,Salades,158.19250224137565,1145.449838801452,Premium
Fattoria Toscana,Green Valley Farm,Maroc,São Paulo,0.0,Pamplemousses,139.77838500340334,4624.635700521651,Standard
Fattoria Toscana,Domaine Provence Bio,Espagne,Toscane,0.0,Pamplemousses,66.49806592014352,3683.940985320639,Premium
Union Agricole Méditerranée,Mercabarna,Maroc,Californie,0.0,Olives à Huile,205.37115680725782,1684.123853962442,Bio Certifié
Hacienda El Sol,Fazenda Brasil,Espagne,São Paulo,0.0,Lait,106.12848801346252,2705.3254027348385,Standard
Fazenda Brasil,Mercabarna,Nouvelle-Zélande,Californie,0.0,Yaourt,124.61123980755255,2533.646593753624,Bio Certifié
Fazenda Brasil,Marché Wholesale Agadir,Espagne,Californie,0.0,Riz,168.44457726082064,3931.2319853870586,Standard
Green Valley Farm,Rungis International,France,Californie,0.0,Olives à Huile,196.0313481491313,1348.1033553172917,Commerce Équitable
Ferme Al Baraka,Coopérative Oasis,France,São Paulo,0.0,Orge,199.51887155587673,200.85821198329677,Bio Certifié
Fattoria Toscana,Marché Wholesale Agadir,Maroc,Sfax,0.0,Deglet Nour,625.7226023893387,5270.650343214036,Bio Certifié
Coopérative Oasis,Dairy Meadows,Espagne,Toscane,0.0,Blé,17.90198092831841,17656.29833574083,Bio Certifié
Green Valley Farm,Fazenda Brasil,USA,Kansas,0.0,Salades,237.68695131116766,2531.301860279399,Standard
Domaine Provence Bio,Dairy Meadows,Maroc,Toscane,0.0,Pommes,23.4027958525906,951.4703177796864,Bio Certifié
Domaine Saada,Union Agricole Méditerranée,Brésil,Meknès-Fès,0.0,Maïs,267.98684786601245,2483.530376405645,Standard
Fazenda Brasil,Domaine Saada,Brésil,Île-de-France,0.0,Raisins de Cuve,648.7981358826324,2237.851874545754,Bio Certifié
Rungis International,Green Valley Farm,Brésil,Marrakech-Safi,0.0,Raisins de Cuve,434.40026178274877,2012.6634899645492,Premium
Cooperative Grains Alliance,Fattoria Toscana,France,Souss-Massa,0.0,Blé,156.7120891836276,11426.003043261644,Bio Certifié
Cooperative Grains Alliance,Fattoria Toscana,France,Andalousie,0.0,Raisins de Table,707.8379625190264,2660.0382005202373,Standard
Rungis International,Dairy Meadows,Maroc,Catalogne,0.0,Raisins de Cuve,90.18390656452767,1928.7440302397717,Bio Certifié
Ferme Al Baraka,Cooperative Grains Alliance,Nouvelle-Zélande,Toscane,0.0,Arabica,620.5761989106009,1365.6612465925912,Bio Certifié
Fazenda Brasil,Rungis International,USA,Catalogne,0.0,Pommes,182.2468366100035,2854.16663723433,Standard
Cooperative Grains Alliance,Domaine Provence Bio,Tunisie,São Paulo,0.0,Courgettes,112.49476975380345,3509.937717730375,Standard
Domaine Provence Bio,Green Valley Farm,Maroc,Catalogne,0.0,Carottes,15.581634013860224,4010.4244176586467,Commerce Équitable
Fazenda Brasil,Domaine Provence Bio,Espagne,Toscane,0.0,Oignons,146.18932795005253,4189.198225246682,Premium
Ferme Al Baraka,Fattoria Toscana,Espagne,São Paulo,0.0,Arabica,152.5228313444157,1012.9970593211299,Standard
Green Valley Farm,Fattoria Toscana,France,São Paulo,0.0,Pamplemousses,136.72166771914226,2636.097218306077,Bio Certifié
Mercabarna,Fazenda Brasil,Maroc,Sfax,0.0,Robusta,971.686113589129,4549.318732297099,Premium
Mercabarna,Domaine Provence Bio,Maroc,Toscane,0.0,Oignons,-33.23401685737367,3039.081774322327,Bio Certifié
Green Valley Farm,Domaine Provence Bio,Maroc,Andalousie,0.0,Raisins de Cuve,18.150302128334822,1830.1664278509377,Premium
Rungis International,Hacienda El Sol,USA,Île-de-France,0.0,Pommes de terre,148.87131573883312,438.6110335633434,Standard
Domaine Saada,Mercabarna,USA,São Paulo,0.0,Deglet Nour,60.63157695765005,4455.64265969362,Premium
Coopérative Oasis,Coopérative Oasis,France,São Paulo,0.0,Arabica,191.31102052618772,3614.1330624721204,Standard
Fattoria Toscana,Mercabarna,Brésil,Meknès-Fès,0.0,Lait,159.4947414100337,1669.14485087372,Commerce Équitable
Dairy Meadows,Union Agricole Méditerranée,Brésil,Meknès-Fès,0.0,Citrons,133.84887701678315,3681.1991673685175,Bio Certifié
Ferme Al Baraka,Dairy Meadows,France,Canterbury,0.0,Deglet Nour,100.94154084263357,770.5965610993265,Commerce Équitable
Ferme Al Baraka,Rungis International,France,Souss-Massa,0.0,Deglet Nour,95.4016661669415,3966.017433634883,Bio Certifié
Rungis International,Dairy Meadows,Italie,São Paulo,0.0,Salades,50.032055713292564,2946.9955701417703,Bio Certifié
Domaine Provence Bio,Fazenda Brasil,USA,Sfax,0.0,Yaourt,113.69838690430237,3772.473312922697,Bio Certifié
Fattoria Toscana,Green Valley Farm,Maroc,São Paulo,0.0,Riz,466.53869200517875,3932.131414762889,Premium
Mercabarna,Coopérative Oasis,Maroc,Marrakech-Safi,0.0,Robusta,152.18547857616002,2392.5182208277015,Premium
Domaine Saada,Domaine Saada,Tunisie,Souss-Massa,0.0,Yaourt,251.05628630229654,2171.610777280884,Standard
Domaine Provence Bio,Fattoria Toscana,Espagne,Souss-Massa,0.0,Raisins de Cuve,254.82543022349722,2012.722884382862,Standard
Domaine Provence Bio,Coopérative Oasis,Tunisie,Provence,0.0,Courgettes,191.67992295979047,3028.853193019408,Standard
Mercabarna,Domaine Provence Bio,Tunisie,Marrakech-Safi,0.0,Raisins de Cuve,290.1125594086291,14489.610238880236,Bio Certifié
Rungis International,Coopérative Oasis,France,Catalogne,0.0,Tomates,-55.99284859066315,1926.8324982810686,Bio Certifié
Marché Wholesale Agadir,Domaine Provence Bio,USA,Catalogne,0.0,Raisins de Cuve,186.56181210441912,11718.226057299315,Bio Certifié
Ferme Al Baraka,Fattoria Toscana,USA,Île-de-France,0.0,Raisins de Table,1060.9509591712192,412.25826358070253,Premium
Fazenda Brasil,Green Valley Farm,France,Canterbury,0.0,Raisins de Table,270.62880439387084,3542.0359420407985,Premium
Hacienda El Sol,Union Agricole Méditerranée,Maroc,São Paulo,0.0,Robusta,260.68871499307295,3700.4304238008517,Standard
Domaine Provence Bio,Domaine Saada,Nouvelle-Zélande,Sfax,0.0,Oignons,414.57732268367494,4585.81840828989,Standard
Mercabarna,Fazenda Brasil,Espagne,Souss-Massa,0.0,Olives de Table,153.82639859746362,3428.2176156003206,Standard
Ferme Al Baraka,Fazenda Brasil,France,Provence,0.0,Robusta,144.9457079798924,1554.72678465404,Bio Certifié
Rungis International,Green Valley Farm,Nouvelle-Zélande,Meknès-Fès,0.0,Raisins de Table,165.30275151847343,633.2957559963569,Standard
Ferme Al Baraka,Dairy Meadows,France,Toscane,0.0,Raisins de Table,196.446611249889,411.4187440452398,Standard
Dairy Meadows,Dairy Meadows,Espagne,Île-de-France,0.0,Oranges,226.4889169711416,803.0548120723695,Bio Certifié
Union Agricole Méditerranée,Cooperative Grains Alliance,Maroc,Sfax,0.0,Oignons,103.51369954733025,3193.385322346666,Bio Certifié
Domaine Provence Bio,Fazenda Brasil,Maroc,Souss-Massa,0.0,Orge,1067.6287208279289,2300.367191918514,Bio Certifié
Green Valley Farm,Fattoria Toscana,Maroc,Canterbury,0.0,Bananes,667.8969995203124,434.6640872883829,Premium
Dairy Meadows,Fazenda Brasil,France,Provence,0.0,Olives de Table,203.34181937825232,2716.6969941277193,Commerce Équitable
Rungis International,Domaine Provence Bio,France,Catalogne,0.0,Pommes,72.0653077624469,2048.2062540248444,Standard
Fazenda Brasil,Hacienda El Sol,Maroc,Provence,0.0,Lait,152.84050078192902,543.6882628108223,Bio Certifié
Green Valley Farm,Fattoria Toscana,Italie,São Paulo,0.0,Raisins de Cuve,136.33738199792936,4173.338847744276,Bio Certifié
Mercabarna,Rungis International,Espagne,São Paulo,0.0,Olives de Table,213.21138458270002,2234.818552808226,Standard
Domaine Saada,Domaine Provence Bio,Tunisie,São Paulo,0.0,Tomates,133.07036181109493,4868.726677875923,Premium
Rungis International,Green Valley Farm,Maroc,Île-de-France,0.0,Robusta,471.1977121330707,157.70051142438479,Standard
Domaine Saada,Union Agricole Méditerranée,Italie,Île-de-France,0.0,Olives de Table,142.9282375959488,410.2344609019117,Premium
Domaine Saada,Fattoria Toscana,Nouvelle-Zélande,São Paulo,0.0,Arabica,627.6275431906524,4790.851322479468,Standard
Domaine Saada,Hacienda El Sol,Italie,Kansas,0.0,Beurre,144.78327976405154,2712.0366556143163,Premium
Domaine Provence Bio,Ferme Al Baraka,Espagne,Kansas,0.0,Olives à Huile,64.41377863380696,2766.7403390203553,Commerce Équitable
Domaine Saada,Domaine Provence Bio,Brésil,Canterbury,0.0,Courgettes,258.1790087179095,14.995387330625135,Premium
Domaine Provence Bio,Fattoria Toscana,Espagne,Californie,0.0,Olives à Huile,537.3056504000193,1997.6808443439518,Bio Certifié
Coopérative Oasis,Domaine Saada,France,Canterbury,0.0,Raisins de Cuve,179.58512832036044,2096.6274273624467,Premium
Fattoria Toscana,Ferme Al Baraka,Tunisie,São Paulo,0.0,Raisins de Cuve,167.84510696097357,3905.3761352390493,Bio Certifié
Dairy Meadows,Cooperative Grains Alliance,Maroc,Californie,0.0,Courgettes,178.10604423031353,3394.2722198780675,Bio Certifié
Domaine Provence Bio,Ferme Al Baraka,France,Toscane,0.0,Fromage,114.69267521246249,-291.66158907049885,Bio Certifié
Marché Wholesale Agadir,Union Agricole Méditerranée,Nouvelle-Zélande,Toscane,0.0,Robusta,274.2401152680893,3693.447962142004,Premium
Green Valley Farm,Ferme Al Baraka,Italie,Sfax,0.0,Arabica,89.07114817610318,2570.139824473033,Bio Certifié
Fattoria Toscana,Ferme Al Baraka,Nouvelle-Zélande,Marrakech-Safi,0.0,Medjool,219.30869089162604,2322.15619411999,Bio Certifié
Fazenda Brasil,Hacienda El Sol,Nouvelle-Zélande,Andalousie,0.0,Olives de Table,428.0879393347122,2844.332218429736,Premium
Union Agricole Méditerranée,Ferme Al Baraka,Espagne,Souss-Massa,0.0,Pommes de terre,246.04507688355403,197.15684147052775,Standard
Dairy Meadows,Hacienda El Sol,Espagne,Catalogne,0.0,Maïs,849.3059847860852,637.2926626042168,Standard
Coopérative Oasis,Rungis International,Tunisie,Souss-Massa,0.0,Olives de Table,2.6363323836736186,2726.5401467218594,Commerce Équitable
Fazenda Brasil,Dairy Meadows,USA,Californie,0.0,Oranges,130.90389762811674,1269.8419409711294,Commerce Équitable
Domaine Saada,Ferme Al Baraka,Maroc,Souss-Massa,0.0,Deglet Nour,75.16924914928013,2585.7602322671164,Bio Certifié
Marché Wholesale Agadir,Mercabarna,Espagne,Souss-Massa,0.0,Pommes,33.05013769144561,1987.8912222279473,Standard
Cooperative Grains Alliance,Coopérative Oasis,Brésil,Île-de-France,0.0,Medjool,97.63422626635895,3147.441507078942,Premium
Fazenda Brasil,Ferme Al Baraka,Maroc,Meknès-Fès,0.0,Olives à Huile,147.71108825206977,4058.0416095120004,Bio Certifié
Fattoria Toscana,Hacienda El Sol,USA,Souss-Massa,0.0,Tomates,8.573887513208774,127.31555528527156,Bio Certifié
Dairy Meadows,Fazenda Brasil,Brésil,Catalogne,0.0,Olives à Huile,46.342310717990536,1634.1874078692508,Commerce Équitable
Union Agricole Méditerranée,Marché Wholesale Agadir,France,Sfax,0.0,Raisins de Table,239.32016307417865,7905.638202169713,Bio Certifié
Dairy Meadows,Ferme Al Baraka,Maroc,Souss-Massa,0.0,Arabica,25.91335512309154,2848.980141640847,Bio Certifié
Ferme Al Baraka,Coopérative Oasis,USA,Californie,0.0,Blé,369.51677408879226,2948.8393209516125,Standard
Domaine Saada,Marché Wholesale Agadir,Brésil,Île-de-France,0.0,Salades,200.39267206382337,873.7938661578598,Standard
Mercabarna,Coopérative Oasis,Maroc,Californie,0.0,Pommes,97.90579331189687,567.3619861928464,Bio Certifié
Fattoria Toscana,Domaine Saada,Maroc,Souss-Massa,0.0,Fromage,720.4171372682941,640.1697954911784,Standard
Marché Wholesale Agadir,Fazenda Brasil,Maroc,Souss-Massa,0.0,Yaourt,203.90822493803267,-1043.7524126630512,Standard
Green Valley Farm,Domaine Provence Bio,USA,Canterbury,0.0,Pamplemousses,107.38670380581536,4289.875364902218,Bio Certifié
Hacienda El Sol,Union Agricole Méditerranée,Italie,Kansas,0.0,Raisins de Table,116.47665072006654,3238.9650700772954,Standard
Green Valley Farm,Mercabarna,Brésil,Kansas,0.0,Raisins de Table,262.4420886894335,13735.152046472049,Commerce Équitable
Mercabarna,Mercabarna,Nouvelle-Zélande,Californie,0.0,Pamplemousses,67.07287635296242,11612.325646540956,Standard
Hacienda El Sol,Green Valley Farm,Tunisie,Toscane,0.0,Maïs,131.17430765795984,12471.631101012317,Standard
Fattoria Toscana,Domaine Saada,Espagne,Souss-Massa,0.0,Arabica,265.22808566848914,3082.4619556154203,Premium
Cooperative Grains Alliance,Coopérative Oasis,Tunisie,Meknès-Fès,0.0,Raisins de Table,349.4044609158504,4154.328029621931,Bio Certifié
Marché Wholesale Agadir,Green Valley Farm,Maroc,Meknès-Fès,0.0,Riz,473.1207302512685,1722.1801421603623,Bio Certifié
Ferme Al Baraka,Coopérative Oasis,Espagne,Île-de-France,0.0,Deglet Nour,18.15319857554038,259.3466871099589,Premium
Fazenda Brasil,Domaine Provence Bio,Maroc,Canterbury,0.0,Citrons,177.18707917210511,3312.367317024379,Standard
Fattoria Toscana,Marché Wholesale Agadir,France,Catalogne,0.0,Olives à Huile,39.34326473190549,1792.7564974412142,Bio Certifié
Union Agricole Méditerranée,Hacienda El Sol,Italie,Souss-Massa,0.0,Mandarines,237.48389254984906,-1029.7977529700513,Standard
Domaine Provence Bio,Union Agricole Méditerranée,France,Marrakech-Safi,0.0,Salades,395.0540542356094,1660.1875053470606,Commerce Équitable
Dairy Meadows,Rungis International,Tunisie,Meknès-Fès,0.0,Tomates,599.9621434231963,1096.218633794405,Bio Certifié
Rungis International,Ferme Al Baraka,Maroc,Île-de-France,0.0,Raisins de Table,181.01268797851853,2425.8205702221403,Standard
Domaine Saada,Domaine Saada,USA,Canterbury,0.0,Tomates,392.5427825525054,3334.8742681860303,Bio Certifié
Rungis International,Fattoria Toscana,Tunisie,Provence,0.0,Olives à Huile,202.85812311881392,3872.258644236632,Premium
Mercabarna,Domaine Provence Bio,France,Kansas,0.0,Raisins de Table,190.8098817932309,1872.6405598950475,Premium
Rungis International,Fazenda Brasil,France,Souss-Massa,0.0,Robusta,139.29130996703168,4834.367853197982,Bio Certifié
Ferme Al Baraka,Marché Wholesale Agadir,France,Catalogne,0.0,Salades,128.6975041590686,1039.5144863534902,Standard
Domaine Provence Bio,Mercabarna,Italie,Californie,0.0,Riz,201.24416638047506,3462.4270625080726,Bio Certifié
Green Valley Farm,Cooperative Grains Alliance,USA,Souss-Massa,0.0,Olives à Huile,34.45311031359637,4127.3196321878095,Premium
Fazenda Brasil,Fattoria Toscana,Tunisie,Toscane,0.0,Olives à Huile,5.533784389917102,1806.0683793610162,Commerce Équitable
Coopérative Oasis,Union Agricole Méditerranée,Maroc,Souss-Massa,0.0,Oignons,193.02501822926294,3529.768988711503,Standard
Green Valley Farm,Domaine Provence Bio,France,Toscane,0.0,Pommes,265.3012214430488,2387.3269027307947,Commerce Équitable
Union Agricole Méditerranée,Coopérative Oasis,Maroc,Kansas,0.0,Raisins de Table,853.9015339740023,3012.4020439554206,Standard
Fattoria Toscana,Domaine Provence Bio,Nouvelle-Zélande,Meknès-Fès,0.0,Oignons,153.2717573541413,4302.669795427999,Bio Certifié
Cooperative Grains Alliance,Domaine Saada,Nouvelle-Zélande,Souss-Massa,0.0,Medjool,144.58999106094063,71.24141956084031,Premium
Domaine Saada,Fattoria Toscana,Tunisie,Toscane,0.0,Salades,153.8941800512643,10941.646631828242,Premium
Dairy Meadows,Domaine Provence Bio,Maroc,São Paulo,0.0,Maïs,358.94601799407445,-30.175643373609773,Standard
Domaine Provence Bio,Rungis International,Maroc,Californie,0.0,Pamplemousses,117.73456944091112,947.0222642424374,Bio Certifié
Fazenda Brasil,Hacienda El Sol,USA,Californie,0.0,Blé,191.5764827117164,2068.324640987141,Bio Certifié
Fazenda Brasil,Hacienda El Sol,Maroc,Catalogne,0.0,Oignons,22.102952131924667,3769.7620561657122,Premium
Dairy Meadows,Ferme Al Baraka,Maroc,Sfax,0.0,Pommes de terre,-2.8017450604042793,1233.3547035886454,Bio Certifié
Cooperative Grains Alliance,Green Valley Farm,Espagne,Catalogne,0.0,Olives à Huile,100.08019074182542,2352.9186323041467,Standard
Dairy Meadows,Mercabarna,Nouvelle-Zélande,Meknès-Fès,0.0,Olives à Huile,670.3607993628152,5595.433368009652,Bio Certifié
Domaine Saada,Hacienda El Sol,USA,Catalogne,0.0,Pommes,570.4749024143971,1193.63330844045,Standard
Fazenda Brasil,Hacienda El Sol,Italie,São Paulo,0.0,Pamplemousses,50.50836291328007,3111.142392902635,Commerce Équitable
Domaine Provence Bio,Domaine Provence Bio,Maroc,Toscane,0.0,Fromage,132.8932023434032,2750.6633663886523,Bio Certifié
Mercabarna,Domaine Provence Bio,Italie,Andalousie,0.0,Oignons,160.1263445847942,3174.702094593064,Bio Certifié
Ferme Al Baraka,Domaine Provence Bio,Brésil,Canterbury,0.0,Raisins de Cuve,211.82726659262198,2820.5266980016327,Bio Certifié
Hacienda El Sol,Dairy Meadows,France,Marrakech-Safi,0.0,Tomates,140.1004629427431,4497.141290506197,Bio Certifié
Cooperative Grains Alliance,Hacienda El Sol,Espagne,São Paulo,0.0,Lait,239.44101741722818,2195.976790561347,Standard
Rungis International,Fattoria Toscana,Tunisie,Souss-Massa,0.0,Olives à Huile,129.24246055303047,1865.568352067146,Standard
Dairy Meadows,Cooperative Grains Alliance,France,Catalogne,0.0,Raisins de Cuve,238.5216223540815,2690.356831526953,Bio Certifié
Rungis International,Domaine Saada,Nouvelle-Zélande,Sfax,0.0,Medjool,61.10566764911259,327.853986304028,Standard
Ferme Al Baraka,Domaine Saada,France,Meknès-Fès,0.0,Yaourt,129.2364476479623,4758.485379768607,Bio Certifié
Union Agricole Méditerranée,Fazenda Brasil,USA,Île-de-France,0.0,Deglet Nour,125.8197112967542,3412.3694742098505,Bio Certifié
Dairy Meadows,Coopérative Oasis,Maroc,Meknès-Fès,0.0,Salades,166.58165309893832,-306.1725035707027,Bio Certifié
Domaine Provence Bio,Fazenda Brasil,USA,Sfax,0.0,Pommes de terre,403.7089068239307,4815.172180305193,Standard
Marché Wholesale Agadir,Hacienda El Sol,France,Catalogne,0.0,Raisins de Table,47.09816876030049,3849.807004996233,Premium
Coopérative Oasis,Domaine Saada,Brésil,Souss-Massa,0.0,Raisins de Table,23.18971834572251,3292.8531241214396,Standard
Green Valley Farm,Dairy Meadows,Italie,Kansas,0.0,Blé,164.72724537039434,24932.83957444368,Premium
Green Valley Farm,Cooperative Grains Alliance,France,São Paulo,0.0,Olives à Huile,109.95041781601982,25837.133167956643,Premium
Domaine Provence Bio,Hacienda El Sol,Tunisie,Marrakech-Safi,0.0,Robusta,156.99559239719105,2838.6586368334947,Bio Certifié
Fattoria Toscana,Green Valley Farm,France,Sfax,0.0,Olives de Table,-19.071412297700014,3449.8482332925396,Standard
Domaine Provence Bio,Fazenda Brasil,USA,Meknès-Fès,0.0,Raisins de Cuve,141.1770151390951,3183.7624170430972,Premium
Green Valley Farm,Ferme Al Baraka,Nouvelle-Zélande,Île-de-France,0.0,Olives à Huile,61.5328734832693,785.364235054672,Premium
Ferme Al Baraka,Mercabarna,USA,Californie,0.0,Arabica,114.0909786546813,1346.2393559322968,Bio Certifié
Fazenda Brasil,Marché Wholesale Agadir,Espagne,Toscane,0.0,Olives à Huile,84.15275425074609,5057.106340480499,Standard
Domaine Provence Bio,Domaine Provence Bio,Maroc,Souss-Massa,0.0,Medjool,79.03296259274165,2093.361154995586,Bio Certifié
Cooperative Grains Alliance,Hacienda El Sol,Tunisie,Meknès-Fès,0.0,Blé,254.4827911042318,2904.909691477851,Standard
Domaine Provence Bio,Ferme Al Baraka,France,Toscane,0.0,Arabica,204.8327890319257,3548.2779084163712,Premium
Marché Wholesale Agadir,Rungis International,France,Souss-Massa,0.0,Citrons,9.783549588755385,5462.430449770169,Bio Certifié
Rungis International,Hacienda El Sol,France,Souss-Massa,0.0,Olives de Table,837.6769976068503,2643.8437669737104,Bio Certifié
Cooperative Grains Alliance,Domaine Provence Bio,USA,Canterbury,0.0,Olives à Huile,47.27423714550415,1578.8703925891245,Premium
Cooperative Grains Alliance,Ferme Al Baraka,Italie,Toscane,0.0,Arabica,71.66019506002397,5305.048512342829,Premium
Mercabarna,Green Valley Farm,France,Souss-Massa,0.0,Raisins de Cuve,69.02343586228893,5245.743167539197,Standard
Cooperative Grains Alliance,Rungis International,Italie,Île-de-France,0.0,Olives à Huile,188.60116457212567,2079.9737708871253,Bio Certifié
Coopérative Oasis,Rungis International,Brésil,Kansas,0.0,Blé,1415.9622786465716,5664.839687807806,Premium
Fattoria Toscana,Fattoria Toscana,USA,Provence,0.0,Deglet Nour,173.63607285519376,608.0473309934245,Bio Certifié
Rungis International,Dairy Meadows,Espagne,Californie,0.0,Raisins de Cuve,1126.402225286972,4660.230097763946,Premium
Rungis International,Dairy Meadows,Maroc,Andalousie,0.0,Raisins de Table,116.847701771283,1931.1196647927295,Bio Certifié
Cooperative Grains Alliance,Hacienda El Sol,USA,Meknès-Fès,0.0,Orge,239.10335228687444,1384.5650555580182,Standard
Dairy Meadows,Marché Wholesale Agadir,Maroc,Andalousie,0.0,Pamplemousses,150.89287235565857,1459.4261484205872,Bio Certifié
Fattoria Toscana,Dairy Meadows,Nouvelle-Zélande,Californie,0.0,Bananes,152.7251628859674,2531.910441238159,Bio Certifié
Union Agricole Méditerranée,Domaine Provence Bio,Maroc,Kansas,0.0,Olives de Table,214.3087908313164,2959.195991292754,Bio Certifié
Fazenda Brasil,Ferme Al Baraka,Maroc,Canterbury,0.0,Courgettes,53.247445770816725,1200.0760704232969,Standard
Cooperative Grains Alliance,Fattoria Toscana,USA,Meknès-Fès,0.0,Oignons,249.7668367217196,3403.621204181597,Standard
Domaine Provence Bio,Domaine Provence Bio,Brésil,Californie,0.0,Lait,270.3341253694492,402.72057450101556,Standard
Green Valley Farm,Cooperative Grains Alliance,Brésil,Kansas,0.0,Olives de Table,135.23070453614196,1826.0856416263505,Premium
Rungis International,Coopérative Oasis,Maroc,Souss-Massa,0.0,Citrons,250.388947603543,8595.453816125673,Bio Certifié
Domaine Saada,Green Valley Farm,France,Toscane,0.0,Olives à Huile,159.65425039518098,3573.206570237455,Bio Certifié
Fattoria Toscana,Union Agricole Méditerranée,Nouvelle-Zélande,Meknès-Fès,0.0,Riz,26.974501103651114,334.4037738619817,Standard
Mercabarna,Green Valley Farm,Brésil,São Paulo,0.0,Raisins de Table,177.18756028854875,5064.068597653048,Standard
Mercabarna,Cooperative Grains Alliance,Maroc,Marrakech-Safi,0.0,Tomates,128.31969909973782,26545.993503237783,Premium
Dairy Meadows,Green Valley Farm,Tunisie,Souss-Massa,0.0,Raisins de Cuve,156.32057603124153,3607.3707464324452,Premium
Coopérative Oasis,Marché Wholesale Agadir,Brésil,Sfax,0.0,Olives à Huile,211.945534016098,1337.7173768593236,Bio Certifié
Green Valley Farm,Union Agricole Méditerranée,France,Californie,0.0,Medjool,20.231973929397803,913.3139035529068,Bio Certifié
Fazenda Brasil,Ferme Al Baraka,Espagne,Sfax,0.0,Medjool,163.288130099108,3407.867989219051,Standard
Rungis International,Mercabarna,Nouvelle-Zélande,São Paulo,0.0,Arabica,47.30700347756064,3309.997429256846,Standard
Green Valley Farm,Mercabarna,France,Toscane,0.0,Riz,29.450395533574977,923.6289515307897,Bio Certifié
Dairy Meadows,Cooperative Grains Alliance,Nouvelle-Zélande,Andalousie,0.0,Olives de Table,-12.871066838216628,1395.437830229989,Standard
Dairy Meadows,Fazenda Brasil,Italie,Catalogne,0.0,Medjool,160.80491029811878,1539.1486618818765,Standard
Rungis International,Domaine Provence Bio,Maroc,Kansas,0.0,Riz,536.8864434734747,3681.235883510266,Premium
Union Agricole Méditerranée,Fazenda Brasil,USA,Andalousie,0.0,Bananes,130.7361967028039,4555.754115953887,Bio Certifié
Fattoria Toscana,Fazenda Brasil,Nouvelle-Zélande,Provence,0.0,Medjool,307.72902971457984,2842.407866553822,Standard
Fattoria Toscana,Dairy Meadows,France,Toscane,0.0,Oignons,80.03237461550249,-659.8676106740234,Premium
Marché Wholesale Agadir,Mercabarna,Italie,Canterbury,0.0,Deglet Nour,200.06016764723165,13719.371389914233,Bio Certifié
Mercabarna,Fattoria Toscana,Nouvelle-Zélande,Canterbury,0.0,Olives de Table,21.458740218298516,5299.659748099654,Premium
Fattoria Toscana,Fazenda Brasil,Nouvelle-Zélande,Andalousie,0.0,Pommes,250.71184132696393,2456.049030248064,Standard
Green Valley Farm,Mercabarna,Tunisie,Provence,0.0,Olives à Huile,142.68168232844175,1948.2408209600706,Bio Certifié
Domaine Provence Bio,Union Agricole Méditerranée,Nouvelle-Zélande,Kansas,0.0,Arabica,114.52092413241067,3655.2687925844084,Premium
Rungis International,Cooperative Grains Alliance,Tunisie,Canterbury,0.0,Olives de Table,-34.055166193196136,723.6292055428943,Commerce Équitable
Coopérative Oasis,Cooperative Grains Alliance,Maroc,Marrakech-Safi,0.0,Bananes,140.31722029500668,12521.314245727624,Bio Certifié
Dairy Meadows,Marché Wholesale Agadir,Maroc,Canterbury,0.0,Blé,59.83686213953782,4193.34311325064,Bio Certifié
Cooperative Grains Alliance,Dairy Meadows,Brésil,Marrakech-Safi,0.0,Oranges,213.39235774299738,1287.7616720103185,Standard
Domaine Provence Bio,Hacienda El Sol,Italie,Marrakech-Safi,0.0,Maïs,607.4699194738413,5475.534432741694,Bio Certifié
Ferme Al Baraka,Fazenda Brasil,Maroc,Californie,0.0,Maïs,1252.9018243515036,997.5197932837625,Standard
Rungis International,Ferme Al Baraka,Maroc,Kansas,0.0,Raisins de Cuve,144.5340105564279,4509.374136017005,Premium
Domaine Saada,Green Valley Farm,Espagne,Souss-Massa,0.0,Pommes,110.80559931433288,21512.857313792367,Premium
Cooperative Grains Alliance,Fazenda Brasil,USA,Souss-Massa,0.0,Arabica,194.75448200934187,2922.7954574178416,Standard
Fattoria Toscana,Union Agricole Méditerranée,USA,Marrakech-Safi,0.0,Pommes,72.15336652897864,3836.4651785239676,Premium
Domaine Provence Bio,Rungis International,Brésil,Canterbury,0.0,Orge,92.26087327714363,874.2705704472778,Bio Certifié
Hacienda El Sol,Domaine Provence Bio,Nouvelle-Zélande,Toscane,0.0,Salades,76.84854349094519,19666.601925171763,Bio Certifié
Domaine Saada,Rungis International,France,Canterbury,0.0,Tomates,147.5306524149676,16477.538602588593,Standard
Fattoria Toscana,Dairy Meadows,Brésil,Toscane,0.0,Salades,559.5699960787254,3289.4434271415394,Bio Certifié
Green Valley Farm,Fazenda Brasil,Maroc,Andalousie,0.0,Blé,115.1338918714213,5738.93070575218,Premium
Green Valley Farm,Coopérative Oasis,Maroc,Californie,0.0,Olives de Table,277.8801419112539,5693.837973609487,Bio Certifié
Cooperative Grains Alliance,Rungis International,Maroc,Californie,0.0,Olives à Huile,278.9073990187742,3362.756981172499,Commerce Équitable
Fattoria Toscana,Domaine Provence Bio,Maroc,Toscane,0.0,Raisins de Cuve,66.89188062176787,1474.5888851532538,Premium
Dairy Meadows,Hacienda El Sol,Maroc,Catalogne,0.0,Pamplemousses,61.21140859521993,6540.974786207314,Bio Certifié
Union Agricole Méditerranée,Fattoria Toscana,Maroc,Provence,0.0,Tomates,177.00489626055688,13189.957919876948,Premium
Fattoria Toscana,Domaine Saada,Maroc,Souss-Massa,0.0,Raisins de Table,68.35960445706043,4885.328895716702,Bio Certifié
Rungis International,Green Valley Farm,Maroc,Kansas,0.0,Raisins de Table,126.5109379454401,1805.792142083716,Standard
Fattoria Toscana,Union Agricole Méditerranée,Maroc,Marrakech-Safi,0.0,Tomates,231.3104109404921,3990.0098687936797,Standard
Fazenda Brasil,Ferme Al Baraka,Maroc,Canterbury,0.0,Courgettes,53.247445770816725,1200.0760704232969,Standard
Green Valley Farm,Ferme Al Baraka,Maroc,Souss-Massa,0.0,Courgettes,155.3998640531648,2145.7112775174037,Commerce Équitable
Union Agricole Méditerranée,Mercabarna,Maroc,Californie,0.0,Olives à Huile,205.37115680725782,1684.123853962442,Bio Certifié
Fattoria Toscana,Domaine Provence Bio,Maroc,São Paulo,0.0,Oignons,467.352861600692,13151.203698967109,Premium
Rungis International,Fattoria Toscana,Maroc,Souss-Massa,0.0,Mandarines,200.70371437935003,3097.1900887956303,Premium
Ferme Al Baraka,Fazenda Brasil,Maroc,Souss-Massa,0.0,Raisins de Cuve,175.20394326117042,3397.1127200762567,Bio Certifié
Domaine Provence Bio,Green Valley Farm,Maroc,Kansas,0.0,Robusta,124.92739585990839,27843.134062874404,Premium
Cooperative Grains Alliance,Ferme Al Baraka,Maroc,Californie,0.0,Deglet Nour,575.7360662260475,21431.291325246006,Bio Certifié
Green Valley Farm,Fazenda Brasil,Maroc,Marrakech-Safi,0.0,Deglet Nour,102.71869687293349,3915.472893468618,Commerce Équitable
Mercabarna,Coopérative Oasis,Maroc,Marrakech-Safi,0.0,Robusta,152.18547857616002,2392.5182208277015,Premium
Domaine Provence Bio,Domaine Saada,Maroc,Andalousie,0.0,Fromage,96.34753265270257,1888.9934164515614,Standard
Domaine Saada,Hacienda El Sol,Maroc,Provence,0.0,Orge,18.97869039782185,2863.868454668745,Standard
Rungis International,Hacienda El Sol,Maroc,Meknès-Fès,0.0,Raisins de Table,460.7164522831833,1800.2749390420902,Premium
Domaine Saada,Ferme Al Baraka,Maroc,Souss-Massa,0.0,Raisins de Cuve,86.05141908097309,2748.1809152617666,Bio Certifié
Ferme Al Baraka,Ferme Al Baraka,Maroc,Île-de-France,0.0,Maïs,119.59483250765953,2380.906191407145,Bio Certifié
Domaine Saada,Hacienda El Sol,Maroc,Provence,0.0,Orge,18.97869039782185,2863.868454668745,Standard
Mercabarna,Union Agricole Méditerranée,Maroc,Île-de-France,0.0,Raisins de Table,-53.03498621947487,747.9756169827529,Bio Certifié
Domaine Saada,Rungis International,Maroc,Meknès-Fès,0.0,Pommes de terre,155.9677337160021,4757.947102064194,Bio Certifié
Rungis International,Fattoria Toscana,Maroc,Souss-Massa,0.0,Mandarines,200.70371437935003,3097.1900887956303,Premium
Rungis International,Green Valley Farm,Maroc,São Paulo,0.0,Oignons,456.79570491929064,968.1485982974857,Standard
Fazenda Brasil,Fattoria Toscana,Maroc,Kansas,0.0,Arabica,23.79007365172796,2080.3910156928328,Standard
Ferme Al Baraka,Rungis International,Maroc,Kansas,0.0,Salades,467.92728163530376,1244.5225420509275,Standard
Union Agricole Méditerranée,Rungis International,Maroc,Provence,0.0,Maïs,77.70910831817083,4509.299937514583,Standard
Fattoria Toscana,Mercabarna,Maroc,Toscane,0.0,Robusta,495.53027434992305,2929.1358536367948,Premium
Domaine Provence Bio,Domaine Saada,Maroc,Andalousie,0.0,Fromage,96.34753265270257,1888.9934164515614,Standard
Union Agricole Méditerranée,Fattoria Toscana,Maroc,Kansas,0.0,Robusta,184.75855039091056,3462.878157226195,Standard
Hacienda El Sol,Hacienda El Sol,Maroc,Andalousie,0.0,Riz,10.634423550198655,673.1629629209123,Premium
Marché Wholesale Agadir,Fazenda Brasil,Maroc,Sfax,0.0,Deglet Nour,-9.322892799221343,10877.385692016422,Bio Certifié
Cooperative Grains Alliance,Rungis International,Maroc,Catalogne,0.0,Carottes,111.80773072916664,5368.896715696313,Premium
Coopérative Oasis,Mercabarna,Maroc,Marrakech-Safi,0.0,Olives à Huile,247.57153253435104,11808.950552117665,Premium
Marché Wholesale Agadir,Green Valley Farm,Maroc,Toscane,0.0,Pommes de terre,249.34023541212485,5495.248283456396,Premium
Green Valley Farm,Hacienda El Sol,Maroc,Californie,0.0,Olives de Table,223.08342488024027,426.0224518080488,Bio Certifié
Dairy Meadows,Marché Wholesale Agadir,Maroc,Andalousie,0.0,Pamplemousses,150.89287235565857,1459.4261484205872,Bio Certifié
Dairy Meadows,Ferme Al Baraka,Maroc,Sfax,0.0,Pommes de terre,-2.8017450604042793,1233.3547035886454,Bio Certifié
Ferme Al Baraka,Rungis International,Maroc,Californie,0.0,Medjool,103.89581776336027,5180.566518760018,Bio Certifié
Ferme Al Baraka,Fazenda Brasil,Maroc,Californie,0.0,Maïs,1252.9018243515036,997.5197932837625,Standard
Rungis International,Ferme Al Baraka,Maroc,Souss-Massa,0.0,Olives à Huile,217.8067821263732,-224.9382697011381,Bio Certifié
Cooperative Grains Alliance,Marché Wholesale Agadir,Maroc,Île-de-France,0.0,Bananes,160.1569807087676,3762.956321482424,Commerce Équitable
Domaine Provence Bio,Marché Wholesale Agadir,Maroc,Île-de-France,0.0,Pommes,150.794686316107,3112.2994020965502,Premium
Coopérative Oasis,Green Valley Farm,Maroc,Meknès-Fès,0.0,Pommes,272.86656217923144,7845.493249713533,Commerce Équitable
Fattoria Toscana,Hacienda El Sol,Maroc,Provence,0.0,Olives à Huile,12.388687599567788,221.94810688953612,Standard
Ferme Al Baraka,Ferme Al Baraka,Maroc,Île-de-France,0.0,Maïs,119.59483250765953,2380.906191407145,Bio Certifié
Marché Wholesale Agadir,Domaine Saada,Maroc,Kansas,0.0,Carottes,195.4656013009425,1740.355603628388,Premium
Ferme Al Baraka,Marché Wholesale Agadir,Maroc,Île-de-France,0.0,Pommes,132.51703117736787,5008.620434556517,Standard
Domaine Provence Bio,Domaine Provence Bio,Maroc,Souss-Massa,0.0,Medjool,79.03296259274165,2093.361154995586,Bio Certifié
Green Valley Farm,Fazenda Brasil,Maroc,Andalousie,0.0,Blé,115.1338918714213,5738.93070575218,Premium
Fattoria Toscana,Domaine Saada,Maroc,Souss-Massa,0.0,Raisins de Table,68.35960445706043,4885.328895716702,Bio Certifié
Mercabarna,Union Agricole Méditerranée,Maroc,Île-de-France,0.0,Raisins de Table,-53.03498621947487,747.9756169827529,Bio Certifié
Coopérative Oasis,Green Valley Farm,Maroc,Meknès-Fès,0.0,Pommes,272.86656217923144,7845.493249713533,Commerce Équitable
Union Agricole Méditerranée,Fattoria Toscana,Maroc,Provence,0.0,Tomates,177.00489626055688,13189.957919876948,Premium
Cooperative Grains Alliance,Rungis International,Maroc,Catalogne,0.0,Carottes,111.80773072916664,5368.896715696313,Premium
Union Agricole Méditerranée,Ferme Al Baraka,Maroc,Canterbury,0.0,Pommes de terre,12.410788846042742,3882.775834486646,Premium
Mercabarna,Coopérative Oasis,Maroc,Marrakech-Safi,0.0,Orge,146.85186731265503,3424.1408820438282,Bio Certifié
Union Agricole Méditerranée,Rungis International,Maroc,Provence,0.0,Maïs,77.70910831817083,4509.299937514583,Standard
Fattoria Toscana,Hacienda El Sol,Maroc,Provence,0.0,Olives à Huile,12.388687599567788,221.94810688953612,Standard
Rungis International,Dairy Meadows,Maroc,Catalogne,0.0,Raisins de Cuve,90.18390656452767,1928.7440302397717,Bio Certifié
Mercabarna,Mercabarna,Maroc,Île-de-France,0.0,Robusta,70.03397647593836,3537.4262981914717,Premium
Domaine Provence Bio,Ferme Al Baraka,Maroc,Kansas,0.0,Pommes de terre,9.169485306383379,3039.3004814496735,Standard
Domaine Provence Bio,Green Valley Farm,Maroc,Catalogne,0.0,Carottes,15.581634013860224,4010.4244176586467,Commerce Équitable
Rungis International,Fattoria Toscana,Maroc,Kansas,0.0,Pommes de terre,147.5946293883049,12898.393338871567,Premium
Marché Wholesale Agadir,Mercabarna,Maroc,Souss-Massa,0.0,Riz,143.63052254884806,2062.8428157265535,Premium
Cooperative Grains Alliance,Mercabarna,Maroc,São Paulo,0.0,Raisins de Cuve,241.97408290296434,12069.45724038917,Standard
Cooperative Grains Alliance,Ferme Al Baraka,Maroc,Californie,0.0,Deglet Nour,575.7360662260475,21431.291325246006,Bio Certifié
Domaine Provence Bio,Cooperative Grains Alliance,Maroc,Souss-Massa,0.0,Salades,34.48966103085921,811.136070470008,Standard
Mercabarna,Cooperative Grains Alliance,Maroc,Marrakech-Safi,0.0,Tomates,128.31969909973782,26545.993503237783,Premium
Union Agricole Méditerranée,Fattoria Toscana,Maroc,Meknès-Fès,0.0,Beurre,92.83890016434427,3740.2527828463935,Standard
Cooperative Grains Alliance,Ferme Al Baraka,Maroc,Californie,0.0,Deglet Nour,575.7360662260475,21431.291325246006,Bio Certifié
Domaine Provence Bio,Domaine Saada,Maroc,Andalousie,0.0,Fromage,96.34753265270257,1888.9934164515614,Standard
Green Valley Farm,Fazenda Brasil,Maroc,Catalogne,0.0,Arabica,208.71694779513922,1479.3347602937765,Bio Certifié
Hacienda El Sol,Union Agricole Méditerranée,Maroc,São Paulo,0.0,Robusta,260.68871499307295,3700.4304238008517,Standard
Fattoria Toscana,Marché Wholesale Agadir,Maroc,Sfax,0.0,Deglet Nour,625.7226023893387,5270.650343214036,Bio Certifié
Domaine Saada,Union Agricole Méditerranée,Maroc,Marrakech-Safi,0.0,Raisins de Cuve,113.67017686322828,2521.6135033363867,Standard
Rungis International,Fattoria Toscana,Maroc,Kansas,0.0,Pommes de terre,147.5946293883049,12898.393338871567,Premium
Domaine Provence Bio,Domaine Provence Bio,Maroc,Californie,0.0,Oranges,191.50087061079918,3612.1127745869217,Standard
Cooperative Grains Alliance,Fattoria Toscana,Maroc,Île-de-France,0.0,Robusta,255.46390679869,23246.857103363287,Commerce Équitable
Ferme Al Baraka,Ferme Al Baraka,Maroc,Canterbury,0.0,Blé,123.47788785972813,4922.682317782515,Bio Certifié
Marché Wholesale Agadir,Green Valley Farm,Maroc,Toscane,0.0,Pommes de terre,249.34023541212485,5495.248283456396,Premium
Union Agricole Méditerranée,Fazenda Brasil,Maroc,Marrakech-Safi,0.0,Maïs,160.9257960271125,2253.898210474614,Bio Certifié
Fazenda Brasil,Ferme Al Baraka,Maroc,Meknès-Fès,0.0,Olives à Huile,147.71108825206977,4058.0416095120004,Bio Certifié
Domaine Saada,Ferme Al Baraka,Maroc,Souss-Massa,0.0,Pommes,43.042412007675836,2126.5222533583706,Premium
Union Agricole Méditerranée,Mercabarna,Maroc,Californie,0.0,Olives à Huile,205.37115680725782,1684.123853962442,Bio Certifié
Domaine Saada,Ferme Al Baraka,Maroc,Souss-Massa,0.0,Pommes,43.042412007675836,2126.5222533583706,Premium
Marché Wholesale Agadir,Fazenda Brasil,Maroc,Souss-Massa,0.0,Yaourt,203.90822493803267,-1043.7524126630512,Standard
Rungis International,Green Valley Farm,Maroc,Île-de-France,0.0,Robusta,471.1977121330707,157.70051142438479,Standard
Rungis International,Ferme Al Baraka,Maroc,Île-de-France,0.0,Raisins de Table,181.01268797851853,2425.8205702221403,Standard
Ferme Al Baraka,Marché Wholesale Agadir,Maroc,Île-de-France,0.0,Pommes,132.51703117736787,5008.620434556517,Standard
Mercabarna,Hacienda El Sol,Maroc,Souss-Massa,0.0,Blé,1388.5731617488784,27280.98563465196,Premium
Fattoria Toscana,Green Valley Farm,Maroc,São Paulo,0.0,Riz,466.53869200517875,3932.131414762889,Premium
Rungis International,Ferme Al Baraka,Maroc,Canterbury,0.0,Raisins de Cuve,95.37608743634041,3490.5949930338943,Standard
Domaine Provence Bio,Green Valley Farm,Maroc,Île-de-France,0.0,Carottes,231.13137975744272,14829.523046156723,Bio Certifié
Union Agricole Méditerranée,Fazenda Brasil,Maroc,Canterbury,0.0,Maïs,71.59121440050075,17928.128952337,Bio Certifié
Ferme Al Baraka,Ferme Al Baraka,Maroc,Canterbury,0.0,Blé,123.47788785972813,4922.682317782515,Bio Certifié
Domaine Saada,Mercabarna,Maroc,Californie,0.0,Pamplemousses,171.12572005109385,1202.071204439376,Bio Certifié
Coopérative Oasis,Marché Wholesale Agadir,Maroc,Île-de-France,0.0,Tomates,163.69123636081042,13539.834043783412,Bio Certifié
Rungis International,Fattoria Toscana,Maroc,Souss-Massa,0.0,Mandarines,200.70371437935003,3097.1900887956303,Premium
Fazenda Brasil,Ferme Al Baraka,Maroc,Californie,0.0,Tomates,283.21313912125765,1875.592613915734,Premium
Ferme Al Baraka,Marché Wholesale Agadir,Maroc,Souss-Massa,0.0,Riz,141.23794101048068,3730.046485742364,Premium
Coopérative Oasis,Rungis International,Maroc,Meknès-Fès,0.0,Salades,258.45537635621275,2817.0525669642866,Bio Certifié
Marché Wholesale Agadir,Green Valley Farm,Maroc,Meknès-Fès,0.0,Riz,473.1207302512685,1722.1801421603623,Bio Certifié
Rungis International,Fazenda Brasil,Maroc,Catalogne,0.0,Deglet Nour,121.12409855709723,3110.719530874004,Standard
Fattoria Toscana,Cooperative Grains Alliance,Maroc,Marrakech-Safi,0.0,Blé,700.7119827604671,3548.563920870438,Standard
Union Agricole Méditerranée,Coopérative Oasis,Maroc,Kansas,0.0,Raisins de Table,853.9015339740023,3012.4020439554206,Standard
Domaine Provence Bio,Domaine Saada,Maroc,Andalousie,0.0,Fromage,96.34753265270257,1888.9934164515614,Standard
Marché Wholesale Agadir,Ferme Al Baraka,Maroc,Kansas,0.0,Medjool,122.84177912396363,3951.597304404455,Premium
Fazenda Brasil,Domaine Provence Bio,Maroc,Île-de-France,0.0,Salades,267.9067399104461,2188.132883886896,Premium
Dairy Meadows,Domaine Provence Bio,Maroc,São Paulo,0.0,Maïs,358.94601799407445,-30.175643373609773,Standard
Ferme Al Baraka,Ferme Al Baraka,Maroc,Canterbury,0.0,Blé,123.47788785972813,4922.682317782515,Bio Certifié
Union Agricole Méditerranée,Rungis International,Maroc,Provence,0.0,Maïs,77.70910831817083,4509.299937514583,Standard
Coopérative Oasis,Mercabarna,Maroc,Marrakech-Safi,0.0,Olives à Huile,247.57153253435104,11808.950552117665,Premium
