exploitation,type_exploitation,pays,region,resultat,produit,quantite_tonnes,prix_tonne_eur,qualite
Union Agricole Méditerranée,Green Valley Farm,Espagne,Île-de-France,0.0,Tomates,268.4882775072113,3766.729569434894,Premium
Domaine Provence Bio,Hacienda El Sol,Italie,Meknès-Fès,0.0,Pamplemousses,180.4158363688311,10569.733007845854,Premium
Marché Wholesale Agadir,Hacienda El Sol,Italie,Catalogne,0.0,Raisins de Table,105.81237771647993,3911.9490348129857,Standard
Ferme Al Baraka,Coopérative Oasis,Tunisie,Marrakech-Safi,0.0,Pamplemousses,137.09535746434386,3626.1732822223275,Premium
Domaine Provence Bio,Marché Wholesale Agadir,Maroc,Californie,0.0,Orge,75.67486638618612,2250.6591114747716,Commerce Équitable
Domaine Provence Bio,Green Valley Farm,Espagne,Catalogne,0.0,Pommes,835.844742981249,3827.1293303839757,Bio Certifié
Cooperative Grains Alliance,Fattoria Toscana,USA,Canterbury,0.0,Beurre,261.83498001777616,593.1794180905185,Premium
Fazenda Brasil,Green Valley Farm,Italie,Île-de-France,0.0,Citrons,178.13377633439381,2540.4776248841945,Premium
Cooperative Grains Alliance,Mercabarna,Tunisie,Kansas,0.0,Deglet Nour,30.675247574330804,3863.5658588889683,Bio Certifié
Cooperative Grains Alliance,Ferme Al Baraka,Maroc,Provence,0.0,Pommes,134.28566387659987,339.2310540630077,Bio Certifié
Dairy Meadows,Domaine Saada,USA,Kansas,0.0,Fromage,209.98495671702045,1714.8636623061504,Premium
Fattoria Toscana,Fazenda Brasil,Tunisie,Kansas,0.0,Raisins de Table,112.61404833306926,3520.319385019634,Premium
Green Valley Farm,Coopérative Oasis,France,Île-de-France,0.0,Olives à Huile,147.03784281422432,3337.1607009068684,Bio Certifié
Rungis International,Domaine Provence Bio,Maroc,Toscane,0.0,Medjool,74.87373551975679,881.3941569456719,Bio Certifié
Marché Wholesale Agadir,Fattoria Toscana,France,Île-de-France,0.0,Mandarines,89.3622854092509,2574.9680309010364,Bio Certifié
Fazenda Brasil,Domaine Saada,USA,Toscane,0.0,Carottes,51.13463880055603,-137.89689145241164,Bio Certifié
Dairy Meadows,Marché Wholesale Agadir,USA,Toscane,0.0,Robusta,558.0099192195306,3870.0681498520016,Bio Certifié
Mercabarna,Coopérative Oasis,USA,Catalogne,0.0,Orge,-0.0316712007253912,3979.345864999963,Bio Certifié
Marché Wholesale Agadir,Fattoria Toscana,Tunisie,Californie,0.0,Salades,228.3211683289807,4899.748779506405,Premium
Cooperative Grains Alliance,Marché Wholesale Agadir,Italie,Catalogne,0.0,Mandarines,1278.0449887557866,220.03688838956418,Commerce Équitable
Fattoria Toscana,Hacienda El Sol,USA,Kansas,0.0,Raisins de Table,536.56927248541,3628.1304926891594,Standard
Fazenda Brasil,Dairy Meadows,Italie,Souss-Massa,0.0,Mandarines,170.5345738666844,1320.0856232204303,Bio Certifié
Domaine Saada,Fattoria Toscana,USA,Souss-Massa,0.0,Bananes,432.01181320411865,2591.384193831177,Standard
Rungis International,Dairy Meadows,France,São Paulo,0.0,Fromage,281.65892938165337,3522.6043766589055,Premium
Dairy Meadows,Dairy Meadows,Maroc,Meknès-Fès,0.0,Olives à Huile,108.83835683703322,3564.057086373874,Bio Certifié
Green Valley Farm,Domaine Saada,Nouvelle-Zélande,Toscane,0.0,Maïs,140.21666023443822,3369.3780505662035,Standard
Hacienda El Sol,Domaine Provence Bio,Espagne,Île-de-France,0.0,Oignons,203.75715460502042,1894.7773475431327,Standard
Domaine Saada,Dairy Meadows,France,São Paulo,0.0,Blé,23.9053314259491,2832.994125539084,Standard
Domaine Provence Bio,Ferme Al Baraka,Italie,Souss-Massa,0.0,Robusta,124.59972128368945,1181.7746447381492,Commerce Équitable
Dairy Meadows,Dairy Meadows,Nouvelle-Zélande,Souss-Massa,0.0,Tomates,66.49133867030844,2465.157846808769,Standard
Domaine Provence Bio,Fattoria Toscana,Maroc,Île-de-France,0.0,Deglet Nour,842.7288203503402,591.2928049606562,Bio Certifié
Coopérative Oasis,Hacienda El Sol,Tunisie,Andalousie,0.0,Oignons,114.3995599145411,5281.970140870828,Bio Certifié
Domaine Saada,Fazenda Brasil,Brésil,Californie,0.0,Medjool,172.13532630931928,4834.393084965377,Commerce Équitable
Domaine Saada,Fattoria Toscana,Tunisie,Canterbury,0.0,Pommes,44.671746559504015,39.14339649273052,Premium
Fattoria Toscana,Coopérative Oasis,Brésil,Meknès-Fès,0.0,Oranges,51.725107195427135,1884.1423764852234,Bio Certifié
Ferme Al Baraka,Green Valley Farm,USA,Canterbury,0.0,Salades,47.481352779845174,964.8964205204854,Bio Certifié
Cooperative Grains Alliance,Ferme Al Baraka,Italie,Canterbury,0.0,Tomates,242.4371318898216,2961.5478756530365,Bio Certifié
Ferme Al Baraka,Hacienda El Sol,Maroc,Californie,0.0,Olives de Table,266.9312308111974,24095.667034106023,Premium
Rungis International,Ferme Al Baraka,Espagne,Californie,0.0,Carottes,257.75512896310767,3191.630074267794,Standard
Dairy Meadows,Domaine Saada,Maroc,Provence,0.0,Arabica,186.38239779356945,3319.9496010938597,Standard
Domaine Saada,Domaine Saada,Espagne,Kansas,0.0,Olives à Huile,17.007341343790316,1009.7628557323512,Standard
Dairy Meadows,Fattoria Toscana,Italie,Kansas,0.0,Yaourt,1090.9988474935553,2528.5181465293135,Standard
Fattoria Toscana,Fattoria Toscana,Tunisie,Andalousie,0.0,Raisins de Table,133.5884851023943,2717.5840405111367,Bio Certifié
Union Agricole Méditerranée,Fazenda Brasil,Maroc,Sfax,0.0,Tomates,189.37958453951768,454.07110522514165,Standard
Domaine Provence Bio,Fattoria Toscana,Tunisie,Meknès-Fès,0.0,Robusta,129.67825079400612,-136.71593759195184,Commerce Équitable
Union Agricole Méditerranée,Fazenda Brasil,France,Souss-Massa,0.0,Arabica,130.20719972056244,3926.813174609805,Bio Certifié
Fazenda Brasil,Domaine Provence Bio,France,Canterbury,0.0,Raisins de Cuve,153.09068353245834,2757.262574996991,Bio Certifié
Cooperative Grains Alliance,Fazenda Brasil,Maroc,Toscane,0.0,Olives à Huile,437.5205755712942,3251.701555298379,Standard
Dairy Meadows,Hacienda El Sol,USA,Catalogne,0.0,Riz,35.727351924069296,4312.052449089751,Bio Certifié
Ferme Al Baraka,Marché Wholesale Agadir,France,Californie,0.0,Riz,109.28853050158608,960.0364809458332,Premium
Fattoria Toscana,Domaine Provence Bio,Brésil,Toscane,0.0,Pamplemousses,247.25890955481304,5555.232462589587,Premium
Ferme Al Baraka,Hacienda El Sol,Maroc,Canterbury,0.0,Robusta,160.0567291605928,2158.0993042673076,Standard
Dairy Meadows,Cooperative Grains Alliance,France,Californie,0.0,Arabica,28.925575027243777,26324.075205993846,Standard
Fazenda Brasil,Marché Wholesale Agadir,Nouvelle-Zélande,Sfax,0.0,Tomates,113.43773151410926,3208.115474600586,Premium
Marché Wholesale Agadir,Mercabarna,France,São Paulo,0.0,Raisins de Cuve,526.4412901094992,2995.737019046679,Premium
Domaine Provence Bio,Union Agricole Méditerranée,Italie,Andalousie,0.0,Orge,37.201845264714876,1979.18354621167,Premium
Green Valley Farm,Union Agricole Méditerranée,Italie,Toscane,0.0,Pommes de terre,33.78294975619734,5911.785988896027,Premium
Coopérative Oasis,Coopérative Oasis,Espagne,Souss-Massa,0.0,Medjool,100.66278377175928,2372.2994354907505,Standard
Dairy Meadows,Fattoria Toscana,Brésil,Catalogne,0.0,Robusta,142.53974330927366,4313.0846707151895,Standard
Green Valley Farm,Fattoria Toscana,USA,Meknès-Fès,0.0,Deglet Nour,220.59894347511892,2995.708078990164,Bio Certifié
Dairy Meadows,Hacienda El Sol,Espagne,Andalousie,0.0,Raisins de Table,205.88996331170455,2209.0526484219135,Standard
Fattoria Toscana,Cooperative Grains Alliance,France,Californie,0.0,Oranges,537.3255015913034,2381.0990129464844,Standard
Rungis International,Dairy Meadows,Italie,Provence,0.0,Olives à Huile,225.1499120130096,1808.6753372780722,Standard
Green Valley Farm,Green Valley Farm,USA,Marrakech-Safi,0.0,Citrons,49.872849412706756,1512.6817603417496,Bio Certifié
Ferme Al Baraka,Hacienda El Sol,USA,Andalousie,0.0,Tomates,118.12083666952867,4315.453534526918,Bio Certifié
Domaine Saada,Mercabarna,Maroc,Île-de-France,0.0,Lait,123.64408189380607,1114.700006543186,Standard
Fattoria Toscana,Fazenda Brasil,Italie,Sfax,0.0,Raisins de Cuve,239.8042149504781,4517.714945769143,Bio Certifié
Dairy Meadows,Green Valley Farm,Brésil,Catalogne,0.0,Orge,242.40717555349636,1414.4364308540767,Premium
Union Agricole Méditerranée,Marché Wholesale Agadir,USA,Île-de-France,0.0,Riz,51.643850631769936,156.3155951152214,Standard
Mercabarna,Mercabarna,USA,Kansas,0.0,Olives à Huile,141.49309048648848,3947.2270644250157,Premium
Domaine Provence Bio,Domaine Saada,Nouvelle-Zélande,São Paulo,0.0,Raisins de Table,1316.9337368069682,1194.1511617163035,Commerce Équitable
Marché Wholesale Agadir,Fazenda Brasil,Espagne,Provence,0.0,Carottes,104.38977653129064,2951.163443048378,Bio Certifié
Green Valley Farm,Dairy Meadows,Tunisie,Catalogne,0.0,Bananes,64.61355430832712,21331.652711437346,Bio Certifié
Green Valley Farm,Marché Wholesale Agadir,France,São Paulo,0.0,Tomates,113.63378997216483,4225.709540378751,Commerce Équitable
Domaine Saada,Fattoria Toscana,France,São Paulo,0.0,Mandarines,234.0107462611795,5485.396347431581,Standard
Mercabarna,Mercabarna,Maroc,Toscane,0.0,Beurre,258.44022989402583,3676.936818619405,Premium
Rungis International,Mercabarna,France,Marrakech-Safi,0.0,Robusta,288.4400918623502,2139.850153882729,Standard
Fattoria Toscana,Hacienda El Sol,Italie,Sfax,0.0,Olives à Huile,146.7100331422546,3619.3737001616564,Standard
Rungis International,Domaine Saada,Tunisie,Provence,0.0,Arabica,110.5876667821322,2337.4753452156365,Standard
Marché Wholesale Agadir,Domaine Saada,Nouvelle-Zélande,Souss-Massa,0.0,Blé,71.46438603115418,2774.0293878890952,Bio Certifié
Mercabarna,Fazenda Brasil,USA,Catalogne,0.0,Bananes,-40.13670052416936,5264.270412424573,Standard
Coopérative Oasis,Fattoria Toscana,Espagne,Sfax,0.0,Bananes,78.97621113575428,5073.381685764018,Standard
Rungis International,Green Valley Farm,Nouvelle-Zélande,Canterbury,0.0,Courgettes,405.70204521093,4801.253082949706,Bio Certifié
Hacienda El Sol,Coopérative Oasis,France,Californie,0.0,Oignons,118.16643216802022,2191.9685086059294,Standard
Fazenda Brasil,Domaine Saada,Espagne,Île-de-France,0.0,Salades,171.40445923208264,3210.121760844112,Bio Certifié
Fattoria Toscana,Hacienda El Sol,Espagne,Marrakech-Safi,0.0,Robusta,138.13935411834927,4686.976697792306,Bio Certifié
Cooperative Grains Alliance,Fattoria Toscana,France,Sfax,0.0,Bananes,9.382310829861147,622.0162503945038,Bio Certifié
Domaine Provence Bio,Ferme Al Baraka,Espagne,Meknès-Fès,0.0,Carottes,25.110709410405,3390.232656518342,Bio Certifié
Dairy Meadows,Union Agricole Méditerranée,France,Sfax,0.0,Pommes,241.96427376554806,592.106575794002,Bio Certifié
Green Valley Farm,Union Agricole Méditerranée,Italie,Meknès-Fès,0.0,Pommes,146.4510479488313,2772.255547205218,Bio Certifié
Domaine Saada,Fattoria Toscana,Nouvelle-Zélande,Souss-Massa,0.0,Oignons,163.918397230609,2649.1753422363763,Bio Certifié
Fazenda Brasil,Coopérative Oasis,Nouvelle-Zélande,Kansas,0.0,Medjool,615.1717774105637,1274.2088251078897,Bio Certifié
Fazenda Brasil,Fazenda Brasil,Espagne,Californie,0.0,Raisins de Table,32.00367709140107,5651.3787537314465,Bio Certifié
Domaine Provence Bio,Coopérative Oasis,France,Kansas,0.0,Raisins de Table,546.8650401215806,3533.225813980508,Premium
Green Valley Farm,Ferme Al Baraka,USA,Andalousie,0.0,Tomates,157.61146532080454,2493.3490793615774,Bio Certifié
Fazenda Brasil,Domaine Saada,Italie,Sfax,0.0,Medjool,1116.7355167508829,335.5667717909922,Bio Certifié
Fazenda Brasil,Marché Wholesale Agadir,USA,Toscane,0.0,Pommes de terre,1169.8781784881717,3828.277329860036,Bio Certifié
Ferme Al Baraka,Mercabarna,Maroc,São Paulo,0.0,Arabica,143.61176079642604,2438.3926691919723,Standard
Union Agricole Méditerranée,Domaine Provence Bio,France,Toscane,0.0,Raisins de Table,54.854037430125786,2384.4462295956105,Bio Certifié
Ferme Al Baraka,Domaine Saada,USA,Sfax,0.0,Tomates,14.370307464127613,-582.3070814204561,Commerce Équitable
Ferme Al Baraka,Hacienda El Sol,Maroc,Andalousie,0.0,Olives à Huile,126.37432195918595,1985.6304819579802,Premium
Domaine Saada,Ferme Al Baraka,Maroc,Souss-Massa,0.0,Olives de Table,202.49227595199113,2338.32426336797,Standard
Fazenda Brasil,Domaine Provence Bio,Brésil,São Paulo,0.0,Maïs,179.86158136006262,1724.92361293994,Standard
Fazenda Brasil,Domaine Saada,France,Meknès-Fès,0.0,Olives à Huile,154.81276337886624,2728.1293298438864,Bio Certifié
Fattoria Toscana,Domaine Provence Bio,Maroc,Île-de-France,0.0,Fromage,145.63560820790198,25155.11602071779,Standard
Domaine Saada,Fattoria Toscana,Brésil,Catalogne,0.0,Olives à Huile,130.83806581421163,2654.506365988833,Standard
Dairy Meadows,Domaine Provence Bio,Maroc,Catalogne,0.0,Oignons,152.5548543765626,1618.2965406160884,Premium
Fattoria Toscana,Hacienda El Sol,Maroc,Toscane,0.0,Yaourt,-3.819140708324305,2919.878568930944,Premium
Mercabarna,Hacienda El Sol,France,Sfax,0.0,Blé,10.346216131499425,1451.9978900484095,Premium
Coopérative Oasis,Ferme Al Baraka,France,Canterbury,0.0,Raisins de Cuve,-5.583575088152763,4671.141839295504,Bio Certifié
Rungis International,Ferme Al Baraka,Italie,Californie,0.0,Deglet Nour,172.103884388669,5468.599403069555,Bio Certifié
Green Valley Farm,Fattoria Toscana,Maroc,Sfax,0.0,Olives de Table,73.57469096198722,1615.2012164900375,Bio Certifié
Ferme Al Baraka,Fattoria Toscana,USA,Californie,0.0,Raisins de Table,83.44913383037974,2538.517275469422,Standard
Coopérative Oasis,Domaine Provence Bio,Nouvelle-Zélande,Souss-Massa,0.0,Citrons,71.1909312944364,4808.553189211095,Bio Certifié
Fazenda Brasil,Coopérative Oasis,France,Marrakech-Safi,0.0,Yaourt,65.79669155697107,2418.942932140089,Commerce Équitable
Domaine Saada,Hacienda El Sol,USA,Californie,0.0,Olives à Huile,211.66234806561027,2155.051596629593,Bio Certifié
Domaine Provence Bio,Fazenda Brasil,France,Provence,0.0,Robusta,39.49520454325706,3698.044481527572,Bio Certifié
Union Agricole Méditerranée,Domaine Saada,Espagne,Sfax,0.0,Deglet Nour,56.6641211612886,4853.29011066782,Commerce Équitable
Ferme Al Baraka,Domaine Provence Bio,Espagne,Toscane,0.0,Lait,21.365336683006262,2884.6682741082104,Premium
Fattoria Toscana,Hacienda El Sol,Italie,Marrakech-Safi,0.0,Olives de Table,98.97832630549004,5014.821747241205,Premium
Union Agricole Méditerranée,Fazenda Brasil,Maroc,Marrakech-Safi,0.0,Maïs,145.57613740741073,3134.874921806473,Standard
Rungis International,Green Valley Farm,Brésil,São Paulo,0.0,Tomates,22.428241064772827,4738.45192666691,Standard
Domaine Provence Bio,Coopérative Oasis,France,Kansas,0.0,Raisins de Cuve,157.53218217768782,2155.8485294647776,Bio Certifié
Rungis International,Rungis International,USA,Californie,0.0,Olives à Huile,145.68266502024628,3054.1711995543055,Standard
Mercabarna,Marché Wholesale Agadir,Maroc,Île-de-France,0.0,Pommes,266.371792624023,883.5006817861101,Premium
Union Agricole Méditerranée,Mercabarna,Maroc,Kansas,0.0,Riz,260.0527078332432,3761.0519341613663,Commerce Équitable
Rungis International,Coopérative Oasis,Italie,Canterbury,0.0,Olives à Huile,528.148621854257,5494.2682359940445,Standard
Union Agricole Méditerranée,Fattoria Toscana,USA,Île-de-France,0.0,Orge,161.1890188582272,2092.207675010472,Premium
Green Valley Farm,Fazenda Brasil,Nouvelle-Zélande,Toscane,0.0,Olives de Table,246.79557206391414,2299.9607692062327,Bio Certifié
Green Valley Farm,Marché Wholesale Agadir,Maroc,Kansas,0.0,Tomates,201.50113323512164,3789.9524504830097,Premium
Mercabarna,Ferme Al Baraka,Maroc,Toscane,0.0,Raisins de Table,15.392547998851505,4014.327037929911,Standard
Dairy Meadows,Union Agricole Méditerranée,Maroc,Toscane,0.0,Pommes,125.82684677866773,557.6285068290689,Bio Certifié
Mercabarna,Coopérative Oasis,Maroc,Marrakech-Safi,0.0,Medjool,176.99042713062505,2921.202408260369,Premium
Domaine Provence Bio,Domaine Saada,Maroc,Sfax,0.0,Blé,291.8112184104939,3493.8457391903366,Standard
Union Agricole Méditerranée,Hacienda El Sol,Nouvelle-Zélande,Souss-Massa,0.0,Oignons,107.09902936835154,3873.0544613840566,Premium
Domaine Provence Bio,Dairy Meadows,USA,Toscane,0.0,Raisins de Table,157.35764392918662,2852.480710686181,Standard
Fattoria Toscana,Fattoria Toscana,France,Sfax,0.0,Blé,101.37686418840222,4735.513922565227,Premium
Dairy Meadows,Union Agricole Méditerranée,Maroc,Provence,0.0,Citrons,163.3760853646074,3049.4807230690003,Premium
Green Valley Farm,Hacienda El Sol,USA,São Paulo,0.0,Lait,118.59227615450563,1609.0634847947617,Bio Certifié
Fazenda Brasil,Domaine Provence Bio,USA,Sfax,0.0,Tomates,59.522145898876104,1369.6003000452295,Standard
Cooperative Grains Alliance,Domaine Saada,USA,Canterbury,0.0,Salades,264.9757119496502,1987.6400652879342,Bio Certifié
Fattoria Toscana,Dairy Meadows,Maroc,São Paulo,0.0,Raisins de Cuve,52.86389423449803,1834.5388974993666,Bio Certifié
Rungis International,Marché Wholesale Agadir,France,Toscane,0.0,Olives à Huile,137.1342277567818,2696.7194375567205,Bio Certifié
Fattoria Toscana,Hacienda El Sol,Espagne,Sfax,0.0,Olives à Huile,574.8221208313919,20073.126422865516,Bio Certifié
Domaine Provence Bio,Mercabarna,USA,São Paulo,0.0,Pamplemousses,175.0447223376744,2928.682580675404,Bio Certifié
Union Agricole Méditerranée,Ferme Al Baraka,Tunisie,Andalousie,0.0,Maïs,390.1607233631578,1509.977358330849,Premium
Fazenda Brasil,Union Agricole Méditerranée,Maroc,São Paulo,0.0,Olives de Table,172.4423671879026,12900.288958497964,Standard
Hacienda El Sol,Union Agricole Méditerranée,Maroc,Californie,0.0,Blé,117.0792816214522,866.1697522730702,Standard
Domaine Saada,Marché Wholesale Agadir,Nouvelle-Zélande,Meknès-Fès,0.0,Raisins de Table,0.7699893704153666,2003.5570468904762,Premium
Mercabarna,Fattoria Toscana,Maroc,Sfax,0.0,Raisins de Table,68.87976410801843,2484.228671027675,Commerce Équitable
Cooperative Grains Alliance,Union Agricole Méditerranée,Maroc,Toscane,0.0,Tomates,-21.2867007470011,3288.0716348114934,Premium
Ferme Al Baraka,Dairy Meadows,Maroc,Île-de-France,0.0,Bananes,111.50737832821787,5002.223825141149,Standard
Mercabarna,Domaine Provence Bio,USA,Californie,0.0,Blé,52.0592673169733,4550.002698511552,Standard
Union Agricole Méditerranée,Fattoria Toscana,Nouvelle-Zélande,Île-de-France,0.0,Pommes,813.097782348334,22330.456764323513,Premium
Dairy Meadows,Fazenda Brasil,France,Meknès-Fès,0.0,Arabica,109.37597326171293,3047.1226468115783,Bio Certifié
Fazenda Brasil,Mercabarna,Maroc,Meknès-Fès,0.0,Medjool,192.3543545214293,10273.013178606903,Bio Certifié
Domaine Provence Bio,Rungis International,Nouvelle-Zélande,Meknès-Fès,0.0,Bananes,198.66424565008174,843.8455693462425,Bio Certifié
Fattoria Toscana,Fazenda Brasil,France,Californie,0.0,Salades,141.17007764563746,3730.99342666371,Bio Certifié
Fazenda Brasil,Union Agricole Méditerranée,Tunisie,Sfax,0.0,Blé,842.6849438364433,3397.8454755769744,Bio Certifié
Fattoria Toscana,Mercabarna,Maroc,Souss-Massa,0.0,Oranges,199.5607863847286,2909.1538285497127,Premium
Coopérative Oasis,Ferme Al Baraka,Maroc,Provence,0.0,Pommes,96.56247297213667,10489.535872296903,Standard
Cooperative Grains Alliance,Fazenda Brasil,Maroc,São Paulo,0.0,Fromage,200.46572258698762,2077.770624956839,Standard
Cooperative Grains Alliance,Dairy Meadows,USA,Île-de-France,0.0,Riz,239.7319064256281,4518.9758926532495,Bio Certifié
Dairy Meadows,Union Agricole Méditerranée,Italie,Souss-Massa,0.0,Olives à Huile,99.49005382196447,2755.392205274454,Bio Certifié
Coopérative Oasis,Dairy Meadows,Nouvelle-Zélande,Canterbury,0.0,Olives de Table,3.3083911406364592,1313.6149052781066,Bio Certifié
Domaine Provence Bio,Green Valley Farm,France,Meknès-Fès,0.0,Raisins de Table,70.75872437886734,1792.2185825535462,Premium
Marché Wholesale Agadir,Rungis International,Maroc,Catalogne,0.0,Orge,389.7594054032036,1834.6500475372636,Standard
Domaine Saada,Mercabarna,Maroc,Toscane,0.0,Pamplemousses,46.11790923526252,3312.531703275631,Bio Certifié
Fazenda Brasil,Hacienda El Sol,France,Canterbury,0.0,Riz,220.76106351292657,3310.570955273648,Bio Certifié
Coopérative Oasis,Fattoria Toscana,USA,Canterbury,0.0,Blé,141.3630238313557,1027.5010188088752,Bio Certifié
Cooperative Grains Alliance,Dairy Meadows,France,Souss-Massa,0.0,Orge,153.0097752334435,1957.6889536597698,Bio Certifié
Hacienda El Sol,Union Agricole Méditerranée,USA,Île-de-France,0.0,Orge,139.49344100259634,2275.526612188045,Bio Certifié
Green Valley Farm,Coopérative Oasis,Maroc,Souss-Massa,0.0,Oranges,165.54905874841177,68.62705561821122,Commerce Équitable
Green Valley Farm,Fazenda Brasil,Maroc,São Paulo,0.0,Riz,77.76125528961742,14446.23773097113,Commerce Équitable
Mercabarna,Domaine Provence Bio,USA,Île-de-France,0.0,Tomates,-32.22978409848883,3853.6538160192777,Premium
Mercabarna,Fazenda Brasil,Tunisie,Kansas,0.0,Pommes,981.8146974365718,4433.758520602107,Premium
Green Valley Farm,Fattoria Toscana,Espagne,Canterbury,0.0,Pommes de terre,77.64450946339448,3510.65852243076,Bio Certifié
Union Agricole Méditerranée,Mercabarna,Tunisie,Californie,0.0,Olives de Table,250.19429392663795,23772.310792138138,Standard
Fattoria Toscana,Union Agricole Méditerranée,Tunisie,Sfax,0.0,Olives à Huile,101.76703703361372,937.2844648196793,Bio Certifié
Marché Wholesale Agadir,Union Agricole Méditerranée,USA,Île-de-France,0.0,Blé,261.70422998609786,1135.6142029956134,Standard
Dairy Meadows,Cooperative Grains Alliance,Brésil,São Paulo,0.0,Mandarines,44.579459991423036,5753.668481300581,Premium
Hacienda El Sol,Marché Wholesale Agadir,Italie,Toscane,0.0,Bananes,155.2410880693961,13488.101209894274,Bio Certifié
Ferme Al Baraka,Hacienda El Sol,Brésil,São Paulo,0.0,Raisins de Table,193.1950697240158,3582.486702132191,Premium
Ferme Al Baraka,Domaine Saada,Italie,Marrakech-Safi,0.0,Bananes,273.629169492678,3284.3489676580202,Premium
Domaine Provence Bio,Rungis International,Tunisie,Île-de-France,0.0,Riz,206.59988590386763,20936.203849847916,Premium
Rungis International,Fattoria Toscana,France,Andalousie,0.0,Orge,168.01105634792708,2946.7514304789597,Bio Certifié
Domaine Provence Bio,Ferme Al Baraka,Italie,Sfax,0.0,Pamplemousses,114.15563976341342,367.78193412047403,Premium
Coopérative Oasis,Hacienda El Sol,Italie,Marrakech-Safi,0.0,Bananes,85.2402653276639,2762.972649263853,Bio Certifié
Domaine Provence Bio,Mercabarna,Maroc,Souss-Massa,0.0,Lait,155.95124933022387,3050.2747238055986,Premium
Dairy Meadows,Green Valley Farm,USA,Californie,0.0,Mandarines,212.02058353413403,2696.2821398422852,Bio Certifié
Dairy Meadows,Fazenda Brasil,Espagne,Meknès-Fès,0.0,Medjool,560.3021900906341,3171.6553780512177,Bio Certifié
Cooperative Grains Alliance,Coopérative Oasis,Maroc,São Paulo,0.0,Beurre,132.75157787053797,4468.787697744296,Bio Certifié
Ferme Al Baraka,Coopérative Oasis,Maroc,Sfax,0.0,Oranges,118.87122830818208,2463.66482592803,Bio Certifié
Domaine Provence Bio,Domaine Provence Bio,Maroc,Kansas,0.0,Yaourt,162.3497316353675,4640.962222101749,Premium
Rungis International,Marché Wholesale Agadir,France,Provence,0.0,Bananes,61.134933330769705,22126.77135994441,Bio Certifié
Marché Wholesale Agadir,Domaine Provence Bio,Maroc,Souss-Massa,0.0,Raisins de Cuve,181.10393746423995,1758.5312631049992,Standard
Marché Wholesale Agadir,Mercabarna,France,Marrakech-Safi,0.0,Fromage,-9.104313699620327,3405.720199559658,Standard
Domaine Provence Bio,Rungis International,Brésil,Canterbury,0.0,Oranges,161.83177912728306,1195.8193852058919,Premium
Green Valley Farm,Dairy Meadows,Maroc,Toscane,0.0,Olives à Huile,85.02070530008075,1391.0777776149487,Premium
Dairy Meadows,Mercabarna,Maroc,Toscane,0.0,Olives à Huile,96.1573614752267,3065.1302671676563,Premium
Domaine Saada,Fazenda Brasil,France,Sfax,0.0,Medjool,551.4488091113099,2474.2326996849783,Bio Certifié
Fazenda Brasil,Domaine Saada,Nouvelle-Zélande,Kansas,0.0,Pamplemousses,193.86850547484968,425.7191701111386,Standard
Domaine Provence Bio,Ferme Al Baraka,Tunisie,Marrakech-Safi,0.0,Raisins de Cuve,129.166807242944,4853.924041004559,Bio Certifié
Rungis International,Domaine Provence Bio,Maroc,Kansas,0.0,Arabica,111.24850235226086,1357.4354460977618,Bio Certifié
Rungis International,Marché Wholesale Agadir,Nouvelle-Zélande,Sfax,0.0,Pamplemousses,972.0770411400306,2245.4720695153906,Bio Certifié
Green Valley Farm,Dairy Meadows,Espagne,Meknès-Fès,0.0,Pommes de terre,109.07199047218526,1784.0005615560135,Bio Certifié
Fazenda Brasil,Fazenda Brasil,France,São Paulo,0.0,Raisins de Table,165.44197320708062,1701.4106162380676,Bio Certifié
Mercabarna,Domaine Provence Bio,Espagne,Californie,0.0,Olives à Huile,60.206121102785026,2358.628832195399,Standard
Domaine Provence Bio,Fazenda Brasil,Maroc,Kansas,0.0,Bananes,174.55937474390453,2988.5667835327686,Premium
Coopérative Oasis,Rungis International,Espagne,Catalogne,0.0,Olives à Huile,81.02569436515736,2397.96643885089,Premium
Fazenda Brasil,Ferme Al Baraka,Espagne,Californie,0.0,Riz,46.159526550785756,-565.3564170150319,Bio Certifié
Fattoria Toscana,Mercabarna,Maroc,Sfax,0.0,Fromage,140.73813567262462,3056.2179517282634,Bio Certifié
Ferme Al Baraka,Marché Wholesale Agadir,Maroc,Souss-Massa,0.0,Citrons,101.85019084373513,878.8226912241623,Commerce Équitable
Dairy Meadows,Dairy Meadows,Nouvelle-Zélande,Californie,0.0,Carottes,100.28363666929968,2593.768383370825,Premium
Dairy Meadows,Cooperative Grains Alliance,USA,Meknès-Fès,0.0,Riz,502.5701615852677,3017.933809429515,Standard
Domaine Provence Bio,Dairy Meadows,Nouvelle-Zélande,Catalogne,0.0,Raisins de Cuve,127.7107421076736,2989.0713087955064,Standard
Fattoria Toscana,Hacienda El Sol,France,Kansas,0.0,Yaourt,134.57696038825122,-69.42480207450967,Bio Certifié
Fattoria Toscana,Marché Wholesale Agadir,USA,Catalogne,0.0,Deglet Nour,77.08025380651617,-80.59755050203512,Premium
Green Valley Farm,Mercabarna,USA,Marrakech-Safi,0.0,Riz,168.34903635035613,3354.170219123641,Bio Certifié
Hacienda El Sol,Domaine Provence Bio,France,Canterbury,0.0,Mandarines,89.13927863356719,2114.1879533474657,Bio Certifié
Mercabarna,Green Valley Farm,Tunisie,Kansas,0.0,Raisins de Table,65.93862948396449,353.02798919589395,Bio Certifié
Cooperative Grains Alliance,Domaine Saada,USA,Californie,0.0,Yaourt,188.4386863084663,2671.8970294896444,Bio Certifié
Marché Wholesale Agadir,Fattoria Toscana,France,São Paulo,0.0,Medjool,183.9934860176241,2219.22078775535,Standard
Domaine Provence Bio,Fattoria Toscana,USA,Marrakech-Safi,0.0,Lait,642.4590477304048,2588.7115768633466,Standard
Coopérative Oasis,Domaine Provence Bio,USA,Marrakech-Safi,0.0,Raisins de Cuve,152.1606924384471,5045.412485435895,Bio Certifié
Coopérative Oasis,Ferme Al Baraka,Maroc,Marrakech-Safi,0.0,Riz,163.40986429221223,3383.6199234945016,Premium
Green Valley Farm,Dairy Meadows,USA,Canterbury,0.0,Olives à Huile,93.92905135551061,-609.4456194175266,Standard
Domaine Provence Bio,Coopérative Oasis,France,Souss-Massa,0.0,Salades,219.34275360214417,9792.733050155044,Bio Certifié
Fattoria Toscana,Green Valley Farm,Italie,Souss-Massa,0.0,Yaourt,179.3679220943857,1889.5937193455338,Bio Certifié
Rungis International,Coopérative Oasis,Maroc,Californie,0.0,Deglet Nour,941.9116800144616,2907.664350776273,Standard
Union Agricole Méditerranée,Fazenda Brasil,USA,Californie,0.0,Blé,166.80461690743527,19269.886050061206,Bio Certifié
Domaine Provence Bio,Fattoria Toscana,Italie,Souss-Massa,0.0,Orge,269.05531296748256,3213.9278830442804,Bio Certifié
Marché Wholesale Agadir,Domaine Provence Bio,USA,Californie,0.0,Mandarines,64.90151161902858,1072.6710628324445,Bio Certifié
Green Valley Farm,Fattoria Toscana,Espagne,Provence,0.0,Maïs,109.23593462645798,1754.7458365558944,Bio Certifié
Fazenda Brasil,Coopérative Oasis,USA,Californie,0.0,Bananes,284.6906837201926,2991.022068033547,Bio Certifié
Green Valley Farm,Domaine Saada,Maroc,Sfax,0.0,Raisins de Table,89.72727052239057,2406.0041189076132,Commerce Équitable
Green Valley Farm,Ferme Al Baraka,Nouvelle-Zélande,Meknès-Fès,0.0,Salades,252.605995378851,3635.9232060847517,Bio Certifié
Fattoria Toscana,Cooperative Grains Alliance,USA,Kansas,0.0,Blé,525.3528917046337,5506.042490568651,Bio Certifié
Cooperative Grains Alliance,Fazenda Brasil,USA,Catalogne,0.0,Pommes,100.69922183222039,722.393069727763,Standard
Fattoria Toscana,Green Valley Farm,Italie,Souss-Massa,0.0,Raisins de Table,254.42570577118954,1840.7984103796061,Premium
Coopérative Oasis,Hacienda El Sol,USA,Californie,0.0,Maïs,85.47607675909343,5256.2904739671185,Standard
Coopérative Oasis,Dairy Meadows,Nouvelle-Zélande,Souss-Massa,0.0,Olives à Huile,119.20402055043277,2272.0437100376766,Bio Certifié
Domaine Provence Bio,Fattoria Toscana,France,Île-de-France,0.0,Oignons,144.6184715817429,1799.8350954809714,Premium
Domaine Provence Bio,Union Agricole Méditerranée,USA,Sfax,0.0,Olives à Huile,902.8868960195523,7948.972332459795,Standard
Rungis International,Fazenda Brasil,Tunisie,Souss-Massa,0.0,Courgettes,161.32942883286745,6125.614552587919,Bio Certifié
Rungis International,Dairy Meadows,France,Catalogne,0.0,Olives à Huile,405.07418934248767,3399.1035267546704,Premium
Mercabarna,Dairy Meadows,France,Provence,0.0,Olives à Huile,64.27272318394103,668.9340146863755,Bio Certifié
Dairy Meadows,Rungis International,Espagne,Andalousie,0.0,Raisins de Cuve,170.62601956200538,1572.3783666867778,Bio Certifié
Domaine Saada,Marché Wholesale Agadir,France,Souss-Massa,0.0,Raisins de Table,49.09453625933112,1032.5723010087613,Standard
Fattoria Toscana,Mercabarna,Brésil,São Paulo,0.0,Pamplemousses,216.91987742671765,4239.826728751903,Standard
Hacienda El Sol,Hacienda El Sol,Tunisie,Californie,0.0,Olives à Huile,214.00627030163704,5189.671908085148,Bio Certifié
Cooperative Grains Alliance,Dairy Meadows,USA,Catalogne,0.0,Robusta,145.44615114775152,1943.1195803163296,Premium
Cooperative Grains Alliance,Marché Wholesale Agadir,Brésil,São Paulo,0.0,Medjool,168.92670937296606,2099.435706509342,Bio Certifié
Ferme Al Baraka,Green Valley Farm,Espagne,Andalousie,0.0,Riz,192.50980530747404,3539.1325991985013,Premium
Dairy Meadows,Domaine Provence Bio,Italie,Souss-Massa,0.0,Arabica,179.706789324913,9204.975945791988,Standard
Green Valley Farm,Union Agricole Méditerranée,USA,Toscane,0.0,Carottes,63.721020982636105,3529.5760118344315,Standard
Mercabarna,Union Agricole Méditerranée,Maroc,Californie,0.0,Raisins de Table,271.309077690492,3017.6619722113187,Standard
Fattoria Toscana,Dairy Meadows,Espagne,Île-de-France,0.0,Salades,190.23247461266206,5759.468616360125,Bio Certifié
Fazenda Brasil,Domaine Provence Bio,USA,São Paulo,0.0,Bananes,232.8771369471035,13270.683988449182,Premium
Fazenda Brasil,Union Agricole Méditerranée,Maroc,Île-de-France,0.0,Riz,156.93158065431882,3243.1452256823077,Standard
Ferme Al Baraka,Cooperative Grains Alliance,Italie,Souss-Massa,0.0,Tomates,26.719611565213057,2043.0701511460484,Bio Certifié
Mercabarna,Coopérative Oasis,France,Île-de-France,0.0,Fromage,216.68769899079462,26576.94804590041,Premium
Coopérative Oasis,Marché Wholesale Agadir,Maroc,Provence,0.0,Olives de Table,222.37675885522103,1496.4093840006562,Standard
Fazenda Brasil,Domaine Provence Bio,France,Californie,0.0,Yaourt,77.87816384986513,2160.0769869666037,Bio Certifié
Union Agricole Méditerranée,Mercabarna,Italie,Sfax,0.0,Raisins de Table,60.793852217842435,3167.3878975082325,Bio Certifié
Fattoria Toscana,Union Agricole Méditerranée,Maroc,São Paulo,0.0,Lait,59.26596392668732,2675.8564330356576,Standard
Mercabarna,Domaine Saada,Maroc,Île-de-France,0.0,Citrons,455.81789705201663,1636.354649431347,Standard
Marché Wholesale Agadir,Cooperative Grains Alliance,Maroc,Sfax,0.0,Olives à Huile,717.9618718887766,10168.134860647158,Standard
Fattoria Toscana,Green Valley Farm,USA,São Paulo,0.0,Yaourt,214.28954280333727,3103.2446178284254,Standard
Union Agricole Méditerranée,Fazenda Brasil,USA,Île-de-France,0.0,Olives à Huile,16.865957149350898,12411.343743511407,Bio Certifié
Ferme Al Baraka,Coopérative Oasis,USA,Californie,0.0,Yaourt,100.09314215831168,1271.5251739421844,Standard
Marché Wholesale Agadir,Domaine Saada,Brésil,Meknès-Fès,0.0,Olives à Huile,107.26429723831549,5175.822803937518,Commerce Équitable
Dairy Meadows,Ferme Al Baraka,Tunisie,Meknès-Fès,0.0,Raisins de Cuve,146.08927601354938,3251.402732389246,Standard
Marché Wholesale Agadir,Ferme Al Baraka,Italie,Marrakech-Safi,0.0,Robusta,58.11921536182504,1751.8330701989562,Bio Certifié
Domaine Provence Bio,Domaine Provence Bio,Tunisie,São Paulo,0.0,Salades,174.02834699223217,735.0676366883956,Standard
Green Valley Farm,Dairy Meadows,Nouvelle-Zélande,Marrakech-Safi,0.0,Olives à Huile,50.42634933350652,957.2322857008962,Bio Certifié
Rungis International,Green Valley Farm,Tunisie,Meknès-Fès,0.0,Tomates,162.21379323816862,3589.1400904227485,Standard
Fazenda Brasil,Ferme Al Baraka,Espagne,Souss-Massa,0.0,Pamplemousses,115.94051965292813,12210.119616897251,Commerce Équitable
Union Agricole Méditerranée,Fattoria Toscana,Espagne,Souss-Massa,0.0,Olives de Table,200.95544377249593,2297.549069787281,Standard
Coopérative Oasis,Domaine Saada,Nouvelle-Zélande,Catalogne,0.0,Olives à Huile,82.59233591356583,2596.2312326571064,Standard
Domaine Provence Bio,Union Agricole Méditerranée,Tunisie,Andalousie,0.0,Olives de Table,258.6339892084018,4346.4486937617085,Commerce Équitable
Coopérative Oasis,Green Valley Farm,Brésil,Marrakech-Safi,0.0,Robusta,49.93023279234954,-38.72548185278947,Bio Certifié
Union Agricole Méditerranée,Domaine Saada,France,Toscane,0.0,Pommes de terre,64.25252548347106,1668.3970210062962,Premium
Green Valley Farm,Fazenda Brasil,Espagne,Souss-Massa,0.0,Pommes,29.28522015952332,1973.5069635729424,Bio Certifié
Mercabarna,Coopérative Oasis,Italie,Kansas,0.0,Riz,228.25997596525562,4766.784920613058,Standard
Fattoria Toscana,Fazenda Brasil,Maroc,Souss-Massa,0.0,Pamplemousses,232.58632487311468,4750.848636113424,Premium
Dairy Meadows,Dairy Meadows,Italie,Californie,0.0,Mandarines,124.36079425739202,2271.1623002350343,Bio Certifié
Fattoria Toscana,Ferme Al Baraka,Maroc,São Paulo,0.0,Tomates,49.902887492455754,2589.823702237284,Premium
Domaine Provence Bio,Dairy Meadows,Nouvelle-Zélande,Toscane,0.0,Raisins de Cuve,74.12854294501795,2503.348255291018,Standard
Domaine Provence Bio,Ferme Al Baraka,Espagne,Sfax,0.0,Raisins de Table,-22.607900067804103,2710.7641193549,Standard
Dairy Meadows,Green Valley Farm,USA,São Paulo,0.0,Olives à Huile,55.62802120313836,137.56058767584432,Standard
Marché Wholesale Agadir,Cooperative Grains Alliance,France,Andalousie,0.0,Pommes,127.15954551928918,1455.0399190413139,Premium
Rungis International,Hacienda El Sol,Maroc,Andalousie,0.0,Orge,169.96036094856612,2769.6641960522657,Premium
Domaine Saada,Fattoria Toscana,Nouvelle-Zélande,Toscane,0.0,Bananes,231.1804831453325,3130.876819347678,Premium
Dairy Meadows,Fattoria Toscana,Brésil,Souss-Massa,0.0,Olives à Huile,187.64336481263393,12199.87274347855,Bio Certifié
Domaine Saada,Marché Wholesale Agadir,Maroc,Canterbury,0.0,Olives de Table,181.70075856261187,5215.160982485997,Premium
Dairy Meadows,Fazenda Brasil,Maroc,Canterbury,0.0,Arabica,207.66807211809748,2408.0862886714203,Bio Certifié
Domaine Saada,Fattoria Toscana,Nouvelle-Zélande,Souss-Massa,0.0,Courgettes,117.62482336210158,1143.1878957072927,Bio Certifié
Fazenda Brasil,Ferme Al Baraka,Maroc,Provence,0.0,Olives à Huile,63.00952505360067,4175.171251394158,Standard
Dairy Meadows,Mercabarna,Italie,Kansas,0.0,Olives de Table,147.57204728525767,5122.829535000866,Premium
Rungis International,Fazenda Brasil,Tunisie,São Paulo,0.0,Beurre,238.22091459146384,5300.888406874637,Commerce Équitable
Domaine Provence Bio,Fattoria Toscana,USA,Californie,0.0,Riz,22.75880674760836,3199.625774416956,Bio Certifié
Ferme Al Baraka,Domaine Provence Bio,Nouvelle-Zélande,Californie,0.0,Oranges,196.15515669600225,19849.508553111955,Standard
Fattoria Toscana,Rungis International,Maroc,Toscane,0.0,Raisins de Table,78.95752621162434,2629.065834945258,Premium
Domaine Provence Bio,Fattoria Toscana,Espagne,Souss-Massa,0.0,Orge,205.07250704013734,8037.2336819116435,Premium
Marché Wholesale Agadir,Fattoria Toscana,Italie,São Paulo,0.0,Riz,-11.582042982977562,3030.2649316536954,Standard
Domaine Saada,Cooperative Grains Alliance,Espagne,Californie,0.0,Tomates,808.2564707744839,522.4044496772924,Standard
Domaine Saada,Fattoria Toscana,Maroc,Sfax,0.0,Riz,159.86287417055135,3419.7173101614676,Bio Certifié
Fazenda Brasil,Dairy Meadows,France,São Paulo,0.0,Citrons,61.90060418698922,4535.821875026483,Premium
Domaine Saada,Domaine Provence Bio,Maroc,Canterbury,0.0,Robusta,278.2877885053118,1626.9000731993342,Commerce Équitable
Cooperative Grains Alliance,Marché Wholesale Agadir,France,Meknès-Fès,0.0,Raisins de Table,81.61709602327777,1909.7940817868212,Premium
Marché Wholesale Agadir,Dairy Meadows,Espagne,Californie,0.0,Blé,-21.791809685019395,8533.757911556215,Premium
Union Agricole Méditerranée,Rungis International,France,Catalogne,0.0,Lait,514.3381110059591,5253.653255341153,Bio Certifié
Domaine Saada,Ferme Al Baraka,Espagne,Provence,0.0,Riz,190.82369392422515,5167.935096855794,Standard
Dairy Meadows,Fattoria Toscana,USA,Île-de-France,0.0,Tomates,63.84070093609047,9829.193753791691,Standard
Mercabarna,Coopérative Oasis,Italie,Catalogne,0.0,Medjool,257.2215166874552,2925.3174354185103,Bio Certifié
Fattoria Toscana,Ferme Al Baraka,France,São Paulo,0.0,Carottes,96.4148897076499,3273.685734625189,Premium
Cooperative Grains Alliance,Union Agricole Méditerranée,Espagne,São Paulo,0.0,Robusta,54.43571596733182,432.6368531551118,Bio Certifié
Union Agricole Méditerranée,Dairy Meadows,Maroc,Kansas,0.0,Robusta,417.4698456007864,2731.8778768610346,Standard
Hacienda El Sol,Coopérative Oasis,Maroc,São Paulo,0.0,Raisins de Table,114.77443971512301,1294.9655561237325,Premium
Green Valley Farm,Coopérative Oasis,USA,Californie,0.0,Beurre,112.82088262800407,1005.6771665538779,Bio Certifié
Coopérative Oasis,Fazenda Brasil,Italie,Andalousie,0.0,Oranges,140.24071564423193,3893.6081613938195,Bio Certifié
Mercabarna,Cooperative Grains Alliance,France,Catalogne,0.0,Medjool,166.81235843255305,1721.9991840186176,Standard
Fazenda Brasil,Domaine Provence Bio,France,Sfax,0.0,Raisins de Table,134.03847416953403,1065.0435366997747,Bio Certifié
Fattoria Toscana,Green Valley Farm,France,Canterbury,0.0,Pommes,132.54679351012595,1849.5631362821493,Bio Certifié
Domaine Provence Bio,Coopérative Oasis,Nouvelle-Zélande,Marrakech-Safi,0.0,Olives de Table,92.09993260319341,14307.12579061602,Premium
Coopérative Oasis,Ferme Al Baraka,Maroc,Souss-Massa,0.0,Oignons,179.90538108198663,9995.614342997103,Standard
Fazenda Brasil,Dairy Meadows,France,Californie,0.0,Citrons,236.9126256969668,4074.194145938963,Premium
Dairy Meadows,Dairy Meadows,Nouvelle-Zélande,Provence,0.0,Maïs,38.97029447860352,10641.779091050954,Bio Certifié
Union Agricole Méditerranée,Cooperative Grains Alliance,Brésil,Canterbury,0.0,Riz,18.325810227936508,3397.926847740715,Commerce Équitable
Fazenda Brasil,Marché Wholesale Agadir,France,São Paulo,0.0,Fromage,769.2803447084475,2656.8803684711183,Standard
Dairy Meadows,Fattoria Toscana,France,Provence,0.0,Olives de Table,494.2518896180843,-469.8932950974752,Bio Certifié
Coopérative Oasis,Fazenda Brasil,Nouvelle-Zélande,Île-de-France,0.0,Raisins de Table,116.56742977174856,1638.2403197664746,Premium
Fattoria Toscana,Green Valley Farm,USA,Meknès-Fès,0.0,Pommes,62.20493237675397,3036.0283384375853,Standard
Domaine Provence Bio,Cooperative Grains Alliance,France,Sfax,0.0,Pommes,427.0879865892925,2277.607351774641,Commerce Équitable
Ferme Al Baraka,Green Valley Farm,Brésil,São Paulo,0.0,Pamplemousses,1005.9922035221819,3256.1215137403096,Premium
Green Valley Farm,Cooperative Grains Alliance,Italie,Catalogne,0.0,Maïs,178.1112441687405,12366.494194091378,Standard
Domaine Provence Bio,Fattoria Toscana,Maroc,São Paulo,0.0,Citrons,140.07664479769832,4525.510492751317,Bio Certifié
Hacienda El Sol,Domaine Provence Bio,Brésil,Canterbury,0.0,Orge,513.76898984548,2835.7528532520037,Premium
Domaine Saada,Domaine Provence Bio,Tunisie,Marrakech-Safi,0.0,Raisins de Table,203.45311462072166,11607.83177968429,Standard
Domaine Saada,Mercabarna,USA,Île-de-France,0.0,Raisins de Table,153.7634543873013,2231.1614214222673,Commerce Équitable
Fattoria Toscana,Rungis International,Maroc,Île-de-France,0.0,Raisins de Cuve,-18.101797106924998,5243.453776667144,Premium
Rungis International,Domaine Saada,Italie,Canterbury,0.0,Fromage,1261.8854468186753,12471.075632887532,Premium
Ferme Al Baraka,Fazenda Brasil,USA,Marrakech-Safi,0.0,Salades,144.86297356484144,841.0628295126093,Commerce Équitable
Rungis International,Fazenda Brasil,Tunisie,Souss-Massa,0.0,Olives à Huile,12.604579949498493,-736.890393296065,Standard
Green Valley Farm,Dairy Meadows,France,Souss-Massa,0.0,Pamplemousses,147.46435012611542,5812.3524403749925,Commerce Équitable
Domaine Saada,Marché Wholesale Agadir,Brésil,Meknès-Fès,0.0,Pommes de terre,246.41159241807333,1637.997063448412,Standard
Ferme Al Baraka,Hacienda El Sol,Italie,São Paulo,0.0,Yaourt,67.2251060518679,-368.3377640389292,Standard
Green Valley Farm,Domaine Saada,Maroc,Provence,0.0,Yaourt,259.356047507056,2965.3360163724883,Bio Certifié
Union Agricole Méditerranée,Green Valley Farm,France,Toscane,0.0,Olives à Huile,69.95569594916202,3274.834684643433,Standard
Fattoria Toscana,Domaine Saada,France,Marrakech-Safi,0.0,Medjool,1282.8499826702973,4775.702212101595,Commerce Équitable
Mercabarna,Fattoria Toscana,Italie,Californie,0.0,Olives à Huile,206.85403392256273,3293.9537352407056,Premium
Fattoria Toscana,Mercabarna,Maroc,São Paulo,0.0,Mandarines,109.80526343464467,1981.4067428805806,Premium
Rungis International,Hacienda El Sol,Tunisie,Marrakech-Safi,0.0,Olives de Table,748.0562354474876,1877.5298730767875,Standard
Fattoria Toscana,Marché Wholesale Agadir,Maroc,Catalogne,0.0,Olives à Huile,159.25114277325892,3310.212797119284,Premium
Domaine Provence Bio,Marché Wholesale Agadir,Tunisie,Canterbury,0.0,Raisins de Cuve,132.41649431531448,3308.314566716041,Bio Certifié
Union Agricole Méditerranée,Rungis International,Espagne,Canterbury,0.0,Salades,195.16522054887565,19418.950047725593,Premium
Ferme Al Baraka,Domaine Provence Bio,France,Île-de-France,0.0,Arabica,250.89677241766518,3079.0724356241562,Premium
Fazenda Brasil,Green Valley Farm,Espagne,Toscane,0.0,Raisins de Table,175.65741872224538,3335.8387381566517,Bio Certifié
Union Agricole Méditerranée,Fazenda Brasil,Espagne,Kansas,0.0,Tomates,-40.94324966910049,3259.305030342446,Premium
Coopérative Oasis,Domaine Saada,USA,Californie,0.0,Maïs,212.09711966719144,15801.40454378544,Bio Certifié
Fazenda Brasil,Rungis International,Italie,Kansas,0.0,Pamplemousses,219.09193780513016,2036.8200531315,Bio Certifié
Mercabarna,Hacienda El Sol,Nouvelle-Zélande,Andalousie,0.0,Pommes,234.4419155514338,2701.4620734462096,Premium
Mercabarna,Dairy Meadows,France,Marrakech-Safi,0.0,Blé,274.4033791888484,10802.06845991192,Commerce Équitable
Domaine Provence Bio,Mercabarna,Brésil,Canterbury,0.0,Olives à Huile,173.96298399739476,1587.050933275917,Standard
Dairy Meadows,Dairy Meadows,Nouvelle-Zélande,Meknès-Fès,0.0,Tomates,148.69982684199027,9322.40245456783,Premium
Ferme Al Baraka,Domaine Provence Bio,France,Toscane,0.0,Raisins de Cuve,100.77295713039359,4762.448121496926,Bio Certifié
Cooperative Grains Alliance,Domaine Provence Bio,USA,Marrakech-Safi,0.0,Carottes,97.35589647530944,1340.522652122882,Premium
Coopérative Oasis,Rungis International,Espagne,Marrakech-Safi,0.0,Oranges,229.56099455790294,533.9242747317426,Commerce Équitable
Domaine Provence Bio,Fazenda Brasil,Nouvelle-Zélande,Provence,0.0,Orge,322.77874406550836,3172.978272644108,Commerce Équitable
Green Valley Farm,Rungis International,France,Marrakech-Safi,0.0,Olives à Huile,139.14949700745606,3434.8943003690547,Commerce Équitable
Cooperative Grains Alliance,Coopérative Oasis,Nouvelle-Zélande,Kansas,0.0,Raisins de Cuve,119.48182172894553,3804.3499268451264,Bio Certifié
Ferme Al Baraka,Domaine Saada,Maroc,Catalogne,0.0,Olives à Huile,185.4039815388517,2518.8728631587887,Bio Certifié
Domaine Saada,Ferme Al Baraka,Maroc,Île-de-France,0.0,Olives à Huile,469.4630940666998,5679.660713933372,Premium
Fattoria Toscana,Hacienda El Sol,Maroc,Souss-Massa,0.0,Salades,180.2329888554959,5009.093138176177,Bio Certifié
Green Valley Farm,Rungis International,Brésil,São Paulo,0.0,Raisins de Table,384.9449725587216,2631.3586564295665,Bio Certifié
Ferme Al Baraka,Union Agricole Méditerranée,Espagne,Andalousie,0.0,Olives à Huile,1367.8583376382064,3919.4336751020123,Bio Certifié
Marché Wholesale Agadir,Dairy Meadows,Maroc,Sfax,0.0,Fromage,52.90923258909718,5086.636061473402,Premium
Fattoria Toscana,Fazenda Brasil,France,Provence,0.0,Medjool,928.3030932819473,14014.539933634842,Bio Certifié
Green Valley Farm,Green Valley Farm,France,Canterbury,0.0,Deglet Nour,233.64653875899347,25326.303897913862,Premium
Union Agricole Méditerranée,Mercabarna,Nouvelle-Zélande,Meknès-Fès,0.0,Raisins de Table,33.226357888927396,6633.480474283553,Premium
Hacienda El Sol,Domaine Provence Bio,France,Meknès-Fès,0.0,Tomates,130.56837314412917,743.7131841240437,Bio Certifié
Union Agricole Méditerranée,Green Valley Farm,USA,São Paulo,0.0,Raisins de Cuve,5.994253965120393,2870.25747691848,Bio Certifié
Green Valley Farm,Fattoria Toscana,France,Kansas,0.0,Olives à Huile,89.63694986213231,2282.122841871715,Premium
Marché Wholesale Agadir,Domaine Provence Bio,Nouvelle-Zélande,São Paulo,0.0,Deglet Nour,133.98923317769234,1321.8639308238608,Bio Certifié
Rungis International,Fazenda Brasil,Espagne,Île-de-France,0.0,Raisins de Table,90.04879145265231,4620.683222563121,Standard
Rungis International,Marché Wholesale Agadir,Maroc,Andalousie,0.0,Robusta,166.16897999445897,12615.77842085105,Premium
Cooperative Grains Alliance,Dairy Meadows,Maroc,Canterbury,0.0,Olives de Table,164.36816421264854,3112.7995476504116,Premium
Fattoria Toscana,Dairy Meadows,Espagne,Sfax,0.0,Olives de Table,371.25421626581954,4524.179196278458,Bio Certifié
Rungis International,Fazenda Brasil,Maroc,Andalousie,0.0,Yaourt,223.93130940826194,13734.17791341245,Bio Certifié
Green Valley Farm,Coopérative Oasis,France,São Paulo,0.0,Maïs,76.16541991247425,10681.223728189121,Premium
Cooperative Grains Alliance,Fattoria Toscana,Maroc,Souss-Massa,0.0,Deglet Nour,218.6138289072985,3148.923973195432,Bio Certifié
Fazenda Brasil,Green Valley Farm,Maroc,Provence,0.0,Carottes,156.69209495196571,3830.678723730764,Standard
Coopérative Oasis,Fattoria Toscana,Brésil,Andalousie,0.0,Tomates,79.30293986652228,894.4013420985817,Bio Certifié
Domaine Provence Bio,Dairy Meadows,Italie,Andalousie,0.0,Maïs,207.93182251297904,3312.8308626970493,Standard
Green Valley Farm,Mercabarna,USA,Canterbury,0.0,Oranges,196.62908186305035,2771.9040218216232,Bio Certifié
Green Valley Farm,Cooperative Grains Alliance,USA,Marrakech-Safi,0.0,Fromage,46.14950257173125,2283.234257821196,Bio Certifié
Marché Wholesale Agadir,Domaine Provence Bio,Nouvelle-Zélande,Californie,0.0,Salades,243.50574347577822,1906.934863377771,Bio Certifié
Green Valley Farm,Mercabarna,Nouvelle-Zélande,Canterbury,0.0,Yaourt,131.00945880341837,1668.8015662789235,Standard
Green Valley Farm,Green Valley Farm,Maroc,Andalousie,0.0,Pommes de terre,488.8894400352542,2652.215856113712,Premium
Rungis International,Coopérative Oasis,Nouvelle-Zélande,Kansas,0.0,Raisins de Table,497.5491799469017,3721.8607039064536,Bio Certifié
Green Valley Farm,Rungis International,Espagne,Californie,0.0,Pommes,141.87578848830825,2888.0046300585127,Bio Certifié
Fattoria Toscana,Domaine Provence Bio,USA,Californie,0.0,Deglet Nour,166.19538773107183,3468.4795724671567,Standard
Domaine Saada,Union Agricole Méditerranée,Italie,Sfax,0.0,Raisins de Cuve,187.82937058089036,4452.836445247056,Bio Certifié
Mercabarna,Dairy Meadows,Maroc,Île-de-France,0.0,Olives de Table,102.56823452269748,3516.717195914468,Standard
Mercabarna,Mercabarna,Espagne,Californie,0.0,Raisins de Cuve,263.95616751684344,4977.122778259211,Premium
Coopérative Oasis,Rungis International,Tunisie,Provence,0.0,Mandarines,162.49283075839958,2792.252246674616,Standard
Dairy Meadows,Fattoria Toscana,Espagne,Californie,0.0,Tomates,209.51449798469335,823.0828034220921,Bio Certifié
Fazenda Brasil,Coopérative Oasis,Italie,Sfax,0.0,Tomates,-42.753795663189315,2948.1190164054424,Standard
Fazenda Brasil,Rungis International,Italie,São Paulo,0.0,Riz,207.06682969528723,4071.904612514551,Commerce Équitable
Fattoria Toscana,Fattoria Toscana,Nouvelle-Zélande,Meknès-Fès,0.0,Yaourt,153.17515408786352,3014.219242881172,Bio Certifié
Domaine Saada,Coopérative Oasis,Tunisie,Île-de-France,0.0,Mandarines,158.62554512644851,2192.3019922804237,Premium
Rungis International,Green Valley Farm,Brésil,Provence,0.0,Orge,1359.6080060972,3458.166272698031,Bio Certifié
Green Valley Farm,Green Valley Farm,France,São Paulo,0.0,Raisins de Table,177.87308167815345,2872.131513828387,Bio Certifié
Coopérative Oasis,Rungis International,Tunisie,Californie,0.0,Olives de Table,63.04239528074663,3535.66155458066,Bio Certifié
Cooperative Grains Alliance,Green Valley Farm,Tunisie,Canterbury,0.0,Salades,102.24564544561558,11547.475430919474,Standard
Rungis International,Fazenda Brasil,Italie,Kansas,0.0,Oignons,108.95742135006512,2061.5593980083,Commerce Équitable
Mercabarna,Ferme Al Baraka,Maroc,Souss-Massa,0.0,Orge,154.92184104678216,3519.696405740965,Premium
Ferme Al Baraka,Ferme Al Baraka,Brésil,Provence,0.0,Olives à Huile,97.31518894128024,4230.01028826427,Standard
Fazenda Brasil,Domaine Saada,France,Californie,0.0,Raisins de Table,102.58772328737919,2429.6570724171406,Premium
Mercabarna,Coopérative Oasis,Espagne,Catalogne,0.0,Raisins de Table,876.7934371079531,3304.8178321652067,Standard
Rungis International,Dairy Meadows,USA,Provence,0.0,Tomates,118.75249807006655,109.21531662454936,Standard
Coopérative Oasis,Marché Wholesale Agadir,Tunisie,Souss-Massa,0.0,Riz,102.41401072292302,1483.0686724273914,Standard
Domaine Provence Bio,Fattoria Toscana,Italie,Canterbury,0.0,Salades,-50.24818461266165,2618.936810195014,Bio Certifié
Domaine Provence Bio,Domaine Saada,Italie,Kansas,0.0,Tomates,130.444481219088,26566.007328951287,Standard
Dairy Meadows,Fazenda Brasil,France,Kansas,0.0,Salades,133.4830334543586,3075.6125845653146,Premium
Union Agricole Méditerranée,Fazenda Brasil,Brésil,São Paulo,0.0,Robusta,82.66512935483664,2216.5488983135533,Standard
Dairy Meadows,Fattoria Toscana,Tunisie,Île-de-France,0.0,Pommes de terre,128.13318187953584,2584.7371507924636,Standard
Dairy Meadows,Fazenda Brasil,Tunisie,Île-de-France,0.0,Raisins de Table,111.2089132050863,3003.8612668887336,Premium
Mercabarna,Ferme Al Baraka,Maroc,Provence,0.0,Robusta,1096.182323217045,4107.407704971444,Standard
Marché Wholesale Agadir,Hacienda El Sol,France,Sfax,0.0,Lait,33.139586796323,1778.5682818769237,Bio Certifié
Domaine Saada,Coopérative Oasis,Maroc,São Paulo,0.0,Robusta,406.18850393494125,1076.1987842127792,Bio Certifié
Domaine Provence Bio,Fattoria Toscana,Nouvelle-Zélande,Kansas,0.0,Pamplemousses,6.156441902535448,22917.152301874255,Standard
Domaine Provence Bio,Marché Wholesale Agadir,USA,Marrakech-Safi,0.0,Arabica,965.1983428627873,12011.79312336716,Standard
Coopérative Oasis,Rungis International,France,Souss-Massa,0.0,Maïs,1313.5389321740417,3813.0705079543286,Standard
Coopérative Oasis,Ferme Al Baraka,Brésil,Californie,0.0,Lait,14.020610611916823,23922.92145393625,Bio Certifié
Rungis International,Mercabarna,Tunisie,Provence,0.0,Lait,293.9825333897946,3508.66839339113,Standard
Fattoria Toscana,Fazenda Brasil,Tunisie,Provence,0.0,Medjool,33.10646113880247,2504.5057235323766,Bio Certifié
Fattoria Toscana,Hacienda El Sol,Tunisie,Toscane,0.0,Blé,1342.6298109136173,3581.387856911827,Standard
Dairy Meadows,Fazenda Brasil,Maroc,São Paulo,0.0,Raisins de Cuve,196.29678148425586,3101.4402208122515,Premium
Domaine Provence Bio,Rungis International,France,Meknès-Fès,0.0,Courgettes,75.83734265771214,2932.192389946623,Bio Certifié
Domaine Saada,Fazenda Brasil,Maroc,Canterbury,0.0,Raisins de Table,181.15301931658308,19849.065364129412,Premium
Mercabarna,Domaine Provence Bio,Maroc,Andalousie,0.0,Olives à Huile,175.58702614028178,4969.936713884352,Standard
Union Agricole Méditerranée,Fazenda Brasil,USA,Provence,0.0,Oranges,254.92666418912034,20092.107094926912,Standard
Fazenda Brasil,Cooperative Grains Alliance,USA,Andalousie,0.0,Olives à Huile,254.7451566797134,3642.4070526883725,Premium
Hacienda El Sol,Mercabarna,Maroc,Meknès-Fès,0.0,Raisins de Cuve,172.20223541646942,5724.870339009757,Standard
Rungis International,Fazenda Brasil,Espagne,Provence,0.0,Raisins de Cuve,104.55311343645087,3216.0908304834165,Standard
Fazenda Brasil,Domaine Saada,Espagne,Andalousie,0.0,Tomates,342.85013619534527,1746.2776309489407,Standard
Rungis International,Green Valley Farm,Maroc,Canterbury,0.0,Citrons,-11.440846642580134,3968.820832672374,Bio Certifié
Green Valley Farm,Ferme Al Baraka,Maroc,Catalogne,0.0,Orge,182.55328334557026,3088.1400513109675,Bio Certifié
Ferme Al Baraka,Green Valley Farm,Nouvelle-Zélande,Marrakech-Safi,0.0,Yaourt,336.7450514727095,2146.0687376922083,Standard
Fattoria Toscana,Fattoria Toscana,Brésil,Provence,0.0,Maïs,218.89040330683167,2226.473411328776,Standard
Union Agricole Méditerranée,Domaine Saada,Maroc,Sfax,0.0,Arabica,39.30708182630087,1926.1309122307546,Bio Certifié
Fattoria Toscana,Coopérative Oasis,Tunisie,Canterbury,0.0,Mandarines,564.2127150431793,19673.649611224413,Bio Certifié
Dairy Meadows,Fattoria Toscana,France,Canterbury,0.0,Olives à Huile,109.57021142265653,19987.6232480628,Bio Certifié
Hacienda El Sol,Rungis International,Maroc,Sfax,0.0,Riz,87.55588167372171,726.9933188566366,Bio Certifié
Domaine Provence Bio,Green Valley Farm,Maroc,São Paulo,0.0,Olives à Huile,86.88047139265507,2460.6054244884094,Commerce Équitable
Union Agricole Méditerranée,Ferme Al Baraka,France,Marrakech-Safi,0.0,Bananes,102.01230451327314,3435.5568930583368,Bio Certifié
Domaine Saada,Domaine Provence Bio,USA,Meknès-Fès,0.0,Bananes,275.74685647603985,932.1150131753373,Premium
Green Valley Farm,Ferme Al Baraka,USA,Meknès-Fès,0.0,Raisins de Table,25.21085527392915,4664.64494429617,Premium
Cooperative Grains Alliance,Coopérative Oasis,USA,Souss-Massa,0.0,Riz,183.05297219745097,4868.364309781479,Bio Certifié
Ferme Al Baraka,Coopérative Oasis,Italie,Toscane,0.0,Lait,160.52619989891102,3689.5142375104842,Standard
Fazenda Brasil,Domaine Saada,Brésil,Kansas,0.0,Olives à Huile,599.8203102255815,3912.3034912515513,Bio Certifié
Union Agricole Méditerranée,Mercabarna,France,São Paulo,0.0,Salades,437.8399265720104,9078.078443642966,Standard
Domaine Provence Bio,Rungis International,France,Marrakech-Safi,0.0,Olives à Huile,264.08123401890117,2955.9143234888516,Bio Certifié
Fattoria Toscana,Domaine Provence Bio,Maroc,Andalousie,0.0,Bananes,78.04145269934021,3205.2472227716535,Standard
Mercabarna,Marché Wholesale Agadir,Brésil,Marrakech-Safi,0.0,Riz,155.95494216635223,5463.666236163061,Bio Certifié
Union Agricole Méditerranée,Dairy Meadows,Brésil,Souss-Massa,0.0,Raisins de Cuve,144.98029471823466,1625.9291794463163,Bio Certifié
Hacienda El Sol,Dairy Meadows,Maroc,Californie,0.0,Raisins de Table,235.46795132517775,6583.246578794839,Bio Certifié
Hacienda El Sol,Domaine Saada,USA,Canterbury,0.0,Tomates,122.45658659521419,2771.8834945722347,Standard
Mercabarna,Fattoria Toscana,Maroc,Île-de-France,0.0,Raisins de Cuve,144.8788957654442,2537.655819919059,Premium
Mercabarna,Green Valley Farm,Maroc,Kansas,0.0,Robusta,242.36604449395765,2353.5838335743606,Standard
Fattoria Toscana,Green Valley Farm,Nouvelle-Zélande,São Paulo,0.0,Lait,263.9003227511803,5833.391315258794,Bio Certifié
Domaine Provence Bio,Union Agricole Méditerranée,USA,Kansas,0.0,Riz,134.04493984353738,2345.951903205348,Standard
Mercabarna,Dairy Meadows,Maroc,Kansas,0.0,Raisins de Table,273.13864530425377,2408.5403278720373,Premium
Fazenda Brasil,Union Agricole Méditerranée,Nouvelle-Zélande,Sfax,0.0,Raisins de Table,101.90233126213377,1275.8257681215339,Bio Certifié
Domaine Provence Bio,Ferme Al Baraka,Maroc,Souss-Massa,0.0,Raisins de Cuve,155.89457548839394,2679.2751174388495,Bio Certifié
Marché Wholesale Agadir,Ferme Al Baraka,Maroc,Andalousie,0.0,Bananes,94.22194059890025,3866.6934040663136,Bio Certifié
Union Agricole Méditerranée,Domaine Provence Bio,Maroc,Marrakech-Safi,0.0,Salades,258.9818866154328,482.3410327702974,Standard
Ferme Al Baraka,Domaine Provence Bio,Espagne,Toscane,0.0,Arabica,1172.2879647594345,1092.6750356178209,Standard
Union Agricole Méditerranée,Marché Wholesale Agadir,Espagne,Provence,0.0,Carottes,305.01181228715245,4017.2843578761253,Commerce Équitable
Fazenda Brasil,Fazenda Brasil,Tunisie,Andalousie,0.0,Yaourt,150.1463816018825,3608.311691141833,Commerce Équitable
Fazenda Brasil,Domaine Provence Bio,Maroc,São Paulo,0.0,Medjool,793.7808424071758,2557.694771180849,Bio Certifié
Domaine Saada,Union Agricole Méditerranée,Maroc,Kansas,0.0,Yaourt,388.58057701818603,5254.621185853061,Premium
Dairy Meadows,Marché Wholesale Agadir,France,Marrakech-Safi,0.0,Riz,251.22086824125967,3637.603411924055,Commerce Équitable
Domaine Provence Bio,Rungis International,Brésil,Catalogne,0.0,Beurre,288.09656048314946,5220.718813825951,Premium
Dairy Meadows,Dairy Meadows,USA,Catalogne,0.0,Raisins de Table,59.91817775144097,25078.61849510186,Standard
Coopérative Oasis,Mercabarna,Maroc,Souss-Massa,0.0,Citrons,53.37183354315478,1416.547877186684,Commerce Équitable
Domaine Provence Bio,Coopérative Oasis,Maroc,Catalogne,0.0,Olives de Table,77.47602950774746,3602.5185629198477,Commerce Équitable
Fattoria Toscana,Dairy Meadows,Espagne,Toscane,0.0,Tomates,152.0104616292396,2506.7857828723163,Bio Certifié
Hacienda El Sol,Dairy Meadows,Nouvelle-Zélande,Île-de-France,0.0,Maïs,57.99464792675497,3125.036639181484,Bio Certifié
Dairy Meadows,Fazenda Brasil,France,Sfax,0.0,Raisins de Table,608.2874915952109,3256.5503608138047,Bio Certifié
Rungis International,Fazenda Brasil,Brésil,Provence,0.0,Olives de Table,250.55176005105062,2460.685430284182,Standard
Domaine Provence Bio,Marché Wholesale Agadir,Italie,Provence,0.0,Salades,272.9649851047799,13161.66128074737,Commerce Équitable
Fazenda Brasil,Rungis International,USA,Sfax,0.0,Lait,164.1235436412223,7376.578694904088,Bio Certifié
Cooperative Grains Alliance,Domaine Saada,Maroc,Souss-Massa,0.0,Beurre,483.32115127101633,2149.6679048370647,Standard
Green Valley Farm,Domaine Provence Bio,Espagne,Meknès-Fès,0.0,Pamplemousses,94.76211926533873,2627.108736126418,Bio Certifié
Dairy Meadows,Union Agricole Méditerranée,France,Californie,0.0,Raisins de Cuve,170.433788083968,13510.304210381048,Commerce Équitable
Rungis International,Mercabarna,France,Toscane,0.0,Deglet Nour,99.36654953780274,1905.1412230748824,Bio Certifié
Fattoria Toscana,Union Agricole Méditerranée,Brésil,Toscane,0.0,Beurre,177.2118065660613,3597.108869589106,Standard
Coopérative Oasis,Domaine Saada,Brésil,Sfax,0.0,Lait,90.10774800617244,1013.2815870435868,Commerce Équitable
Rungis International,Cooperative Grains Alliance,USA,Canterbury,0.0,Orge,135.32721405936078,3681.5115348786503,Standard
Marché Wholesale Agadir,Mercabarna,Maroc,Catalogne,0.0,Maïs,370.32852641341856,3357.7473447138254,Premium
Domaine Provence Bio,Coopérative Oasis,France,Canterbury,0.0,Riz,99.36374600656933,17657.181238515554,Bio Certifié
Fattoria Toscana,Mercabarna,France,Meknès-Fès,0.0,Riz,125.90187225470027,2766.0290220929073,Bio Certifié
Domaine Provence Bio,Ferme Al Baraka,Maroc,Kansas,0.0,Fromage,144.3509009211736,2358.063821625361,Bio Certifié
Cooperative Grains Alliance,Domaine Saada,Italie,Californie,0.0,Arabica,258.3070083443907,2583.038268521339,Standard
Rungis International,Marché Wholesale Agadir,France,Provence,0.0,Olives à Huile,148.44853929558988,2446.145592339153,Standard
Cooperative Grains Alliance,Mercabarna,France,Souss-Massa,0.0,Citrons,81.16641888610049,25068.728512179612,Standard
Union Agricole Méditerranée,Mercabarna,France,Meknès-Fès,0.0,Raisins de Table,159.92722510167926,1204.144131548056,Commerce Équitable
Hacienda El Sol,Coopérative Oasis,France,São Paulo,0.0,Olives à Huile,385.8635848263762,1216.6871475785495,Premium
Fazenda Brasil,Fazenda Brasil,France,Californie,0.0,Oignons,85.51182573019108,2755.9819430540215,Bio Certifié
Domaine Saada,Marché Wholesale Agadir,Brésil,São Paulo,0.0,Medjool,95.14418599020345,1236.0328807272106,Bio Certifié
Fattoria Toscana,Domaine Saada,Espagne,Kansas,0.0,Arabica,218.6643124413436,10426.26832806281,Premium
Fazenda Brasil,Domaine Provence Bio,Maroc,Sfax,0.0,Deglet Nour,191.85271571480027,1897.127942893493,Bio Certifié
Green Valley Farm,Rungis International,USA,Sfax,0.0,Raisins de Table,644.3532406822995,4539.680410980986,Premium
Mercabarna,Marché Wholesale Agadir,France,Souss-Massa,0.0,Oignons,560.7688884298593,3905.4413058344317,Bio Certifié
Rungis International,Green Valley Farm,Brésil,Souss-Massa,0.0,Olives de Table,42.43280925880107,-493.0187625202718,Standard
Cooperative Grains Alliance,Coopérative Oasis,Espagne,Californie,0.0,Olives de Table,300.11021572302013,4572.514638188402,Bio Certifié
Mercabarna,Mercabarna,Tunisie,Souss-Massa,0.0,Olives à Huile,107.61675073937501,3514.399702374125,Commerce Équitable
Dairy Meadows,Rungis International,Maroc,São Paulo,0.0,Pommes,56.30830813096653,5199.089201969932,Standard
Coopérative Oasis,Ferme Al Baraka,Maroc,Provence,0.0,Fromage,321.1835262873918,4383.15286111228,Standard
Dairy Meadows,Hacienda El Sol,Nouvelle-Zélande,Toscane,0.0,Olives de Table,174.74779936516657,3719.911644858931,Standard
Hacienda El Sol,Union Agricole Méditerranée,Tunisie,Marrakech-Safi,0.0,Olives à Huile,158.85402806589116,3841.8328859829553,Standard
Green Valley Farm,Green Valley Farm,Tunisie,Provence,0.0,Maïs,147.7980575412639,3179.057302273392,Premium
Domaine Provence Bio,Green Valley Farm,Maroc,Meknès-Fès,0.0,Pommes,123.1800265535071,9388.736375475912,Premium
Fazenda Brasil,Coopérative Oasis,Brésil,Kansas,0.0,Oranges,54.770009880274166,2615.312741141063,Commerce Équitable
Mercabarna,Cooperative Grains Alliance,Maroc,Marrakech-Safi,0.0,Tomates,258.6657342697853,3733.4278089369545,Bio Certifié
Fazenda Brasil,Domaine Provence Bio,Maroc,São Paulo,0.0,Arabica,168.1584562404088,4012.9165536220944,Premium
Hacienda El Sol,Fazenda Brasil,Nouvelle-Zélande,Souss-Massa,0.0,Arabica,1219.8131201726223,2156.644389804733,Standard
Dairy Meadows,Marché Wholesale Agadir,Italie,Californie,0.0,Olives à Huile,160.21506991839047,1670.470877532998,Bio Certifié
Ferme Al Baraka,Green Valley Farm,Tunisie,Canterbury,0.0,Olives de Table,520.8009601169842,3421.5897824107897,Bio Certifié
Fazenda Brasil,Cooperative Grains Alliance,Espagne,São Paulo,0.0,Salades,193.8960414618352,2121.2129307808405,Bio Certifié
Green Valley Farm,Domaine Saada,Maroc,Catalogne,0.0,Deglet Nour,511.3261426344429,3547.343245544618,Premium
Union Agricole Méditerranée,Green Valley Farm,Maroc,Californie,0.0,Salades,43.17949958699208,4815.705896334145,Premium
Mercabarna,Green Valley Farm,Espagne,Toscane,0.0,Citrons,147.02986589736162,17052.874151694272,Premium
Domaine Provence Bio,Hacienda El Sol,Espagne,Californie,0.0,Raisins de Table,785.2403504639703,3480.4006884215414,Standard
Marché Wholesale Agadir,Domaine Provence Bio,Maroc,São Paulo,0.0,Orge,537.7943942635002,1837.0512309473074,Bio Certifié
Rungis International,Hacienda El Sol,Tunisie,Souss-Massa,0.0,Arabica,946.1790460038821,3475.1539710645993,Standard
Dairy Meadows,Mercabarna,Maroc,Provence,0.0,Riz,297.34553845216146,3905.727907350513,Standard
Green Valley Farm,Cooperative Grains Alliance,France,Meknès-Fès,0.0,Raisins de Cuve,171.46835551405943,1377.0559045595528,Commerce Équitable
Union Agricole Méditerranée,Fazenda Brasil,Nouvelle-Zélande,São Paulo,0.0,Mandarines,159.38508707389585,1572.6557369377383,Bio Certifié
Mercabarna,Domaine Provence Bio,Maroc,Souss-Massa,0.0,Arabica,135.54064246325237,15032.845701988997,Bio Certifié
Marché Wholesale Agadir,Green Valley Farm,Nouvelle-Zélande,Kansas,0.0,Pommes de terre,73.93953518459537,5323.9569422339255,Bio Certifié
Green Valley Farm,Coopérative Oasis,Nouvelle-Zélande,Kansas,0.0,Maïs,89.3749327918453,282.02539578006304,Bio Certifié
Domaine Saada,Rungis International,USA,Catalogne,0.0,Fromage,163.1387535252403,2026.9582794496732,Standard
Hacienda El Sol,Marché Wholesale Agadir,USA,Kansas,0.0,Pommes,-13.2542716090799,321.2673552619485,Standard
Domaine Saada,Domaine Saada,France,Catalogne,0.0,Robusta,82.5221256641238,2405.0356119756143,Bio Certifié
Domaine Saada,Hacienda El Sol,USA,Canterbury,0.0,Medjool,116.45349661721671,1633.3195426860816,Standard
Domaine Provence Bio,Green Valley Farm,Italie,Canterbury,0.0,Riz,48.56267122642533,2446.017869315283,Premium
Coopérative Oasis,Dairy Meadows,Maroc,Provence,0.0,Arabica,1232.232283053251,3683.548780252402,Premium
Domaine Provence Bio,Union Agricole Méditerranée,Brésil,Toscane,0.0,Olives de Table,102.02198554948356,3053.2833118901754,Standard
Cooperative Grains Alliance,Ferme Al Baraka,Espagne,Toscane,0.0,Salades,99.12291275604058,3427.499106392582,Standard
Coopérative Oasis,Cooperative Grains Alliance,France,Californie,0.0,Raisins de Cuve,-26.7411171240334,39.862237875518076,Standard
Rungis International,Marché Wholesale Agadir,Maroc,Californie,0.0,Pommes,620.8373450907671,5296.794588252991,Bio Certifié
Domaine Saada,Green Valley Farm,France,Canterbury,0.0,Maïs,132.29224852568257,1496.4678833589653,Bio Certifié
Marché Wholesale Agadir,Dairy Meadows,Espagne,Marrakech-Safi,0.0,Yaourt,182.26863549300467,2737.708316438422,Bio Certifié
Hacienda El Sol,Union Agricole Méditerranée,Italie,Marrakech-Safi,0.0,Citrons,143.39338965705969,2906.5849876219436,Standard
Green Valley Farm,Mercabarna,Tunisie,Kansas,0.0,Bananes,437.4071796648574,2290.5836019988296,Premium
Dairy Meadows,Green Valley Farm,USA,Andalousie,0.0,Arabica,812.3928283373941,212.3461524987374,Standard
Union Agricole Méditerranée,Domaine Provence Bio,Tunisie,Île-de-France,0.0,Mandarines,83.00930198760335,3526.865463461878,Bio Certifié
Domaine Provence Bio,Ferme Al Baraka,Espagne,Catalogne,0.0,Olives à Huile,60.626156494798934,3077.0082692675996,Bio Certifié
Dairy Meadows,Cooperative Grains Alliance,Nouvelle-Zélande,Canterbury,0.0,Raisins de Table,139.53113135585826,2004.306750265313,Bio Certifié
Domaine Provence Bio,Domaine Saada,Tunisie,Meknès-Fès,0.0,Bananes,109.74561759196378,3447.3191101490584,Premium
Green Valley Farm,Fattoria Toscana,France,Catalogne,0.0,Deglet Nour,185.60703865214603,11202.6258414628,Bio Certifié
Rungis International,Rungis International,Brésil,Catalogne,0.0,Raisins de Table,233.3480380522945,1457.3932546108258,Premium
Dairy Meadows,Fattoria Toscana,France,Île-de-France,0.0,Citrons,129.88725807486298,3030.8754635964747,Bio Certifié
Cooperative Grains Alliance,Hacienda El Sol,USA,Kansas,0.0,Pommes,99.5978951481622,3640.957934637673,Bio Certifié
Rungis International,Fattoria Toscana,Italie,Souss-Massa,0.0,Riz,45.45837990603049,3878.1507260073317,Bio Certifié
Ferme Al Baraka,Mercabarna,Maroc,Meknès-Fès,0.0,Raisins de Cuve,73.74970430646668,438.25627180332447,Standard
Fattoria Toscana,Union Agricole Méditerranée,France,São Paulo,0.0,Riz,46.86862859578434,3236.1109965337896,Standard
Union Agricole Méditerranée,Rungis International,USA,Sfax,0.0,Pamplemousses,-5.44687413866712,1867.2741564211642,Bio Certifié
Green Valley Farm,Union Agricole Méditerranée,Tunisie,Sfax,0.0,Lait,169.65522797292022,2940.6193353644585,Premium
Fattoria Toscana,Marché Wholesale Agadir,Brésil,Californie,0.0,Blé,67.36621496984053,7636.018180704427,Bio Certifié
Ferme Al Baraka,Fattoria Toscana,Italie,Sfax,0.0,Olives à Huile,57.07649764434967,1583.4125414178334,Standard
Domaine Saada,Ferme Al Baraka,Maroc,Île-de-France,0.0,Arabica,148.7343339513109,-105.22362091181049,Bio Certifié
Rungis International,Domaine Saada,Tunisie,São Paulo,0.0,Deglet Nour,131.53791406702715,1195.0388548342687,Standard
Rungis International,Ferme Al Baraka,Maroc,Californie,0.0,Olives à Huile,123.17668471502458,784.3013049306098,Premium
Cooperative Grains Alliance,Ferme Al Baraka,France,Île-de-France,0.0,Olives à Huile,145.21521814990405,2316.8173425894456,Bio Certifié
Mercabarna,Domaine Saada,France,Sfax,0.0,Raisins de Cuve,537.6427691880613,3079.940300807325,Bio Certifié
Domaine Saada,Domaine Provence Bio,Nouvelle-Zélande,Meknès-Fès,0.0,Robusta,278.83888892568234,2338.345463641929,Standard
Mercabarna,Fazenda Brasil,Nouvelle-Zélande,Île-de-France,0.0,Bananes,37.09205986761749,3956.208263317516,Standard
Coopérative Oasis,Domaine Provence Bio,Brésil,Provence,0.0,Salades,138.74565085451997,5115.431637821779,Bio Certifié
Coopérative Oasis,Domaine Provence Bio,Nouvelle-Zélande,Île-de-France,0.0,Medjool,1101.1900585018598,2116.6469696674403,Standard
Union Agricole Méditerranée,Green Valley Farm,Maroc,Kansas,0.0,Bananes,287.04347264709963,3281.5473346287554,Premium
Fazenda Brasil,Mercabarna,Espagne,São Paulo,0.0,Medjool,173.86975209811465,3554.173603650618,Bio Certifié
Green Valley Farm,Ferme Al Baraka,Espagne,Kansas,0.0,Bananes,560.027156444512,3777.417652370262,Standard
Mercabarna,Domaine Saada,Italie,Souss-Massa,0.0,Maïs,255.6247381851116,3484.6408381745778,Bio Certifié
Marché Wholesale Agadir,Mercabarna,Maroc,Souss-Massa,0.0,Courgettes,218.3821890122532,1628.566516979791,Standard
Cooperative Grains Alliance,Fattoria Toscana,Maroc,Provence,0.0,Maïs,262.7332823104716,2478.634827313126,Standard
Green Valley Farm,Domaine Provence Bio,Tunisie,Canterbury,0.0,Medjool,149.78777260442385,495.2881214910358,Premium
Fazenda Brasil,Domaine Provence Bio,Maroc,Catalogne,0.0,Medjool,100.59841371166522,1697.505433233985,Standard
Dairy Meadows,Fazenda Brasil,Espagne,São Paulo,0.0,Riz,214.96942661950217,3100.2363159440683,Standard
Domaine Provence Bio,Fazenda Brasil,USA,São Paulo,0.0,Medjool,164.42581453277236,1750.336095298868,Bio Certifié
Domaine Saada,Fazenda Brasil,Maroc,Souss-Massa,0.0,Yaourt,73.2134847731806,1692.3845575360883,Standard
Ferme Al Baraka,Domaine Provence Bio,Espagne,Californie,0.0,Orge,53.15497024994891,1784.752805125282,Bio Certifié
Green Valley Farm,Fazenda Brasil,Espagne,Provence,0.0,Deglet Nour,186.62589781411413,5812.075318590729,Standard
Domaine Provence Bio,Ferme Al Baraka,USA,Marrakech-Safi,0.0,Blé,109.32070485508025,2848.1568643354485,Standard
Rungis International,Coopérative Oasis,Italie,Meknès-Fès,0.0,Raisins de Table,108.01398696316136,2293.9320674913165,Premium
Dairy Meadows,Union Agricole Méditerranée,France,Marrakech-Safi,0.0,Robusta,167.07274655324912,3747.838274520068,Commerce Équitable
Domaine Provence Bio,Mercabarna,USA,Catalogne,0.0,Arabica,164.13987697498732,12367.923315021708,Premium
Fazenda Brasil,Coopérative Oasis,USA,Toscane,0.0,Oignons,95.28869598852759,2744.1023863668424,Standard
Domaine Saada,Marché Wholesale Agadir,USA,Marrakech-Safi,0.0,Robusta,933.4048396229803,1962.0997872050489,Standard
Dairy Meadows,Hacienda El Sol,France,Toscane,0.0,Raisins de Cuve,67.44075518287097,3907.7886442400777,Premium
Mercabarna,Marché Wholesale Agadir,France,Canterbury,0.0,Fromage,68.73647461487988,1524.330196185146,Premium
Ferme Al Baraka,Fazenda Brasil,Brésil,Canterbury,0.0,Tomates,1120.5001778951846,2971.166778718495,Bio Certifié
Fattoria Toscana,Cooperative Grains Alliance,France,São Paulo,0.0,Olives de Table,117.07614894839989,2503.9927105538036,Bio Certifié
Cooperative Grains Alliance,Coopérative Oasis,Italie,Sfax,0.0,Olives de Table,70.64623102489422,2152.0279496202597,Standard
Union Agricole Méditerranée,Coopérative Oasis,Tunisie,Sfax,0.0,Lait,139.34213549352071,3675.036028977245,Bio Certifié
Marché Wholesale Agadir,Domaine Provence Bio,USA,Marrakech-Safi,0.0,Robusta,188.38804182815397,2922.1429600971105,Bio Certifié
Hacienda El Sol,Mercabarna,Brésil,Toscane,0.0,Raisins de Cuve,296.09122866385815,2440.8706615310807,Bio Certifié
Hacienda El Sol,Fattoria Toscana,Tunisie,Andalousie,0.0,Robusta,32.65839979775923,1270.3715685865272,Standard
Mercabarna,Ferme Al Baraka,Nouvelle-Zélande,Sfax,0.0,Olives à Huile,70.33178520209762,1619.4211857047758,Standard
Fattoria Toscana,Fazenda Brasil,Nouvelle-Zélande,São Paulo,0.0,Tomates,622.4940380883122,5845.791089581008,Standard
Domaine Provence Bio,Mercabarna,Italie,Canterbury,0.0,Riz,1312.033723988965,5064.333602486868,Standard
Fazenda Brasil,Fattoria Toscana,Tunisie,Canterbury,0.0,Robusta,205.89450313882108,13982.548782510848,Standard
Domaine Saada,Rungis International,Nouvelle-Zélande,Toscane,0.0,Deglet Nour,237.14939134715218,5535.427806022737,Standard
Domaine Saada,Domaine Provence Bio,Italie,Canterbury,0.0,Pamplemousses,107.91799435484856,722.6006978076448,Standard
Coopérative Oasis,Rungis International,Italie,Sfax,0.0,Tomates,323.829251381949,3243.7565002481188,Standard
Rungis International,Fazenda Brasil,Italie,Kansas,0.0,Oranges,211.92147758742465,4057.288647956198,Premium
Mercabarna,Dairy Meadows,France,Souss-Massa,0.0,Tomates,124.16462544415803,3661.176085319069,Bio Certifié
Fazenda Brasil,Ferme Al Baraka,Brésil,Catalogne,0.0,Blé,79.8373777512191,748.907798076404,Standard
Fazenda Brasil,Domaine Saada,Maroc,São Paulo,0.0,Deglet Nour,163.50061963798626,4357.558725623467,Bio Certifié
Coopérative Oasis,Fattoria Toscana,Maroc,Sfax,0.0,Courgettes,188.54100424171384,2929.99939394447,Standard
Mercabarna,Coopérative Oasis,France,Canterbury,0.0,Raisins de Table,144.0611761381279,2389.616980162059,Premium
Union Agricole Méditerranée,Rungis International,Italie,Kansas,0.0,Salades,139.31922603779532,2942.751813714882,Standard
Dairy Meadows,Fazenda Brasil,Brésil,Provence,0.0,Olives de Table,587.6061624849651,22950.7389946011,Premium
Ferme Al Baraka,Union Agricole Méditerranée,Nouvelle-Zélande,Sfax,0.0,Maïs,806.069160929455,3734.573122377637,Bio Certifié
Domaine Saada,Green Valley Farm,Espagne,Andalousie,0.0,Pommes,145.36824851340847,5296.742984299337,Standard
Green Valley Farm,Fazenda Brasil,France,Provence,0.0,Lait,207.21446683020378,2455.8045082314593,Standard
Domaine Saada,Coopérative Oasis,Italie,Canterbury,0.0,Raisins de Table,39.310664159194616,2787.64179343089,Premium
Hacienda El Sol,Fattoria Toscana,USA,Kansas,0.0,Raisins de Table,25.236344822127222,6399.065545819714,Standard
Mercabarna,Green Valley Farm,USA,Provence,0.0,Medjool,139.9847895361596,1309.5886251734426,Bio Certifié
Domaine Saada,Marché Wholesale Agadir,USA,São Paulo,0.0,Mandarines,210.66113325625005,2015.3595422643764,Commerce Équitable
Mercabarna,Ferme Al Baraka,Espagne,Provence,0.0,Salades,177.235151158046,3432.3677661328256,Bio Certifié
Fattoria Toscana,Dairy Meadows,Brésil,Catalogne,0.0,Medjool,92.42586355567312,1379.0100599367122,Bio Certifié
Dairy Meadows,Rungis International,Espagne,Californie,0.0,Raisins de Cuve,523.6487737836023,3654.1806735252476,Standard
Domaine Provence Bio,Cooperative Grains Alliance,Maroc,Toscane,0.0,Riz,45.3469125599525,1918.4730704157926,Standard
Domaine Provence Bio,Domaine Saada,Maroc,Souss-Massa,0.0,Deglet Nour,395.7405758162579,5598.117486361452,Standard
Mercabarna,Fattoria Toscana,Maroc,Toscane,0.0,Fromage,203.4099399908879,2597.1285003459425,Premium
Domaine Provence Bio,Mercabarna,Maroc,Toscane,0.0,Pamplemousses,124.1179240555798,14283.792198248935,Premium
Ferme Al Baraka,Domaine Provence Bio,Tunisie,Californie,0.0,Raisins de Table,191.7985331281627,5706.889069656136,Standard
Union Agricole Méditerranée,Domaine Saada,Brésil,Californie,0.0,Riz,529.8442394980342,2188.978933465459,Standard
Mercabarna,Fazenda Brasil,France,Meknès-Fès,0.0,Raisins de Cuve,-29.253066423923222,2203.2451937247506,Premium
Fazenda Brasil,Fazenda Brasil,Italie,Souss-Massa,0.0,Pommes,-32.5740725017698,1437.6392683892132,Premium
Mercabarna,Domaine Provence Bio,France,Californie,0.0,Tomates,277.5537284385247,2692.937880335472,Bio Certifié
Dairy Meadows,Fattoria Toscana,Maroc,Marrakech-Safi,0.0,Raisins de Table,159.28490752105347,5748.8268330080255,Premium
Union Agricole Méditerranée,Dairy Meadows,France,Marrakech-Safi,0.0,Pommes de terre,179.64422481927963,403.28995328733674,Bio Certifié
Mercabarna,Domaine Provence Bio,Italie,São Paulo,0.0,Orge,-0.7717724391761678,3046.7292303702093,Standard
Coopérative Oasis,Fazenda Brasil,Tunisie,Toscane,0.0,Deglet Nour,132.83476663024862,2559.574438317108,Bio Certifié
Hacienda El Sol,Fazenda Brasil,Tunisie,Provence,0.0,Raisins de Table,233.85141509577448,3198.19747275192,Commerce Équitable
Domaine Saada,Domaine Provence Bio,USA,Californie,0.0,Citrons,186.9275718600843,4071.2379664116143,Standard
Rungis International,Rungis International,France,Marrakech-Safi,0.0,Tomates,0.869482113491209,3242.8745524551605,Bio Certifié
Dairy Meadows,Ferme Al Baraka,France,Canterbury,0.0,Salades,94.30171085191655,3512.500774494939,Bio Certifié
Green Valley Farm,Ferme Al Baraka,Nouvelle-Zélande,Kansas,0.0,Raisins de Cuve,2.904124873577139,3501.3103840221556,Premium
Marché Wholesale Agadir,Fattoria Toscana,France,Île-de-France,0.0,Arabica,56.86603504075472,1353.0583935547074,Premium
Cooperative Grains Alliance,Union Agricole Méditerranée,Maroc,Toscane,0.0,Yaourt,257.15373267147515,16085.84953922987,Standard
Fattoria Toscana,Fazenda Brasil,Tunisie,Provence,0.0,Mandarines,201.597894189256,2677.399141076173,Bio Certifié
Rungis International,Fazenda Brasil,Espagne,Provence,0.0,Pommes,165.16887711701492,409.67670407355683,Premium
Union Agricole Méditerranée,Domaine Saada,Italie,Souss-Massa,0.0,Arabica,276.7590921397913,3031.428016768543,Commerce Équitable
Mercabarna,Coopérative Oasis,Brésil,São Paulo,0.0,Tomates,254.2724524242621,1574.7945879895601,Standard
Coopérative Oasis,Domaine Provence Bio,Espagne,Sfax,0.0,Olives de Table,83.37351551625157,2749.2438779208064,Bio Certifié
Fazenda Brasil,Rungis International,Brésil,Souss-Massa,0.0,Riz,53.76870305731077,536.3295304121762,Commerce Équitable
Dairy Meadows,Fazenda Brasil,France,Californie,0.0,Olives à Huile,139.4889412429859,4227.203574884452,Standard
Coopérative Oasis,Coopérative Oasis,USA,São Paulo,0.0,Maïs,162.15321830949398,7225.466598868042,Premium
Fattoria Toscana,Fattoria Toscana,Tunisie,Andalousie,0.0,Deglet Nour,138.82620092024547,5713.381189151471,Bio Certifié
Domaine Provence Bio,Fazenda Brasil,Espagne,Provence,0.0,Courgettes,258.4406722668897,5652.409407280946,Premium
Ferme Al Baraka,Dairy Meadows,Nouvelle-Zélande,Sfax,0.0,Robusta,22.43974821701933,3953.2624188361337,Bio Certifié
Union Agricole Méditerranée,Marché Wholesale Agadir,Nouvelle-Zélande,Provence,0.0,Olives à Huile,235.95686950777014,3221.6214570151337,Bio Certifié
Dairy Meadows,Cooperative Grains Alliance,France,Île-de-France,0.0,Deglet Nour,223.13849549339164,13296.319255176219,Premium
Green Valley Farm,Marché Wholesale Agadir,Brésil,Catalogne,0.0,Blé,281.58977300369304,3570.0211599431113,Premium
Cooperative Grains Alliance,Domaine Saada,Espagne,Provence,0.0,Pamplemousses,186.0010477100198,4429.812314947335,Premium
Cooperative Grains Alliance,Domaine Provence Bio,France,Sfax,0.0,Oignons,318.2183480783982,2210.549875706216,Bio Certifié
Marché Wholesale Agadir,Coopérative Oasis,Maroc,Provence,0.0,Medjool,16.351730737248154,3810.7092012500643,Premium
Dairy Meadows,Hacienda El Sol,Espagne,Meknès-Fès,0.0,Raisins de Table,1288.461676293839,3823.451407179994,Standard
Domaine Provence Bio,Marché Wholesale Agadir,France,Souss-Massa,0.0,Orge,193.80979490237277,277.25180076034803,Premium
Domaine Saada,Domaine Provence Bio,Maroc,Canterbury,0.0,Fromage,14.577755119566106,3830.063164829183,Premium
Dairy Meadows,Hacienda El Sol,USA,Meknès-Fès,0.0,Olives de Table,160.92590528688862,2133.86200693588,Bio Certifié
Cooperative Grains Alliance,Fattoria Toscana,Maroc,Marrakech-Safi,0.0,Blé,37.67379577997276,2605.5889662800478,Bio Certifié
Domaine Saada,Cooperative Grains Alliance,Maroc,Marrakech-Safi,0.0,Olives à Huile,135.23437921302892,2097.319464876672,Standard
Fattoria Toscana,Marché Wholesale Agadir,Maroc,Catalogne,0.0,Courgettes,79.75440524209168,1728.9083810994396,Bio Certifié
Union Agricole Méditerranée,Domaine Provence Bio,France,São Paulo,0.0,Oignons,111.61299598680229,23581.63568277977,Bio Certifié
Hacienda El Sol,Mercabarna,France,Canterbury,0.0,Salades,97.98330410000398,3440.178830175675,Bio Certifié
Union Agricole Méditerranée,Coopérative Oasis,Espagne,Kansas,0.0,Pamplemousses,98.92002602199364,3721.4150051481,Standard
Rungis International,Green Valley Farm,USA,Catalogne,0.0,Arabica,104.46822962166368,3044.27826921033,Commerce Équitable
Mercabarna,Domaine Saada,USA,Catalogne,0.0,Oignons,1081.4802221918685,17463.36435264764,Premium
Rungis International,Hacienda El Sol,France,Catalogne,0.0,Medjool,209.2276239908731,2239.300872120217,Premium
Union Agricole Méditerranée,Ferme Al Baraka,Maroc,Kansas,0.0,Robusta,65.4582704247623,1746.820200039508,Commerce Équitable
Cooperative Grains Alliance,Mercabarna,Maroc,Meknès-Fès,0.0,Orge,110.40042988652746,1206.074843576861,Bio Certifié
Fattoria Toscana,Coopérative Oasis,Nouvelle-Zélande,São Paulo,0.0,Raisins de Table,185.88832981383354,23874.789658586764,Premium
Fazenda Brasil,Domaine Saada,France,Meknès-Fès,0.0,Yaourt,50.18557724475888,5199.631043483299,Premium
Fazenda Brasil,Fazenda Brasil,Italie,Provence,0.0,Salades,943.1389098582895,5142.464696813863,Premium
Union Agricole Méditerranée,Hacienda El Sol,Espagne,Canterbury,0.0,Raisins de Table,437.33076548413743,3184.6254428431134,Bio Certifié
Mercabarna,Fazenda Brasil,France,Canterbury,0.0,Olives à Huile,525.2560658191823,5004.131460798049,Premium
Hacienda El Sol,Ferme Al Baraka,USA,Kansas,0.0,Raisins de Cuve,175.5835424539788,1461.6326153459906,Premium
Green Valley Farm,Rungis International,Espagne,Sfax,0.0,Raisins de Table,235.77232308912443,-400.8253330631667,Bio Certifié
Hacienda El Sol,Domaine Provence Bio,Maroc,Canterbury,0.0,Deglet Nour,157.93995650976382,4747.002359661722,Bio Certifié
Ferme Al Baraka,Dairy Meadows,Brésil,Californie,0.0,Robusta,373.2327551506515,4955.446124125001,Standard
Mercabarna,Marché Wholesale Agadir,France,São Paulo,0.0,Pamplemousses,730.9906476001076,1649.8774193522681,Bio Certifié
Fazenda Brasil,Domaine Provence Bio,Brésil,Provence,0.0,Olives à Huile,655.7944151588287,4559.097396409819,Standard
Union Agricole Méditerranée,Rungis International,Maroc,Toscane,0.0,Olives à Huile,202.1705506699389,4685.818388606075,Standard
Coopérative Oasis,Hacienda El Sol,Tunisie,Californie,0.0,Raisins de Table,184.48631076460327,3897.693674263644,Standard
Fattoria Toscana,Union Agricole Méditerranée,Maroc,Île-de-France,0.0,Raisins de Table,122.58819801077152,3412.979947341394,Bio Certifié
Rungis International,Fattoria Toscana,Nouvelle-Zélande,Catalogne,0.0,Raisins de Table,173.02892812053128,1558.8446417983519,Standard
Domaine Provence Bio,Hacienda El Sol,USA,Marrakech-Safi,0.0,Pommes,53.39338651794905,3356.260929783432,Bio Certifié
Rungis International,Marché Wholesale Agadir,USA,Canterbury,0.0,Olives à Huile,255.74859345127925,-340.5110584189115,Standard
Cooperative Grains Alliance,Dairy Meadows,USA,Kansas,0.0,Maïs,272.1566675959639,15015.342471335674,Premium
Cooperative Grains Alliance,Dairy Meadows,USA,Provence,0.0,Yaourt,254.50058218680056,1644.7844380390814,Standard
Mercabarna,Fattoria Toscana,Maroc,Provence,0.0,Robusta,598.4129513346156,1933.7543036005336,Bio Certifié
Mercabarna,Ferme Al Baraka,Espagne,São Paulo,0.0,Bananes,76.31653210663458,3648.2183651356054,Standard
Green Valley Farm,Rungis International,Brésil,Kansas,0.0,Bananes,247.06349615059833,1571.805265233303,Premium
Dairy Meadows,Mercabarna,USA,Provence,0.0,Arabica,29.80336235672598,4264.286076193582,Bio Certifié
Domaine Provence Bio,Fattoria Toscana,Maroc,Sfax,0.0,Pommes de terre,163.71100369606452,3437.8764468536456,Standard
Domaine Saada,Ferme Al Baraka,Espagne,Kansas,0.0,Medjool,668.762283701657,5429.492301893653,Bio Certifié
Ferme Al Baraka,Hacienda El Sol,Nouvelle-Zélande,Souss-Massa,0.0,Citrons,116.2329952902093,-552.4611338339373,Bio Certifié
Dairy Meadows,Dairy Meadows,Maroc,Souss-Massa,0.0,Orge,1179.593685582986,563.340791668331,Bio Certifié
Domaine Saada,Marché Wholesale Agadir,USA,Catalogne,0.0,Mandarines,148.2533545772645,3895.5778189447537,Bio Certifié
Hacienda El Sol,Fattoria Toscana,Maroc,São Paulo,0.0,Raisins de Cuve,126.47048575388979,5646.064829476306,Bio Certifié
Marché Wholesale Agadir,Union Agricole Méditerranée,Brésil,São Paulo,0.0,Orge,209.86852610260962,882.0366872561863,Standard
Hacienda El Sol,Fattoria Toscana,USA,Catalogne,0.0,Salades,517.0707403961205,3734.8258492252353,Premium
Fazenda Brasil,Rungis International,Maroc,Canterbury,0.0,Riz,94.71442186610616,5045.178984673229,Commerce Équitable
Cooperative Grains Alliance,Dairy Meadows,France,Souss-Massa,0.0,Raisins de Cuve,108.33660742827746,12304.24768073498,Premium
Ferme Al Baraka,Marché Wholesale Agadir,Maroc,Kansas,0.0,Raisins de Table,-1.1637845065196828,2512.010620513779,Premium
Union Agricole Méditerranée,Union Agricole Méditerranée,France,Sfax,0.0,Olives à Huile,368.92980855105117,1061.5290934443374,Bio Certifié
Cooperative Grains Alliance,Domaine Provence Bio,Maroc,Canterbury,0.0,Riz,1381.9681057257735,9697.42898992999,Bio Certifié
Coopérative Oasis,Fazenda Brasil,Maroc,Andalousie,0.0,Oignons,248.86950260095819,2887.804405248902,Premium
Union Agricole Méditerranée,Rungis International,France,Marrakech-Safi,0.0,Tomates,30.485855750416526,1714.7684758571397,Standard
Ferme Al Baraka,Mercabarna,USA,Provence,0.0,Salades,411.25035280395963,16271.635311278633,Bio Certifié
Green Valley Farm,Fattoria Toscana,Maroc,Canterbury,0.0,Robusta,71.47496879027332,1318.7194469105646,Commerce Équitable
Hacienda El Sol,Mercabarna,Maroc,São Paulo,0.0,Riz,42.91648645341266,3257.899438564609,Standard
Dairy Meadows,Hacienda El Sol,Brésil,Toscane,0.0,Bananes,69.44221221582993,2855.2705657854685,Standard
Dairy Meadows,Union Agricole Méditerranée,France,Toscane,0.0,Raisins de Table,1252.1536735376192,5409.546661044583,Premium
Marché Wholesale Agadir,Fazenda Brasil,Maroc,Sfax,0.0,Blé,72.61991296400535,3387.5155877672087,Bio Certifié
Green Valley Farm,Ferme Al Baraka,Tunisie,Marrakech-Safi,0.0,Medjool,100.632356212166,11147.973163626855,Bio Certifié
Ferme Al Baraka,Dairy Meadows,Maroc,Souss-Massa,0.0,Raisins de Table,143.1963089399042,2361.1293431098884,Premium
Mercabarna,Fattoria Toscana,France,Toscane,0.0,Pamplemousses,144.24263583120674,5716.123041208326,Premium
Cooperative Grains Alliance,Green Valley Farm,Maroc,Île-de-France,0.0,Mandarines,51.82617376219197,2936.774067275396,Standard
Union Agricole Méditerranée,Union Agricole Méditerranée,Nouvelle-Zélande,Kansas,0.0,Bananes,302.69038104933827,13515.482682856478,Bio Certifié
Domaine Saada,Union Agricole Méditerranée,USA,Andalousie,0.0,Raisins de Cuve,41.72801584284696,311.86099561381616,Standard
Cooperative Grains Alliance,Coopérative Oasis,USA,São Paulo,0.0,Oranges,454.7478004602672,3754.3085644810544,Standard
Union Agricole Méditerranée,Hacienda El Sol,Nouvelle-Zélande,Meknès-Fès,0.0,Raisins de Cuve,129.55244537895584,2892.746256411147,Premium
Cooperative Grains Alliance,Fazenda Brasil,Brésil,Souss-Massa,0.0,Blé,199.28564488860235,4945.633817655754,Bio Certifié
Fazenda Brasil,Green Valley Farm,Italie,Île-de-France,0.0,Fromage,129.35997362249267,14799.085029214408,Standard
Fazenda Brasil,Fazenda Brasil,USA,Californie,0.0,Citrons,1240.018911094825,4843.809238431297,Commerce Équitable
Fazenda Brasil,Domaine Saada,USA,Canterbury,0.0,Raisins de Table,112.7915730215722,11375.37210403193,Standard
Green Valley Farm,Cooperative Grains Alliance,USA,Marrakech-Safi,0.0,Raisins de Table,206.91592284789857,513.8735267387428,Premium
Marché Wholesale Agadir,Fattoria Toscana,Maroc,Souss-Massa,0.0,Pamplemousses,113.1020144975814,1573.4178436233324,Premium
Green Valley Farm,Green Valley Farm,Nouvelle-Zélande,Catalogne,0.0,Tomates,423.19184035249236,2160.320540397317,Standard
Fazenda Brasil,Domaine Provence Bio,France,Canterbury,0.0,Raisins de Cuve,53.00032931802485,17756.543881324935,Bio Certifié
Fattoria Toscana,Ferme Al Baraka,Maroc,Sfax,0.0,Deglet Nour,95.78535367900571,3640.9067847703436,Standard
Union Agricole Méditerranée,Rungis International,Maroc,Sfax,0.0,Courgettes,56.60998015195153,1685.7106017167682,Standard
Hacienda El Sol,Mercabarna,USA,Provence,0.0,Tomates,140.54429651348372,15087.98070888621,Bio Certifié
Marché Wholesale Agadir,Coopérative Oasis,Maroc,Provence,0.0,Fromage,106.2756257840252,503.9052757026319,Standard
Domaine Provence Bio,Domaine Saada,France,Souss-Massa,0.0,Pommes,219.38757270501537,3818.4563870767106,Premium
Domaine Saada,Fattoria Toscana,Brésil,Canterbury,0.0,Oranges,220.33957834167052,2469.6157091770265,Bio Certifié
Domaine Provence Bio,Ferme Al Baraka,USA,São Paulo,0.0,Yaourt,171.29451995860907,4419.050752325099,Standard
Coopérative Oasis,Hacienda El Sol,Espagne,Sfax,0.0,Medjool,263.0538711265656,6465.432300574503,Standard
Hacienda El Sol,Cooperative Grains Alliance,Maroc,Provence,0.0,Riz,210.06309322830217,3332.8329846648576,Standard
Rungis International,Domaine Saada,USA,Provence,0.0,Raisins de Cuve,166.33337995460707,5339.7669966204085,Commerce Équitable
Dairy Meadows,Ferme Al Baraka,Maroc,Meknès-Fès,0.0,Bananes,107.69892596099864,5430.054956051312,Premium
Cooperative Grains Alliance,Cooperative Grains Alliance,Espagne,Californie,0.0,Fromage,147.4076007306401,2087.9860100292726,Standard
Green Valley Farm,Domaine Saada,Nouvelle-Zélande,Souss-Massa,0.0,Maïs,511.47079085894063,2410.921572929191,Premium
Dairy Meadows,Domaine Provence Bio,USA,Andalousie,0.0,Pommes,113.57261508495614,2887.7829936378052,Bio Certifié
Union Agricole Méditerranée,Hacienda El Sol,Italie,São Paulo,0.0,Raisins de Cuve,35.55769426484194,3766.173651139976,Premium
Green Valley Farm,Ferme Al Baraka,Italie,Andalousie,0.0,Riz,132.68394604672324,13629.05016549858,Standard
Mercabarna,Marché Wholesale Agadir,France,Souss-Massa,0.0,Arabica,171.81602948110714,1611.9271622765843,Bio Certifié
Union Agricole Méditerranée,Rungis International,Tunisie,Souss-Massa,0.0,Robusta,278.51922644752796,1206.523929737282,Bio Certifié
Hacienda El Sol,Dairy Meadows,Maroc,Souss-Massa,0.0,Raisins de Cuve,122.80911436415077,15324.040714905805,Standard
Rungis International,Cooperative Grains Alliance,Brésil,Île-de-France,0.0,Raisins de Table,222.9843189335309,23957.886775121708,Bio Certifié
Cooperative Grains Alliance,Dairy Meadows,Espagne,Californie,0.0,Robusta,164.05171374615787,682.7754081527601,Bio Certifié
Dairy Meadows,Fattoria Toscana,Brésil,Andalousie,0.0,Robusta,536.589132224086,2447.866726021275,Commerce Équitable
Fattoria Toscana,Fazenda Brasil,Nouvelle-Zélande,Toscane,0.0,Raisins de Table,123.93657500588185,11736.53311521661,Premium
Green Valley Farm,Rungis International,Espagne,Kansas,0.0,Raisins de Table,271.88412394631996,1882.004561059298,Standard
Union Agricole Méditerranée,Rungis International,Maroc,Toscane,0.0,Raisins de Table,90.13104749520099,21088.702970972936,Bio Certifié
Fattoria Toscana,Rungis International,France,Canterbury,0.0,Bananes,158.39082368533238,2542.0981814848246,Bio Certifié
Dairy Meadows,Marché Wholesale Agadir,Maroc,Souss-Massa,0.0,Pommes,605.0586005638929,1774.648904575817,Bio Certifié
Fazenda Brasil,Marché Wholesale Agadir,France,Andalousie,0.0,Raisins de Cuve,162.45768020905436,2562.3568933745564,Bio Certifié
Domaine Saada,Fazenda Brasil,Nouvelle-Zélande,Kansas,0.0,Pommes,185.75717334998322,2753.1019026623376,Standard
Domaine Provence Bio,Domaine Saada,Italie,Canterbury,0.0,Olives à Huile,293.20695759141324,3750.705359188777,Premium
Coopérative Oasis,Ferme Al Baraka,Maroc,Kansas,0.0,Raisins de Table,194.75633819583925,3001.4089336113607,Premium
Cooperative Grains Alliance,Union Agricole Méditerranée,Tunisie,Sfax,0.0,Raisins de Cuve,25.28651676586427,1978.3575389448974,Bio Certifié
Rungis International,Cooperative Grains Alliance,France,Sfax,0.0,Riz,215.35778671837548,2869.78265807867,Premium
Fattoria Toscana,Dairy Meadows,Maroc,Marrakech-Safi,0.0,Riz,98.82596794003953,2812.883141847058,Standard
Fattoria Toscana,Dairy Meadows,Maroc,Toscane,0.0,Courgettes,169.57342505610913,2355.969232849203,Standard
Domaine Provence Bio,Domaine Provence Bio,USA,Canterbury,0.0,Raisins de Cuve,230.7953451333265,1799.8136095420175,Premium
Cooperative Grains Alliance,Fazenda Brasil,Maroc,Andalousie,0.0,Olives à Huile,749.8371074408288,2987.7685763926065,Standard
Ferme Al Baraka,Rungis International,Espagne,Kansas,0.0,Riz,174.9789037841652,3715.988797359596,Commerce Équitable
Union Agricole Méditerranée,Dairy Meadows,USA,Sfax,0.0,Fromage,231.7319441957551,721.2388746540437,Bio Certifié
Coopérative Oasis,Fattoria Toscana,USA,São Paulo,0.0,Mandarines,289.06505893418597,2732.661239451731,Bio Certifié
Domaine Provence Bio,Marché Wholesale Agadir,Maroc,Meknès-Fès,0.0,Salades,119.09884849911074,1604.5443156232798,Premium
Domaine Saada,Hacienda El Sol,Maroc,Catalogne,0.0,Raisins de Table,144.48843629210157,5748.606161957594,Premium
Fazenda Brasil,Hacienda El Sol,Italie,Marrakech-Safi,0.0,Olives à Huile,230.859296404158,1097.6144050019634,Premium
Union Agricole Méditerranée,Fattoria Toscana,Espagne,Île-de-France,0.0,Arabica,143.66500649558333,954.8506082499671,Standard
Green Valley Farm,Cooperative Grains Alliance,Maroc,Californie,0.0,Pommes,546.6828471659894,4705.773651739321,Bio Certifié
Coopérative Oasis,Fazenda Brasil,France,Provence,0.0,Olives à Huile,184.12752642963133,5051.931832431639,Bio Certifié
Hacienda El Sol,Dairy Meadows,Nouvelle-Zélande,Toscane,0.0,Bananes,191.53853240923698,2112.831924065285,Standard
Cooperative Grains Alliance,Cooperative Grains Alliance,Tunisie,Kansas,0.0,Olives à Huile,130.05402003976556,3622.088681277518,Standard
Hacienda El Sol,Fazenda Brasil,France,Andalousie,0.0,Mandarines,138.6820338647654,816.330936806582,Premium
Coopérative Oasis,Green Valley Farm,Brésil,São Paulo,0.0,Medjool,70.49312233545042,5061.89880820949,Standard
Domaine Saada,Marché Wholesale Agadir,USA,Andalousie,0.0,Riz,83.7111710298039,2969.860402118582,Premium
Dairy Meadows,Fattoria Toscana,Maroc,Marrakech-Safi,0.0,Olives de Table,620.0885037826253,6474.979826651385,Standard
Green Valley Farm,Fazenda Brasil,Brésil,Provence,0.0,Olives à Huile,254.07166322807117,3262.290002688085,Bio Certifié
Union Agricole Méditerranée,Domaine Provence Bio,Espagne,Catalogne,0.0,Raisins de Table,335.0429565072714,3439.651546821885,Premium
Hacienda El Sol,Mercabarna,Maroc,Toscane,0.0,Raisins de Table,226.6763965142108,1226.4104492191636,Standard
Dairy Meadows,Domaine Provence Bio,Brésil,Californie,0.0,Riz,42.590458118317834,700.2829506782689,Bio Certifié
Fazenda Brasil,Dairy Meadows,Espagne,São Paulo,0.0,Raisins de Cuve,82.14428634596955,3355.293160618885,Bio Certifié
Rungis International,Fazenda Brasil,France,Meknès-Fès,0.0,Raisins de Table,115.92045224573485,738.8585936201607,Bio Certifié
Green Valley Farm,Dairy Meadows,USA,Canterbury,0.0,Deglet Nour,127.28943400668075,2264.8736938913626,Commerce Équitable
Fazenda Brasil,Dairy Meadows,Brésil,Île-de-France,0.0,Pommes de terre,376.35224512985917,9507.476188208837,Standard
Union Agricole Méditerranée,Hacienda El Sol,USA,Sfax,0.0,Raisins de Table,-6.549970548022067,19469.323136435138,Bio Certifié
Cooperative Grains Alliance,Ferme Al Baraka,France,Marrakech-Safi,0.0,Tomates,270.4020883011365,3706.4856258582167,Bio Certifié
Green Valley Farm,Mercabarna,Nouvelle-Zélande,Kansas,0.0,Olives de Table,137.82278073930968,1967.18852374668,Premium
Mercabarna,Union Agricole Méditerranée,Maroc,Canterbury,0.0,Medjool,51.08477665850386,3278.2703779968433,Bio Certifié
Cooperative Grains Alliance,Fazenda Brasil,France,Île-de-France,0.0,Bananes,74.80860948040923,1420.6109265164953,Premium
Green Valley Farm,Cooperative Grains Alliance,France,Californie,0.0,Olives à Huile,77.903986135416,3345.2001476530886,Bio Certifié
Green Valley Farm,Fattoria Toscana,Maroc,Souss-Massa,0.0,Orge,30.603583441661264,2210.099396209813,Bio Certifié
Fazenda Brasil,Green Valley Farm,Italie,Andalousie,0.0,Raisins de Table,-47.98248138092905,16334.821835696099,Commerce Équitable
Ferme Al Baraka,Fattoria Toscana,Maroc,Marrakech-Safi,0.0,Raisins de Cuve,62.56769778141347,2236.4618267747824,Premium
Green Valley Farm,Cooperative Grains Alliance,Nouvelle-Zélande,Souss-Massa,0.0,Salades,110.01980585669224,2199.2526535283328,Bio Certifié
Dairy Meadows,Dairy Meadows,Maroc,Provence,0.0,Riz,106.2189987121121,16748.740107517893,Bio Certifié
Green Valley Farm,Fattoria Toscana,Brésil,Kansas,0.0,Pommes,8.760430945602664,1564.2574839675735,Premium
Rungis International,Dairy Meadows,Maroc,Marrakech-Safi,0.0,Olives à Huile,47.938507604947084,970.2812890255536,Standard
Cooperative Grains Alliance,Union Agricole Méditerranée,Maroc,Andalousie,0.0,Tomates,78.84451780709725,3602.428168487957,Standard
Fazenda Brasil,Fazenda Brasil,France,São Paulo,0.0,Arabica,109.40897004262325,2922.1439696339658,Bio Certifié
Fattoria Toscana,Rungis International,France,Marrakech-Safi,0.0,Arabica,397.53219691606375,3307.924513580878,Standard
Green Valley Farm,Coopérative Oasis,USA,Île-de-France,0.0,Citrons,163.17475840561482,-10.843349109212568,Bio Certifié
Ferme Al Baraka,Ferme Al Baraka,France,Marrakech-Safi,0.0,Bananes,221.64545341901902,3074.5088242703187,Bio Certifié
Dairy Meadows,Union Agricole Méditerranée,France,Kansas,0.0,Blé,1324.9527322410502,5849.74278350157,Bio Certifié
Domaine Saada,Mercabarna,Maroc,Toscane,0.0,Olives de Table,226.67035235453812,3704.36617246513,Premium
Rungis International,Hacienda El Sol,Nouvelle-Zélande,Kansas,0.0,Maïs,172.27392386242013,3280.1316274455085,Premium
Hacienda El Sol,Green Valley Farm,Espagne,Kansas,0.0,Olives à Huile,152.0857867313786,699.219698049587,Standard
Mercabarna,Fazenda Brasil,Tunisie,Sfax,0.0,Raisins de Table,50.03711794285431,595.8114919244384,Bio Certifié
Dairy Meadows,Fattoria Toscana,Espagne,Californie,0.0,Pommes,132.5455238299691,3551.1147704849836,Bio Certifié
Dairy Meadows,Mercabarna,Maroc,Californie,0.0,Raisins de Cuve,123.19243708987763,3118.167759877827,Standard
Coopérative Oasis,Fazenda Brasil,Maroc,Île-de-France,0.0,Raisins de Table,209.2760397774636,3235.7109962807676,Commerce Équitable
Domaine Provence Bio,Domaine Provence Bio,Brésil,Marrakech-Safi,0.0,Raisins de Cuve,265.4499356597209,3852.770208271967,Bio Certifié
Domaine Provence Bio,Coopérative Oasis,Espagne,Marrakech-Safi,0.0,Mandarines,129.05343514425422,3779.961568995728,Standard
Domaine Provence Bio,Cooperative Grains Alliance,USA,Kansas,0.0,Bananes,88.20849680510011,4936.443752229877,Bio Certifié
Mercabarna,Domaine Saada,Espagne,Sfax,0.0,Raisins de Table,50.489302281066145,3227.2419916026693,Standard
Domaine Saada,Coopérative Oasis,Italie,Sfax,0.0,Olives de Table,147.7448786868986,4443.307675418189,Bio Certifié
Ferme Al Baraka,Dairy Meadows,Maroc,Souss-Massa,0.0,Mandarines,54.14739223203101,5249.155015679406,Bio Certifié
Marché Wholesale Agadir,Dairy Meadows,Nouvelle-Zélande,Provence,0.0,Tomates,654.8741746293077,3032.3810195598317,Bio Certifié
Marché Wholesale Agadir,Dairy Meadows,Maroc,Toscane,0.0,Robusta,1057.6467904780575,2581.4341144584596,Bio Certifié
Green Valley Farm,Domaine Provence Bio,Brésil,Sfax,0.0,Fromage,137.28071261070468,7018.396691114747,Commerce Équitable
Union Agricole Méditerranée,Fattoria Toscana,Espagne,Souss-Massa,0.0,Carottes,98.33478215043121,587.1364064323291,Standard
Green Valley Farm,Coopérative Oasis,USA,Sfax,0.0,Beurre,44.3009139497903,3324.788490234362,Premium
Dairy Meadows,Mercabarna,Nouvelle-Zélande,Souss-Massa,0.0,Citrons,351.60171031303565,8874.710575661873,Premium
Dairy Meadows,Fazenda Brasil,Espagne,Canterbury,0.0,Citrons,106.54989705402801,25036.90966923184,Bio Certifié
Dairy Meadows,Domaine Saada,Maroc,São Paulo,0.0,Oranges,100.69465257577467,4330.595446010703,Bio Certifié
Dairy Meadows,Domaine Saada,Espagne,Catalogne,0.0,Arabica,94.27203938543286,38.48952013668827,Standard
Ferme Al Baraka,Green Valley Farm,USA,Île-de-France,0.0,Raisins de Table,159.0664408407602,8722.027923594698,Standard
Dairy Meadows,Ferme Al Baraka,USA,Toscane,0.0,Olives de Table,1088.7786302631039,2721.514335744492,Bio Certifié
Union Agricole Méditerranée,Fattoria Toscana,Italie,São Paulo,0.0,Raisins de Table,22.64833173410706,1210.1528256393217,Bio Certifié
Domaine Provence Bio,Fattoria Toscana,Brésil,Sfax,0.0,Pommes de terre,347.378101416866,1996.1638719877135,Commerce Équitable
Union Agricole Méditerranée,Green Valley Farm,France,Marrakech-Safi,0.0,Fromage,-2.959883214169942,2226.1033893936055,Standard
Union Agricole Méditerranée,Dairy Meadows,Espagne,São Paulo,0.0,Bananes,1.7079839203550975,2281.441741006754,Bio Certifié
Green Valley Farm,Domaine Provence Bio,USA,Sfax,0.0,Robusta,75.2932365311865,3800.609958814523,Premium
Fazenda Brasil,Green Valley Farm,France,Meknès-Fès,0.0,Medjool,363.76420179288215,3338.506265222151,Bio Certifié
Domaine Saada,Rungis International,Espagne,Marrakech-Safi,0.0,Raisins de Cuve,257.1399037110785,982.1336029551729,Standard
Cooperative Grains Alliance,Fazenda Brasil,USA,Californie,0.0,Oignons,208.28174262328903,1629.1762270004879,Standard
Cooperative Grains Alliance,Fazenda Brasil,Maroc,Toscane,0.0,Maïs,59.34028492868018,2744.6163262642376,Bio Certifié
Ferme Al Baraka,Green Valley Farm,Espagne,Île-de-France,0.0,Riz,103.82170107505895,2385.3762427207225,Standard
Green Valley Farm,Union Agricole Méditerranée,France,Catalogne,0.0,Fromage,152.472322104254,2704.30277953227,Standard
Mercabarna,Fattoria Toscana,USA,Kansas,0.0,Raisins de Table,55.45813671087506,5268.455179450726,Bio Certifié
Fazenda Brasil,Union Agricole Méditerranée,Tunisie,Île-de-France,0.0,Pamplemousses,139.12317221575515,3139.234533311442,Standard
Domaine Provence Bio,Fattoria Toscana,Maroc,Meknès-Fès,0.0,Bananes,462.02606902504556,1831.1888504292815,Bio Certifié
Fazenda Brasil,Fattoria Toscana,Espagne,Andalousie,0.0,Courgettes,224.00768123648885,445.2669584036861,Premium
Fazenda Brasil,Mercabarna,Italie,Kansas,0.0,Raisins de Table,297.08166303886185,3939.1621544651116,Premium
Domaine Saada,Domaine Saada,Maroc,Canterbury,0.0,Riz,79.6073439237554,9751.427528374823,Premium
Domaine Saada,Coopérative Oasis,Espagne,Marrakech-Safi,0.0,Olives à Huile,86.55889366931085,5204.894361651293,Standard
Union Agricole Méditerranée,Green Valley Farm,USA,Île-de-France,0.0,Tomates,319.52740733454453,23409.769121348443,Bio Certifié
Dairy Meadows,Hacienda El Sol,Italie,Kansas,0.0,Citrons,33.79998986528522,11119.32429559437,Bio Certifié
Cooperative Grains Alliance,Green Valley Farm,Nouvelle-Zélande,Provence,0.0,Lait,191.19386154789015,2484.630550824107,Standard
Ferme Al Baraka,Domaine Saada,Maroc,Sfax,0.0,Riz,207.6987671148174,26822.437946095946,Bio Certifié
Mercabarna,Union Agricole Méditerranée,Maroc,Toscane,0.0,Olives de Table,128.87146573934785,1045.9039502700086,Standard
Domaine Provence Bio,Mercabarna,Brésil,Kansas,0.0,Beurre,272.68695375983634,3627.4422552205333,Commerce Équitable
Fattoria Toscana,Coopérative Oasis,France,Andalousie,0.0,Medjool,192.79830213652858,2216.755078871687,Standard
Ferme Al Baraka,Domaine Provence Bio,Brésil,Sfax,0.0,Robusta,122.30554757675625,2630.9225365081293,Bio Certifié
Mercabarna,Fattoria Toscana,France,Souss-Massa,0.0,Raisins de Cuve,179.83405676948934,4609.065989411027,Bio Certifié
Union Agricole Méditerranée,Ferme Al Baraka,Maroc,Catalogne,0.0,Tomates,120.72328240779056,3189.7222330112963,Premium
Dairy Meadows,Fattoria Toscana,Espagne,Souss-Massa,0.0,Oranges,152.02339297724626,1793.9514105014257,Commerce Équitable
Dairy Meadows,Ferme Al Baraka,France,Toscane,0.0,Tomates,-9.325553336699748,1711.722404253189,Bio Certifié
Hacienda El Sol,Coopérative Oasis,USA,Île-de-France,0.0,Arabica,179.96399789065,5308.135198554074,Premium
Ferme Al Baraka,Domaine Saada,Espagne,Toscane,0.0,Olives à Huile,239.5860964829754,5212.113783277963,Premium
Union Agricole Méditerranée,Mercabarna,Italie,São Paulo,0.0,Raisins de Cuve,136.1924327590009,1828.7187240648364,Standard
Fazenda Brasil,Dairy Meadows,Maroc,Meknès-Fès,0.0,Medjool,181.3367938846609,4146.080199645404,Premium
Domaine Saada,Rungis International,Maroc,Sfax,0.0,Olives à Huile,96.8600076757939,3513.8015063575813,Standard
Ferme Al Baraka,Fattoria Toscana,Espagne,Provence,0.0,Olives à Huile,15.48688927525393,421.3497263457805,Standard
Domaine Saada,Dairy Meadows,Maroc,Sfax,0.0,Fromage,115.52898824001235,9672.049737793373,Premium
Domaine Saada,Fattoria Toscana,Espagne,Catalogne,0.0,Raisins de Table,97.99505019403362,3327.2204645184884,Bio Certifié
Rungis International,Coopérative Oasis,France,Souss-Massa,0.0,Bananes,35.29547186571834,3517.578397418799,Standard
Domaine Provence Bio,Cooperative Grains Alliance,Espagne,Provence,0.0,Tomates,46.08400158068348,4314.569210973071,Premium
Fazenda Brasil,Mercabarna,Italie,Californie,0.0,Robusta,144.4164108206583,1038.1897216152813,Premium
Cooperative Grains Alliance,Cooperative Grains Alliance,Italie,Canterbury,0.0,Arabica,360.99080803740713,3086.6185809854296,Bio Certifié
Green Valley Farm,Cooperative Grains Alliance,Maroc,Toscane,0.0,Courgettes,24.024808198940043,2374.0648125238095,Bio Certifié
Union Agricole Méditerranée,Hacienda El Sol,Espagne,Catalogne,0.0,Riz,511.1958455273874,2812.6904885638614,Standard
Marché Wholesale Agadir,Dairy Meadows,France,Catalogne,0.0,Raisins de Cuve,22.60479328335208,3710.530785131189,Standard
Union Agricole Méditerranée,Hacienda El Sol,France,Toscane,0.0,Orge,432.532745350315,987.7341001622965,Bio Certifié
Domaine Provence Bio,Cooperative Grains Alliance,Maroc,Souss-Massa,0.0,Medjool,120.55300010980437,-596.6273617111735,Standard
Cooperative Grains Alliance,Cooperative Grains Alliance,Maroc,Andalousie,0.0,Pommes,170.9096354784225,19850.865103890625,Standard
Mercabarna,Fattoria Toscana,Nouvelle-Zélande,São Paulo,0.0,Deglet Nour,215.30961616022037,3852.628739830792,Bio Certifié
Domaine Saada,Marché Wholesale Agadir,Italie,Île-de-France,0.0,Bananes,166.16012610350924,3892.724648389395,Commerce Équitable
Domaine Provence Bio,Union Agricole Méditerranée,Tunisie,Canterbury,0.0,Medjool,70.56415846768888,20609.920679903997,Commerce Équitable
Marché Wholesale Agadir,Ferme Al Baraka,Espagne,Sfax,0.0,Olives de Table,299.83099115422306,3369.807945010367,Standard
Dairy Meadows,Green Valley Farm,Italie,Canterbury,0.0,Arabica,241.6477463646463,4654.3668479966345,Bio Certifié
Cooperative Grains Alliance,Mercabarna,Espagne,São Paulo,0.0,Robusta,214.70975855681004,4010.949658681867,Premium
Dairy Meadows,Union Agricole Méditerranée,USA,Île-de-France,0.0,Citrons,107.5679452895597,10671.360284480785,Premium
Rungis International,Green Valley Farm,Maroc,Provence,0.0,Yaourt,555.3221616030723,4451.372289976392,Bio Certifié
Domaine Saada,Union Agricole Méditerranée,USA,Île-de-France,0.0,Raisins de Cuve,191.67309550266583,3701.3009810823014,Premium
Hacienda El Sol,Rungis International,France,São Paulo,0.0,Olives à Huile,87.6400482896916,3215.369333417334,Premium
Domaine Saada,Fattoria Toscana,Brésil,Catalogne,0.0,Bananes,244.22723215068487,5373.025317093351,Commerce Équitable
Dairy Meadows,Hacienda El Sol,Maroc,Californie,0.0,Arabica,89.32242557958381,2725.8247216038226,Bio Certifié
Marché Wholesale Agadir,Green Valley Farm,Maroc,Kansas,0.0,Citrons,94.74526701029284,1359.164855897495,Premium
Mercabarna,Union Agricole Méditerranée,France,Souss-Massa,0.0,Tomates,213.37251828173288,3197.784379193109,Commerce Équitable
Rungis International,Ferme Al Baraka,Tunisie,Provence,0.0,Raisins de Table,120.70009887823174,3292.2628953219128,Bio Certifié
Dairy Meadows,Rungis International,Nouvelle-Zélande,Île-de-France,0.0,Olives à Huile,269.45708369589215,1360.691995969136,Bio Certifié
Fattoria Toscana,Fattoria Toscana,Espagne,Sfax,0.0,Riz,134.36292645234798,1943.7369826008667,Standard
Fattoria Toscana,Domaine Saada,USA,São Paulo,0.0,Olives de Table,518.8479929572836,2926.12272263637,Standard
Fattoria Toscana,Ferme Al Baraka,France,Toscane,0.0,Citrons,237.2193920444592,4044.032632894694,Bio Certifié
Fattoria Toscana,Cooperative Grains Alliance,Italie,Toscane,0.0,Lait,160.60815895641088,2212.327838364329,Bio Certifié
Dairy Meadows,Union Agricole Méditerranée,Maroc,Île-de-France,0.0,Olives à Huile,48.53265389799492,2180.884573376087,Premium
Green Valley Farm,Domaine Saada,Maroc,São Paulo,0.0,Pommes de terre,194.56333283100764,688.5470847368103,Premium
Union Agricole Méditerranée,Fattoria Toscana,Nouvelle-Zélande,Toscane,0.0,Citrons,261.704999330209,2706.7621419359007,Standard
Mercabarna,Fattoria Toscana,Maroc,Île-de-France,0.0,Raisins de Cuve,79.0319819427318,4019.4829428960315,Commerce Équitable
Fazenda Brasil,Fazenda Brasil,Nouvelle-Zélande,Canterbury,0.0,Yaourt,66.75196101475159,4653.073613003405,Bio Certifié
Mercabarna,Fattoria Toscana,Maroc,Kansas,0.0,Raisins de Table,168.38707024081094,5467.094620376814,Premium
Domaine Saada,Domaine Provence Bio,Maroc,São Paulo,0.0,Riz,159.37967148193596,1654.0906793533231,Standard
Fattoria Toscana,Fazenda Brasil,Maroc,Toscane,0.0,Pommes,134.52872953213924,-431.2524373659837,Standard
Cooperative Grains Alliance,Green Valley Farm,Espagne,Californie,0.0,Mandarines,465.7222103616443,12880.27087792453,Standard
Mercabarna,Mercabarna,Espagne,Meknès-Fès,0.0,Orge,69.81141421534238,4477.517675434211,Bio Certifié
Domaine Saada,Ferme Al Baraka,Tunisie,São Paulo,0.0,Tomates,235.47396182604558,1940.8468468406309,Bio Certifié
Union Agricole Méditerranée,Mercabarna,USA,Andalousie,0.0,Courgettes,243.03426793843897,490.6441168232179,Standard
Green Valley Farm,Hacienda El Sol,Nouvelle-Zélande,Toscane,0.0,Medjool,-13.693439409661345,2722.286455270757,Standard
Mercabarna,Green Valley Farm,France,Souss-Massa,0.0,Bananes,358.5701056517386,3485.5144973614515,Bio Certifié
Green Valley Farm,Cooperative Grains Alliance,France,Provence,0.0,Blé,992.5850924913013,21457.473818273724,Commerce Équitable
Marché Wholesale Agadir,Domaine Saada,USA,Catalogne,0.0,Mandarines,129.56581359682764,3802.0207905621073,Standard
Green Valley Farm,Dairy Meadows,France,Sfax,0.0,Deglet Nour,103.75578270994134,3325.533822439117,Bio Certifié
Rungis International,Ferme Al Baraka,Tunisie,Andalousie,0.0,Robusta,353.7869802788008,1813.8872395490775,Premium
Green Valley Farm,Green Valley Farm,Espagne,Marrakech-Safi,0.0,Olives de Table,263.8183876033501,12847.247452713984,Standard
Dairy Meadows,Fazenda Brasil,Espagne,Sfax,0.0,Olives à Huile,34.83047850306203,2087.4107112926586,Standard
Dairy Meadows,Ferme Al Baraka,Espagne,Andalousie,0.0,Robusta,-1.7926848895101841,2167.0545691973175,Bio Certifié
Domaine Provence Bio,Dairy Meadows,France,Souss-Massa,0.0,Tomates,114.13798148346643,24380.689064467642,Bio Certifié
Marché Wholesale Agadir,Coopérative Oasis,USA,São Paulo,0.0,Olives à Huile,107.4557685627876,1347.6326166945287,Standard
Rungis International,Hacienda El Sol,USA,Andalousie,0.0,Olives à Huile,59.15871594230951,3462.757805098951,Commerce Équitable
Hacienda El Sol,Fattoria Toscana,France,Californie,0.0,Raisins de Table,974.9785396896293,2385.884974792675,Premium
Cooperative Grains Alliance,Union Agricole Méditerranée,Espagne,Île-de-France,0.0,Oignons,288.20259533525933,14782.085368976155,Standard
Dairy Meadows,Marché Wholesale Agadir,Maroc,Andalousie,0.0,Carottes,140.00007024774516,2954.396316570947,Premium
Ferme Al Baraka,Dairy Meadows,Maroc,Souss-Massa,0.0,Oignons,610.928141361888,3004.269119778226,Bio Certifié
Domaine Saada,Rungis International,Nouvelle-Zélande,Canterbury,0.0,Mandarines,31.631616870796265,5977.6243603827115,Standard
Rungis International,Green Valley Farm,Espagne,Catalogne,0.0,Olives à Huile,809.0141492608572,5457.858938196327,Bio Certifié
Hacienda El Sol,Domaine Provence Bio,USA,Île-de-France,0.0,Salades,261.75720894494725,1899.3641782446393,Standard
Rungis International,Domaine Saada,Tunisie,Kansas,0.0,Mandarines,235.9559655284396,1715.9201584739399,Commerce Équitable
Domaine Saada,Coopérative Oasis,France,São Paulo,0.0,Robusta,228.3682467236883,995.3009995322211,Commerce Équitable
Cooperative Grains Alliance,Cooperative Grains Alliance,Maroc,São Paulo,0.0,Raisins de Cuve,154.4099827534509,700.4589881694233,Premium
Coopérative Oasis,Fazenda Brasil,France,Andalousie,0.0,Medjool,126.02707594691833,3211.3620506053667,Standard
Hacienda El Sol,Cooperative Grains Alliance,Brésil,Catalogne,0.0,Yaourt,183.36075865461538,3698.6677724517085,Premium
Cooperative Grains Alliance,Fattoria Toscana,Brésil,Catalogne,0.0,Raisins de Table,135.08957797576542,23.224481605665687,Commerce Équitable
Domaine Saada,Rungis International,USA,Canterbury,0.0,Bananes,278.9767553903882,3942.48808510403,Standard
Fattoria Toscana,Fattoria Toscana,Espagne,Californie,0.0,Raisins de Table,104.43705895678943,588.3488272348111,Commerce Équitable
Marché Wholesale Agadir,Cooperative Grains Alliance,Maroc,Souss-Massa,0.0,Olives de Table,146.96081978590277,641.3212450997755,Bio Certifié
Mercabarna,Ferme Al Baraka,Maroc,São Paulo,0.0,Mandarines,127.72281690915986,1637.7309215846858,Premium
Coopérative Oasis,Fazenda Brasil,Tunisie,Andalousie,0.0,Bananes,83.24469620831172,4645.187545273799,Bio Certifié
Domaine Saada,Marché Wholesale Agadir,Brésil,Provence,0.0,Oranges,-22.989331147015115,4487.0802301719605,Bio Certifié
Domaine Saada,Domaine Provence Bio,USA,Sfax,0.0,Tomates,109.84228378701248,1841.8524672234114,Standard
Dairy Meadows,Hacienda El Sol,Italie,Souss-Massa,0.0,Raisins de Table,50.72901393248141,2773.6074424938315,Premium
Domaine Provence Bio,Dairy Meadows,USA,Toscane,0.0,Riz,136.80219157267584,3941.2330625368995,Bio Certifié
Marché Wholesale Agadir,Cooperative Grains Alliance,Maroc,Marrakech-Safi,0.0,Raisins de Table,172.6060244710704,22730.968773846347,Premium
Dairy Meadows,Dairy Meadows,France,São Paulo,0.0,Oranges,266.5034081678263,3530.5937109440374,Bio Certifié
Domaine Saada,Fazenda Brasil,Espagne,Canterbury,0.0,Pamplemousses,-0.1552791603542616,4609.186731258389,Bio Certifié
Domaine Saada,Fazenda Brasil,Maroc,Île-de-France,0.0,Raisins de Cuve,525.8807147648423,3893.556132240493,Premium
Domaine Provence Bio,Union Agricole Méditerranée,Nouvelle-Zélande,Californie,0.0,Courgettes,175.52340064885465,4665.82584803117,Bio Certifié
Rungis International,Hacienda El Sol,France,Meknès-Fès,0.0,Tomates,68.31193121838758,11423.121134682173,Premium
Domaine Provence Bio,Ferme Al Baraka,USA,Sfax,0.0,Arabica,132.40739431602464,1688.2786449539676,Premium
Dairy Meadows,Mercabarna,Maroc,Toscane,0.0,Raisins de Table,-34.27252642587356,3563.778169034651,Bio Certifié
Cooperative Grains Alliance,Green Valley Farm,France,Île-de-France,0.0,Medjool,59.3374590632622,225.9522695924868,Bio Certifié
Hacienda El Sol,Domaine Provence Bio,USA,Toscane,0.0,Raisins de Table,179.68115093241119,3235.9461514676755,Premium
Rungis International,Domaine Saada,USA,Kansas,0.0,Beurre,1121.7005005606184,5286.875510067482,Premium
Rungis International,Cooperative Grains Alliance,Brésil,Provence,0.0,Olives de Table,234.2469829872885,2379.11148726285,Bio Certifié
Green Valley Farm,Domaine Provence Bio,USA,São Paulo,0.0,Robusta,37.41873367793799,4809.278495609415,Standard
Green Valley Farm,Fattoria Toscana,USA,Andalousie,0.0,Maïs,54.71606846585671,329.70615796246295,Bio Certifié
Union Agricole Méditerranée,Union Agricole Méditerranée,USA,São Paulo,0.0,Tomates,150.37932935134637,1046.6733014817264,Premium
Union Agricole Méditerranée,Domaine Saada,France,Île-de-France,0.0,Robusta,137.5786229091076,1458.5893651332356,Bio Certifié
Rungis International,Hacienda El Sol,USA,Meknès-Fès,0.0,Olives à Huile,149.04217554307021,2843.6786362171297,Bio Certifié
Dairy Meadows,Fattoria Toscana,Brésil,Provence,0.0,Oignons,188.74255319034003,3634.6131637590142,Premium
Union Agricole Méditerranée,Marché Wholesale Agadir,Maroc,Île-de-France,0.0,Fromage,119.68810586432679,2103.3084587076864,Bio Certifié
Hacienda El Sol,Fazenda Brasil,Maroc,Kansas,0.0,Deglet Nour,9.675079169951921,977.3741908904117,Standard
Rungis International,Cooperative Grains Alliance,USA,Marrakech-Safi,0.0,Raisins de Table,-22.55799205441611,1137.5769319302422,Standard
Rungis International,Union Agricole Méditerranée,France,Marrakech-Safi,0.0,Orge,266.71850716448336,8961.541486586433,Premium
Ferme Al Baraka,Green Valley Farm,Nouvelle-Zélande,Souss-Massa,0.0,Raisins de Cuve,58.21319289589777,347.8909453348065,Premium
Ferme Al Baraka,Hacienda El Sol,Italie,Kansas,0.0,Pommes,14.031506146352193,14421.212968134954,Premium
Green Valley Farm,Mercabarna,Tunisie,São Paulo,0.0,Pommes,560.6517400238786,3555.7745608467903,Commerce Équitable
Domaine Provence Bio,Fattoria Toscana,Brésil,Provence,0.0,Salades,133.4250875662383,4616.183771206328,Premium
Domaine Saada,Green Valley Farm,Tunisie,Canterbury,0.0,Olives à Huile,144.20721442254515,3750.1791130634133,Bio Certifié
Rungis International,Ferme Al Baraka,Maroc,Meknès-Fès,0.0,Pommes,-5.7842687354769495,1388.1591539865808,Premium
Coopérative Oasis,Ferme Al Baraka,Maroc,Californie,0.0,Carottes,133.6306299382796,5712.212117262198,Bio Certifié
Rungis International,Fattoria Toscana,Italie,Sfax,0.0,Courgettes,139.60629322614668,3339.497273958181,Standard
Cooperative Grains Alliance,Ferme Al Baraka,France,Sfax,0.0,Tomates,228.36671284386682,4277.832185303942,Standard
Green Valley Farm,Dairy Meadows,Maroc,Catalogne,0.0,Arabica,26.50953395318672,1111.5882687048215,Bio Certifié
Ferme Al Baraka,Hacienda El Sol,France,Provence,0.0,Tomates,48.46971733305524,1760.3707654472428,Bio Certifié
Rungis International,Cooperative Grains Alliance,Tunisie,Île-de-France,0.0,Blé,484.0507181078409,4079.482517683904,Standard
Cooperative Grains Alliance,Coopérative Oasis,Maroc,São Paulo,0.0,Beurre,132.75157787053797,4468.787697744296,Bio Certifié
Marché Wholesale Agadir,Cooperative Grains Alliance,Maroc,Souss-Massa,0.0,Olives de Table,146.96081978590277,641.3212450997755,Bio Certifié
Fattoria Toscana,Mercabarna,Maroc,Sfax,0.0,Fromage,140.73813567262462,3056.2179517282634,Bio Certifié
Union Agricole Méditerranée,Domaine Saada,Maroc,Sfax,0.0,Arabica,39.30708182630087,1926.1309122307546,Bio Certifié
Green Valley Farm,Domaine Saada,Maroc,Catalogne,0.0,Deglet Nour,511.3261426344429,3547.343245544618,Premium
Cooperative Grains Alliance,Fazenda Brasil,Maroc,São Paulo,0.0,Fromage,200.46572258698762,2077.770624956839,Standard
Cooperative Grains Alliance,Fattoria Toscana,Maroc,Provence,0.0,Maïs,262.7332823104716,2478.634827313126,Standard
Domaine Provence Bio,Marché Wholesale Agadir,Maroc,Californie,0.0,Orge,75.67486638618612,2250.6591114747716,Commerce Équitable
Domaine Provence Bio,Cooperative Grains Alliance,Maroc,Souss-Massa,0.0,Medjool,120.55300010980437,-596.6273617111735,Standard
Green Valley Farm,Fattoria Toscana,Maroc,Sfax,0.0,Olives de Table,73.57469096198722,1615.2012164900375,Bio Certifié
Fattoria Toscana,Domaine Provence Bio,Maroc,Île-de-France,0.0,Fromage,145.63560820790198,25155.11602071779,Standard
Domaine Provence Bio,Fazenda Brasil,Maroc,Kansas,0.0,Bananes,174.55937474390453,2988.5667835327686,Premium
Ferme Al Baraka,Marché Wholesale Agadir,Maroc,Kansas,0.0,Raisins de Table,-1.1637845065196828,2512.010620513779,Premium
Green Valley Farm,Cooperative Grains Alliance,Maroc,Toscane,0.0,Courgettes,24.024808198940043,2374.0648125238095,Bio Certifié
Marché Wholesale Agadir,Mercabarna,Maroc,Souss-Massa,0.0,Courgettes,218.3821890122532,1628.566516979791,Standard
Marché Wholesale Agadir,Dairy Meadows,Maroc,Sfax,0.0,Fromage,52.90923258909718,5086.636061473402,Premium
Dairy Meadows,Fazenda Brasil,Maroc,São Paulo,0.0,Raisins de Cuve,196.29678148425586,3101.4402208122515,Premium
Green Valley Farm,Ferme Al Baraka,Maroc,Catalogne,0.0,Orge,182.55328334557026,3088.1400513109675,Bio Certifié
Domaine Saada,Fazenda Brasil,Maroc,Île-de-France,0.0,Raisins de Cuve,525.8807147648423,3893.556132240493,Premium
Fattoria Toscana,Rungis International,Maroc,Île-de-France,0.0,Raisins de Cuve,-18.101797106924998,5243.453776667144,Premium
Mercabarna,Union Agricole Méditerranée,Maroc,Toscane,0.0,Olives de Table,128.87146573934785,1045.9039502700086,Standard
Fattoria Toscana,Ferme Al Baraka,Maroc,Sfax,0.0,Deglet Nour,95.78535367900571,3640.9067847703436,Standard
Fazenda Brasil,Union Agricole Méditerranée,Maroc,São Paulo,0.0,Olives de Table,172.4423671879026,12900.288958497964,Standard
Dairy Meadows,Mercabarna,Maroc,Toscane,0.0,Raisins de Table,-34.27252642587356,3563.778169034651,Bio Certifié
Domaine Saada,Mercabarna,Maroc,Toscane,0.0,Olives de Table,226.67035235453812,3704.36617246513,Premium
Cooperative Grains Alliance,Fattoria Toscana,Maroc,Marrakech-Safi,0.0,Blé,37.67379577997276,2605.5889662800478,Bio Certifié
Ferme Al Baraka,Marché Wholesale Agadir,Maroc,Kansas,0.0,Raisins de Table,-1.1637845065196828,2512.010620513779,Premium
Ferme Al Baraka,Dairy Meadows,Maroc,Souss-Massa,0.0,Oignons,610.928141361888,3004.269119778226,Bio Certifié
Fattoria Toscana,Marché Wholesale Agadir,Maroc,Catalogne,0.0,Courgettes,79.75440524209168,1728.9083810994396,Bio Certifié
Dairy Meadows,Dairy Meadows,Maroc,Souss-Massa,0.0,Orge,1179.593685582986,563.340791668331,Bio Certifié
Fattoria Toscana,Marché Wholesale Agadir,Maroc,Catalogne,0.0,Courgettes,79.75440524209168,1728.9083810994396,Bio Certifié
Dairy Meadows,Mercabarna,Maroc,Toscane,0.0,Olives à Huile,96.1573614752267,3065.1302671676563,Premium
Ferme Al Baraka,Dairy Meadows,Maroc,Souss-Massa,0.0,Mandarines,54.14739223203101,5249.155015679406,Bio Certifié
Mercabarna,Dairy Meadows,Maroc,Île-de-France,0.0,Olives de Table,102.56823452269748,3516.717195914468,Standard
Dairy Meadows,Mercabarna,Maroc,Toscane,0.0,Raisins de Table,-34.27252642587356,3563.778169034651,Bio Certifié
Mercabarna,Union Agricole Méditerranée,Maroc,Californie,0.0,Raisins de Table,271.309077690492,3017.6619722113187,Standard
Green Valley Farm,Ferme Al Baraka,Maroc,Catalogne,0.0,Orge,182.55328334557026,3088.1400513109675,Bio Certifié
Rungis International,Fazenda Brasil,Maroc,Andalousie,0.0,Yaourt,223.93130940826194,13734.17791341245,Bio Certifié
Fazenda Brasil,Domaine Provence Bio,Maroc,Sfax,0.0,Deglet Nour,191.85271571480027,1897.127942893493,Bio Certifié
Hacienda El Sol,Cooperative Grains Alliance,Maroc,Provence,0.0,Riz,210.06309322830217,3332.8329846648576,Standard
Ferme Al Baraka,Dairy Meadows,Maroc,Souss-Massa,0.0,Oignons,610.928141361888,3004.269119778226,Bio Certifié
Marché Wholesale Agadir,Mercabarna,Maroc,Souss-Massa,0.0,Courgettes,218.3821890122532,1628.566516979791,Standard
Rungis International,Ferme Al Baraka,Maroc,Meknès-Fès,0.0,Pommes,-5.7842687354769495,1388.1591539865808,Premium
Union Agricole Méditerranée,Fazenda Brasil,Maroc,Sfax,0.0,Tomates,189.37958453951768,454.07110522514165,Standard
Marché Wholesale Agadir,Domaine Provence Bio,Maroc,São Paulo,0.0,Orge,537.7943942635002,1837.0512309473074,Bio Certifié
Dairy Meadows,Dairy Meadows,Maroc,Meknès-Fès,0.0,Olives à Huile,108.83835683703322,3564.057086373874,Bio Certifié
Dairy Meadows,Fazenda Brasil,Maroc,Canterbury,0.0,Arabica,207.66807211809748,2408.0862886714203,Bio Certifié
Dairy Meadows,Union Agricole Méditerranée,Maroc,Toscane,0.0,Pommes,125.82684677866773,557.6285068290689,Bio Certifié
Cooperative Grains Alliance,Fazenda Brasil,Maroc,Toscane,0.0,Maïs,59.34028492868018,2744.6163262642376,Bio Certifié
Mercabarna,Fattoria Toscana,Maroc,Sfax,0.0,Raisins de Table,68.87976410801843,2484.228671027675,Commerce Équitable
Mercabarna,Ferme Al Baraka,Maroc,Provence,0.0,Robusta,1096.182323217045,4107.407704971444,Standard
Coopérative Oasis,Fazenda Brasil,Maroc,Andalousie,0.0,Oignons,248.86950260095819,2887.804405248902,Premium
Union Agricole Méditerranée,Domaine Provence Bio,Maroc,Marrakech-Safi,0.0,Salades,258.9818866154328,482.3410327702974,Standard
Green Valley Farm,Dairy Meadows,Maroc,Toscane,0.0,Olives à Huile,85.02070530008075,1391.0777776149487,Premium
Marché Wholesale Agadir,Cooperative Grains Alliance,Maroc,Sfax,0.0,Olives à Huile,717.9618718887766,10168.134860647158,Standard
Rungis International,Domaine Provence Bio,Maroc,Kansas,0.0,Arabica,111.24850235226086,1357.4354460977618,Bio Certifié
Domaine Provence Bio,Fattoria Toscana,Maroc,São Paulo,0.0,Citrons,140.07664479769832,4525.510492751317,Bio Certifié
Dairy Meadows,Mercabarna,Maroc,Californie,0.0,Raisins de Cuve,123.19243708987763,3118.167759877827,Standard
Dairy Meadows,Fazenda Brasil,Maroc,São Paulo,0.0,Raisins de Cuve,196.29678148425586,3101.4402208122515,Premium
Fazenda Brasil,Domaine Provence Bio,Maroc,São Paulo,0.0,Medjool,793.7808424071758,2557.694771180849,Bio Certifié
Fattoria Toscana,Fazenda Brasil,Maroc,Souss-Massa,0.0,Pamplemousses,232.58632487311468,4750.848636113424,Premium
Green Valley Farm,Fattoria Toscana,Maroc,Canterbury,0.0,Robusta,71.47496879027332,1318.7194469105646,Commerce Équitable
Cooperative Grains Alliance,Dairy Meadows,Maroc,Canterbury,0.0,Olives de Table,164.36816421264854,3112.7995476504116,Premium
Domaine Saada,Ferme Al Baraka,Maroc,Souss-Massa,0.0,Olives de Table,202.49227595199113,2338.32426336797,Standard
Domaine Provence Bio,Marché Wholesale Agadir,Maroc,Californie,0.0,Orge,75.67486638618612,2250.6591114747716,Commerce Équitable
Dairy Meadows,Mercabarna,Maroc,Californie,0.0,Raisins de Cuve,123.19243708987763,3118.167759877827,Standard
Coopérative Oasis,Marché Wholesale Agadir,Maroc,Provence,0.0,Olives de Table,222.37675885522103,1496.4093840006562,Standard
Domaine Provence Bio,Cooperative Grains Alliance,Maroc,Toscane,0.0,Riz,45.3469125599525,1918.4730704157926,Standard
Union Agricole Méditerranée,Rungis International,Maroc,Sfax,0.0,Courgettes,56.60998015195153,1685.7106017167682,Standard
Cooperative Grains Alliance,Fattoria Toscana,Maroc,Marrakech-Safi,0.0,Blé,37.67379577997276,2605.5889662800478,Bio Certifié
Ferme Al Baraka,Hacienda El Sol,Maroc,Canterbury,0.0,Robusta,160.0567291605928,2158.0993042673076,Standard
Fazenda Brasil,Domaine Provence Bio,Maroc,São Paulo,0.0,Arabica,168.1584562404088,4012.9165536220944,Premium
Marché Wholesale Agadir,Cooperative Grains Alliance,Maroc,Souss-Massa,0.0,Olives de Table,146.96081978590277,641.3212450997755,Bio Certifié
Domaine Saada,Domaine Saada,Maroc,Canterbury,0.0,Riz,79.6073439237554,9751.427528374823,Premium
Mercabarna,Domaine Saada,Maroc,Île-de-France,0.0,Citrons,455.81789705201663,1636.354649431347,Standard
Ferme Al Baraka,Fattoria Toscana,Maroc,Marrakech-Safi,0.0,Raisins de Cuve,62.56769778141347,2236.4618267747824,Premium
Coopérative Oasis,Fazenda Brasil,Maroc,Île-de-France,0.0,Raisins de Table,209.2760397774636,3235.7109962807676,Commerce Équitable
Ferme Al Baraka,Dairy Meadows,Maroc,Souss-Massa,0.0,Oignons,610.928141361888,3004.269119778226,Bio Certifié
Fattoria Toscana,Domaine Provence Bio,Maroc,Île-de-France,0.0,Fromage,145.63560820790198,25155.11602071779,Standard
Fattoria Toscana,Hacienda El Sol,Maroc,Souss-Massa,0.0,Salades,180.2329888554959,5009.093138176177,Bio Certifié
Hacienda El Sol,Mercabarna,Maroc,Meknès-Fès,0.0,Raisins de Cuve,172.20223541646942,5724.870339009757,Standard
Union Agricole Méditerranée,Domaine Saada,Maroc,Sfax,0.0,Arabica,39.30708182630087,1926.1309122307546,Bio Certifié
Rungis International,Dairy Meadows,Maroc,Marrakech-Safi,0.0,Olives à Huile,47.938507604947084,970.2812890255536,Standard
Marché Wholesale Agadir,Mercabarna,Maroc,Souss-Massa,0.0,Courgettes,218.3821890122532,1628.566516979791,Standard
Domaine Saada,Domaine Saada,Maroc,Canterbury,0.0,Riz,79.6073439237554,9751.427528374823,Premium
Coopérative Oasis,Dairy Meadows,Maroc,Provence,0.0,Arabica,1232.232283053251,3683.548780252402,Premium
Green Valley Farm,Cooperative Grains Alliance,Maroc,Toscane,0.0,Courgettes,24.024808198940043,2374.0648125238095,Bio Certifié
Fattoria Toscana,Hacienda El Sol,Maroc,Souss-Massa,0.0,Salades,180.2329888554959,5009.093138176177,Bio Certifié
Cooperative Grains Alliance,Cooperative Grains Alliance,Maroc,São Paulo,0.0,Raisins de Cuve,154.4099827534509,700.4589881694233,Premium
Rungis International,Green Valley Farm,Maroc,Canterbury,0.0,Citrons,-11.440846642580134,3968.820832672374,Bio Certifié
Rungis International,Domaine Provence Bio,Maroc,Toscane,0.0,Medjool,74.87373551975679,881.3941569456719,Bio Certifié
Dairy Meadows,Dairy Meadows,Maroc,Souss-Massa,0.0,Orge,1179.593685582986,563.340791668331,Bio Certifié
Marché Wholesale Agadir,Green Valley Farm,Maroc,Kansas,0.0,Citrons,94.74526701029284,1359.164855897495,Premium
Coopérative Oasis,Ferme Al Baraka,Maroc,Provence,0.0,Fromage,321.1835262873918,4383.15286111228,Standard
Fattoria Toscana,Mercabarna,Maroc,Sfax,0.0,Fromage,140.73813567262462,3056.2179517282634,Bio Certifié
Hacienda El Sol,Mercabarna,Maroc,Meknès-Fès,0.0,Raisins de Cuve,172.20223541646942,5724.870339009757,Standard
Ferme Al Baraka,Dairy Meadows,Maroc,Souss-Massa,0.0,Raisins de Table,143.1963089399042,2361.1293431098884,Premium
Mercabarna,Fattoria Toscana,Maroc,Sfax,0.0,Raisins de Table,68.87976410801843,2484.228671027675,Commerce Équitable
Domaine Provence Bio,Green Valley Farm,Maroc,Meknès-Fès,0.0,Pommes,123.1800265535071,9388.736375475912,Premium
Mercabarna,Ferme Al Baraka,Maroc,Souss-Massa,0.0,Orge,154.92184104678216,3519.696405740965,Premium
Mercabarna,Domaine Provence Bio,Maroc,Souss-Massa,0.0,Arabica,135.54064246325237,15032.845701988997,Bio Certifié
Ferme Al Baraka,Dairy Meadows,Maroc,Île-de-France,0.0,Bananes,111.50737832821787,5002.223825141149,Standard
Domaine Provence Bio,Ferme Al Baraka,Maroc,Kansas,0.0,Fromage,144.3509009211736,2358.063821625361,Bio Certifié
Mercabarna,Fattoria Toscana,Maroc,Île-de-France,0.0,Raisins de Cuve,144.8788957654442,2537.655819919059,Premium
Fazenda Brasil,Domaine Provence Bio,Maroc,Catalogne,0.0,Medjool,100.59841371166522,1697.505433233985,Standard
Union Agricole Méditerranée,Rungis International,Maroc,Toscane,0.0,Olives à Huile,202.1705506699389,4685.818388606075,Standard
Ferme Al Baraka,Hacienda El Sol,Maroc,Californie,0.0,Olives de Table,266.9312308111974,24095.667034106023,Premium
Green Valley Farm,Dairy Meadows,Maroc,Toscane,0.0,Olives à Huile,85.02070530008075,1391.0777776149487,Premium
Hacienda El Sol,Mercabarna,Maroc,São Paulo,0.0,Riz,42.91648645341266,3257.899438564609,Standard
Green Valley Farm,Domaine Saada,Maroc,Provence,0.0,Yaourt,259.356047507056,2965.3360163724883,Bio Certifié
Domaine Saada,Rungis International,Maroc,Sfax,0.0,Olives à Huile,96.8600076757939,3513.8015063575813,Standard
Mercabarna,Dairy Meadows,Maroc,Île-de-France,0.0,Olives de Table,102.56823452269748,3516.717195914468,Standard
Hacienda El Sol,Fattoria Toscana,Maroc,São Paulo,0.0,Raisins de Cuve,126.47048575388979,5646.064829476306,Bio Certifié
Hacienda El Sol,Union Agricole Méditerranée,Maroc,Californie,0.0,Blé,117.0792816214522,866.1697522730702,Standard
Hacienda El Sol,Mercabarna,Maroc,São Paulo,0.0,Riz,42.91648645341266,3257.899438564609,Standard
Ferme Al Baraka,Marché Wholesale Agadir,Maroc,Kansas,0.0,Raisins de Table,-1.1637845065196828,2512.010620513779,Premium
