exploitation,type_exploitation,pays,region,resultat,produit,quantite_tonnes,prix_tonne_eur,qualite
Rungis International,Green Valley Farm,Espagne,Provence,0.0,Lait,744.9813051326214,5333.23907602691,Bio Certifié
Domaine Saada,Ferme Al Baraka,USA,Meknès-Fès,0.0,Citrons,92.14940156236699,3801.7180182945026,Premium
Cooperative Grains Alliance,Dairy Meadows,Italie,Souss-Massa,0.0,Tomates,-2.88048211618964,9622.655923962597,Premium
Union Agricole Méditerranée,Fattoria Toscana,Nouvelle-Zélande,Kansas,0.0,Riz,187.82944270690075,3004.5819079471894,Premium
Ferme Al Baraka,Coopérative Oasis,USA,Île-de-France,0.0,Bananes,176.78490607129163,49.600314508648125,Standard
Domaine Provence Bio,Fazenda Brasil,Maroc,Meknès-Fès,0.0,Fromage,595.369896234855,2707.4533381694137,Standard
Domaine Saada,Fattoria Toscana,Italie,Marrakech-Safi,0.0,Olives à Huile,115.0775575023178,3696.156045891411,Commerce Équitable
Hacienda El Sol,Mercabarna,Brésil,Marrakech-Safi,0.0,Maïs,622.746463204802,4288.490326190333,Commerce Équitable
Domaine Provence Bio,Fattoria Toscana,Maroc,Andalousie,0.0,Pommes,139.97176478077904,2360.29708540516,Standard
Green Valley Farm,Dairy Meadows,Maroc,Provence,0.0,Olives de Table,98.37952188750566,1658.097447003458,Bio Certifié
Union Agricole Méditerranée,Dairy Meadows,Maroc,Toscane,0.0,Mandarines,136.4057146953111,3538.6539935759483,Standard
Coopérative Oasis,Domaine Saada,Espagne,São Paulo,0.0,Pommes,62.34323267951135,13792.048807669871,Standard
Fazenda Brasil,Ferme Al Baraka,Brésil,Canterbury,0.0,Bananes,149.80534351039782,1988.331212040663,Bio Certifié
Mercabarna,Mercabarna,USA,Souss-Massa,0.0,Citrons,-43.48871562504011,2046.693613480057,Standard
Mercabarna,Domaine Saada,France,Provence,0.0,Pommes,909.7703053968453,22305.127123895043,Bio Certifié
Ferme Al Baraka,Domaine Provence Bio,France,Canterbury,0.0,Mandarines,79.71353676477088,962.2429790887538,Bio Certifié
Rungis International,Marché Wholesale Agadir,France,Andalousie,0.0,Raisins de Cuve,5.787247554050964,1554.9666726864252,Standard
Dairy Meadows,Ferme Al Baraka,Espagne,Catalogne,0.0,Arabica,183.78626990321408,5458.6576590590985,Bio Certifié
Domaine Saada,Mercabarna,Maroc,São Paulo,0.0,Medjool,168.8100217240853,28070.286405648338,Premium
Ferme Al Baraka,Fazenda Brasil,USA,Canterbury,0.0,Raisins de Cuve,210.05127898779637,3229.1353779745577,Bio Certifié
Green Valley Farm,Domaine Provence Bio,Nouvelle-Zélande,Souss-Massa,0.0,Orge,278.88365513614593,3546.6880561256066,Bio Certifié
Domaine Saada,Union Agricole Méditerranée,USA,Californie,0.0,Medjool,900.9019525318881,3487.91907519331,Premium
Domaine Saada,Hacienda El Sol,Espagne,Souss-Massa,0.0,Pommes de terre,267.86666669906015,1998.8250952660374,Standard
Mercabarna,Fazenda Brasil,Tunisie,Californie,0.0,Orge,120.39396232026917,4762.174349693079,Standard
Coopérative Oasis,Green Valley Farm,Maroc,Canterbury,0.0,Arabica,573.0236608721586,998.8752858000009,Standard
Hacienda El Sol,Fazenda Brasil,Maroc,Canterbury,0.0,Riz,145.59429743438733,1677.3335431943037,Standard
Mercabarna,Domaine Provence Bio,Espagne,Californie,0.0,Citrons,237.05837793881122,5589.543959884619,Bio Certifié
Ferme Al Baraka,Fattoria Toscana,Tunisie,Andalousie,0.0,Olives à Huile,55.57140040284847,1397.8415483525425,Bio Certifié
Rungis International,Fattoria Toscana,Brésil,Californie,0.0,Salades,252.07846573868375,-682.1587188655378,Bio Certifié
Domaine Provence Bio,Fazenda Brasil,Maroc,Meknès-Fès,0.0,Salades,144.95163193526304,3392.8758621512125,Commerce Équitable
Ferme Al Baraka,Ferme Al Baraka,Maroc,Meknès-Fès,0.0,Blé,57.456664804432236,2800.335776530178,Standard
Domaine Provence Bio,Union Agricole Méditerranée,France,Canterbury,0.0,Raisins de Table,535.1155815637476,2864.9957708236952,Standard
Domaine Provence Bio,Fattoria Toscana,Maroc,Kansas,0.0,Robusta,96.5024515347101,2262.8659726189944,Standard
Domaine Saada,Ferme Al Baraka,Italie,Canterbury,0.0,Mandarines,93.33616112470625,1140.6443019473525,Standard
Green Valley Farm,Coopérative Oasis,Italie,Provence,0.0,Arabica,153.78000301779093,3337.0409025333875,Standard
Ferme Al Baraka,Hacienda El Sol,France,Marrakech-Safi,0.0,Riz,350.59357429558025,1532.4807761135066,Bio Certifié
Union Agricole Méditerranée,Fattoria Toscana,Espagne,Canterbury,0.0,Maïs,1132.701411381468,4985.719540770426,Bio Certifié
Fazenda Brasil,Fattoria Toscana,France,São Paulo,0.0,Arabica,144.05664542257375,1232.244567963249,Bio Certifié
Marché Wholesale Agadir,Marché Wholesale Agadir,Italie,Sfax,0.0,Arabica,57.822578206284334,3910.8808187171117,Bio Certifié
Union Agricole Méditerranée,Marché Wholesale Agadir,Italie,Kansas,0.0,Mandarines,81.57579434623204,1562.6787365822158,Standard
Fazenda Brasil,Dairy Meadows,Maroc,Marrakech-Safi,0.0,Orge,197.0908888589129,2625.945351555953,Premium
Rungis International,Rungis International,Tunisie,Sfax,0.0,Salades,411.3536974085262,2270.245560748353,Premium
Cooperative Grains Alliance,Domaine Provence Bio,Brésil,Kansas,0.0,Oranges,216.70869246822576,4186.0947891333535,Standard
Marché Wholesale Agadir,Ferme Al Baraka,USA,Souss-Massa,0.0,Olives à Huile,131.4531482071035,2007.6462600504508,Premium
Fazenda Brasil,Fattoria Toscana,Maroc,Canterbury,0.0,Salades,261.6050526537595,2416.975359951277,Premium
Domaine Saada,Coopérative Oasis,Tunisie,Andalousie,0.0,Medjool,134.13109058093335,2321.2806732823356,Bio Certifié
Marché Wholesale Agadir,Green Valley Farm,Maroc,Souss-Massa,0.0,Raisins de Cuve,49.95301940164962,2792.3643052655407,Premium
Domaine Saada,Domaine Saada,Espagne,Sfax,0.0,Orge,159.1800843859186,2026.3137742957124,Standard
Hacienda El Sol,Fattoria Toscana,France,Souss-Massa,0.0,Arabica,43.973760674792864,919.9268326587228,Standard
Green Valley Farm,Mercabarna,USA,Île-de-France,0.0,Raisins de Table,71.92254415140846,5551.505573737845,Premium
Union Agricole Méditerranée,Domaine Provence Bio,Italie,Andalousie,0.0,Olives à Huile,169.14468122345457,3236.8725780863706,Premium
Domaine Provence Bio,Fazenda Brasil,Maroc,Toscane,0.0,Riz,1046.5392353525972,4551.062504018294,Bio Certifié
Green Valley Farm,Dairy Meadows,France,Canterbury,0.0,Robusta,124.11691051749278,2307.981342669763,Premium
Mercabarna,Mercabarna,Nouvelle-Zélande,Sfax,0.0,Lait,659.6731468665785,2725.4163639459025,Premium
Fattoria Toscana,Fazenda Brasil,Maroc,Souss-Massa,0.0,Robusta,188.09403394534186,8501.578818533755,Standard
Dairy Meadows,Fazenda Brasil,USA,Catalogne,0.0,Raisins de Cuve,45.42384315884571,11044.442632267124,Premium
Hacienda El Sol,Dairy Meadows,France,São Paulo,0.0,Oignons,140.72418692771737,2196.915109212228,Premium
Rungis International,Dairy Meadows,Maroc,Toscane,0.0,Carottes,124.10988565006213,2458.801574554741,Premium
Ferme Al Baraka,Green Valley Farm,USA,São Paulo,0.0,Medjool,135.05666055190989,3313.2467320244023,Commerce Équitable
Green Valley Farm,Union Agricole Méditerranée,Maroc,Île-de-France,0.0,Raisins de Table,129.58253260656468,3578.6913354963826,Standard
Fazenda Brasil,Hacienda El Sol,Tunisie,São Paulo,0.0,Arabica,79.66418058547995,4302.630664805684,Bio Certifié
Mercabarna,Cooperative Grains Alliance,Italie,Marrakech-Safi,0.0,Raisins de Table,1209.6111275423136,2457.81383764447,Commerce Équitable
Ferme Al Baraka,Marché Wholesale Agadir,Maroc,Californie,0.0,Olives de Table,9.787905454807259,3214.9919170465314,Bio Certifié
Dairy Meadows,Green Valley Farm,USA,Provence,0.0,Maïs,97.28225208886185,637.1758184907096,Standard
Ferme Al Baraka,Fazenda Brasil,Italie,Canterbury,0.0,Medjool,206.54877895619845,2501.542816990497,Commerce Équitable
Dairy Meadows,Dairy Meadows,Maroc,Catalogne,0.0,Beurre,115.95804250321694,4374.222027149718,Bio Certifié
Rungis International,Cooperative Grains Alliance,USA,Souss-Massa,0.0,Orge,93.47807626279665,13468.660218639441,Standard
Mercabarna,Union Agricole Méditerranée,France,Canterbury,0.0,Orge,-31.58724463831019,1563.3930259712906,Commerce Équitable
Rungis International,Fazenda Brasil,USA,Californie,0.0,Tomates,142.7164515873701,2880.762268218439,Standard
Domaine Provence Bio,Rungis International,Maroc,Toscane,0.0,Pommes de terre,45.28255726012594,3027.595310097855,Premium
Green Valley Farm,Rungis International,Maroc,Marrakech-Safi,0.0,Riz,128.705057639036,3200.7957201959216,Bio Certifié
Mercabarna,Ferme Al Baraka,Maroc,Kansas,0.0,Raisins de Cuve,210.73764452809712,2697.24086334242,Standard
Fattoria Toscana,Ferme Al Baraka,Espagne,Toscane,0.0,Riz,18.491397012901977,3803.9274691692553,Bio Certifié
Rungis International,Coopérative Oasis,USA,Canterbury,0.0,Tomates,153.1998517242826,2517.0620554932866,Premium
Dairy Meadows,Union Agricole Méditerranée,Brésil,Souss-Massa,0.0,Olives de Table,946.1161375833162,5070.112675086686,Commerce Équitable
Fattoria Toscana,Cooperative Grains Alliance,Nouvelle-Zélande,Souss-Massa,0.0,Maïs,128.20780362119206,1179.8720147944302,Standard
Rungis International,Cooperative Grains Alliance,USA,Kansas,0.0,Courgettes,112.25636549972461,2776.7136236558395,Premium
Union Agricole Méditerranée,Fattoria Toscana,Brésil,Souss-Massa,0.0,Pommes,53.75173809451687,1036.0648568553072,Bio Certifié
Cooperative Grains Alliance,Union Agricole Méditerranée,USA,Provence,0.0,Olives à Huile,645.3508499467254,3111.0809794106117,Bio Certifié
Rungis International,Rungis International,USA,Kansas,0.0,Beurre,1184.3833039669857,2691.403384733489,Standard
Cooperative Grains Alliance,Cooperative Grains Alliance,Tunisie,Provence,0.0,Olives à Huile,204.33521572808365,3625.1189137516203,Premium
Rungis International,Mercabarna,USA,Provence,0.0,Medjool,27.17526901885237,4797.996260498998,Bio Certifié
Green Valley Farm,Dairy Meadows,Nouvelle-Zélande,Provence,0.0,Fromage,675.2409520456923,880.3130144046294,Standard
Mercabarna,Ferme Al Baraka,France,Californie,0.0,Raisins de Table,75.20129726807808,1648.9894475600668,Bio Certifié
Domaine Provence Bio,Mercabarna,USA,Île-de-France,0.0,Pommes de terre,155.69462888853906,2700.6661810672567,Standard
Fazenda Brasil,Hacienda El Sol,Maroc,Marrakech-Safi,0.0,Raisins de Table,144.03394309665273,12963.041132093986,Premium
Rungis International,Domaine Provence Bio,France,Sfax,0.0,Deglet Nour,263.33373928057426,2986.8520747091907,Bio Certifié
Coopérative Oasis,Domaine Saada,Maroc,Californie,0.0,Pommes,129.93753305893767,1070.9920137541212,Premium
Domaine Provence Bio,Marché Wholesale Agadir,Brésil,Californie,0.0,Blé,261.8095916621105,5462.456964508787,Premium
Domaine Provence Bio,Union Agricole Méditerranée,Espagne,Île-de-France,0.0,Robusta,259.90484951189467,2893.9588784303596,Commerce Équitable
Green Valley Farm,Hacienda El Sol,Espagne,Canterbury,0.0,Olives de Table,45.01818000039277,2147.530799442721,Bio Certifié
Mercabarna,Union Agricole Méditerranée,Brésil,Meknès-Fès,0.0,Riz,146.26888195248563,3277.195942940154,Bio Certifié
Green Valley Farm,Fattoria Toscana,Maroc,Californie,0.0,Arabica,609.3258722174128,3472.812709833828,Standard
Domaine Saada,Ferme Al Baraka,Italie,Île-de-France,0.0,Olives de Table,450.3505297613618,3766.0726974544577,Premium
Fazenda Brasil,Mercabarna,Maroc,Souss-Massa,0.0,Carottes,255.48531668213877,4962.307739332688,Premium
Domaine Saada,Domaine Saada,France,Sfax,0.0,Olives de Table,368.2861926718099,5530.295208367176,Standard
Cooperative Grains Alliance,Coopérative Oasis,Tunisie,Meknès-Fès,0.0,Olives de Table,458.6099400683894,11452.125376518481,Bio Certifié
Union Agricole Méditerranée,Fazenda Brasil,Espagne,São Paulo,0.0,Oignons,178.27137352866075,10795.188596039416,Standard
Fazenda Brasil,Mercabarna,Italie,Île-de-France,0.0,Lait,244.27519113920943,4660.916059711413,Standard
Dairy Meadows,Green Valley Farm,France,São Paulo,0.0,Olives de Table,145.11739123777932,4618.459263223462,Bio Certifié
Union Agricole Méditerranée,Dairy Meadows,USA,Andalousie,0.0,Robusta,148.21442073488757,2399.129315410255,Bio Certifié
Domaine Provence Bio,Domaine Saada,USA,Andalousie,0.0,Pommes,459.87844637843995,580.2908056351811,Commerce Équitable
Marché Wholesale Agadir,Marché Wholesale Agadir,USA,Sfax,0.0,Olives à Huile,29.812440512522574,1450.056760996078,Bio Certifié
Domaine Provence Bio,Rungis International,USA,Kansas,0.0,Carottes,147.4333646447707,980.3733449040047,Bio Certifié
Cooperative Grains Alliance,Mercabarna,Brésil,Sfax,0.0,Pamplemousses,152.67879069784618,1775.6641914744591,Premium
Dairy Meadows,Green Valley Farm,Espagne,Île-de-France,0.0,Tomates,140.7501059069281,684.8344629672088,Standard
Union Agricole Méditerranée,Coopérative Oasis,Italie,Sfax,0.0,Raisins de Table,138.22485302589914,289.3063438357582,Standard
Coopérative Oasis,Fattoria Toscana,Brésil,São Paulo,0.0,Pommes,271.5372074530305,5738.13184233705,Standard
Ferme Al Baraka,Coopérative Oasis,Nouvelle-Zélande,Île-de-France,0.0,Riz,147.40463324852232,2472.2756705342813,Standard
Dairy Meadows,Ferme Al Baraka,Maroc,Andalousie,0.0,Raisins de Table,20.50039114320841,2948.097647875341,Bio Certifié
Rungis International,Dairy Meadows,Nouvelle-Zélande,São Paulo,0.0,Olives de Table,29.539656784410386,-706.5057989113586,Bio Certifié
Green Valley Farm,Green Valley Farm,Tunisie,Toscane,0.0,Mandarines,645.5035379419096,5685.951406946628,Bio Certifié
Marché Wholesale Agadir,Union Agricole Méditerranée,Maroc,Andalousie,0.0,Pommes,132.7121416278162,2736.1034893509723,Premium
Hacienda El Sol,Green Valley Farm,Italie,Sfax,0.0,Salades,180.00740813211777,8096.458750849071,Bio Certifié
Ferme Al Baraka,Marché Wholesale Agadir,USA,Souss-Massa,0.0,Oignons,109.07548106240733,200.6872637424865,Premium
Rungis International,Coopérative Oasis,Italie,Souss-Massa,0.0,Salades,130.43348957328232,2584.205208997855,Premium
Domaine Saada,Fattoria Toscana,Italie,Californie,0.0,Maïs,880.5806693435384,129.52206633840842,Bio Certifié
Fazenda Brasil,Fattoria Toscana,France,Kansas,0.0,Robusta,125.36893075955162,6601.7189405666795,Commerce Équitable
Domaine Provence Bio,Hacienda El Sol,USA,Meknès-Fès,0.0,Bananes,167.90903849703102,14462.027099146613,Standard
Union Agricole Méditerranée,Ferme Al Baraka,France,Catalogne,0.0,Blé,26.922703628096592,1644.4012708094197,Commerce Équitable
Cooperative Grains Alliance,Fattoria Toscana,Brésil,Kansas,0.0,Raisins de Table,1233.3190236746973,2455.1397078263976,Premium
Mercabarna,Mercabarna,Nouvelle-Zélande,Toscane,0.0,Arabica,12.968051308555609,2936.355219944324,Premium
Ferme Al Baraka,Dairy Meadows,Italie,Californie,0.0,Pommes,-13.537966162072742,7903.881676728405,Bio Certifié
Fazenda Brasil,Rungis International,Tunisie,Souss-Massa,0.0,Olives à Huile,416.68615867556235,3023.4876728902727,Standard
Green Valley Farm,Domaine Saada,Italie,Canterbury,0.0,Bananes,261.52619646433516,2087.7436039871977,Commerce Équitable
Coopérative Oasis,Domaine Saada,France,Californie,0.0,Fromage,-25.516247608482963,880.4596091200183,Bio Certifié
Ferme Al Baraka,Cooperative Grains Alliance,Italie,Meknès-Fès,0.0,Olives à Huile,145.4771900375788,10958.194510794081,Premium
Mercabarna,Rungis International,Espagne,São Paulo,0.0,Raisins de Table,304.44279557769755,3902.6487321880923,Premium
Rungis International,Union Agricole Méditerranée,Tunisie,Toscane,0.0,Blé,214.96565413953195,2999.9338756390525,Bio Certifié
Green Valley Farm,Domaine Provence Bio,Maroc,Californie,0.0,Olives de Table,246.5625761998731,3772.173676562874,Commerce Équitable
Domaine Saada,Fattoria Toscana,Espagne,São Paulo,0.0,Mandarines,286.1908662695962,3598.3586762158175,Premium
Domaine Provence Bio,Hacienda El Sol,Nouvelle-Zélande,Catalogne,0.0,Deglet Nour,65.15154753326549,9780.49633895812,Standard
Domaine Provence Bio,Marché Wholesale Agadir,Nouvelle-Zélande,São Paulo,0.0,Pommes de terre,168.10266871685425,3109.66628176422,Standard
Domaine Saada,Rungis International,Nouvelle-Zélande,Sfax,0.0,Blé,195.41747886609792,678.2404705980719,Premium
Fattoria Toscana,Fattoria Toscana,France,Catalogne,0.0,Arabica,820.6577619447244,2709.037653416964,Bio Certifié
Dairy Meadows,Coopérative Oasis,USA,Souss-Massa,0.0,Olives à Huile,-14.255690926033559,5334.459202116668,Premium
Green Valley Farm,Mercabarna,Nouvelle-Zélande,Toscane,0.0,Olives à Huile,115.80898149664016,22043.29565208305,Bio Certifié
Mercabarna,Domaine Provence Bio,France,Canterbury,0.0,Olives à Huile,154.68546294130104,5483.307527727458,Bio Certifié
Green Valley Farm,Cooperative Grains Alliance,Brésil,Souss-Massa,0.0,Salades,74.48912075140393,806.9427067578072,Bio Certifié
Green Valley Farm,Green Valley Farm,Tunisie,Meknès-Fès,0.0,Olives à Huile,147.76128183602052,1371.329291265995,Bio Certifié
Rungis International,Fazenda Brasil,France,Canterbury,0.0,Medjool,206.1916334513222,-142.4114921446594,Commerce Équitable
Mercabarna,Mercabarna,Nouvelle-Zélande,Toscane,0.0,Salades,650.5810295289401,2988.5613993362076,Standard
Fazenda Brasil,Mercabarna,Italie,Andalousie,0.0,Robusta,100.44814001699973,3641.9622989990785,Premium
Domaine Provence Bio,Coopérative Oasis,France,Sfax,0.0,Blé,66.33235353509183,1852.2450971300398,Standard
Dairy Meadows,Cooperative Grains Alliance,Nouvelle-Zélande,Andalousie,0.0,Orge,124.14484397666672,3083.8862653952524,Bio Certifié
Coopérative Oasis,Green Valley Farm,Espagne,Souss-Massa,0.0,Arabica,131.51410771822182,3025.1588975124214,Bio Certifié
Dairy Meadows,Fattoria Toscana,Maroc,Catalogne,0.0,Orge,275.2726539706344,2631.6017024274506,Bio Certifié
Ferme Al Baraka,Hacienda El Sol,France,Île-de-France,0.0,Courgettes,322.8656511209429,3609.363973986411,Bio Certifié
Mercabarna,Mercabarna,France,Souss-Massa,0.0,Carottes,61.612144748986566,3626.100748996143,Premium
Hacienda El Sol,Ferme Al Baraka,France,Meknès-Fès,0.0,Salades,151.60130678838988,3698.4525728454128,Premium
Green Valley Farm,Mercabarna,France,Californie,0.0,Robusta,132.86231564394126,776.2979631346279,Standard
Mercabarna,Cooperative Grains Alliance,France,Catalogne,0.0,Citrons,49.89923853690758,2770.3187595910736,Bio Certifié
Marché Wholesale Agadir,Domaine Saada,France,Meknès-Fès,0.0,Raisins de Table,476.25514677253136,2016.5083904299722,Standard
Green Valley Farm,Cooperative Grains Alliance,Espagne,Canterbury,0.0,Robusta,97.52245748007405,-280.60363060229315,Standard
Rungis International,Fazenda Brasil,Brésil,Provence,0.0,Robusta,178.52165600776925,5515.513526692463,Bio Certifié
Marché Wholesale Agadir,Fazenda Brasil,Espagne,Sfax,0.0,Raisins de Table,130.7754625662783,3092.656427035163,Commerce Équitable
Domaine Provence Bio,Marché Wholesale Agadir,France,Californie,0.0,Oranges,49.52690964133574,2819.745973388567,Premium
Domaine Saada,Union Agricole Méditerranée,Italie,São Paulo,0.0,Oranges,240.0354335311166,2126.2745803165662,Standard
Dairy Meadows,Mercabarna,Maroc,Souss-Massa,0.0,Olives de Table,189.42188644462544,2709.4242842829553,Bio Certifié
Coopérative Oasis,Green Valley Farm,Italie,Toscane,0.0,Pamplemousses,145.76601383788056,2805.9235566080133,Premium
Rungis International,Rungis International,USA,Canterbury,0.0,Lait,262.20506338561063,3837.35458049338,Bio Certifié
Marché Wholesale Agadir,Domaine Saada,France,Canterbury,0.0,Oranges,191.4316847650484,5634.718517080896,Standard
Hacienda El Sol,Hacienda El Sol,Tunisie,Provence,0.0,Olives de Table,178.65218398606117,3659.3818139885516,Standard
Hacienda El Sol,Dairy Meadows,Italie,Sfax,0.0,Riz,44.92973241968109,3151.6480995743086,Standard
Mercabarna,Union Agricole Méditerranée,Espagne,Kansas,0.0,Raisins de Cuve,1144.1858076342978,4193.6504917729235,Bio Certifié
Dairy Meadows,Cooperative Grains Alliance,USA,São Paulo,0.0,Maïs,146.3101574173394,7341.338802492861,Premium
Marché Wholesale Agadir,Dairy Meadows,Maroc,São Paulo,0.0,Olives de Table,106.71302426165302,1448.1467698461233,Standard
Union Agricole Méditerranée,Union Agricole Méditerranée,USA,Provence,0.0,Tomates,298.2028570623452,2632.742058433447,Bio Certifié
Ferme Al Baraka,Domaine Provence Bio,Tunisie,Provence,0.0,Bananes,249.58082854926286,3726.311247132511,Bio Certifié
Fattoria Toscana,Fazenda Brasil,USA,Souss-Massa,0.0,Orge,142.71792505244971,886.8753952368318,Bio Certifié
Rungis International,Domaine Saada,Italie,Canterbury,0.0,Riz,1423.732406118817,744.751997548023,Bio Certifié
Domaine Saada,Green Valley Farm,USA,Catalogne,0.0,Fromage,272.3090423156717,574.0085665271683,Premium
Domaine Provence Bio,Mercabarna,USA,Provence,0.0,Robusta,4.015390749409285,12796.781021360672,Standard
Dairy Meadows,Ferme Al Baraka,Nouvelle-Zélande,Catalogne,0.0,Courgettes,125.070259354628,1557.0171487382815,Bio Certifié
Fazenda Brasil,Domaine Saada,Espagne,Sfax,0.0,Olives à Huile,104.36554772857268,-2.302414930182522,Bio Certifié
Mercabarna,Union Agricole Méditerranée,Tunisie,Provence,0.0,Olives à Huile,164.7768999992606,2751.682496246319,Standard
Cooperative Grains Alliance,Green Valley Farm,Espagne,Sfax,0.0,Blé,262.231384571011,1156.3933738936605,Bio Certifié
Rungis International,Dairy Meadows,Tunisie,Kansas,0.0,Olives à Huile,138.55049234838648,1437.5465171906435,Standard
Domaine Provence Bio,Green Valley Farm,Tunisie,Sfax,0.0,Deglet Nour,224.78318490885982,19361.057464766112,Premium
Domaine Saada,Union Agricole Méditerranée,France,Californie,0.0,Courgettes,220.8993531168935,1727.565949466265,Bio Certifié
Cooperative Grains Alliance,Green Valley Farm,Italie,Californie,0.0,Pommes,102.60442919102027,-238.01566516828575,Commerce Équitable
Domaine Saada,Rungis International,Tunisie,Andalousie,0.0,Oignons,125.68768685417515,4064.975641317633,Standard
Ferme Al Baraka,Domaine Provence Bio,Italie,Kansas,0.0,Yaourt,233.36815640079928,3187.07613821463,Premium
Rungis International,Union Agricole Méditerranée,France,Île-de-France,0.0,Pommes de terre,167.20662444957907,1269.2600806681103,Bio Certifié
Coopérative Oasis,Dairy Meadows,Maroc,Californie,0.0,Oranges,72.03378650950592,824.8279561324118,Standard
Fazenda Brasil,Hacienda El Sol,Tunisie,Toscane,0.0,Salades,56.18146378476833,1411.1283103582814,Bio Certifié
Rungis International,Mercabarna,USA,Catalogne,0.0,Raisins de Cuve,268.0424009330217,3848.1660471877794,Bio Certifié
Domaine Saada,Rungis International,USA,Sfax,0.0,Maïs,171.93685632960842,2389.331786000471,Standard
Rungis International,Dairy Meadows,Nouvelle-Zélande,São Paulo,0.0,Raisins de Table,148.315189935543,1951.6185630213577,Standard
Fazenda Brasil,Marché Wholesale Agadir,Maroc,Sfax,0.0,Robusta,127.08928133690074,1794.496957257978,Bio Certifié
Rungis International,Coopérative Oasis,Brésil,Andalousie,0.0,Olives à Huile,152.05486508232744,-432.48895942633294,Premium
Dairy Meadows,Domaine Saada,Tunisie,Souss-Massa,0.0,Olives à Huile,161.54110975729867,3178.651131945325,Bio Certifié
Domaine Provence Bio,Union Agricole Méditerranée,Italie,Kansas,0.0,Mandarines,-7.727557638073684,1315.9683626263127,Premium
Mercabarna,Coopérative Oasis,Tunisie,Kansas,0.0,Lait,88.2518543986096,5299.053758025115,Premium
Fattoria Toscana,Coopérative Oasis,Italie,Sfax,0.0,Olives à Huile,84.79546627452143,3418.433394528652,Commerce Équitable
Domaine Saada,Dairy Meadows,Italie,Île-de-France,0.0,Riz,85.85195276170026,1833.1331342842855,Bio Certifié
Dairy Meadows,Marché Wholesale Agadir,Espagne,Sfax,0.0,Fromage,9.213368884331778,14406.96683095181,Bio Certifié
Green Valley Farm,Union Agricole Méditerranée,Italie,Meknès-Fès,0.0,Maïs,121.85458865851601,2801.6574134010466,Bio Certifié
Ferme Al Baraka,Fattoria Toscana,USA,Île-de-France,0.0,Tomates,60.706613721411784,3759.7517622900255,Standard
Hacienda El Sol,Ferme Al Baraka,Maroc,Catalogne,0.0,Beurre,140.04304950507282,2506.7336031156146,Premium
Rungis International,Union Agricole Méditerranée,Italie,Andalousie,0.0,Pommes de terre,225.69483515395336,2310.389200792163,Premium
Hacienda El Sol,Ferme Al Baraka,France,Canterbury,0.0,Blé,122.14944684110704,2684.583626764468,Standard
Ferme Al Baraka,Domaine Saada,Maroc,Catalogne,0.0,Riz,1029.5417035643327,1097.2794070221864,Bio Certifié
Hacienda El Sol,Union Agricole Méditerranée,USA,Catalogne,0.0,Raisins de Table,-44.04026382971758,1540.1560994063916,Bio Certifié
Cooperative Grains Alliance,Hacienda El Sol,Maroc,Kansas,0.0,Raisins de Table,62.960653624187415,1747.118298531194,Standard
Dairy Meadows,Fattoria Toscana,USA,Californie,0.0,Yaourt,962.9953293509258,2757.9141258740488,Bio Certifié
Dairy Meadows,Rungis International,Maroc,Sfax,0.0,Blé,860.8064362803784,464.3236911970498,Bio Certifié
Domaine Saada,Marché Wholesale Agadir,Italie,Souss-Massa,0.0,Olives à Huile,229.72148454787526,775.9100270593086,Bio Certifié
Hacienda El Sol,Domaine Saada,France,Île-de-France,0.0,Salades,268.91251308366446,3250.7367745771126,Bio Certifié
Domaine Provence Bio,Fattoria Toscana,France,Souss-Massa,0.0,Olives de Table,12.019301022537341,2457.430178694657,Standard
Coopérative Oasis,Mercabarna,Nouvelle-Zélande,Sfax,0.0,Blé,59.48866982618585,2988.2617351463614,Bio Certifié
Domaine Provence Bio,Domaine Provence Bio,France,Toscane,0.0,Tomates,554.304505396536,5152.571088797995,Bio Certifié
Mercabarna,Fazenda Brasil,France,Andalousie,0.0,Citrons,720.1333491562748,4076.297969278782,Premium
Hacienda El Sol,Fazenda Brasil,USA,Californie,0.0,Orge,344.0463280525529,3601.0412741424816,Premium
Coopérative Oasis,Rungis International,Maroc,Île-de-France,0.0,Medjool,103.22107100559631,9881.73974112465,Standard
Union Agricole Méditerranée,Dairy Meadows,France,Meknès-Fès,0.0,Raisins de Cuve,254.3757464879762,4662.397036160341,Bio Certifié
Domaine Saada,Marché Wholesale Agadir,Espagne,São Paulo,0.0,Bananes,282.9006892441446,3154.425069415399,Standard
Domaine Provence Bio,Dairy Meadows,France,Île-de-France,0.0,Raisins de Cuve,78.19902401445593,3730.222026989314,Premium
Green Valley Farm,Rungis International,USA,Canterbury,0.0,Pommes,512.0400444912732,2528.6272105195367,Standard
Rungis International,Hacienda El Sol,Espagne,Marrakech-Safi,0.0,Pamplemousses,120.68821954992802,1270.207939487917,Bio Certifié
Ferme Al Baraka,Ferme Al Baraka,Maroc,Toscane,0.0,Pommes de terre,142.9446210192143,12255.13887354997,Standard
Dairy Meadows,Fazenda Brasil,Maroc,Toscane,0.0,Olives à Huile,76.62932874569046,9130.929044113356,Standard
Dairy Meadows,Hacienda El Sol,Espagne,São Paulo,0.0,Blé,81.4633003559711,3695.161314441386,Bio Certifié
Fattoria Toscana,Cooperative Grains Alliance,Tunisie,Californie,0.0,Raisins de Table,90.70908311979893,3965.564687345366,Premium
Domaine Provence Bio,Hacienda El Sol,France,Sfax,0.0,Pamplemousses,130.81809171772767,1381.3655598477235,Standard
Ferme Al Baraka,Marché Wholesale Agadir,France,Marrakech-Safi,0.0,Robusta,301.69689104363067,5197.7378056145735,Standard
Marché Wholesale Agadir,Ferme Al Baraka,France,Canterbury,0.0,Robusta,51.34184726974339,3253.531845616819,Premium
Mercabarna,Ferme Al Baraka,Espagne,Marrakech-Safi,0.0,Carottes,66.88440850881281,3338.756273906479,Bio Certifié
Rungis International,Domaine Saada,USA,Andalousie,0.0,Orge,213.1713684554899,2267.0968953192273,Commerce Équitable
Domaine Provence Bio,Green Valley Farm,Espagne,Toscane,0.0,Salades,203.09603316836453,195.22470280834546,Bio Certifié
Coopérative Oasis,Ferme Al Baraka,Maroc,Toscane,0.0,Carottes,121.55698416901866,3957.7282634744897,Bio Certifié
Green Valley Farm,Union Agricole Méditerranée,Brésil,Andalousie,0.0,Raisins de Table,137.42575340591492,2898.0156771834727,Premium
Fattoria Toscana,Domaine Provence Bio,Italie,São Paulo,0.0,Bananes,15.095367273123308,4011.521286778511,Standard
Fattoria Toscana,Marché Wholesale Agadir,Tunisie,Souss-Massa,0.0,Pamplemousses,292.5685654648391,3994.7041916083226,Commerce Équitable
Coopérative Oasis,Union Agricole Méditerranée,Espagne,Provence,0.0,Olives à Huile,126.74158730994236,3464.114166849219,Premium
Mercabarna,Domaine Saada,USA,São Paulo,0.0,Raisins de Table,129.48560428959692,12389.093962623465,Standard
Cooperative Grains Alliance,Dairy Meadows,Brésil,Sfax,0.0,Blé,150.9766964674746,2103.2576753189833,Premium
Domaine Provence Bio,Coopérative Oasis,Espagne,Sfax,0.0,Pommes,155.68024713258026,3081.3260583972015,Premium
Mercabarna,Domaine Saada,USA,Catalogne,0.0,Deglet Nour,70.98174817345883,5110.748792856214,Bio Certifié
Fazenda Brasil,Domaine Saada,Nouvelle-Zélande,Catalogne,0.0,Deglet Nour,258.0121860642228,3496.5655608028137,Standard
Domaine Saada,Fazenda Brasil,France,Californie,0.0,Raisins de Cuve,270.9784135915491,1679.1445237444484,Bio Certifié
Domaine Saada,Fazenda Brasil,France,Provence,0.0,Riz,165.38115218446265,273.5342654192218,Bio Certifié
Cooperative Grains Alliance,Green Valley Farm,USA,Meknès-Fès,0.0,Raisins de Cuve,176.72474909086858,5172.588148378503,Bio Certifié
Union Agricole Méditerranée,Ferme Al Baraka,Nouvelle-Zélande,Île-de-France,0.0,Raisins de Table,642.570478637684,3769.642588030514,Standard
Hacienda El Sol,Marché Wholesale Agadir,Tunisie,Canterbury,0.0,Pommes,102.94418288510158,298.88984983530406,Bio Certifié
Union Agricole Méditerranée,Domaine Provence Bio,Espagne,Canterbury,0.0,Arabica,107.01310580328543,4215.343931447307,Premium
Ferme Al Baraka,Green Valley Farm,Tunisie,Californie,0.0,Tomates,197.04344917766332,505.73617819488265,Bio Certifié
Green Valley Farm,Dairy Meadows,Brésil,Catalogne,0.0,Pamplemousses,223.15805606741588,2211.852514761682,Standard
Domaine Provence Bio,Hacienda El Sol,Italie,Canterbury,0.0,Mandarines,97.12108984456961,254.34305393033594,Premium
Domaine Provence Bio,Rungis International,Nouvelle-Zélande,Andalousie,0.0,Beurre,134.06955309173662,2528.315400512901,Premium
Coopérative Oasis,Ferme Al Baraka,Nouvelle-Zélande,Kansas,0.0,Raisins de Table,207.51906458898307,3639.7069335930128,Bio Certifié
Hacienda El Sol,Domaine Provence Bio,France,Souss-Massa,0.0,Oranges,96.69241128944901,4718.442137256668,Bio Certifié
Hacienda El Sol,Cooperative Grains Alliance,Maroc,Souss-Massa,0.0,Pommes de terre,1247.5776250225454,3341.663908305538,Premium
Mercabarna,Mercabarna,Tunisie,Andalousie,0.0,Robusta,56.88529062614594,13621.46073335627,Premium
Ferme Al Baraka,Union Agricole Méditerranée,Tunisie,Californie,0.0,Olives de Table,167.8410736875839,5357.554964976364,Standard
Fattoria Toscana,Domaine Saada,USA,Canterbury,0.0,Maïs,215.96546278131467,3886.679419767524,Bio Certifié
Rungis International,Rungis International,Espagne,Californie,0.0,Olives de Table,790.0410141509477,2165.6634274108806,Bio Certifié
Fazenda Brasil,Fazenda Brasil,Maroc,Canterbury,0.0,Pamplemousses,415.06866630727717,2588.3099648976877,Standard
Marché Wholesale Agadir,Green Valley Farm,France,Provence,0.0,Deglet Nour,245.3814983541434,3456.741121533066,Standard
Dairy Meadows,Coopérative Oasis,Espagne,Souss-Massa,0.0,Salades,-37.94908341212315,1536.3557571400054,Standard
Dairy Meadows,Hacienda El Sol,Nouvelle-Zélande,Kansas,0.0,Tomates,1284.377269742175,13674.376049990882,Premium
Mercabarna,Mercabarna,Maroc,Souss-Massa,0.0,Raisins de Cuve,69.71201976798618,3563.9991447142797,Bio Certifié
Domaine Provence Bio,Coopérative Oasis,France,Marrakech-Safi,0.0,Robusta,271.1255410359921,2602.114897577162,Bio Certifié
Domaine Saada,Fazenda Brasil,USA,Île-de-France,0.0,Medjool,46.52715254225989,2143.1810416460394,Standard
Fattoria Toscana,Dairy Meadows,Nouvelle-Zélande,Toscane,0.0,Raisins de Table,93.91247072386705,5131.775978446647,Premium
Rungis International,Green Valley Farm,Brésil,São Paulo,0.0,Oignons,56.980848431151344,11863.718018837146,Premium
Dairy Meadows,Mercabarna,USA,Catalogne,0.0,Robusta,93.96153210220032,2375.7574693176593,Standard
Domaine Saada,Coopérative Oasis,France,Provence,0.0,Mandarines,2.014395706332671,1511.5221184434722,Bio Certifié
Domaine Provence Bio,Fattoria Toscana,Maroc,Meknès-Fès,0.0,Salades,137.57447264538922,9406.784273901867,Premium
Cooperative Grains Alliance,Green Valley Farm,Maroc,Catalogne,0.0,Citrons,119.80510146581918,10992.826876355197,Standard
Mercabarna,Fattoria Toscana,USA,Souss-Massa,0.0,Raisins de Table,37.999316253849415,3211.2716233221613,Bio Certifié
Ferme Al Baraka,Coopérative Oasis,France,Andalousie,0.0,Pommes,115.70040723767679,2818.9183214234627,Premium
Ferme Al Baraka,Hacienda El Sol,Brésil,São Paulo,0.0,Deglet Nour,100.79247647596586,1920.0865626945829,Standard
Union Agricole Méditerranée,Fazenda Brasil,Italie,Meknès-Fès,0.0,Olives de Table,68.16112053901281,2645.3201304963386,Premium
Domaine Provence Bio,Green Valley Farm,Nouvelle-Zélande,Californie,0.0,Olives à Huile,110.16534468354868,3693.788500432208,Bio Certifié
Ferme Al Baraka,Mercabarna,France,Marrakech-Safi,0.0,Deglet Nour,137.53386996012767,1963.6618329352182,Bio Certifié
Domaine Provence Bio,Coopérative Oasis,Espagne,Californie,0.0,Pommes de terre,-31.753840592664027,2674.123311932905,Standard
Coopérative Oasis,Domaine Saada,Nouvelle-Zélande,Catalogne,0.0,Courgettes,181.88400744964804,2482.422357209545,Bio Certifié
Dairy Meadows,Fattoria Toscana,Italie,Andalousie,0.0,Blé,273.3936684346501,2354.765328207205,Premium
Marché Wholesale Agadir,Marché Wholesale Agadir,Maroc,Île-de-France,0.0,Olives à Huile,50.30295871663554,3501.163328153584,Standard
Green Valley Farm,Fattoria Toscana,France,Sfax,0.0,Citrons,110.81344986580856,3794.163972826097,Bio Certifié
Marché Wholesale Agadir,Domaine Saada,Maroc,São Paulo,0.0,Riz,112.57625035234159,3764.1072974535664,Premium
Cooperative Grains Alliance,Domaine Saada,Maroc,São Paulo,0.0,Pamplemousses,268.60255395811106,2920.929142166211,Premium
Ferme Al Baraka,Green Valley Farm,Italie,Souss-Massa,0.0,Citrons,155.29439493033453,2541.9564281208895,Standard
Rungis International,Hacienda El Sol,Italie,São Paulo,0.0,Arabica,131.0184626913379,2841.8277509768723,Standard
Green Valley Farm,Rungis International,USA,Marrakech-Safi,0.0,Olives à Huile,140.73993557646878,8969.937954357494,Premium
Ferme Al Baraka,Marché Wholesale Agadir,Maroc,Provence,0.0,Pamplemousses,92.4515079958241,1733.3378451312528,Bio Certifié
Cooperative Grains Alliance,Fazenda Brasil,USA,Provence,0.0,Arabica,182.49095949061638,13291.120733957432,Bio Certifié
Dairy Meadows,Domaine Saada,Nouvelle-Zélande,Kansas,0.0,Pommes de terre,334.6654890005742,2745.3658217410994,Commerce Équitable
Dairy Meadows,Dairy Meadows,Maroc,Canterbury,0.0,Bananes,289.1413778700053,2275.2308178894777,Standard
Hacienda El Sol,Union Agricole Méditerranée,Italie,Sfax,0.0,Maïs,61.65136951938927,22453.687832225933,Standard
Cooperative Grains Alliance,Domaine Provence Bio,USA,Provence,0.0,Courgettes,227.49974348454384,1540.7525425285246,Standard
Union Agricole Méditerranée,Union Agricole Méditerranée,Espagne,Sfax,0.0,Olives à Huile,65.69520068034977,2723.069190757611,Premium
Ferme Al Baraka,Rungis International,USA,Californie,0.0,Oranges,273.3337894380296,2244.908537163457,Standard
Fazenda Brasil,Ferme Al Baraka,Maroc,Provence,0.0,Olives à Huile,2.271135388649391,1851.813351868308,Bio Certifié
Rungis International,Cooperative Grains Alliance,Nouvelle-Zélande,Marrakech-Safi,0.0,Beurre,338.6010262949233,622.0954569735998,Premium
Green Valley Farm,Fattoria Toscana,Maroc,Souss-Massa,0.0,Orge,269.95657074321053,3366.815846027758,Standard
Rungis International,Ferme Al Baraka,Maroc,Catalogne,0.0,Olives de Table,178.59360128858555,2960.287284078716,Bio Certifié
Mercabarna,Domaine Saada,USA,São Paulo,0.0,Arabica,151.4911107336193,20267.497499384568,Standard
Green Valley Farm,Mercabarna,Maroc,Meknès-Fès,0.0,Olives à Huile,59.69008465009202,21686.91856014832,Standard
Rungis International,Dairy Meadows,France,Andalousie,0.0,Olives à Huile,134.41327356419296,1492.6106172477187,Standard
Dairy Meadows,Ferme Al Baraka,Espagne,São Paulo,0.0,Orge,188.4281991865521,3603.2539204265813,Bio Certifié
Mercabarna,Domaine Saada,Nouvelle-Zélande,Catalogne,0.0,Maïs,61.74529606255743,12720.455268595684,Standard
Dairy Meadows,Domaine Provence Bio,Maroc,São Paulo,0.0,Pommes,37.25442255297859,3424.9678609843622,Bio Certifié
Hacienda El Sol,Coopérative Oasis,Maroc,Californie,0.0,Pommes,230.451587300891,8490.84804805571,Premium
Dairy Meadows,Ferme Al Baraka,France,Île-de-France,0.0,Pommes,145.99340929035378,4496.689613359366,Standard
Green Valley Farm,Fattoria Toscana,Maroc,Souss-Massa,0.0,Olives à Huile,145.12577708859013,24723.094255766373,Standard
Fattoria Toscana,Fattoria Toscana,USA,Sfax,0.0,Olives de Table,121.3529520955053,984.5862713515596,Bio Certifié
Hacienda El Sol,Cooperative Grains Alliance,USA,Sfax,0.0,Deglet Nour,271.8326932924941,13283.569040626147,Premium
Domaine Provence Bio,Marché Wholesale Agadir,Maroc,Marrakech-Safi,0.0,Olives de Table,-21.373043707137704,2734.1278257253866,Standard
Ferme Al Baraka,Mercabarna,Brésil,São Paulo,0.0,Raisins de Cuve,-14.177132986892879,561.169150610892,Bio Certifié
Coopérative Oasis,Hacienda El Sol,France,Souss-Massa,0.0,Tomates,9.682086562587983,5050.413222160158,Premium
Mercabarna,Ferme Al Baraka,France,Toscane,0.0,Citrons,126.88614558703071,2025.3033961598205,Premium
Dairy Meadows,Cooperative Grains Alliance,Brésil,Souss-Massa,0.0,Deglet Nour,1069.4116729711677,5054.5456724708665,Premium
Fattoria Toscana,Marché Wholesale Agadir,France,Kansas,0.0,Salades,81.75339942118617,14405.183408151797,Commerce Équitable
Coopérative Oasis,Fazenda Brasil,Italie,Meknès-Fès,0.0,Deglet Nour,132.96359650120598,1925.0863143489564,Bio Certifié
Coopérative Oasis,Dairy Meadows,Maroc,São Paulo,0.0,Olives de Table,134.46499798018556,2511.2275564264455,Bio Certifié
Fazenda Brasil,Dairy Meadows,Brésil,Sfax,0.0,Pommes,127.03117324175417,3224.903404318968,Standard
Ferme Al Baraka,Ferme Al Baraka,Maroc,Canterbury,0.0,Blé,135.6045477871179,1365.7385602900836,Premium
Union Agricole Méditerranée,Ferme Al Baraka,Maroc,Souss-Massa,0.0,Raisins de Cuve,156.96309801662557,11992.782983538204,Standard
Domaine Provence Bio,Union Agricole Méditerranée,Maroc,Canterbury,0.0,Deglet Nour,157.07762782045785,2303.832763686202,Bio Certifié
Green Valley Farm,Green Valley Farm,Nouvelle-Zélande,Californie,0.0,Courgettes,133.28660802561635,3523.140777234694,Bio Certifié
Dairy Meadows,Rungis International,USA,Sfax,0.0,Pommes de terre,77.74980820697738,1028.0596240078564,Standard
Domaine Saada,Ferme Al Baraka,Brésil,Souss-Massa,0.0,Orge,186.9765886967616,245.13605608821376,Premium
Fattoria Toscana,Hacienda El Sol,Italie,Meknès-Fès,0.0,Maïs,30.170116792819258,5717.877538116467,Premium
Hacienda El Sol,Coopérative Oasis,Espagne,Île-de-France,0.0,Raisins de Table,-19.326762733845747,1786.6262091208812,Standard
Ferme Al Baraka,Green Valley Farm,France,Californie,0.0,Raisins de Cuve,273.65287490810067,2953.7372572606573,Bio Certifié
Coopérative Oasis,Ferme Al Baraka,France,Sfax,0.0,Raisins de Table,158.81559138494134,3312.7433695029335,Standard
Fazenda Brasil,Dairy Meadows,Brésil,Catalogne,0.0,Raisins de Table,29.5018413288881,21539.886935576385,Bio Certifié
Ferme Al Baraka,Green Valley Farm,France,Canterbury,0.0,Oignons,239.9983014408915,-404.09673724237496,Bio Certifié
Mercabarna,Union Agricole Méditerranée,Maroc,Canterbury,0.0,Tomates,94.14697373005062,3403.684232610643,Standard
Dairy Meadows,Rungis International,Nouvelle-Zélande,Meknès-Fès,0.0,Yaourt,115.0549625928953,24240.818785115473,Bio Certifié
Coopérative Oasis,Fazenda Brasil,Tunisie,Californie,0.0,Arabica,215.66405299219568,3640.697006712785,Standard
Ferme Al Baraka,Marché Wholesale Agadir,France,Île-de-France,0.0,Fromage,264.3915681997087,2734.1868836314143,Premium
Fazenda Brasil,Coopérative Oasis,USA,Sfax,0.0,Tomates,27.23950636381536,3826.092547083076,Bio Certifié
Union Agricole Méditerranée,Hacienda El Sol,France,Île-de-France,0.0,Citrons,99.37918601482727,3071.5006377792256,Bio Certifié
Coopérative Oasis,Domaine Provence Bio,Tunisie,Provence,0.0,Deglet Nour,257.36159021668664,13270.849881972648,Bio Certifié
Coopérative Oasis,Rungis International,Brésil,Meknès-Fès,0.0,Courgettes,78.28142750058407,2024.873585843728,Premium
Fazenda Brasil,Mercabarna,Italie,Kansas,0.0,Arabica,165.8024782197538,4924.48660297975,Premium
Hacienda El Sol,Domaine Provence Bio,USA,Catalogne,0.0,Citrons,88.58321974753265,4214.169513844604,Standard
Fazenda Brasil,Ferme Al Baraka,Italie,Meknès-Fès,0.0,Courgettes,153.8700277551021,1397.4277959820527,Standard
Fazenda Brasil,Mercabarna,Maroc,São Paulo,0.0,Orge,150.57144789917476,2267.929838223502,Standard
Hacienda El Sol,Ferme Al Baraka,Espagne,Sfax,0.0,Bananes,268.6323179584085,1327.719218293878,Bio Certifié
Fazenda Brasil,Domaine Saada,Italie,Provence,0.0,Bananes,209.7232979764409,5877.19608684551,Standard
Domaine Provence Bio,Mercabarna,Maroc,Souss-Massa,0.0,Carottes,137.40519075270473,5615.1198486715875,Premium
Fazenda Brasil,Coopérative Oasis,Brésil,Souss-Massa,0.0,Pommes,118.68023105698319,776.3480614010663,Premium
Cooperative Grains Alliance,Fazenda Brasil,France,Toscane,0.0,Raisins de Cuve,522.3022967485554,2254.206119215444,Premium
Dairy Meadows,Fazenda Brasil,USA,São Paulo,0.0,Olives à Huile,244.37936994865126,2977.4705207581837,Commerce Équitable
Rungis International,Rungis International,France,Meknès-Fès,0.0,Raisins de Table,28.578468813332968,1523.7208986290098,Commerce Équitable
Ferme Al Baraka,Fattoria Toscana,Maroc,Sfax,0.0,Arabica,-19.786987661924577,-344.42335024501585,Standard
Domaine Provence Bio,Hacienda El Sol,Nouvelle-Zélande,Île-de-France,0.0,Arabica,255.97091418469415,3020.412960141682,Bio Certifié
Mercabarna,Union Agricole Méditerranée,Nouvelle-Zélande,São Paulo,0.0,Pommes de terre,15.811528042967097,3381.2825091624763,Premium
Dairy Meadows,Union Agricole Méditerranée,Tunisie,Californie,0.0,Pommes de terre,180.38312694556586,2402.743483121527,Standard
Fattoria Toscana,Mercabarna,Nouvelle-Zélande,Souss-Massa,0.0,Carottes,262.0993747383508,2064.712744737574,Bio Certifié
Hacienda El Sol,Marché Wholesale Agadir,Tunisie,Canterbury,0.0,Bananes,125.11723021680987,335.8011525975363,Bio Certifié
Domaine Saada,Union Agricole Méditerranée,Tunisie,Sfax,0.0,Beurre,67.9729899169001,4168.40575211396,Bio Certifié
Rungis International,Dairy Meadows,Maroc,Souss-Massa,0.0,Raisins de Cuve,65.96164651889414,3592.972628837294,Standard
Mercabarna,Coopérative Oasis,Espagne,Souss-Massa,0.0,Raisins de Cuve,115.72487054749581,3332.134048648789,Commerce Équitable
Domaine Saada,Mercabarna,Tunisie,Catalogne,0.0,Olives à Huile,61.53295648854367,2262.1130642494213,Commerce Équitable
Fattoria Toscana,Union Agricole Méditerranée,France,Toscane,0.0,Robusta,118.80386982705653,3055.5306396468873,Standard
Dairy Meadows,Ferme Al Baraka,Espagne,Californie,0.0,Citrons,1317.148197331625,26996.677449275136,Bio Certifié
Domaine Saada,Fazenda Brasil,USA,Catalogne,0.0,Robusta,10.964478733274959,2626.409906765478,Bio Certifié
Coopérative Oasis,Cooperative Grains Alliance,USA,Île-de-France,0.0,Tomates,89.27521506078892,4110.117411471534,Standard
Rungis International,Rungis International,Espagne,Île-de-France,0.0,Salades,44.33914006298576,5061.9006613901465,Standard
Green Valley Farm,Fazenda Brasil,Nouvelle-Zélande,Marrakech-Safi,0.0,Pommes,70.14281823412715,3244.9393501038603,Commerce Équitable
Ferme Al Baraka,Coopérative Oasis,Nouvelle-Zélande,Californie,0.0,Tomates,666.8538809408597,2311.0189105123113,Standard
Rungis International,Mercabarna,USA,Kansas,0.0,Tomates,647.770776216292,1217.0077754321535,Standard
Hacienda El Sol,Domaine Saada,Italie,Sfax,0.0,Carottes,178.58980505623742,8225.516885218447,Standard
Green Valley Farm,Rungis International,Brésil,Meknès-Fès,0.0,Robusta,51.588472322508586,6728.648714100176,Bio Certifié
Fazenda Brasil,Dairy Meadows,USA,Sfax,0.0,Medjool,289.27029787072007,2577.5599678991002,Bio Certifié
Rungis International,Ferme Al Baraka,Maroc,Californie,0.0,Pamplemousses,194.11017759490827,5134.016331307494,Premium
Mercabarna,Green Valley Farm,Tunisie,Toscane,0.0,Olives à Huile,55.959656762951624,1462.4252069373954,Bio Certifié
Green Valley Farm,Fattoria Toscana,Maroc,Marrakech-Safi,0.0,Courgettes,557.3485755705026,2595.6333344546265,Premium
Domaine Provence Bio,Cooperative Grains Alliance,Nouvelle-Zélande,Californie,0.0,Citrons,44.53143925585223,-981.135593898028,Standard
Mercabarna,Fazenda Brasil,Maroc,Souss-Massa,0.0,Arabica,243.76902041492605,3523.0423473913143,Bio Certifié
Dairy Meadows,Domaine Saada,Espagne,Souss-Massa,0.0,Raisins de Table,-36.019411743221305,2130.0174728613947,Bio Certifié
Hacienda El Sol,Coopérative Oasis,USA,Californie,0.0,Oignons,120.64442928845926,2035.8577674684343,Bio Certifié
Domaine Provence Bio,Fazenda Brasil,Maroc,Canterbury,0.0,Olives de Table,139.4530218026781,3624.84617545237,Premium
Cooperative Grains Alliance,Marché Wholesale Agadir,Tunisie,São Paulo,0.0,Salades,71.99206216086573,2616.6967320414424,Bio Certifié
Fazenda Brasil,Fattoria Toscana,Tunisie,Kansas,0.0,Raisins de Table,84.79293616759435,3124.040804045466,Standard
Rungis International,Dairy Meadows,France,Souss-Massa,0.0,Olives à Huile,179.13699624684352,3183.688889108812,Bio Certifié
Domaine Saada,Union Agricole Méditerranée,Maroc,Île-de-France,0.0,Deglet Nour,125.27938627891092,4969.280117722666,Bio Certifié
Domaine Provence Bio,Dairy Meadows,Brésil,Toscane,0.0,Oignons,225.78358709850266,3494.265350966104,Standard
Rungis International,Domaine Provence Bio,France,Canterbury,0.0,Yaourt,332.0153026403737,-150.3693346617522,Commerce Équitable
Marché Wholesale Agadir,Ferme Al Baraka,USA,São Paulo,0.0,Pommes,180.43330501101082,3615.348340207772,Premium
Hacienda El Sol,Fazenda Brasil,Tunisie,Île-de-France,0.0,Yaourt,1313.840536330466,3781.540316381086,Bio Certifié
Ferme Al Baraka,Union Agricole Méditerranée,Espagne,Provence,0.0,Blé,115.68471050342406,3776.3501191524674,Standard
Ferme Al Baraka,Domaine Saada,Nouvelle-Zélande,Toscane,0.0,Citrons,294.3370375393796,4603.827831734248,Premium
Green Valley Farm,Fazenda Brasil,Italie,Souss-Massa,0.0,Medjool,188.55964162793038,18870.6345125247,Premium
Cooperative Grains Alliance,Ferme Al Baraka,Espagne,São Paulo,0.0,Salades,73.76666250245485,3534.0066932207956,Bio Certifié
Green Valley Farm,Fazenda Brasil,Tunisie,Catalogne,0.0,Courgettes,829.646493963194,2797.8041946096737,Standard
Ferme Al Baraka,Ferme Al Baraka,Espagne,Souss-Massa,0.0,Blé,249.29802727083066,19698.97638973141,Standard
Dairy Meadows,Dairy Meadows,Brésil,Canterbury,0.0,Olives à Huile,207.0171925749204,3052.8877416990877,Standard
Marché Wholesale Agadir,Dairy Meadows,Maroc,Toscane,0.0,Robusta,464.14683300339186,2914.443222502659,Premium
Hacienda El Sol,Ferme Al Baraka,Espagne,Souss-Massa,0.0,Pommes,79.58955901510572,2532.390428900382,Standard
Rungis International,Domaine Provence Bio,Tunisie,São Paulo,0.0,Riz,404.731650247781,1278.7392012391285,Premium
Hacienda El Sol,Cooperative Grains Alliance,Espagne,Catalogne,0.0,Riz,97.21615928026141,3158.0969544289424,Standard
Domaine Saada,Union Agricole Méditerranée,Nouvelle-Zélande,Catalogne,0.0,Tomates,131.06367872237482,1703.2822134394987,Standard
Mercabarna,Fattoria Toscana,Espagne,Île-de-France,0.0,Maïs,85.9156688792999,3093.1305728448124,Standard
Domaine Saada,Fazenda Brasil,Italie,Marrakech-Safi,0.0,Olives de Table,1154.7172022551558,10292.23903898326,Standard
Domaine Provence Bio,Marché Wholesale Agadir,France,Catalogne,0.0,Orge,-10.25780304791352,-992.4228477737486,Bio Certifié
Fattoria Toscana,Hacienda El Sol,Maroc,Californie,0.0,Olives de Table,118.57907820842001,1148.4423983303848,Bio Certifié
Marché Wholesale Agadir,Ferme Al Baraka,Italie,Marrakech-Safi,0.0,Tomates,178.25326268744584,3877.558039701753,Premium
Hacienda El Sol,Green Valley Farm,Italie,Canterbury,0.0,Pamplemousses,857.8201262107284,11421.972066508963,Bio Certifié
Fattoria Toscana,Ferme Al Baraka,Nouvelle-Zélande,Souss-Massa,0.0,Pommes,262.4482049751166,3304.2876958674033,Premium
Coopérative Oasis,Fattoria Toscana,France,Canterbury,0.0,Olives à Huile,121.96575872198527,1227.6855573633086,Commerce Équitable
Union Agricole Méditerranée,Ferme Al Baraka,Maroc,Souss-Massa,0.0,Mandarines,237.24832899983727,807.0590558803667,Bio Certifié
Dairy Meadows,Dairy Meadows,Maroc,São Paulo,0.0,Olives de Table,5.151785379881474,4565.023654319438,Bio Certifié
Fattoria Toscana,Green Valley Farm,Espagne,Île-de-France,0.0,Maïs,184.63895250589883,3344.792126507453,Standard
Fattoria Toscana,Cooperative Grains Alliance,Espagne,Île-de-France,0.0,Pommes de terre,531.2117905970792,2693.314946996591,Standard
Ferme Al Baraka,Fazenda Brasil,USA,Kansas,0.0,Fromage,806.6967685216663,3924.46314106709,Standard
Mercabarna,Coopérative Oasis,Maroc,Andalousie,0.0,Olives à Huile,68.65789428615862,3228.062115109173,Bio Certifié
Mercabarna,Domaine Provence Bio,Italie,Canterbury,0.0,Yaourt,258.5232709740157,2860.296713275121,Premium
Hacienda El Sol,Cooperative Grains Alliance,Maroc,Provence,0.0,Raisins de Cuve,-8.93718039533244,6800.5439008924,Standard
Hacienda El Sol,Rungis International,USA,Souss-Massa,0.0,Riz,-23.578624908036467,1.7113353498675679,Standard
Ferme Al Baraka,Fattoria Toscana,Tunisie,Catalogne,0.0,Tomates,98.19095137893775,3500.743024309545,Standard
Domaine Provence Bio,Coopérative Oasis,Tunisie,Andalousie,0.0,Raisins de Cuve,123.21034592408475,1056.873166569331,Premium
Hacienda El Sol,Mercabarna,Maroc,Californie,0.0,Olives à Huile,333.8478396039568,1112.8574440423504,Standard
Fattoria Toscana,Fattoria Toscana,Maroc,São Paulo,0.0,Maïs,88.46532386138986,1739.440458469168,Premium
Fazenda Brasil,Ferme Al Baraka,Nouvelle-Zélande,Marrakech-Safi,0.0,Riz,159.23923370073655,5297.100933270677,Premium
Coopérative Oasis,Domaine Saada,Brésil,São Paulo,0.0,Oignons,196.99771167025955,3385.0036620106675,Bio Certifié
Coopérative Oasis,Domaine Saada,Espagne,Marrakech-Safi,0.0,Raisins de Table,-16.569196458404413,4057.0697944483322,Bio Certifié
Domaine Provence Bio,Fazenda Brasil,Maroc,Toscane,0.0,Olives à Huile,73.77729700714583,-991.4621051999027,Bio Certifié
Union Agricole Méditerranée,Dairy Meadows,USA,Souss-Massa,0.0,Arabica,271.21945871835237,2386.6140286582568,Standard
Green Valley Farm,Dairy Meadows,Maroc,Toscane,0.0,Pommes de terre,14.854800513212261,6445.428175498897,Premium
Green Valley Farm,Mercabarna,Maroc,Provence,0.0,Arabica,186.34501670305247,2155.9659846361715,Premium
Domaine Saada,Fazenda Brasil,USA,Souss-Massa,0.0,Mandarines,47.04813842335026,-844.5872802381575,Bio Certifié
Ferme Al Baraka,Fazenda Brasil,Tunisie,Californie,0.0,Robusta,59.26597786984867,14437.53421767833,Standard
Domaine Saada,Hacienda El Sol,USA,Meknès-Fès,0.0,Pommes de terre,-39.93323275320186,4416.964284734886,Premium
Green Valley Farm,Domaine Provence Bio,France,Sfax,0.0,Oranges,143.0120143612449,2607.5759269065798,Commerce Équitable
Rungis International,Fazenda Brasil,Brésil,Toscane,0.0,Olives à Huile,11.643715262121248,5018.300024780317,Bio Certifié
Coopérative Oasis,Fazenda Brasil,Maroc,Meknès-Fès,0.0,Blé,272.57375522612307,806.5364943657045,Bio Certifié
Hacienda El Sol,Domaine Saada,Brésil,Souss-Massa,0.0,Orge,296.053973175279,5160.613322635965,Bio Certifié
Cooperative Grains Alliance,Green Valley Farm,Brésil,Toscane,0.0,Raisins de Table,235.4238775244142,-83.91572988886674,Premium
Union Agricole Méditerranée,Rungis International,Italie,Californie,0.0,Yaourt,296.12919579574003,4940.06672041252,Commerce Équitable
Cooperative Grains Alliance,Marché Wholesale Agadir,Brésil,Catalogne,0.0,Arabica,134.24626695216594,10910.180716875366,Bio Certifié
Dairy Meadows,Dairy Meadows,Espagne,Île-de-France,0.0,Citrons,67.83632391700367,16598.551783560157,Premium
Cooperative Grains Alliance,Domaine Saada,USA,Sfax,0.0,Salades,202.1573996940401,19103.388862160995,Bio Certifié
Coopérative Oasis,Fattoria Toscana,Maroc,Andalousie,0.0,Olives de Table,1022.3479709797768,903.3453160045108,Standard
Union Agricole Méditerranée,Marché Wholesale Agadir,Espagne,São Paulo,0.0,Yaourt,169.956420382383,3263.862267999725,Standard
Ferme Al Baraka,Rungis International,Espagne,Souss-Massa,0.0,Salades,88.15163819215852,1213.5405819597495,Premium
Fattoria Toscana,Union Agricole Méditerranée,France,São Paulo,0.0,Salades,107.66929195099263,2568.4873090592137,Bio Certifié
Cooperative Grains Alliance,Ferme Al Baraka,France,Kansas,0.0,Olives de Table,129.83328717172964,1304.0546701296262,Premium
Fazenda Brasil,Dairy Meadows,USA,Catalogne,0.0,Oignons,106.10474850499347,7362.390767038807,Standard
Domaine Saada,Coopérative Oasis,France,Californie,0.0,Yaourt,46.55871857436205,2631.2937868466342,Standard
Ferme Al Baraka,Coopérative Oasis,Nouvelle-Zélande,Californie,0.0,Oignons,162.7538954523807,920.2004171464763,Premium
Fazenda Brasil,Rungis International,Maroc,Souss-Massa,0.0,Raisins de Cuve,89.88162538312454,3573.4027568996444,Standard
Domaine Saada,Domaine Saada,Maroc,Marrakech-Safi,0.0,Blé,121.32822249073472,2749.4300636165935,Bio Certifié
Fattoria Toscana,Dairy Meadows,France,Provence,0.0,Salades,1.6320122508157624,3971.0469302974047,Premium
Green Valley Farm,Coopérative Oasis,USA,Souss-Massa,0.0,Olives à Huile,278.6714604135082,2494.4662615245425,Standard
Green Valley Farm,Fattoria Toscana,Maroc,Toscane,0.0,Raisins de Table,160.7212622936742,3313.993007873503,Premium
Dairy Meadows,Hacienda El Sol,USA,Souss-Massa,0.0,Raisins de Cuve,148.00893462514335,21179.42997015753,Standard
Ferme Al Baraka,Domaine Provence Bio,Maroc,Sfax,0.0,Pommes de terre,281.2596013207965,5734.983858611797,Standard
Domaine Saada,Green Valley Farm,Italie,Kansas,0.0,Olives à Huile,1061.9523609106682,2056.2026337367083,Standard
Fazenda Brasil,Domaine Provence Bio,Maroc,Île-de-France,0.0,Raisins de Cuve,157.72523497107156,1895.6120662662233,Standard
Mercabarna,Union Agricole Méditerranée,France,Toscane,0.0,Raisins de Cuve,61.65223855602912,3318.6158453895114,Bio Certifié
Domaine Provence Bio,Dairy Meadows,Espagne,Sfax,0.0,Deglet Nour,155.38898599352405,2813.5696728890807,Bio Certifié
Green Valley Farm,Domaine Provence Bio,Maroc,Kansas,0.0,Bananes,153.08940018708975,6586.921592074772,Commerce Équitable
Rungis International,Hacienda El Sol,Brésil,Catalogne,0.0,Orge,61.09881985880699,21606.440510607994,Standard
Mercabarna,Fattoria Toscana,France,Catalogne,0.0,Bananes,169.54374640492398,-480.6490475467824,Standard
Hacienda El Sol,Fattoria Toscana,Espagne,Meknès-Fès,0.0,Carottes,54.53757381463979,3292.2048041933276,Standard
Fazenda Brasil,Mercabarna,Brésil,Canterbury,0.0,Beurre,70.88376481576688,1712.299691078209,Bio Certifié
Cooperative Grains Alliance,Coopérative Oasis,Maroc,Catalogne,0.0,Pommes,-7.718457638783839,5389.123754900392,Premium
Green Valley Farm,Hacienda El Sol,Maroc,Kansas,0.0,Yaourt,177.16830306489555,4770.379235771711,Premium
Union Agricole Méditerranée,Fazenda Brasil,Espagne,Andalousie,0.0,Raisins de Table,84.77558432696114,942.2615543087408,Standard
Ferme Al Baraka,Ferme Al Baraka,France,Provence,0.0,Pommes de terre,244.87824152068072,427.23608336411667,Premium
Ferme Al Baraka,Union Agricole Méditerranée,Maroc,Provence,0.0,Lait,110.59698695021538,1682.1526070605973,Standard
Marché Wholesale Agadir,Rungis International,Brésil,Sfax,0.0,Olives à Huile,290.7419886763091,5494.845430492235,Standard
Fattoria Toscana,Domaine Saada,Brésil,Californie,0.0,Carottes,60.63793778288577,1289.3810953181328,Bio Certifié
Mercabarna,Green Valley Farm,France,Meknès-Fès,0.0,Raisins de Cuve,383.74030112298675,1864.728356856616,Bio Certifié
Rungis International,Green Valley Farm,Nouvelle-Zélande,São Paulo,0.0,Fromage,67.89041168282593,843.2800604511997,Premium
Marché Wholesale Agadir,Cooperative Grains Alliance,France,Sfax,0.0,Carottes,270.2497196999368,3530.4361953186462,Standard
Coopérative Oasis,Fazenda Brasil,Espagne,Souss-Massa,0.0,Salades,93.62647823538381,1518.4753240974806,Standard
Mercabarna,Union Agricole Méditerranée,Maroc,Sfax,0.0,Raisins de Cuve,141.34984400505274,352.9906207587443,Bio Certifié
Union Agricole Méditerranée,Ferme Al Baraka,USA,Marrakech-Safi,0.0,Orge,31.000274385259907,2749.6837791268435,Premium
Coopérative Oasis,Cooperative Grains Alliance,Maroc,Meknès-Fès,0.0,Maïs,239.82090992247888,4107.692453306869,Bio Certifié
Rungis International,Fazenda Brasil,Espagne,Île-de-France,0.0,Olives de Table,147.72297708624933,14078.360980430643,Standard
Marché Wholesale Agadir,Green Valley Farm,Maroc,Île-de-France,0.0,Arabica,130.58297770371917,2714.0846492588007,Bio Certifié
Hacienda El Sol,Fazenda Brasil,Espagne,Provence,0.0,Bananes,228.93408247630128,1397.302203287663,Standard
Fattoria Toscana,Fattoria Toscana,Italie,Sfax,0.0,Raisins de Table,86.18749530655165,3117.4215839590847,Premium
Union Agricole Méditerranée,Dairy Meadows,Italie,Sfax,0.0,Raisins de Table,176.2060909002653,3590.8509100874,Premium
Domaine Provence Bio,Ferme Al Baraka,Maroc,Toscane,0.0,Raisins de Cuve,208.59357865852658,2770.1799011291196,Premium
Dairy Meadows,Rungis International,USA,Marrakech-Safi,0.0,Tomates,263.94686806990075,1710.5522248459295,Standard
Coopérative Oasis,Mercabarna,USA,Provence,0.0,Olives de Table,277.3245408278335,5177.412262731005,Bio Certifié
Marché Wholesale Agadir,Green Valley Farm,Maroc,Île-de-France,0.0,Citrons,19.871285431381317,10194.048254549201,Premium
Coopérative Oasis,Dairy Meadows,USA,São Paulo,0.0,Mandarines,83.6199980033155,330.9928126843889,Bio Certifié
Fattoria Toscana,Domaine Provence Bio,Brésil,Californie,0.0,Citrons,107.80802110370918,3421.381313050196,Premium
Fattoria Toscana,Domaine Saada,Maroc,Kansas,0.0,Pommes,1083.4676032636382,11645.353985659185,Bio Certifié
Mercabarna,Domaine Provence Bio,USA,Souss-Massa,0.0,Orge,182.6489753208198,3714.168445116246,Standard
Domaine Provence Bio,Marché Wholesale Agadir,USA,Californie,0.0,Raisins de Cuve,13.349303271121933,2377.502532219285,Standard
Dairy Meadows,Union Agricole Méditerranée,Brésil,Souss-Massa,0.0,Salades,985.6961751114624,2814.239844341996,Premium
Fattoria Toscana,Coopérative Oasis,Tunisie,São Paulo,0.0,Olives de Table,137.03876534201996,2139.586080904746,Commerce Équitable
Domaine Saada,Mercabarna,Tunisie,Souss-Massa,0.0,Robusta,226.12836866188388,3676.84663332701,Premium
Coopérative Oasis,Fattoria Toscana,Maroc,Toscane,0.0,Pamplemousses,123.03585867969144,3194.1569770687565,Bio Certifié
Hacienda El Sol,Fazenda Brasil,Brésil,Andalousie,0.0,Oignons,895.7699942109335,1980.9126304603783,Premium
Cooperative Grains Alliance,Dairy Meadows,USA,Souss-Massa,0.0,Fromage,393.26934099098776,1524.5447437988894,Standard
Domaine Saada,Fazenda Brasil,Tunisie,Canterbury,0.0,Raisins de Cuve,125.83501865564763,2233.1665773208338,Commerce Équitable
Fattoria Toscana,Cooperative Grains Alliance,Brésil,Île-de-France,0.0,Pommes,354.8506816107177,1548.1457594953229,Bio Certifié
Mercabarna,Green Valley Farm,Brésil,Souss-Massa,0.0,Fromage,174.2143899972877,419.7094562881323,Standard
Union Agricole Méditerranée,Dairy Meadows,Maroc,Île-de-France,0.0,Raisins de Cuve,246.04673097339287,4200.396461380053,Bio Certifié
Cooperative Grains Alliance,Coopérative Oasis,Maroc,Sfax,0.0,Fromage,214.0629421122196,1867.4034098179245,Bio Certifié
Green Valley Farm,Coopérative Oasis,Italie,Canterbury,0.0,Olives à Huile,133.61207665243666,2776.6418546819336,Premium
Rungis International,Union Agricole Méditerranée,Tunisie,São Paulo,0.0,Mandarines,246.70116392468304,2581.63667215866,Commerce Équitable
Cooperative Grains Alliance,Dairy Meadows,Espagne,Île-de-France,0.0,Pommes,65.69430127451501,1990.4086706324792,Standard
Hacienda El Sol,Green Valley Farm,Italie,Kansas,0.0,Deglet Nour,186.79715120385356,1592.201295862792,Premium
Dairy Meadows,Fattoria Toscana,Maroc,Provence,0.0,Fromage,37.35401140742475,1693.6183377652242,Premium
Hacienda El Sol,Marché Wholesale Agadir,USA,Souss-Massa,0.0,Oignons,175.3173878587501,1610.946111922655,Bio Certifié
Mercabarna,Coopérative Oasis,Espagne,Provence,0.0,Raisins de Table,234.3150603243178,2712.6161096468,Standard
Mercabarna,Domaine Provence Bio,Maroc,Andalousie,0.0,Raisins de Table,193.8948026182466,1383.7505065400132,Standard
Dairy Meadows,Domaine Saada,France,Catalogne,0.0,Olives à Huile,256.03686324341163,22159.85558102961,Standard
Green Valley Farm,Union Agricole Méditerranée,Brésil,Californie,0.0,Salades,178.2033923596453,1682.034785696791,Commerce Équitable
Mercabarna,Fazenda Brasil,Italie,Sfax,0.0,Olives à Huile,85.23773148244638,4006.3840205332203,Bio Certifié
Union Agricole Méditerranée,Union Agricole Méditerranée,France,Canterbury,0.0,Oignons,149.2276119038855,12084.63689089902,Premium
Coopérative Oasis,Mercabarna,Italie,Provence,0.0,Fromage,253.72094809823324,1251.6612702876482,Premium
Fattoria Toscana,Domaine Saada,Brésil,Provence,0.0,Pommes de terre,162.53882199266928,4778.796667416359,Premium
Union Agricole Méditerranée,Dairy Meadows,Espagne,São Paulo,0.0,Citrons,233.05310998731136,4577.051438263033,Standard
Hacienda El Sol,Rungis International,Tunisie,São Paulo,0.0,Raisins de Table,257.4835120246903,3127.4046855904317,Standard
Union Agricole Méditerranée,Domaine Provence Bio,Espagne,Provence,0.0,Lait,97.65786966345769,2592.922958649495,Standard
Rungis International,Fattoria Toscana,USA,Souss-Massa,0.0,Carottes,174.09987195255928,3158.6599649674963,Bio Certifié
Mercabarna,Fattoria Toscana,USA,Kansas,0.0,Salades,65.92999038238231,2802.854066215423,Premium
Rungis International,Coopérative Oasis,USA,Île-de-France,0.0,Maïs,215.3346583110361,4937.380891432423,Bio Certifié
Coopérative Oasis,Rungis International,USA,Meknès-Fès,0.0,Tomates,236.8374223101086,2807.948189186657,Bio Certifié
Ferme Al Baraka,Marché Wholesale Agadir,Brésil,Toscane,0.0,Tomates,-32.90243262976956,1872.953737966715,Bio Certifié
Domaine Saada,Dairy Meadows,Italie,Andalousie,0.0,Olives à Huile,103.3462254845476,1669.2270019353102,Premium
Hacienda El Sol,Domaine Provence Bio,Maroc,Provence,0.0,Olives à Huile,42.28671997591462,17316.43003340582,Standard
Rungis International,Fazenda Brasil,Maroc,Kansas,0.0,Mandarines,157.54836383749077,286.2588885822571,Standard
Dairy Meadows,Green Valley Farm,Italie,Toscane,0.0,Tomates,160.14705556868455,2889.1661638681094,Standard
Fattoria Toscana,Hacienda El Sol,Italie,Catalogne,0.0,Riz,1152.6586156015385,20992.5338236826,Premium
Domaine Provence Bio,Coopérative Oasis,Nouvelle-Zélande,Catalogne,0.0,Pamplemousses,244.02686609375505,1632.0216414292554,Premium
Mercabarna,Fattoria Toscana,USA,Catalogne,0.0,Raisins de Cuve,164.87410354424335,2507.4126849068653,Standard
Coopérative Oasis,Domaine Saada,Tunisie,Île-de-France,0.0,Salades,184.6605840351657,14106.699289497396,Standard
Marché Wholesale Agadir,Cooperative Grains Alliance,Nouvelle-Zélande,Californie,0.0,Raisins de Cuve,5.781170688422222,4761.912837392034,Premium
Dairy Meadows,Dairy Meadows,Espagne,Meknès-Fès,0.0,Bananes,50.06324166861209,-35.70790533999207,Standard
Coopérative Oasis,Fazenda Brasil,USA,Provence,0.0,Olives à Huile,239.47705157203094,10515.722479466269,Standard
Marché Wholesale Agadir,Union Agricole Méditerranée,France,Meknès-Fès,0.0,Blé,164.60404806843866,3049.5632964726383,Standard
Coopérative Oasis,Union Agricole Méditerranée,Tunisie,Californie,0.0,Lait,261.1116042173317,3593.3772143974056,Bio Certifié
Fattoria Toscana,Fattoria Toscana,France,Californie,0.0,Olives à Huile,240.5911387792882,5251.758877053561,Bio Certifié
Dairy Meadows,Union Agricole Méditerranée,Nouvelle-Zélande,Sfax,0.0,Robusta,115.61908391229008,2103.858866002244,Premium
Rungis International,Green Valley Farm,Maroc,Meknès-Fès,0.0,Olives à Huile,264.9576804470467,2821.103463946498,Commerce Équitable
Dairy Meadows,Ferme Al Baraka,France,Kansas,0.0,Raisins de Cuve,529.0028666003525,12444.505544362379,Bio Certifié
Cooperative Grains Alliance,Domaine Saada,Espagne,Souss-Massa,0.0,Bananes,155.8723038626716,3757.2055633447453,Commerce Équitable
Ferme Al Baraka,Fazenda Brasil,Espagne,Californie,0.0,Oignons,118.85195149485455,1268.6264729244272,Premium
Ferme Al Baraka,Cooperative Grains Alliance,Tunisie,Meknès-Fès,0.0,Fromage,282.25395935076665,3075.1444959767964,Premium
Coopérative Oasis,Cooperative Grains Alliance,USA,Marrakech-Safi,0.0,Raisins de Table,154.96638429822684,3802.479288550501,Standard
Domaine Saada,Union Agricole Méditerranée,France,Canterbury,0.0,Pommes,97.42529325337915,21027.642649787682,Standard
Rungis International,Fattoria Toscana,Nouvelle-Zélande,Île-de-France,0.0,Deglet Nour,89.70065641020922,3155.8752737187906,Bio Certifié
Domaine Saada,Green Valley Farm,France,Île-de-France,0.0,Tomates,27.978746968631903,1493.776647391218,Bio Certifié
Union Agricole Méditerranée,Fazenda Brasil,Italie,São Paulo,0.0,Riz,25.838624163969065,3195.152670043258,Premium
Union Agricole Méditerranée,Coopérative Oasis,Tunisie,Andalousie,0.0,Raisins de Cuve,1123.611988388799,2437.959056163306,Premium
Hacienda El Sol,Hacienda El Sol,Brésil,Meknès-Fès,0.0,Mandarines,149.68962011933974,3607.3375679518267,Commerce Équitable
Green Valley Farm,Fazenda Brasil,USA,Provence,0.0,Oranges,122.80295013035433,1947.3547841135082,Standard
Union Agricole Méditerranée,Marché Wholesale Agadir,Italie,Île-de-France,0.0,Medjool,165.2566267981171,3004.342142944084,Standard
Green Valley Farm,Domaine Saada,France,Marrakech-Safi,0.0,Raisins de Cuve,96.05697061554983,2977.3851533248035,Standard
Hacienda El Sol,Ferme Al Baraka,France,Meknès-Fès,0.0,Pommes,215.20482103136928,800.4270297023736,Standard
Domaine Saada,Hacienda El Sol,Brésil,Souss-Massa,0.0,Arabica,1389.759562058941,1317.4534325597251,Bio Certifié
Mercabarna,Domaine Saada,France,Canterbury,0.0,Salades,128.0180972509749,13308.25572661355,Premium
Dairy Meadows,Green Valley Farm,Italie,Toscane,0.0,Beurre,84.00024516519211,1351.9363143721935,Commerce Équitable
Green Valley Farm,Cooperative Grains Alliance,Espagne,Andalousie,0.0,Fromage,91.22840780322728,771.1023396454125,Bio Certifié
Fattoria Toscana,Domaine Saada,Tunisie,Souss-Massa,0.0,Raisins de Cuve,-10.800587643097266,2136.9683518392662,Standard
Fattoria Toscana,Coopérative Oasis,Maroc,Canterbury,0.0,Orge,146.69656439063795,2817.206315173221,Bio Certifié
Ferme Al Baraka,Green Valley Farm,Maroc,Souss-Massa,0.0,Riz,41.714011979321455,-148.186211212427,Standard
Union Agricole Méditerranée,Cooperative Grains Alliance,France,Californie,0.0,Oignons,97.28409691298171,-155.99338273871967,Standard
Dairy Meadows,Fazenda Brasil,Espagne,São Paulo,0.0,Raisins de Table,189.32526403687464,4051.828892638659,Bio Certifié
Marché Wholesale Agadir,Fattoria Toscana,Maroc,Souss-Massa,0.0,Medjool,-14.556239918421603,2579.6781092269466,Bio Certifié
Hacienda El Sol,Fazenda Brasil,Tunisie,São Paulo,0.0,Olives à Huile,-23.326804380400667,2867.1458807955064,Premium
Marché Wholesale Agadir,Fazenda Brasil,Maroc,Île-de-France,0.0,Raisins de Table,1084.2812407120462,1009.7698289647745,Standard
Fazenda Brasil,Cooperative Grains Alliance,Brésil,Provence,0.0,Bananes,88.79462107525022,2886.071931994443,Bio Certifié
Domaine Provence Bio,Marché Wholesale Agadir,France,Sfax,0.0,Mandarines,273.86450223945644,5327.644297292353,Commerce Équitable
Dairy Meadows,Green Valley Farm,USA,Canterbury,0.0,Oranges,196.82978861647047,2527.229388605606,Bio Certifié
Mercabarna,Domaine Saada,Nouvelle-Zélande,Marrakech-Safi,0.0,Maïs,86.15677170691148,1404.2437366398399,Standard
Hacienda El Sol,Fazenda Brasil,Nouvelle-Zélande,Kansas,0.0,Oranges,58.06541374576442,2042.4943164170093,Commerce Équitable
Union Agricole Méditerranée,Union Agricole Méditerranée,France,Provence,0.0,Raisins de Table,173.957825062917,3585.0121746102677,Bio Certifié
Dairy Meadows,Ferme Al Baraka,Tunisie,Sfax,0.0,Medjool,191.2597317201824,3196.219092299154,Standard
Marché Wholesale Agadir,Domaine Provence Bio,Espagne,Souss-Massa,0.0,Salades,448.0133575022452,2479.474307149946,Standard
Fazenda Brasil,Hacienda El Sol,USA,Sfax,0.0,Maïs,503.27809116937783,2636.182560035898,Premium
Domaine Provence Bio,Ferme Al Baraka,Italie,Canterbury,0.0,Olives à Huile,130.19467466153029,2548.0395606979146,Bio Certifié
Rungis International,Fazenda Brasil,USA,Souss-Massa,0.0,Carottes,175.3592377741926,2233.0536300011586,Bio Certifié
Fattoria Toscana,Union Agricole Méditerranée,Italie,Toscane,0.0,Robusta,143.7976751362142,5390.472585313304,Standard
Ferme Al Baraka,Fazenda Brasil,Maroc,Catalogne,0.0,Orge,-18.485561071215592,823.0043834483376,Standard
Domaine Saada,Domaine Saada,Brésil,Provence,0.0,Deglet Nour,149.13554660471493,1637.5007498919845,Standard
Fattoria Toscana,Hacienda El Sol,France,Canterbury,0.0,Pommes,91.31586478151986,3448.634938248756,Commerce Équitable
Domaine Saada,Marché Wholesale Agadir,Maroc,Meknès-Fès,0.0,Raisins de Cuve,19.40246727305614,2770.4125949456766,Standard
Fattoria Toscana,Domaine Provence Bio,Maroc,Île-de-France,0.0,Olives de Table,98.10547342113404,4083.636742867321,Standard
Ferme Al Baraka,Domaine Saada,Italie,Sfax,0.0,Arabica,232.98660980570975,3916.396704025676,Bio Certifié
Domaine Provence Bio,Coopérative Oasis,France,Andalousie,0.0,Raisins de Table,17.91529235310773,3236.9130181630007,Bio Certifié
Ferme Al Baraka,Dairy Meadows,Maroc,Meknès-Fès,0.0,Raisins de Table,-48.35362854351582,1736.5178492734242,Standard
Rungis International,Fazenda Brasil,France,Toscane,0.0,Maïs,-5.28463377686824,1504.979225488928,Bio Certifié
Green Valley Farm,Rungis International,Maroc,Catalogne,0.0,Oranges,152.0571630178178,3148.8390038434545,Premium
Ferme Al Baraka,Mercabarna,Nouvelle-Zélande,Souss-Massa,0.0,Blé,168.0337473687199,2671.1287719428533,Standard
Green Valley Farm,Fattoria Toscana,Maroc,Catalogne,0.0,Salades,55.14290458338017,1797.342655118151,Premium
Domaine Provence Bio,Union Agricole Méditerranée,Tunisie,Californie,0.0,Bananes,890.3064072601027,2426.8758354958463,Standard
Fattoria Toscana,Dairy Meadows,Maroc,Kansas,0.0,Olives de Table,181.4198769049753,819.5120295012875,Commerce Équitable
Union Agricole Méditerranée,Green Valley Farm,France,Catalogne,0.0,Yaourt,83.47397206655948,10773.601013351188,Commerce Équitable
Rungis International,Fattoria Toscana,Tunisie,Kansas,0.0,Riz,93.5064089216622,485.23877099422543,Premium
Union Agricole Méditerranée,Cooperative Grains Alliance,Maroc,Marrakech-Safi,0.0,Arabica,157.55604224303158,2026.2378066473602,Premium
Mercabarna,Ferme Al Baraka,France,Île-de-France,0.0,Robusta,252.11507690156984,3174.9957672488636,Commerce Équitable
Cooperative Grains Alliance,Hacienda El Sol,USA,Provence,0.0,Raisins de Cuve,135.2744573761592,2605.6646815441864,Standard
Fattoria Toscana,Domaine Saada,USA,Île-de-France,0.0,Raisins de Table,174.6850567212511,325.5915381249663,Standard
Dairy Meadows,Fattoria Toscana,Italie,Andalousie,0.0,Pommes,-61.679216653866895,2964.5652130570247,Standard
Coopérative Oasis,Fattoria Toscana,Tunisie,São Paulo,0.0,Orge,67.21498957398921,13339.539628503378,Standard
Dairy Meadows,Union Agricole Méditerranée,Espagne,Sfax,0.0,Salades,157.7240204728466,14357.496096182087,Premium
Domaine Provence Bio,Fazenda Brasil,Brésil,Meknès-Fès,0.0,Pommes de terre,-20.696987590909266,5770.741549580363,Standard
Ferme Al Baraka,Green Valley Farm,France,Andalousie,0.0,Olives de Table,-23.780913130368226,883.9521550805534,Premium
Union Agricole Méditerranée,Union Agricole Méditerranée,Maroc,Californie,0.0,Tomates,97.56057437580324,4773.18117364753,Standard
Dairy Meadows,Mercabarna,Tunisie,Californie,0.0,Beurre,606.5666133140621,2893.3258988221623,Standard
Green Valley Farm,Coopérative Oasis,France,São Paulo,0.0,Medjool,221.73410477683143,1572.1533160848855,Bio Certifié
Fazenda Brasil,Coopérative Oasis,USA,São Paulo,0.0,Tomates,-22.697694299874932,4200.596996909895,Bio Certifié
Domaine Provence Bio,Ferme Al Baraka,Maroc,Andalousie,0.0,Raisins de Table,43.699487220440716,938.7552839043142,Standard
Green Valley Farm,Fazenda Brasil,Maroc,Canterbury,0.0,Pommes de terre,155.7735450609691,2188.825736247685,Standard
Union Agricole Méditerranée,Dairy Meadows,Nouvelle-Zélande,Toscane,0.0,Robusta,49.33206895802911,22381.994246227045,Standard
Domaine Provence Bio,Domaine Provence Bio,Espagne,Kansas,0.0,Pommes,44.2490454828827,2827.0129728502834,Bio Certifié
Union Agricole Méditerranée,Fazenda Brasil,France,Kansas,0.0,Medjool,179.58361675062721,314.5333341693008,Premium
Fazenda Brasil,Fazenda Brasil,Nouvelle-Zélande,Kansas,0.0,Olives à Huile,213.86169130956202,3020.717672015804,Standard
Green Valley Farm,Fazenda Brasil,Brésil,Souss-Massa,0.0,Medjool,59.86368519838433,-111.9339686170465,Bio Certifié
Fattoria Toscana,Coopérative Oasis,USA,Toscane,0.0,Oranges,141.29947849967743,1501.6777034602069,Premium
Fazenda Brasil,Coopérative Oasis,France,Meknès-Fès,0.0,Lait,15.485854664637657,722.7836763626461,Bio Certifié
Fattoria Toscana,Fazenda Brasil,Nouvelle-Zélande,Provence,0.0,Tomates,280.9716262032172,4914.038940650184,Standard
Union Agricole Méditerranée,Rungis International,Espagne,São Paulo,0.0,Pommes,641.3990521174704,9832.176004366103,Bio Certifié
Union Agricole Méditerranée,Coopérative Oasis,Maroc,Andalousie,0.0,Salades,163.93763443968658,2529.307940862349,Standard
Hacienda El Sol,Coopérative Oasis,USA,Californie,0.0,Mandarines,147.41687110917732,673.6644924177582,Standard
Mercabarna,Domaine Provence Bio,France,Catalogne,0.0,Tomates,221.73556284802947,1304.7723193835473,Premium
Hacienda El Sol,Union Agricole Méditerranée,Brésil,Canterbury,0.0,Raisins de Cuve,145.70470820870702,909.673681909273,Premium
Dairy Meadows,Fattoria Toscana,Tunisie,Provence,0.0,Oranges,162.42353446039883,10206.552380602378,Standard
Domaine Provence Bio,Fazenda Brasil,Nouvelle-Zélande,Marrakech-Safi,0.0,Pommes,24.480544289155063,2834.43410606375,Bio Certifié
Cooperative Grains Alliance,Mercabarna,Espagne,Provence,0.0,Olives de Table,311.9406173430583,4046.377547910252,Premium
Dairy Meadows,Rungis International,France,Andalousie,0.0,Arabica,54.63636865810615,3233.8331922725033,Premium
Union Agricole Méditerranée,Marché Wholesale Agadir,France,Catalogne,0.0,Bananes,154.8167112435013,448.5590762153313,Standard
Dairy Meadows,Dairy Meadows,USA,Île-de-France,0.0,Pamplemousses,25.243074426479616,1880.5849839847738,Standard
Rungis International,Fazenda Brasil,USA,Kansas,0.0,Raisins de Table,180.58966698898712,4263.234823828329,Bio Certifié
Fazenda Brasil,Fazenda Brasil,Maroc,Sfax,0.0,Salades,77.51535920762278,4633.839450973912,Bio Certifié
Marché Wholesale Agadir,Rungis International,USA,Souss-Massa,0.0,Orge,102.14698712398206,1788.7415273041306,Premium
Fattoria Toscana,Mercabarna,France,Île-de-France,0.0,Raisins de Cuve,57.36023479215435,4331.432798562537,Premium
Green Valley Farm,Mercabarna,Maroc,Souss-Massa,0.0,Fromage,102.67932179199283,3020.237243720425,Commerce Équitable
Mercabarna,Cooperative Grains Alliance,France,Canterbury,0.0,Pommes,469.14202645155103,11958.007651959579,Standard
Cooperative Grains Alliance,Domaine Provence Bio,USA,Californie,0.0,Yaourt,103.80399520398461,21205.064609645942,Bio Certifié
Dairy Meadows,Union Agricole Méditerranée,Brésil,Toscane,0.0,Beurre,97.11425283118095,2291.905927022972,Premium
Cooperative Grains Alliance,Union Agricole Méditerranée,Espagne,Californie,0.0,Riz,186.780654595124,2701.4792355727477,Standard
Fattoria Toscana,Rungis International,Maroc,Provence,0.0,Raisins de Cuve,1225.391297014715,3659.7368344492897,Standard
Domaine Saada,Mercabarna,Maroc,Marrakech-Safi,0.0,Tomates,44.851674696535945,4702.936360878679,Bio Certifié
Mercabarna,Hacienda El Sol,Nouvelle-Zélande,Canterbury,0.0,Orge,147.5126504583999,5022.811806916089,Premium
Domaine Provence Bio,Coopérative Oasis,France,Californie,0.0,Olives à Huile,192.95347403533304,1074.3579084594771,Bio Certifié
Cooperative Grains Alliance,Mercabarna,Maroc,Sfax,0.0,Pamplemousses,89.53567905870555,1810.3115392924128,Premium
Union Agricole Méditerranée,Hacienda El Sol,USA,Catalogne,0.0,Deglet Nour,183.40433165298194,3479.604197310214,Premium
Fattoria Toscana,Fazenda Brasil,France,Kansas,0.0,Tomates,437.80712253806064,2407.6317447023757,Premium
Domaine Provence Bio,Ferme Al Baraka,Maroc,Provence,0.0,Arabica,39.23312801985011,3626.1815119445573,Bio Certifié
Coopérative Oasis,Fattoria Toscana,Tunisie,Île-de-France,0.0,Pommes,257.41499231479713,4941.711489520974,Premium
Cooperative Grains Alliance,Domaine Saada,Espagne,Île-de-France,0.0,Olives à Huile,25.15756151908669,2426.5378461577448,Bio Certifié
Green Valley Farm,Fattoria Toscana,Espagne,São Paulo,0.0,Pommes de terre,251.09902336766714,1032.1000270486977,Premium
Ferme Al Baraka,Hacienda El Sol,France,Kansas,0.0,Tomates,82.99881711084116,3066.102938339279,Bio Certifié
Rungis International,Mercabarna,Maroc,Marrakech-Safi,0.0,Oranges,73.03555500000711,25314.963329650232,Standard
Domaine Saada,Rungis International,France,Sfax,0.0,Orge,227.25427972644837,-277.7801207994994,Bio Certifié
Union Agricole Méditerranée,Union Agricole Méditerranée,France,Kansas,0.0,Raisins de Table,141.9633141908285,24830.072880463955,Standard
Rungis International,Marché Wholesale Agadir,Tunisie,Toscane,0.0,Olives de Table,97.25133385744923,3012.6630822167563,Premium
Domaine Provence Bio,Cooperative Grains Alliance,France,Toscane,0.0,Arabica,594.4584678054123,2874.3824445031514,Standard
Domaine Saada,Fazenda Brasil,Tunisie,Provence,0.0,Robusta,189.66839935296514,5628.454053701543,Standard
Green Valley Farm,Ferme Al Baraka,Tunisie,Souss-Massa,0.0,Arabica,128.91843685544637,3538.232124398346,Premium
Domaine Provence Bio,Union Agricole Méditerranée,Espagne,Île-de-France,0.0,Raisins de Table,-4.246561078233448,2220.2943132083624,Standard
Union Agricole Méditerranée,Fattoria Toscana,Nouvelle-Zélande,Canterbury,0.0,Robusta,46.56160191547165,2394.228376260375,Bio Certifié
Green Valley Farm,Domaine Provence Bio,France,Catalogne,0.0,Deglet Nour,1.7283202125750847,4188.654316724122,Bio Certifié
Mercabarna,Cooperative Grains Alliance,USA,Toscane,0.0,Bananes,1225.4026411561285,5164.422036541291,Standard
Hacienda El Sol,Fattoria Toscana,Italie,Canterbury,0.0,Raisins de Cuve,120.45587522418103,1864.8747356164458,Commerce Équitable
Coopérative Oasis,Fazenda Brasil,Tunisie,Île-de-France,0.0,Blé,195.15029484451168,5706.076521214622,Bio Certifié
Hacienda El Sol,Union Agricole Méditerranée,Maroc,Sfax,0.0,Orge,110.96534078050344,2058.7392640024173,Standard
Domaine Provence Bio,Coopérative Oasis,Nouvelle-Zélande,Toscane,0.0,Orge,-56.44911547776426,1198.4979550430253,Premium
Union Agricole Méditerranée,Green Valley Farm,Espagne,Meknès-Fès,0.0,Raisins de Table,748.4618588179476,4609.987661682712,Premium
Cooperative Grains Alliance,Marché Wholesale Agadir,Maroc,Marrakech-Safi,0.0,Pommes de terre,174.14240258091797,5197.110860343384,Premium
Rungis International,Ferme Al Baraka,Brésil,Andalousie,0.0,Courgettes,256.7511625158019,18776.367112053824,Standard
Rungis International,Green Valley Farm,USA,São Paulo,0.0,Mandarines,73.57156185059836,2447.1576955266055,Premium
Mercabarna,Marché Wholesale Agadir,Italie,Toscane,0.0,Olives à Huile,224.9938024760698,3173.9848843445443,Bio Certifié
Dairy Meadows,Marché Wholesale Agadir,USA,Andalousie,0.0,Olives à Huile,1207.5686195684682,2485.8053875805526,Bio Certifié
Fattoria Toscana,Green Valley Farm,Maroc,Île-de-France,0.0,Olives à Huile,933.1259237493831,-1091.6196026513742,Standard
Domaine Provence Bio,Domaine Provence Bio,USA,Canterbury,0.0,Beurre,153.72329730930213,9156.613548195404,Premium
Coopérative Oasis,Union Agricole Méditerranée,France,Andalousie,0.0,Olives de Table,142.52322089097592,3044.1458737528637,Bio Certifié
Cooperative Grains Alliance,Union Agricole Méditerranée,Tunisie,Toscane,0.0,Raisins de Table,268.81787414120004,3446.0434571415117,Bio Certifié
Domaine Saada,Fazenda Brasil,Maroc,Andalousie,0.0,Pommes,139.85094908799496,3020.2615296134054,Bio Certifié
Rungis International,Green Valley Farm,Maroc,Californie,0.0,Olives de Table,139.33325829786205,3558.8181462090124,Premium
Union Agricole Méditerranée,Ferme Al Baraka,Tunisie,Toscane,0.0,Pamplemousses,486.8742671633203,3157.0468749883466,Bio Certifié
Union Agricole Méditerranée,Mercabarna,France,Souss-Massa,0.0,Robusta,111.35207982857531,3872.4647580112314,Commerce Équitable
Domaine Saada,Ferme Al Baraka,Italie,Kansas,0.0,Pommes de terre,68.63844210932811,3612.983198740163,Premium
Fattoria Toscana,Domaine Provence Bio,USA,Catalogne,0.0,Raisins de Table,21.930720556311165,6798.649294645127,Commerce Équitable
Cooperative Grains Alliance,Domaine Provence Bio,Espagne,Canterbury,0.0,Salades,532.5847840814312,3185.835433765382,Premium
Rungis International,Cooperative Grains Alliance,Maroc,Provence,0.0,Raisins de Cuve,156.53717038527196,2682.7885661862583,Bio Certifié
Coopérative Oasis,Dairy Meadows,Maroc,Toscane,0.0,Yaourt,94.30402967525177,2355.5057951328236,Standard
Fattoria Toscana,Green Valley Farm,Tunisie,Marrakech-Safi,0.0,Yaourt,546.89199814373,2247.0762651757404,Premium
Hacienda El Sol,Hacienda El Sol,Maroc,Kansas,0.0,Oignons,1080.491453700812,1102.0317448199876,Commerce Équitable
Ferme Al Baraka,Union Agricole Méditerranée,Tunisie,Île-de-France,0.0,Bananes,257.64728615233685,5267.1687869706875,Bio Certifié
Fazenda Brasil,Hacienda El Sol,Italie,Île-de-France,0.0,Fromage,127.44459196687797,13745.985443912108,Standard
Union Agricole Méditerranée,Ferme Al Baraka,Brésil,Californie,0.0,Oranges,62.986586765466555,22187.15217920256,Standard
Fazenda Brasil,Rungis International,Nouvelle-Zélande,Toscane,0.0,Maïs,1023.7004785836364,2926.1088785359425,Standard
Coopérative Oasis,Domaine Saada,USA,Californie,0.0,Blé,63.68386192408612,19451.92306271923,Bio Certifié
Green Valley Farm,Fazenda Brasil,Nouvelle-Zélande,Kansas,0.0,Riz,38.80619960422734,2432.3251003081314,Premium
Rungis International,Ferme Al Baraka,Tunisie,Sfax,0.0,Raisins de Table,103.66723309271786,3430.662658384428,Premium
Domaine Provence Bio,Domaine Saada,Tunisie,Souss-Massa,0.0,Olives à Huile,221.4595173725727,2450.8997371627165,Premium
Mercabarna,Coopérative Oasis,USA,Sfax,0.0,Pommes,93.73588792439723,1705.467897236081,Commerce Équitable
Domaine Saada,Fattoria Toscana,Maroc,Catalogne,0.0,Pamplemousses,538.143899169827,5369.908552334535,Bio Certifié
Green Valley Farm,Hacienda El Sol,Maroc,Île-de-France,0.0,Oignons,132.5011509577718,3549.353401679423,Standard
Ferme Al Baraka,Hacienda El Sol,France,São Paulo,0.0,Olives de Table,56.75013174903937,2742.937212579823,Standard
Dairy Meadows,Dairy Meadows,France,Andalousie,0.0,Deglet Nour,88.55555496332576,1299.095216724175,Commerce Équitable
Fazenda Brasil,Dairy Meadows,Italie,Kansas,0.0,Raisins de Table,1191.6211005719083,-11.730143108416314,Bio Certifié
Coopérative Oasis,Cooperative Grains Alliance,Maroc,São Paulo,0.0,Blé,255.34324479166824,4342.267918201584,Standard
Hacienda El Sol,Union Agricole Méditerranée,Espagne,Île-de-France,0.0,Tomates,489.98286271250805,5645.276800040396,Commerce Équitable
Coopérative Oasis,Rungis International,Maroc,Souss-Massa,0.0,Olives de Table,129.19376648231878,2881.7446602756886,Bio Certifié
Green Valley Farm,Dairy Meadows,Maroc,Souss-Massa,0.0,Pommes,256.6803360063239,902.0828481030735,Premium
Ferme Al Baraka,Fazenda Brasil,Tunisie,Canterbury,0.0,Salades,119.99801405544119,3052.8016529403562,Bio Certifié
Cooperative Grains Alliance,Coopérative Oasis,USA,Californie,0.0,Yaourt,119.74891522706491,1239.6205684409792,Standard
Hacienda El Sol,Union Agricole Méditerranée,Tunisie,Île-de-France,0.0,Blé,94.25563200289608,3329.1363465156455,Standard
Ferme Al Baraka,Dairy Meadows,USA,Californie,0.0,Raisins de Table,413.6697138593362,2787.275398234725,Bio Certifié
Rungis International,Ferme Al Baraka,Nouvelle-Zélande,Canterbury,0.0,Tomates,716.866497180361,2564.181970884159,Bio Certifié
Mercabarna,Domaine Provence Bio,Maroc,Toscane,0.0,Maïs,397.63728849319597,3939.7566876812225,Premium
Fazenda Brasil,Fattoria Toscana,Tunisie,Provence,0.0,Olives à Huile,283.025005635694,12789.722104445016,Standard
Domaine Provence Bio,Marché Wholesale Agadir,Maroc,Souss-Massa,0.0,Citrons,238.62474331537058,3516.7764886435016,Bio Certifié
Green Valley Farm,Union Agricole Méditerranée,Maroc,Kansas,0.0,Arabica,409.314690642317,2031.075843769664,Commerce Équitable
Mercabarna,Hacienda El Sol,Espagne,Californie,0.0,Pommes,153.549482559764,572.1962375519435,Standard
Rungis International,Ferme Al Baraka,Tunisie,Souss-Massa,0.0,Raisins de Cuve,-15.756548610156607,990.975155139796,Premium
Dairy Meadows,Mercabarna,Espagne,São Paulo,0.0,Salades,329.3794908561728,4602.389050783337,Commerce Équitable
Dairy Meadows,Ferme Al Baraka,France,Sfax,0.0,Medjool,51.854814950547336,9586.736045005831,Standard
Marché Wholesale Agadir,Dairy Meadows,Maroc,Toscane,0.0,Salades,42.58402193303038,5363.673882398037,Premium
Domaine Saada,Fattoria Toscana,USA,Catalogne,0.0,Olives à Huile,94.62436545947821,2525.7709834609245,Standard
Domaine Saada,Union Agricole Méditerranée,France,Californie,0.0,Raisins de Table,29.377886057716488,-965.1668669891922,Commerce Équitable
Fattoria Toscana,Domaine Provence Bio,Tunisie,Sfax,0.0,Salades,304.09393689418187,3646.230637345203,Premium
Union Agricole Méditerranée,Union Agricole Méditerranée,Tunisie,Provence,0.0,Carottes,180.19326243575233,11450.01986535334,Bio Certifié
Dairy Meadows,Cooperative Grains Alliance,Nouvelle-Zélande,São Paulo,0.0,Mandarines,238.9826806630513,3175.156283608837,Standard
Marché Wholesale Agadir,Fattoria Toscana,Maroc,Canterbury,0.0,Raisins de Table,179.52779420486883,4787.4405434819455,Standard
Mercabarna,Ferme Al Baraka,Maroc,Californie,0.0,Tomates,-19.2018179524297,1761.5069150496756,Standard
Cooperative Grains Alliance,Ferme Al Baraka,Italie,Catalogne,0.0,Raisins de Cuve,152.9053109113029,5266.975771077739,Premium
Fattoria Toscana,Cooperative Grains Alliance,Espagne,Kansas,0.0,Fromage,139.99904797226085,1063.8061571145386,Bio Certifié
Mercabarna,Fattoria Toscana,France,Souss-Massa,0.0,Yaourt,1004.1968056370201,2631.222368954117,Standard
Union Agricole Méditerranée,Fattoria Toscana,Brésil,Canterbury,0.0,Oignons,164.98351568519593,3490.8655474623292,Commerce Équitable
Cooperative Grains Alliance,Hacienda El Sol,Nouvelle-Zélande,São Paulo,0.0,Olives de Table,137.14388496895816,10529.468841382371,Premium
Domaine Provence Bio,Fazenda Brasil,Espagne,Souss-Massa,0.0,Blé,392.1452372805403,4292.041661813001,Standard
Cooperative Grains Alliance,Domaine Saada,France,Souss-Massa,0.0,Olives à Huile,615.7674620263177,1838.5354232318114,Standard
Union Agricole Méditerranée,Ferme Al Baraka,Italie,Californie,0.0,Deglet Nour,230.89158962322065,3309.1955204815486,Commerce Équitable
Rungis International,Domaine Provence Bio,France,Catalogne,0.0,Riz,254.31334306376607,21458.84426981384,Premium
Domaine Saada,Mercabarna,Italie,Sfax,0.0,Citrons,154.4692176543559,2677.4994266601384,Bio Certifié
Dairy Meadows,Mercabarna,Brésil,Meknès-Fès,0.0,Citrons,48.38959539979754,3846.7261812507177,Standard
Fattoria Toscana,Coopérative Oasis,Maroc,Catalogne,0.0,Orge,185.2384648432029,5722.687007092174,Commerce Équitable
Ferme Al Baraka,Domaine Saada,Espagne,Canterbury,0.0,Olives à Huile,3.389447975405453,1475.490065052644,Standard
Domaine Saada,Mercabarna,Nouvelle-Zélande,Toscane,0.0,Raisins de Cuve,120.84053506506392,2142.3961267411373,Premium
Domaine Saada,Domaine Provence Bio,USA,Sfax,0.0,Deglet Nour,130.14083481935646,21413.580528627208,Standard
Dairy Meadows,Union Agricole Méditerranée,Tunisie,São Paulo,0.0,Raisins de Cuve,-47.378342781891924,2014.3611944426755,Bio Certifié
Dairy Meadows,Coopérative Oasis,France,Meknès-Fès,0.0,Pommes,97.53835712663954,1827.4485584448782,Bio Certifié
Rungis International,Domaine Provence Bio,Maroc,Marrakech-Safi,0.0,Olives à Huile,195.30310624718425,3531.6247958690496,Standard
Union Agricole Méditerranée,Hacienda El Sol,Nouvelle-Zélande,Souss-Massa,0.0,Citrons,77.41067070770735,2429.4108197914425,Standard
Union Agricole Méditerranée,Domaine Provence Bio,Brésil,São Paulo,0.0,Medjool,275.35203869503414,4173.214934106945,Standard
Green Valley Farm,Ferme Al Baraka,USA,Provence,0.0,Lait,74.09295623599272,11161.266900090315,Bio Certifié
Dairy Meadows,Hacienda El Sol,Maroc,Marrakech-Safi,0.0,Olives de Table,195.3569717042119,3711.7340397121507,Bio Certifié
Coopérative Oasis,Cooperative Grains Alliance,Maroc,Canterbury,0.0,Citrons,174.30164164674366,12718.709062360518,Premium
Coopérative Oasis,Coopérative Oasis,Espagne,Toscane,0.0,Raisins de Table,238.13613287042267,1624.696836021782,Standard
Fattoria Toscana,Green Valley Farm,Maroc,Île-de-France,0.0,Maïs,-12.202240918255448,8460.050033357837,Premium
Cooperative Grains Alliance,Fattoria Toscana,USA,Kansas,0.0,Fromage,199.54777004404923,779.2159032224166,Premium
Hacienda El Sol,Ferme Al Baraka,France,Souss-Massa,0.0,Riz,140.21274723546878,14040.030141807,Standard
Rungis International,Cooperative Grains Alliance,Brésil,Andalousie,0.0,Oignons,196.64457791487237,4991.831330574189,Standard
Ferme Al Baraka,Union Agricole Méditerranée,France,Provence,0.0,Raisins de Table,161.54631724609058,3914.136925087747,Premium
Coopérative Oasis,Fattoria Toscana,USA,Andalousie,0.0,Beurre,82.9309214659477,1464.398578073039,Premium
Dairy Meadows,Union Agricole Méditerranée,Espagne,Île-de-France,0.0,Citrons,88.59722142670883,1915.4348692501308,Bio Certifié
Cooperative Grains Alliance,Cooperative Grains Alliance,Maroc,Provence,0.0,Olives à Huile,134.33584193333738,4058.3946760650742,Premium
Dairy Meadows,Coopérative Oasis,Nouvelle-Zélande,São Paulo,0.0,Lait,115.61239965105673,1468.815112526288,Bio Certifié
Domaine Provence Bio,Coopérative Oasis,Maroc,Kansas,0.0,Blé,198.7862666202943,2802.1566445046365,Premium
Union Agricole Méditerranée,Mercabarna,France,Île-de-France,0.0,Oranges,305.78277087513726,4266.870550447028,Bio Certifié
Rungis International,Hacienda El Sol,Maroc,Souss-Massa,0.0,Beurre,463.59551826786225,2600.823784067459,Bio Certifié
Dairy Meadows,Green Valley Farm,Nouvelle-Zélande,Andalousie,0.0,Pommes,112.0313250948189,3021.7618696363443,Bio Certifié
Ferme Al Baraka,Rungis International,Tunisie,Toscane,0.0,Deglet Nour,54.48339430614586,3137.6556910740646,Standard
Domaine Saada,Domaine Provence Bio,Nouvelle-Zélande,Toscane,0.0,Mandarines,74.97865964743038,4894.79166380374,Bio Certifié
Fazenda Brasil,Domaine Provence Bio,France,Californie,0.0,Tomates,47.68865408387886,2034.293490111334,Premium
Green Valley Farm,Fattoria Toscana,Maroc,Catalogne,0.0,Oranges,155.13325111189704,2606.5157251086885,Standard
Fattoria Toscana,Domaine Saada,Italie,São Paulo,0.0,Medjool,165.50832500219067,12998.186186086881,Bio Certifié
Dairy Meadows,Fazenda Brasil,France,Île-de-France,0.0,Pamplemousses,282.56308181459923,4675.415630269328,Bio Certifié
Rungis International,Union Agricole Méditerranée,Brésil,Catalogne,0.0,Raisins de Cuve,162.2977072018553,2588.5687637982246,Premium
Rungis International,Coopérative Oasis,Maroc,Canterbury,0.0,Robusta,19.284608520851876,2153.0014796609375,Premium
Union Agricole Méditerranée,Green Valley Farm,Brésil,Meknès-Fès,0.0,Yaourt,89.11932835105966,2558.4716939189802,Bio Certifié
Cooperative Grains Alliance,Fazenda Brasil,Nouvelle-Zélande,Kansas,0.0,Raisins de Table,115.3879185918758,2296.5139579984375,Standard
Marché Wholesale Agadir,Green Valley Farm,Tunisie,Sfax,0.0,Oignons,126.19824283989168,2081.3729061627796,Premium
Union Agricole Méditerranée,Ferme Al Baraka,Brésil,Souss-Massa,0.0,Raisins de Table,280.5753947524074,5009.180522771729,Premium
Cooperative Grains Alliance,Fattoria Toscana,Italie,Kansas,0.0,Yaourt,142.82041472280008,2019.570572871543,Standard
Dairy Meadows,Cooperative Grains Alliance,Maroc,Canterbury,0.0,Beurre,261.88796859342693,1608.9767487532874,Bio Certifié
Green Valley Farm,Rungis International,Italie,Canterbury,0.0,Olives à Huile,68.7527267199486,1954.6099322970456,Bio Certifié
Cooperative Grains Alliance,Green Valley Farm,Nouvelle-Zélande,Canterbury,0.0,Riz,643.2344938024205,2213.0594023978165,Standard
Fazenda Brasil,Union Agricole Méditerranée,Brésil,Sfax,0.0,Riz,176.49201523494844,5349.82606122163,Bio Certifié
Fattoria Toscana,Fazenda Brasil,France,Catalogne,0.0,Riz,238.40676889509837,2616.0607238226794,Standard
Fattoria Toscana,Domaine Provence Bio,Maroc,Toscane,0.0,Arabica,64.20103229299225,3955.987506189911,Bio Certifié
Marché Wholesale Agadir,Domaine Saada,Italie,Sfax,0.0,Oignons,81.08317770200604,2989.071269110892,Standard
Dairy Meadows,Union Agricole Méditerranée,France,Île-de-France,0.0,Raisins de Cuve,55.3321609165774,4587.233668101705,Bio Certifié
Rungis International,Fazenda Brasil,Espagne,Canterbury,0.0,Pommes,94.0777822808175,3147.9521257161796,Bio Certifié
Marché Wholesale Agadir,Dairy Meadows,Maroc,Provence,0.0,Pommes,173.95509581605583,5618.1507969107915,Premium
Rungis International,Fattoria Toscana,Espagne,Californie,0.0,Robusta,-11.339195762370743,2570.7505224323827,Standard
Ferme Al Baraka,Union Agricole Méditerranée,Espagne,Catalogne,0.0,Raisins de Cuve,157.02522091144152,-230.3130439181125,Premium
Rungis International,Rungis International,Espagne,Kansas,0.0,Yaourt,470.10528449360277,1165.7585528509087,Bio Certifié
Domaine Saada,Mercabarna,Espagne,Marrakech-Safi,0.0,Riz,161.27792187577322,3014.9409338743258,Bio Certifié
Dairy Meadows,Ferme Al Baraka,Maroc,Provence,0.0,Deglet Nour,282.641564530731,14664.34289949221,Standard
Rungis International,Ferme Al Baraka,Nouvelle-Zélande,Andalousie,0.0,Mandarines,260.8373618921353,3647.212520223936,Premium
Fazenda Brasil,Fazenda Brasil,Italie,Canterbury,0.0,Robusta,129.20885596745902,2932.9472003807095,Premium
Domaine Provence Bio,Union Agricole Méditerranée,Maroc,Souss-Massa,0.0,Raisins de Cuve,1203.8852424787578,2128.789673135103,Premium
Rungis International,Union Agricole Méditerranée,France,Californie,0.0,Deglet Nour,255.81793972500697,5319.389279573754,Standard
Fattoria Toscana,Domaine Provence Bio,Tunisie,Marrakech-Safi,0.0,Deglet Nour,201.00842753974598,11522.567619086218,Standard
Mercabarna,Mercabarna,Tunisie,Provence,0.0,Raisins de Cuve,193.9412950445594,3156.729877314185,Bio Certifié
Green Valley Farm,Domaine Provence Bio,Maroc,Sfax,0.0,Fromage,628.4546091281761,1804.837978699545,Bio Certifié
Domaine Saada,Rungis International,France,Canterbury,0.0,Pommes,260.91361282800426,2703.950850648559,Premium
Domaine Saada,Ferme Al Baraka,Maroc,Marrakech-Safi,0.0,Tomates,567.4957649838605,1017.3074938299346,Premium
Hacienda El Sol,Fazenda Brasil,Italie,Meknès-Fès,0.0,Bananes,558.1798585286904,3708.235020294478,Standard
Marché Wholesale Agadir,Domaine Provence Bio,Nouvelle-Zélande,Souss-Massa,0.0,Raisins de Table,193.76219327256862,3486.3468604985464,Standard
Coopérative Oasis,Ferme Al Baraka,USA,Californie,0.0,Beurre,82.5607808032103,2341.7150452803035,Bio Certifié
Domaine Saada,Green Valley Farm,France,Marrakech-Safi,0.0,Oranges,264.13331861522136,1151.8803594550623,Commerce Équitable
Cooperative Grains Alliance,Rungis International,USA,Souss-Massa,0.0,Oranges,561.2989966295376,10029.750080351369,Premium
Union Agricole Méditerranée,Marché Wholesale Agadir,Brésil,Toscane,0.0,Medjool,129.048044170119,4874.898767327189,Bio Certifié
Rungis International,Union Agricole Méditerranée,Espagne,São Paulo,0.0,Raisins de Table,273.12987478138746,674.7795258743037,Standard
Dairy Meadows,Rungis International,Espagne,Toscane,0.0,Raisins de Cuve,638.9827434343806,4273.890256219915,Standard
Hacienda El Sol,Coopérative Oasis,Espagne,Souss-Massa,0.0,Raisins de Cuve,186.43036880309575,1943.7930539603647,Bio Certifié
Rungis International,Ferme Al Baraka,Maroc,Californie,0.0,Oranges,257.790730361848,2951.4789053082013,Commerce Équitable
Ferme Al Baraka,Dairy Meadows,Espagne,Californie,0.0,Riz,97.8402366199413,2840.2577432120984,Premium
Hacienda El Sol,Union Agricole Méditerranée,Maroc,Marrakech-Safi,0.0,Fromage,271.4188246279378,4216.027541280865,Bio Certifié
Marché Wholesale Agadir,Cooperative Grains Alliance,Espagne,Catalogne,0.0,Tomates,3.691775028144427,3437.698793752743,Bio Certifié
Domaine Saada,Mercabarna,Tunisie,Toscane,0.0,Medjool,175.52187160432683,3582.587014444724,Standard
Rungis International,Union Agricole Méditerranée,Brésil,Souss-Massa,0.0,Raisins de Cuve,158.3391070307029,3309.2025122260675,Bio Certifié
Ferme Al Baraka,Dairy Meadows,USA,Île-de-France,0.0,Robusta,85.1648371108912,725.2058076624348,Premium
Fattoria Toscana,Dairy Meadows,Brésil,Kansas,0.0,Fromage,669.4810096276724,21874.269343291686,Premium
Coopérative Oasis,Green Valley Farm,France,Canterbury,0.0,Yaourt,126.48038522503276,5557.004673506236,Standard
Cooperative Grains Alliance,Union Agricole Méditerranée,USA,Provence,0.0,Olives à Huile,128.71057530543212,3237.858954196304,Standard
Union Agricole Méditerranée,Coopérative Oasis,Maroc,Kansas,0.0,Raisins de Table,234.84183985397678,1467.7469173734194,Standard
Union Agricole Méditerranée,Mercabarna,Nouvelle-Zélande,São Paulo,0.0,Salades,1341.801172947638,2994.8797435173797,Bio Certifié
Coopérative Oasis,Cooperative Grains Alliance,Italie,Meknès-Fès,0.0,Maïs,37.47501999135632,5410.604827199207,Bio Certifié
Ferme Al Baraka,Dairy Meadows,Maroc,Andalousie,0.0,Raisins de Table,150.3287626569472,2738.0163934353945,Bio Certifié
Dairy Meadows,Domaine Provence Bio,USA,Californie,0.0,Olives à Huile,221.44847728457867,13475.022885329414,Standard
Coopérative Oasis,Fazenda Brasil,Maroc,Catalogne,0.0,Oignons,153.67984623252016,2065.494488541717,Standard
Hacienda El Sol,Fattoria Toscana,Espagne,São Paulo,0.0,Salades,177.49294106164473,4535.743898886569,Bio Certifié
Domaine Saada,Hacienda El Sol,France,Île-de-France,0.0,Maïs,101.91496343855499,1180.122443030568,Premium
Hacienda El Sol,Hacienda El Sol,Maroc,Kansas,0.0,Salades,206.6620825668479,18012.98063115846,Premium
Fazenda Brasil,Hacienda El Sol,Italie,Meknès-Fès,0.0,Medjool,104.43340235601863,3495.30611682351,Premium
Domaine Saada,Green Valley Farm,Tunisie,Andalousie,0.0,Olives à Huile,205.37323884475842,1580.4215288775636,Bio Certifié
Marché Wholesale Agadir,Domaine Provence Bio,France,Californie,0.0,Tomates,227.58907424158758,-465.62767205326395,Standard
Domaine Provence Bio,Mercabarna,Maroc,Toscane,0.0,Riz,64.95775588372241,2529.766522978814,Bio Certifié
Ferme Al Baraka,Mercabarna,USA,São Paulo,0.0,Blé,186.3471858752854,1663.605565962689,Standard
Rungis International,Fattoria Toscana,Espagne,Sfax,0.0,Salades,318.6228922799467,2449.998697318003,Bio Certifié
Union Agricole Méditerranée,Fattoria Toscana,USA,Andalousie,0.0,Medjool,-18.826826335030127,321.9348273793646,Premium
Domaine Provence Bio,Coopérative Oasis,Maroc,Californie,0.0,Riz,128.728892104279,10660.600202543395,Standard
Fazenda Brasil,Hacienda El Sol,France,Meknès-Fès,0.0,Raisins de Table,472.5340124129408,1780.181790501173,Bio Certifié
Hacienda El Sol,Dairy Meadows,Maroc,Californie,0.0,Raisins de Table,160.0272246137986,5649.570049411109,Bio Certifié
Ferme Al Baraka,Domaine Provence Bio,Italie,Meknès-Fès,0.0,Raisins de Table,96.8067532392393,7621.754679143487,Bio Certifié
Fazenda Brasil,Rungis International,USA,Catalogne,0.0,Pommes,114.35047498584673,3058.6882250327335,Bio Certifié
Domaine Saada,Domaine Saada,Brésil,Kansas,0.0,Orge,6.5320495064447925,670.9838861713671,Standard
Ferme Al Baraka,Fattoria Toscana,Tunisie,Sfax,0.0,Olives à Huile,95.21819829839785,1338.0870776684974,Bio Certifié
Union Agricole Méditerranée,Fazenda Brasil,France,Meknès-Fès,0.0,Carottes,500.84063335759066,2085.2729980961035,Premium
Fattoria Toscana,Cooperative Grains Alliance,Maroc,Souss-Massa,0.0,Orge,-13.618026933549324,2750.7765205918595,Bio Certifié
Hacienda El Sol,Marché Wholesale Agadir,USA,Catalogne,0.0,Pamplemousses,233.86398425518928,5319.276520658449,Premium
Rungis International,Domaine Saada,USA,São Paulo,0.0,Raisins de Table,127.8327115237235,10949.990053965836,Standard
Domaine Saada,Domaine Saada,Maroc,Californie,0.0,Raisins de Cuve,140.77780660595923,1842.4259210362102,Premium
Domaine Saada,Rungis International,France,Californie,0.0,Deglet Nour,156.0621406670349,4861.373542137299,Bio Certifié
Mercabarna,Marché Wholesale Agadir,Brésil,Meknès-Fès,0.0,Pamplemousses,607.4179684287,2501.9466317325687,Premium
Ferme Al Baraka,Domaine Saada,Espagne,Provence,0.0,Riz,120.58517589152089,7855.730934124863,Standard
Mercabarna,Fazenda Brasil,Italie,Île-de-France,0.0,Citrons,30.493383018192045,6583.489325834509,Standard
Union Agricole Méditerranée,Marché Wholesale Agadir,Italie,Sfax,0.0,Robusta,35.23136995041352,2793.764916147128,Bio Certifié
Coopérative Oasis,Domaine Provence Bio,USA,Île-de-France,0.0,Citrons,209.72347107886588,1391.4292541806847,Standard
Domaine Provence Bio,Hacienda El Sol,Nouvelle-Zélande,Souss-Massa,0.0,Olives à Huile,253.01599808924917,2556.4295923327013,Premium
Rungis International,Domaine Provence Bio,Espagne,Souss-Massa,0.0,Pommes,50.90010644598458,3523.3203065387734,Bio Certifié
Rungis International,Cooperative Grains Alliance,Maroc,Catalogne,0.0,Raisins de Table,160.53153649029775,3526.197562261992,Standard
Marché Wholesale Agadir,Mercabarna,Maroc,Souss-Massa,0.0,Olives à Huile,47.56938096548636,22855.167988898826,Bio Certifié
Dairy Meadows,Hacienda El Sol,Maroc,São Paulo,0.0,Carottes,52.494976021859515,4547.616942245381,Premium
Rungis International,Domaine Saada,Italie,Marrakech-Safi,0.0,Olives à Huile,100.85156312521943,2315.23472531281,Bio Certifié
Green Valley Farm,Hacienda El Sol,Espagne,Sfax,0.0,Robusta,-11.640334529076675,5013.9256631178105,Bio Certifié
Cooperative Grains Alliance,Cooperative Grains Alliance,USA,Toscane,0.0,Raisins de Table,158.97288288138782,5401.189529047437,Standard
Coopérative Oasis,Dairy Meadows,Maroc,Catalogne,0.0,Oignons,779.7143648757879,1112.7264566353908,Bio Certifié
Marché Wholesale Agadir,Mercabarna,USA,Souss-Massa,0.0,Tomates,14.178093460884845,1023.7070220816233,Bio Certifié
Domaine Saada,Union Agricole Méditerranée,Maroc,Souss-Massa,0.0,Deglet Nour,100.22693532950952,3352.602504045434,Standard
Marché Wholesale Agadir,Mercabarna,Maroc,Toscane,0.0,Fromage,9.120346183957935,2911.603898563491,Standard
Marché Wholesale Agadir,Union Agricole Méditerranée,Maroc,Kansas,0.0,Blé,158.29799409745817,3799.6840492546526,Standard
Marché Wholesale Agadir,Marché Wholesale Agadir,Italie,São Paulo,0.0,Orge,87.88677657589791,1736.5342963113565,Bio Certifié
Ferme Al Baraka,Ferme Al Baraka,Maroc,Canterbury,0.0,Courgettes,589.5541610879477,2138.253912896266,Standard
Coopérative Oasis,Fattoria Toscana,Espagne,Toscane,0.0,Riz,262.05692617702186,2618.3777791614584,Standard
Domaine Provence Bio,Cooperative Grains Alliance,Maroc,São Paulo,0.0,Olives de Table,284.0882584308116,2363.344288274447,Standard
Union Agricole Méditerranée,Ferme Al Baraka,Maroc,Canterbury,0.0,Riz,274.8497030480626,1577.2119450213047,Bio Certifié
Rungis International,Fazenda Brasil,Brésil,Andalousie,0.0,Riz,140.78449630270808,2794.1323408112444,Standard
Green Valley Farm,Fazenda Brasil,Maroc,Provence,0.0,Orge,251.87737842164978,4851.206565400949,Premium
Domaine Saada,Marché Wholesale Agadir,France,Marrakech-Safi,0.0,Lait,234.98803446868507,401.255568268008,Bio Certifié
Hacienda El Sol,Fazenda Brasil,Espagne,São Paulo,0.0,Maïs,-9.539886061212066,5396.4626354032,Standard
Union Agricole Méditerranée,Union Agricole Méditerranée,Espagne,São Paulo,0.0,Yaourt,100.3601981131569,3044.4390832745557,Standard
Fattoria Toscana,Union Agricole Méditerranée,Maroc,Toscane,0.0,Pamplemousses,40.92340203141818,4492.309264497817,Premium
Marché Wholesale Agadir,Domaine Provence Bio,Maroc,Toscane,0.0,Lait,115.04318021263379,450.6646401499338,Premium
Fazenda Brasil,Union Agricole Méditerranée,Espagne,Toscane,0.0,Citrons,134.59601622876056,3642.4067141324476,Bio Certifié
Union Agricole Méditerranée,Domaine Provence Bio,France,Catalogne,0.0,Raisins de Table,138.68909384308083,226.5356243080107,Bio Certifié
Domaine Saada,Coopérative Oasis,Maroc,Kansas,0.0,Citrons,-10.473787140515903,2917.1418827726957,Bio Certifié
Rungis International,Fattoria Toscana,USA,Provence,0.0,Lait,-1.7799981886279355,11291.738181447645,Bio Certifié
Domaine Saada,Fazenda Brasil,Maroc,Californie,0.0,Salades,1035.7307999228383,3180.556677740239,Bio Certifié
Coopérative Oasis,Union Agricole Méditerranée,Maroc,Canterbury,0.0,Pommes de terre,123.28503602648233,3836.9384830529043,Commerce Équitable
Fattoria Toscana,Dairy Meadows,USA,Marrakech-Safi,0.0,Raisins de Table,246.19768590478844,1829.1763387084818,Standard
Green Valley Farm,Domaine Saada,Brésil,Sfax,0.0,Pommes,234.79486909265648,3424.808354161244,Premium
Coopérative Oasis,Ferme Al Baraka,Italie,Andalousie,0.0,Bananes,330.3618883211982,3365.838855754914,Standard
Rungis International,Green Valley Farm,USA,Provence,0.0,Tomates,113.37203939249552,4614.056034708428,Standard
Fazenda Brasil,Dairy Meadows,Italie,Canterbury,0.0,Maïs,154.42609859867142,3101.8863856828807,Bio Certifié
Hacienda El Sol,Fazenda Brasil,France,Canterbury,0.0,Pamplemousses,16.776276503445004,3771.232269911598,Standard
Green Valley Farm,Fattoria Toscana,France,Toscane,0.0,Olives à Huile,-8.247419671436099,1989.9410026843175,Standard
Cooperative Grains Alliance,Cooperative Grains Alliance,USA,Souss-Massa,0.0,Tomates,55.66456797470045,1822.152998272697,Bio Certifié
Coopérative Oasis,Cooperative Grains Alliance,USA,Catalogne,0.0,Pommes de terre,134.8745120303588,3447.9969109562835,Premium
Domaine Saada,Mercabarna,Maroc,Île-de-France,0.0,Oranges,237.42274892662084,5580.559169854492,Bio Certifié
Fattoria Toscana,Rungis International,Maroc,Souss-Massa,0.0,Arabica,767.3824100822758,3058.537906202173,Bio Certifié
Rungis International,Marché Wholesale Agadir,Tunisie,Provence,0.0,Deglet Nour,32.99593087858511,1622.293935205002,Standard
Domaine Saada,Green Valley Farm,Espagne,Meknès-Fès,0.0,Citrons,238.61882898251665,2000.88968226295,Bio Certifié
Union Agricole Méditerranée,Ferme Al Baraka,Maroc,Andalousie,0.0,Raisins de Cuve,143.18210802150628,4704.79046812509,Standard
Coopérative Oasis,Domaine Saada,Brésil,Californie,0.0,Salades,602.6503505852131,13747.011860949486,Commerce Équitable
Fazenda Brasil,Domaine Provence Bio,Brésil,Californie,0.0,Tomates,170.52932429522644,4356.691009419345,Commerce Équitable
Cooperative Grains Alliance,Hacienda El Sol,France,Andalousie,0.0,Orge,402.3023814017086,4898.616486125538,Commerce Équitable
Union Agricole Méditerranée,Fattoria Toscana,Italie,Meknès-Fès,0.0,Olives de Table,270.4664978571543,27940.81961970003,Standard
Domaine Saada,Domaine Saada,Brésil,Kansas,0.0,Olives à Huile,94.4266053932981,3005.9538685333778,Bio Certifié
Ferme Al Baraka,Rungis International,Italie,Canterbury,0.0,Arabica,125.44060873392411,3048.401845681918,Bio Certifié
Domaine Provence Bio,Cooperative Grains Alliance,Brésil,Catalogne,0.0,Pommes,150.5114387985499,2481.2528087628198,Standard
Hacienda El Sol,Hacienda El Sol,Maroc,São Paulo,0.0,Bananes,100.09946980897189,3707.882151841214,Standard
Fattoria Toscana,Ferme Al Baraka,Maroc,Toscane,0.0,Riz,338.5638969182866,2463.4702376991945,Standard
Green Valley Farm,Fattoria Toscana,USA,Canterbury,0.0,Robusta,301.91900068849986,2897.4188030882515,Premium
Domaine Provence Bio,Ferme Al Baraka,Maroc,Canterbury,0.0,Lait,1349.0451103894413,2555.265383146688,Premium
Ferme Al Baraka,Mercabarna,France,Kansas,0.0,Salades,36.58595923500545,1778.6450230233763,Premium
Fazenda Brasil,Dairy Meadows,Brésil,Kansas,0.0,Salades,108.83380004792991,11918.366966045107,Bio Certifié
Fazenda Brasil,Domaine Saada,Italie,Canterbury,0.0,Oranges,615.008517309024,2625.3637741992984,Bio Certifié
Green Valley Farm,Fazenda Brasil,Nouvelle-Zélande,Californie,0.0,Deglet Nour,117.61977751515978,3088.3987080374277,Bio Certifié
Hacienda El Sol,Fattoria Toscana,Maroc,Souss-Massa,0.0,Orge,637.0770254312474,2775.2629191949472,Bio Certifié
Rungis International,Green Valley Farm,USA,Kansas,0.0,Salades,225.91606815443095,1901.0825361642615,Premium
Green Valley Farm,Ferme Al Baraka,France,Marrakech-Safi,0.0,Fromage,57.75139878587226,3509.5554397745473,Bio Certifié
Coopérative Oasis,Union Agricole Méditerranée,Tunisie,São Paulo,0.0,Olives de Table,616.5109247547426,12201.474284271451,Premium
Mercabarna,Fazenda Brasil,USA,São Paulo,0.0,Raisins de Table,61.231735876998954,3316.437592102999,Standard
Union Agricole Méditerranée,Hacienda El Sol,Maroc,Canterbury,0.0,Arabica,127.13770399274745,1618.3891369684018,Bio Certifié
Fazenda Brasil,Domaine Provence Bio,USA,Canterbury,0.0,Deglet Nour,265.139245657262,2799.993038767845,Bio Certifié
Ferme Al Baraka,Mercabarna,Maroc,Toscane,0.0,Olives à Huile,68.60053142805707,3259.351825586927,Standard
Dairy Meadows,Fattoria Toscana,Maroc,Californie,0.0,Olives à Huile,42.05067918780591,2629.8259270991907,Standard
Dairy Meadows,Mercabarna,Italie,Canterbury,0.0,Raisins de Table,-8.354513950164524,1965.366015274832,Standard
Domaine Provence Bio,Dairy Meadows,Maroc,Souss-Massa,0.0,Riz,104.76325324860478,2901.332030852161,Bio Certifié
Fattoria Toscana,Union Agricole Méditerranée,France,São Paulo,0.0,Robusta,440.17798854707604,4660.434517845548,Bio Certifié
Green Valley Farm,Mercabarna,Espagne,Provence,0.0,Mandarines,164.33436830071795,3445.1542234282406,Standard
Rungis International,Marché Wholesale Agadir,Italie,Catalogne,0.0,Tomates,-22.193459101586818,3289.6510768534217,Standard
Rungis International,Fattoria Toscana,Brésil,Souss-Massa,0.0,Maïs,191.66951324414862,1534.878236856397,Standard
Dairy Meadows,Fazenda Brasil,Maroc,Sfax,0.0,Carottes,109.00189692780054,314.2423247990414,Standard
Cooperative Grains Alliance,Fattoria Toscana,Nouvelle-Zélande,Californie,0.0,Bananes,95.81449289900728,3580.2368166407805,Standard
Marché Wholesale Agadir,Union Agricole Méditerranée,France,Meknès-Fès,0.0,Raisins de Cuve,788.8555162157702,3512.576310557528,Premium
Cooperative Grains Alliance,Dairy Meadows,USA,São Paulo,0.0,Tomates,475.7281295827638,3641.98639695195,Standard
Fattoria Toscana,Rungis International,Brésil,Kansas,0.0,Raisins de Table,301.4087716740306,3617.590645758855,Premium
Rungis International,Hacienda El Sol,Brésil,Catalogne,0.0,Oignons,121.64749923636688,1151.0911180741166,Standard
Coopérative Oasis,Union Agricole Méditerranée,France,Toscane,0.0,Tomates,195.43965040169914,1608.1250992558548,Bio Certifié
Mercabarna,Ferme Al Baraka,Nouvelle-Zélande,Canterbury,0.0,Raisins de Cuve,202.4254100712975,4000.287939954319,Premium
Fazenda Brasil,Fazenda Brasil,Maroc,Toscane,0.0,Courgettes,103.97153479724705,4570.411491972285,Bio Certifié
Mercabarna,Domaine Saada,France,Canterbury,0.0,Riz,71.90173892470129,9049.942636711938,Bio Certifié
Coopérative Oasis,Domaine Provence Bio,Maroc,Californie,0.0,Oignons,156.95574986549474,1521.3258355361504,Premium
Union Agricole Méditerranée,Union Agricole Méditerranée,USA,Kansas,0.0,Pamplemousses,236.32627969950735,1665.4511237767617,Standard
Cooperative Grains Alliance,Ferme Al Baraka,Maroc,Provence,0.0,Olives de Table,144.64381342831987,3477.3688809892956,Premium
Marché Wholesale Agadir,Fazenda Brasil,Espagne,São Paulo,0.0,Tomates,-59.67572271516196,1303.688544763481,Bio Certifié
Fazenda Brasil,Fattoria Toscana,Maroc,Canterbury,0.0,Olives de Table,406.50452106068235,2526.2837890845885,Premium
Fattoria Toscana,Ferme Al Baraka,Brésil,Meknès-Fès,0.0,Olives à Huile,218.95927883837624,1640.9116804773857,Bio Certifié
Ferme Al Baraka,Domaine Saada,Espagne,Andalousie,0.0,Oranges,53.982764922506746,4651.198265455627,Standard
Hacienda El Sol,Mercabarna,France,Andalousie,0.0,Pamplemousses,110.55067701065495,-87.46685990503101,Premium
Coopérative Oasis,Domaine Provence Bio,Brésil,Sfax,0.0,Raisins de Table,508.9984134639357,2013.0669681943357,Bio Certifié
Dairy Meadows,Domaine Provence Bio,Nouvelle-Zélande,Marrakech-Safi,0.0,Carottes,-25.08250573162595,1522.3725569988287,Standard
Ferme Al Baraka,Coopérative Oasis,Italie,Kansas,0.0,Olives à Huile,125.87089497014827,18369.822989755678,Bio Certifié
Green Valley Farm,Domaine Provence Bio,France,Catalogne,0.0,Riz,49.2392799830331,2734.9487474447897,Standard
Fazenda Brasil,Fazenda Brasil,Nouvelle-Zélande,Provence,0.0,Carottes,624.3973936767279,5227.216350310896,Bio Certifié
Hacienda El Sol,Dairy Meadows,Espagne,São Paulo,0.0,Riz,126.9893517239598,3853.0430148026503,Bio Certifié
Dairy Meadows,Union Agricole Méditerranée,France,Provence,0.0,Deglet Nour,90.19531542105453,11764.712017118041,Bio Certifié
Coopérative Oasis,Union Agricole Méditerranée,France,Californie,0.0,Olives à Huile,136.3669643382775,2402.8237413015136,Bio Certifié
Rungis International,Fazenda Brasil,Maroc,Souss-Massa,0.0,Bananes,976.194472268661,4320.857124215341,Premium
Marché Wholesale Agadir,Fazenda Brasil,Espagne,São Paulo,0.0,Deglet Nour,178.23455320034446,3365.357090674086,Premium
Fazenda Brasil,Domaine Provence Bio,Italie,Kansas,0.0,Olives de Table,84.74093399361143,2499.396207343179,Bio Certifié
Fazenda Brasil,Fazenda Brasil,France,Provence,0.0,Deglet Nour,188.04599864896815,844.8190573228848,Standard
Mercabarna,Domaine Provence Bio,Nouvelle-Zélande,Île-de-France,0.0,Pamplemousses,252.03858486332553,3071.035680976217,Premium
Green Valley Farm,Dairy Meadows,Nouvelle-Zélande,São Paulo,0.0,Riz,862.4099212938581,10213.674500123783,Bio Certifié
Marché Wholesale Agadir,Rungis International,Maroc,Kansas,0.0,Salades,480.70474385349576,2917.698305836042,Premium
Ferme Al Baraka,Domaine Provence Bio,USA,Souss-Massa,0.0,Oignons,175.33946969825402,2015.081246604632,Standard
Hacienda El Sol,Dairy Meadows,Maroc,Île-de-France,0.0,Courgettes,101.89131777283481,4435.180266546218,Bio Certifié
Ferme Al Baraka,Dairy Meadows,Maroc,Souss-Massa,0.0,Pommes,59.05843260129969,3023.9325421311223,Bio Certifié
Green Valley Farm,Marché Wholesale Agadir,USA,Catalogne,0.0,Lait,130.3822927937923,9919.92483324634,Premium
Cooperative Grains Alliance,Rungis International,Brésil,Andalousie,0.0,Maïs,281.1837439914438,12217.76644348133,Commerce Équitable
Fattoria Toscana,Dairy Meadows,Brésil,Californie,0.0,Olives à Huile,292.44728798252845,3102.0781542426957,Premium
Green Valley Farm,Fattoria Toscana,Nouvelle-Zélande,Toscane,0.0,Salades,1287.1182393154486,3382.5117885397995,Premium
Ferme Al Baraka,Coopérative Oasis,USA,Toscane,0.0,Orge,1086.447127942918,2289.782438216237,Bio Certifié
Marché Wholesale Agadir,Domaine Provence Bio,Italie,Meknès-Fès,0.0,Citrons,60.42924356365684,1591.1036348529628,Premium
Fazenda Brasil,Rungis International,Italie,Kansas,0.0,Salades,144.3135552664176,2008.8613431201115,Standard
Marché Wholesale Agadir,Fazenda Brasil,Maroc,Provence,0.0,Maïs,370.95527558991967,13750.71183688046,Commerce Équitable
Ferme Al Baraka,Mercabarna,France,Canterbury,0.0,Riz,519.7260172632677,3277.4181606349293,Commerce Équitable
Ferme Al Baraka,Fazenda Brasil,Italie,Provence,0.0,Pommes,113.73764704519294,158.47625636951875,Premium
Fattoria Toscana,Green Valley Farm,Espagne,Île-de-France,0.0,Deglet Nour,327.7397211378887,3933.519104312448,Premium
Green Valley Farm,Cooperative Grains Alliance,Espagne,Toscane,0.0,Tomates,107.48061772071398,20375.452448150703,Standard
Coopérative Oasis,Domaine Provence Bio,Maroc,Marrakech-Safi,0.0,Riz,49.12995657581804,1865.0495998967413,Bio Certifié
Mercabarna,Green Valley Farm,Espagne,Toscane,0.0,Tomates,376.13394807457934,22069.58689812678,Bio Certifié
Dairy Meadows,Fazenda Brasil,France,Kansas,0.0,Robusta,609.198169350818,5512.257203175007,Bio Certifié
Fazenda Brasil,Domaine Saada,USA,Meknès-Fès,0.0,Riz,189.54362058209784,3214.9241276641997,Premium
Coopérative Oasis,Domaine Saada,USA,Andalousie,0.0,Olives à Huile,259.4802677305915,3633.1808959067966,Bio Certifié
Fazenda Brasil,Hacienda El Sol,Brésil,Kansas,0.0,Beurre,113.57824633751716,-539.5420906982088,Standard
Fazenda Brasil,Ferme Al Baraka,France,Canterbury,0.0,Oranges,238.07981688149147,5327.47527698568,Premium
Domaine Provence Bio,Ferme Al Baraka,Maroc,Souss-Massa,0.0,Mandarines,163.30871144364906,4787.113528372325,Standard
Union Agricole Méditerranée,Dairy Meadows,Italie,Californie,0.0,Fromage,31.295157175497728,91.43132772491231,Bio Certifié
Marché Wholesale Agadir,Coopérative Oasis,Brésil,Catalogne,0.0,Blé,211.51602362408323,9660.026683302622,Standard
Dairy Meadows,Fattoria Toscana,Maroc,Toscane,0.0,Carottes,41.38505552395586,3067.6554150727916,Bio Certifié
Domaine Provence Bio,Dairy Meadows,USA,São Paulo,0.0,Raisins de Table,22.657536582164525,2892.3673435781693,Bio Certifié
Fazenda Brasil,Fazenda Brasil,Brésil,Toscane,0.0,Robusta,117.93678776406446,3065.4812091990207,Bio Certifié
Fattoria Toscana,Domaine Provence Bio,France,Kansas,0.0,Maïs,56.703440268277795,826.4863728012576,Premium
Dairy Meadows,Cooperative Grains Alliance,France,São Paulo,0.0,Orge,75.39010860996888,12740.988326694574,Premium
Ferme Al Baraka,Mercabarna,France,Souss-Massa,0.0,Bananes,16.541179354244896,5488.51525047577,Premium
Mercabarna,Fattoria Toscana,Espagne,Californie,0.0,Carottes,141.278246624234,13710.515678899348,Bio Certifié
Rungis International,Domaine Provence Bio,Maroc,Meknès-Fès,0.0,Bananes,316.6460904857239,2128.357254848801,Bio Certifié
Fazenda Brasil,Domaine Saada,Italie,Sfax,0.0,Raisins de Table,396.9408949996453,5351.991146437369,Bio Certifié
Fazenda Brasil,Domaine Saada,Nouvelle-Zélande,Californie,0.0,Raisins de Table,64.11046207082356,4081.6045520874777,Standard
Fattoria Toscana,Dairy Meadows,Maroc,Californie,0.0,Olives à Huile,67.96860046693061,3849.2613371121815,Commerce Équitable
Rungis International,Fazenda Brasil,Maroc,Provence,0.0,Olives de Table,260.8239945382053,3500.500659744448,Standard
Rungis International,Domaine Provence Bio,Tunisie,Andalousie,0.0,Bananes,118.57387200084835,3297.0481000154623,Premium
Cooperative Grains Alliance,Domaine Saada,Tunisie,Provence,0.0,Maïs,1082.6206365402509,4940.9029325454885,Commerce Équitable
Dairy Meadows,Cooperative Grains Alliance,Nouvelle-Zélande,Provence,0.0,Raisins de Table,129.35664030542205,2378.6521479937437,Standard
Mercabarna,Fattoria Toscana,Maroc,Andalousie,0.0,Fromage,78.85112327945743,1915.7816549123434,Premium
Green Valley Farm,Domaine Provence Bio,Maroc,Californie,0.0,Olives de Table,246.5625761998731,3772.173676562874,Commerce Équitable
Union Agricole Méditerranée,Dairy Meadows,Maroc,Toscane,0.0,Mandarines,136.4057146953111,3538.6539935759483,Standard
Marché Wholesale Agadir,Domaine Provence Bio,Maroc,Toscane,0.0,Lait,115.04318021263379,450.6646401499338,Premium
Marché Wholesale Agadir,Dairy Meadows,Maroc,Toscane,0.0,Robusta,464.14683300339186,2914.443222502659,Premium
Hacienda El Sol,Hacienda El Sol,Maroc,São Paulo,0.0,Bananes,100.09946980897189,3707.882151841214,Standard
Rungis International,Coopérative Oasis,Maroc,Canterbury,0.0,Robusta,19.284608520851876,2153.0014796609375,Premium
Green Valley Farm,Mercabarna,Maroc,Meknès-Fès,0.0,Olives à Huile,59.69008465009202,21686.91856014832,Standard
Mercabarna,Domaine Provence Bio,Maroc,Toscane,0.0,Maïs,397.63728849319597,3939.7566876812225,Premium
Fazenda Brasil,Mercabarna,Maroc,São Paulo,0.0,Orge,150.57144789917476,2267.929838223502,Standard
Rungis International,Domaine Provence Bio,Maroc,Marrakech-Safi,0.0,Olives à Huile,195.30310624718425,3531.6247958690496,Standard
Domaine Saada,Domaine Saada,Maroc,Marrakech-Safi,0.0,Blé,121.32822249073472,2749.4300636165935,Bio Certifié
Green Valley Farm,Fazenda Brasil,Maroc,Provence,0.0,Orge,251.87737842164978,4851.206565400949,Premium
Marché Wholesale Agadir,Green Valley Farm,Maroc,Île-de-France,0.0,Citrons,19.871285431381317,10194.048254549201,Premium
Marché Wholesale Agadir,Domaine Provence Bio,Maroc,Toscane,0.0,Lait,115.04318021263379,450.6646401499338,Premium
Fattoria Toscana,Union Agricole Méditerranée,Maroc,Toscane,0.0,Pamplemousses,40.92340203141818,4492.309264497817,Premium
Domaine Provence Bio,Fazenda Brasil,Maroc,Toscane,0.0,Riz,1046.5392353525972,4551.062504018294,Bio Certifié
Union Agricole Méditerranée,Ferme Al Baraka,Maroc,Souss-Massa,0.0,Raisins de Cuve,156.96309801662557,11992.782983538204,Standard
Ferme Al Baraka,Domaine Saada,Maroc,Catalogne,0.0,Riz,1029.5417035643327,1097.2794070221864,Bio Certifié
Ferme Al Baraka,Dairy Meadows,Maroc,Souss-Massa,0.0,Pommes,59.05843260129969,3023.9325421311223,Bio Certifié
Domaine Provence Bio,Coopérative Oasis,Maroc,Californie,0.0,Riz,128.728892104279,10660.600202543395,Standard
Green Valley Farm,Fattoria Toscana,Maroc,Marrakech-Safi,0.0,Courgettes,557.3485755705026,2595.6333344546265,Premium
Coopérative Oasis,Union Agricole Méditerranée,Maroc,Canterbury,0.0,Pommes de terre,123.28503602648233,3836.9384830529043,Commerce Équitable
Coopérative Oasis,Fazenda Brasil,Maroc,Catalogne,0.0,Oignons,153.67984623252016,2065.494488541717,Standard
Domaine Provence Bio,Ferme Al Baraka,Maroc,Souss-Massa,0.0,Mandarines,163.30871144364906,4787.113528372325,Standard
Cooperative Grains Alliance,Coopérative Oasis,Maroc,Sfax,0.0,Fromage,214.0629421122196,1867.4034098179245,Bio Certifié
Green Valley Farm,Hacienda El Sol,Maroc,Kansas,0.0,Yaourt,177.16830306489555,4770.379235771711,Premium
Cooperative Grains Alliance,Cooperative Grains Alliance,Maroc,Provence,0.0,Olives à Huile,134.33584193333738,4058.3946760650742,Premium
Hacienda El Sol,Hacienda El Sol,Maroc,Kansas,0.0,Salades,206.6620825668479,18012.98063115846,Premium
Domaine Provence Bio,Mercabarna,Maroc,Souss-Massa,0.0,Carottes,137.40519075270473,5615.1198486715875,Premium
Dairy Meadows,Hacienda El Sol,Maroc,São Paulo,0.0,Carottes,52.494976021859515,4547.616942245381,Premium
Coopérative Oasis,Green Valley Farm,Maroc,Canterbury,0.0,Arabica,573.0236608721586,998.8752858000009,Standard
Green Valley Farm,Rungis International,Maroc,Marrakech-Safi,0.0,Riz,128.705057639036,3200.7957201959216,Bio Certifié
Fazenda Brasil,Ferme Al Baraka,Maroc,Provence,0.0,Olives à Huile,2.271135388649391,1851.813351868308,Bio Certifié
Coopérative Oasis,Cooperative Grains Alliance,Maroc,Meknès-Fès,0.0,Maïs,239.82090992247888,4107.692453306869,Bio Certifié
Mercabarna,Fazenda Brasil,Maroc,Souss-Massa,0.0,Arabica,243.76902041492605,3523.0423473913143,Bio Certifié
Marché Wholesale Agadir,Fazenda Brasil,Maroc,Île-de-France,0.0,Raisins de Table,1084.2812407120462,1009.7698289647745,Standard
Domaine Saada,Union Agricole Méditerranée,Maroc,Île-de-France,0.0,Deglet Nour,125.27938627891092,4969.280117722666,Bio Certifié
Dairy Meadows,Hacienda El Sol,Maroc,Marrakech-Safi,0.0,Olives de Table,195.3569717042119,3711.7340397121507,Bio Certifié
Domaine Saada,Fattoria Toscana,Maroc,Catalogne,0.0,Pamplemousses,538.143899169827,5369.908552334535,Bio Certifié
Rungis International,Domaine Provence Bio,Maroc,Meknès-Fès,0.0,Bananes,316.6460904857239,2128.357254848801,Bio Certifié
Green Valley Farm,Union Agricole Méditerranée,Maroc,Île-de-France,0.0,Raisins de Table,129.58253260656468,3578.6913354963826,Standard
Fattoria Toscana,Green Valley Farm,Maroc,Île-de-France,0.0,Maïs,-12.202240918255448,8460.050033357837,Premium
Ferme Al Baraka,Ferme Al Baraka,Maroc,Toscane,0.0,Pommes de terre,142.9446210192143,12255.13887354997,Standard
Dairy Meadows,Fazenda Brasil,Maroc,Sfax,0.0,Carottes,109.00189692780054,314.2423247990414,Standard
Ferme Al Baraka,Marché Wholesale Agadir,Maroc,Californie,0.0,Olives de Table,9.787905454807259,3214.9919170465314,Bio Certifié
Ferme Al Baraka,Marché Wholesale Agadir,Maroc,Californie,0.0,Olives de Table,9.787905454807259,3214.9919170465314,Bio Certifié
Fattoria Toscana,Domaine Provence Bio,Maroc,Toscane,0.0,Arabica,64.20103229299225,3955.987506189911,Bio Certifié
Hacienda El Sol,Cooperative Grains Alliance,Maroc,Provence,0.0,Raisins de Cuve,-8.93718039533244,6800.5439008924,Standard
Fazenda Brasil,Hacienda El Sol,Maroc,Marrakech-Safi,0.0,Raisins de Table,144.03394309665273,12963.041132093986,Premium
Fattoria Toscana,Green Valley Farm,Maroc,Île-de-France,0.0,Maïs,-12.202240918255448,8460.050033357837,Premium
Rungis International,Coopérative Oasis,Maroc,Canterbury,0.0,Robusta,19.284608520851876,2153.0014796609375,Premium
Cooperative Grains Alliance,Domaine Saada,Maroc,São Paulo,0.0,Pamplemousses,268.60255395811106,2920.929142166211,Premium
Domaine Saada,Marché Wholesale Agadir,Maroc,Meknès-Fès,0.0,Raisins de Cuve,19.40246727305614,2770.4125949456766,Standard
Rungis International,Domaine Provence Bio,Maroc,Meknès-Fès,0.0,Bananes,316.6460904857239,2128.357254848801,Bio Certifié
Dairy Meadows,Fattoria Toscana,Maroc,Toscane,0.0,Carottes,41.38505552395586,3067.6554150727916,Bio Certifié
Union Agricole Méditerranée,Dairy Meadows,Maroc,Île-de-France,0.0,Raisins de Cuve,246.04673097339287,4200.396461380053,Bio Certifié
Rungis International,Green Valley Farm,Maroc,Californie,0.0,Olives de Table,139.33325829786205,3558.8181462090124,Premium
Marché Wholesale Agadir,Domaine Provence Bio,Maroc,Toscane,0.0,Lait,115.04318021263379,450.6646401499338,Premium
Rungis International,Cooperative Grains Alliance,Maroc,Catalogne,0.0,Raisins de Table,160.53153649029775,3526.197562261992,Standard
Domaine Saada,Coopérative Oasis,Maroc,Kansas,0.0,Citrons,-10.473787140515903,2917.1418827726957,Bio Certifié
Cooperative Grains Alliance,Marché Wholesale Agadir,Maroc,Marrakech-Safi,0.0,Pommes de terre,174.14240258091797,5197.110860343384,Premium
Green Valley Farm,Fazenda Brasil,Maroc,Provence,0.0,Orge,251.87737842164978,4851.206565400949,Premium
Marché Wholesale Agadir,Domaine Saada,Maroc,São Paulo,0.0,Riz,112.57625035234159,3764.1072974535664,Premium
Domaine Provence Bio,Ferme Al Baraka,Maroc,Souss-Massa,0.0,Mandarines,163.30871144364906,4787.113528372325,Standard
Domaine Provence Bio,Coopérative Oasis,Maroc,Californie,0.0,Riz,128.728892104279,10660.600202543395,Standard
Fazenda Brasil,Mercabarna,Maroc,São Paulo,0.0,Orge,150.57144789917476,2267.929838223502,Standard
Dairy Meadows,Fattoria Toscana,Maroc,Californie,0.0,Olives à Huile,42.05067918780591,2629.8259270991907,Standard
Marché Wholesale Agadir,Union Agricole Méditerranée,Maroc,Kansas,0.0,Blé,158.29799409745817,3799.6840492546526,Standard
Hacienda El Sol,Ferme Al Baraka,Maroc,Catalogne,0.0,Beurre,140.04304950507282,2506.7336031156146,Premium
Rungis International,Cooperative Grains Alliance,Maroc,Catalogne,0.0,Raisins de Table,160.53153649029775,3526.197562261992,Standard
Cooperative Grains Alliance,Ferme Al Baraka,Maroc,Provence,0.0,Olives de Table,144.64381342831987,3477.3688809892956,Premium
Rungis International,Mercabarna,Maroc,Marrakech-Safi,0.0,Oranges,73.03555500000711,25314.963329650232,Standard
Fattoria Toscana,Domaine Provence Bio,Maroc,Île-de-France,0.0,Olives de Table,98.10547342113404,4083.636742867321,Standard
Domaine Provence Bio,Coopérative Oasis,Maroc,Californie,0.0,Riz,128.728892104279,10660.600202543395,Standard
Dairy Meadows,Dairy Meadows,Maroc,São Paulo,0.0,Olives de Table,5.151785379881474,4565.023654319438,Bio Certifié
Hacienda El Sol,Hacienda El Sol,Maroc,Kansas,0.0,Salades,206.6620825668479,18012.98063115846,Premium
Domaine Saada,Fazenda Brasil,Maroc,Andalousie,0.0,Pommes,139.85094908799496,3020.2615296134054,Bio Certifié
Fattoria Toscana,Fattoria Toscana,Maroc,São Paulo,0.0,Maïs,88.46532386138986,1739.440458469168,Premium
Green Valley Farm,Hacienda El Sol,Maroc,Île-de-France,0.0,Oignons,132.5011509577718,3549.353401679423,Standard
Cooperative Grains Alliance,Mercabarna,Maroc,Sfax,0.0,Pamplemousses,89.53567905870555,1810.3115392924128,Premium
Rungis International,Green Valley Farm,Maroc,Californie,0.0,Olives de Table,139.33325829786205,3558.8181462090124,Premium
Marché Wholesale Agadir,Dairy Meadows,Maroc,Toscane,0.0,Salades,42.58402193303038,5363.673882398037,Premium
Dairy Meadows,Ferme Al Baraka,Maroc,Provence,0.0,Deglet Nour,282.641564530731,14664.34289949221,Standard
Dairy Meadows,Hacienda El Sol,Maroc,Marrakech-Safi,0.0,Olives de Table,195.3569717042119,3711.7340397121507,Bio Certifié
Domaine Saada,Fazenda Brasil,Maroc,Andalousie,0.0,Pommes,139.85094908799496,3020.2615296134054,Bio Certifié
Domaine Saada,Union Agricole Méditerranée,Maroc,Souss-Massa,0.0,Deglet Nour,100.22693532950952,3352.602504045434,Standard
Union Agricole Méditerranée,Cooperative Grains Alliance,Maroc,Marrakech-Safi,0.0,Arabica,157.55604224303158,2026.2378066473602,Premium
Coopérative Oasis,Fattoria Toscana,Maroc,Andalousie,0.0,Olives de Table,1022.3479709797768,903.3453160045108,Standard
Rungis International,Fazenda Brasil,Maroc,Souss-Massa,0.0,Bananes,976.194472268661,4320.857124215341,Premium
Domaine Saada,Mercabarna,Maroc,São Paulo,0.0,Medjool,168.8100217240853,28070.286405648338,Premium
Union Agricole Méditerranée,Dairy Meadows,Maroc,Toscane,0.0,Mandarines,136.4057146953111,3538.6539935759483,Standard
Domaine Provence Bio,Union Agricole Méditerranée,Maroc,Canterbury,0.0,Deglet Nour,157.07762782045785,2303.832763686202,Bio Certifié
Fazenda Brasil,Fattoria Toscana,Maroc,Canterbury,0.0,Salades,261.6050526537595,2416.975359951277,Premium
Ferme Al Baraka,Green Valley Farm,Maroc,Souss-Massa,0.0,Riz,41.714011979321455,-148.186211212427,Standard
Rungis International,Green Valley Farm,Maroc,Californie,0.0,Olives de Table,139.33325829786205,3558.8181462090124,Premium
Fazenda Brasil,Fazenda Brasil,Maroc,Sfax,0.0,Salades,77.51535920762278,4633.839450973912,Bio Certifié
Rungis International,Green Valley Farm,Maroc,Meknès-Fès,0.0,Olives à Huile,264.9576804470467,2821.103463946498,Commerce Équitable
Green Valley Farm,Fazenda Brasil,Maroc,Canterbury,0.0,Pommes de terre,155.7735450609691,2188.825736247685,Standard
Coopérative Oasis,Dairy Meadows,Maroc,Californie,0.0,Oranges,72.03378650950592,824.8279561324118,Standard
Coopérative Oasis,Cooperative Grains Alliance,Maroc,Meknès-Fès,0.0,Maïs,239.82090992247888,4107.692453306869,Bio Certifié
Domaine Saada,Mercabarna,Maroc,Île-de-France,0.0,Oranges,237.42274892662084,5580.559169854492,Bio Certifié
Coopérative Oasis,Fazenda Brasil,Maroc,Catalogne,0.0,Oignons,153.67984623252016,2065.494488541717,Standard
Marché Wholesale Agadir,Marché Wholesale Agadir,Maroc,Île-de-France,0.0,Olives à Huile,50.30295871663554,3501.163328153584,Standard
Dairy Meadows,Ferme Al Baraka,Maroc,Provence,0.0,Deglet Nour,282.641564530731,14664.34289949221,Standard
Hacienda El Sol,Mercabarna,Maroc,Californie,0.0,Olives à Huile,333.8478396039568,1112.8574440423504,Standard
Dairy Meadows,Fattoria Toscana,Maroc,Provence,0.0,Fromage,37.35401140742475,1693.6183377652242,Premium
Domaine Saada,Ferme Al Baraka,Maroc,Marrakech-Safi,0.0,Tomates,567.4957649838605,1017.3074938299346,Premium
Hacienda El Sol,Domaine Provence Bio,Maroc,Provence,0.0,Olives à Huile,42.28671997591462,17316.43003340582,Standard
Green Valley Farm,Fattoria Toscana,Maroc,Catalogne,0.0,Oranges,155.13325111189704,2606.5157251086885,Standard
Ferme Al Baraka,Union Agricole Méditerranée,Maroc,Provence,0.0,Lait,110.59698695021538,1682.1526070605973,Standard
Union Agricole Méditerranée,Ferme Al Baraka,Maroc,Andalousie,0.0,Raisins de Cuve,143.18210802150628,4704.79046812509,Standard
Marché Wholesale Agadir,Union Agricole Méditerranée,Maroc,Kansas,0.0,Blé,158.29799409745817,3799.6840492546526,Standard
