exploitation,type_exploitation,pays,region,resultat,produit,quantite_tonnes,prix_tonne_eur,qualite
Cooperative Grains Alliance,Domaine Provence Bio,USA,Toscane,0.0,Yaourt,146.12885642332662,5871.144454136889,Standard
Green Valley Farm,Hacienda El Sol,Espagne,Île-de-France,0.0,Orge,133.76540866035887,2192.8949269266986,Commerce Équitable
Ferme Al Baraka,Fazenda Brasil,Maroc,Toscane,0.0,Fromage,57.09487703261772,12549.380127752283,Premium
Ferme Al Baraka,Green Valley Farm,Espagne,Kansas,0.0,Pamplemousses,46.9858604397322,606.8621767894797,Bio Certifié
Dairy Meadows,Fattoria Toscana,Maroc,São Paulo,0.0,Arabica,1274.7029203174477,5828.538832987018,Commerce Équitable
Dairy Meadows,Fazenda Brasil,France,Canterbury,0.0,Raisins de Table,17.85520090316446,2112.324715923629,Commerce Équitable
Fattoria Toscana,Green Valley Farm,Espagne,Île-de-France,0.0,Raisins de Cuve,149.7112330040599,2280.9385710125184,Standard
Dairy Meadows,Fattoria Toscana,USA,Île-de-France,0.0,Oranges,102.84322662797769,5724.085588278085,Standard
Union Agricole Méditerranée,Union Agricole Méditerranée,USA,Catalogne,0.0,Courgettes,115.97670558385363,321.0562779311449,Standard
Marché Wholesale Agadir,Dairy Meadows,Brésil,Kansas,0.0,Riz,1153.7852482244018,4625.792156527227,Premium
Green Valley Farm,Union Agricole Méditerranée,Espagne,Souss-Massa,0.0,Yaourt,137.79001549942785,3110.010933323636,Commerce Équitable
Dairy Meadows,Green Valley Farm,Tunisie,Californie,0.0,Olives à Huile,175.31415745827064,1059.0447550015915,Standard
Hacienda El Sol,Ferme Al Baraka,France,Andalousie,0.0,Olives de Table,-36.87431364482071,3380.150313579393,Standard
Cooperative Grains Alliance,Domaine Saada,Espagne,Andalousie,0.0,Yaourt,38.31054889878827,3989.1226762263973,Premium
Domaine Provence Bio,Hacienda El Sol,USA,Toscane,0.0,Courgettes,322.10009076098066,5661.919075093818,Premium
Ferme Al Baraka,Fattoria Toscana,Tunisie,Canterbury,0.0,Salades,466.46974902989524,2934.014667211244,Premium
Dairy Meadows,Green Valley Farm,Maroc,Meknès-Fès,0.0,Deglet Nour,1269.8767850484846,2381.361086541787,Bio Certifié
Domaine Saada,Domaine Provence Bio,Italie,Kansas,0.0,Olives à Huile,114.27654349857737,3637.470060916641,Bio Certifié
Domaine Saada,Mercabarna,Nouvelle-Zélande,Meknès-Fès,0.0,Raisins de Table,473.4312891994844,3234.249523426753,Standard
Hacienda El Sol,Coopérative Oasis,Maroc,Île-de-France,0.0,Orge,36.096385389389795,9269.016975245857,Bio Certifié
Green Valley Farm,Union Agricole Méditerranée,Maroc,Kansas,0.0,Pamplemousses,63.297634832887404,3139.9268124859327,Bio Certifié
Rungis International,Marché Wholesale Agadir,France,Sfax,0.0,Olives à Huile,583.976724506938,2294.31804708228,Premium
Domaine Saada,Domaine Saada,Tunisie,Sfax,0.0,Olives de Table,330.49329488002513,4698.002338658034,Premium
Cooperative Grains Alliance,Green Valley Farm,USA,Meknès-Fès,0.0,Raisins de Cuve,2.3675394617790317,12083.938117925518,Standard
Mercabarna,Coopérative Oasis,Espagne,Île-de-France,0.0,Raisins de Cuve,78.62098787975009,3139.8461741865767,Bio Certifié
Fazenda Brasil,Union Agricole Méditerranée,France,Californie,0.0,Olives à Huile,275.5516834918598,942.9869889849939,Bio Certifié
Ferme Al Baraka,Cooperative Grains Alliance,USA,Marrakech-Safi,0.0,Blé,279.0164439297186,3768.3291805819263,Commerce Équitable
Dairy Meadows,Hacienda El Sol,Nouvelle-Zélande,Californie,0.0,Salades,95.45192367622157,62.51568939239951,Standard
Coopérative Oasis,Fattoria Toscana,Nouvelle-Zélande,Canterbury,0.0,Robusta,585.384101696118,2518.8039622684228,Standard
Coopérative Oasis,Fattoria Toscana,Espagne,Provence,0.0,Mandarines,23.220377872854606,4375.9228906111075,Bio Certifié
Rungis International,Marché Wholesale Agadir,USA,São Paulo,0.0,Raisins de Table,427.53115461557286,2878.8353433152047,Bio Certifié
Fazenda Brasil,Cooperative Grains Alliance,Italie,Canterbury,0.0,Raisins de Table,511.6551806394327,5132.71097936382,Premium
Cooperative Grains Alliance,Dairy Meadows,Maroc,São Paulo,0.0,Medjool,139.10744026459648,3288.468046283294,Bio Certifié
Union Agricole Méditerranée,Hacienda El Sol,Maroc,Meknès-Fès,0.0,Raisins de Table,32.35683395294339,3272.834022031703,Standard
Fazenda Brasil,Mercabarna,Nouvelle-Zélande,Sfax,0.0,Pamplemousses,234.49249992673742,3188.346387390181,Bio Certifié
Fattoria Toscana,Fazenda Brasil,Maroc,Sfax,0.0,Courgettes,31.181114852461718,312.2685119910235,Bio Certifié
Union Agricole Méditerranée,Ferme Al Baraka,Maroc,Canterbury,0.0,Lait,1267.293227156478,4400.545745607596,Premium
Mercabarna,Domaine Provence Bio,Nouvelle-Zélande,Marrakech-Safi,0.0,Oranges,367.06378242696724,1542.532169524818,Bio Certifié
Marché Wholesale Agadir,Hacienda El Sol,USA,Marrakech-Safi,0.0,Olives à Huile,114.83220264868535,2835.9411318754946,Premium
Cooperative Grains Alliance,Mercabarna,Maroc,Souss-Massa,0.0,Maïs,5.92576150767141,1295.6096128790878,Standard
Fazenda Brasil,Cooperative Grains Alliance,Brésil,Île-de-France,0.0,Raisins de Table,110.66853188403732,2997.1083066082974,Standard
Marché Wholesale Agadir,Fattoria Toscana,Maroc,Meknès-Fès,0.0,Olives de Table,145.677264043782,13128.303709814203,Standard
Domaine Saada,Dairy Meadows,Espagne,São Paulo,0.0,Olives à Huile,65.72923393501502,1971.5665906393428,Standard
Domaine Saada,Union Agricole Méditerranée,France,Île-de-France,0.0,Salades,1354.189162877688,3559.5572954431464,Standard
Fazenda Brasil,Dairy Meadows,France,Île-de-France,0.0,Raisins de Cuve,55.78262180317145,3101.5157187834566,Bio Certifié
Cooperative Grains Alliance,Union Agricole Méditerranée,Maroc,Souss-Massa,0.0,Mandarines,297.58904548012015,2238.4152944602197,Bio Certifié
Fattoria Toscana,Mercabarna,Maroc,Toscane,0.0,Maïs,146.78334864301416,373.9471756950536,Bio Certifié
Domaine Saada,Fazenda Brasil,Espagne,Canterbury,0.0,Olives à Huile,135.06711921648017,3720.077641290497,Premium
Fattoria Toscana,Fattoria Toscana,USA,Souss-Massa,0.0,Raisins de Cuve,57.18124047102924,2447.2430264171144,Commerce Équitable
Union Agricole Méditerranée,Green Valley Farm,Brésil,Kansas,0.0,Blé,19.570382574402544,1672.2209255366415,Bio Certifié
Fazenda Brasil,Coopérative Oasis,Nouvelle-Zélande,Meknès-Fès,0.0,Raisins de Table,-4.217522338300846,4132.159356023531,Standard
Union Agricole Méditerranée,Cooperative Grains Alliance,Maroc,Souss-Massa,0.0,Olives de Table,53.31997927451779,1350.7949277973244,Premium
Coopérative Oasis,Marché Wholesale Agadir,Espagne,São Paulo,0.0,Citrons,249.57164450393682,3196.044778935493,Standard
Domaine Provence Bio,Mercabarna,Maroc,Sfax,0.0,Raisins de Table,50.8731700019497,4418.127369425116,Standard
Rungis International,Fazenda Brasil,Tunisie,Sfax,0.0,Olives à Huile,27.998958752940347,1720.4764769007688,Bio Certifié
Coopérative Oasis,Ferme Al Baraka,Espagne,Kansas,0.0,Lait,420.14395554974635,2020.1539606269894,Premium
Hacienda El Sol,Rungis International,Tunisie,Toscane,0.0,Blé,60.67032294598498,760.2669805787738,Premium
Green Valley Farm,Fazenda Brasil,France,Provence,0.0,Fromage,294.2710566650529,1943.5936283674312,Bio Certifié
Ferme Al Baraka,Domaine Provence Bio,USA,Catalogne,0.0,Orge,351.3755441191881,2579.9027365501775,Standard
Dairy Meadows,Fazenda Brasil,Maroc,Sfax,0.0,Raisins de Table,150.87912595180515,1139.972625983636,Standard
Dairy Meadows,Ferme Al Baraka,Maroc,Souss-Massa,0.0,Citrons,133.02342451278955,2144.948467552573,Bio Certifié
Green Valley Farm,Fattoria Toscana,Maroc,Catalogne,0.0,Tomates,259.6215481597903,4757.720657643256,Bio Certifié
Domaine Provence Bio,Union Agricole Méditerranée,Maroc,Toscane,0.0,Raisins de Table,81.0256550468695,1279.193312080056,Bio Certifié
Marché Wholesale Agadir,Domaine Provence Bio,Brésil,Californie,0.0,Riz,250.15424956565613,1685.7802094935414,Standard
Dairy Meadows,Mercabarna,Brésil,Souss-Massa,0.0,Olives de Table,761.7411783301877,3384.797043467641,Commerce Équitable
Hacienda El Sol,Mercabarna,France,Kansas,0.0,Oranges,250.36386698552172,3622.370678572398,Standard
Union Agricole Méditerranée,Cooperative Grains Alliance,Espagne,Californie,0.0,Robusta,65.52231543820062,3878.590660403659,Bio Certifié
Mercabarna,Rungis International,Brésil,Sfax,0.0,Olives de Table,168.449630005492,295.98695397490667,Standard
Domaine Saada,Green Valley Farm,Maroc,Andalousie,0.0,Pommes de terre,130.55172555286845,2501.3063329821716,Premium
Domaine Provence Bio,Dairy Meadows,Brésil,Île-de-France,0.0,Tomates,294.9009667728024,13900.779432698848,Premium
Cooperative Grains Alliance,Union Agricole Méditerranée,Maroc,Californie,0.0,Olives à Huile,-9.76730740688253,610.556703103115,Bio Certifié
Domaine Saada,Ferme Al Baraka,Italie,Kansas,0.0,Salades,600.5745217998048,4254.970992349598,Commerce Équitable
Domaine Saada,Domaine Saada,USA,Andalousie,0.0,Salades,117.02707616919074,3371.1699784841467,Standard
Green Valley Farm,Coopérative Oasis,USA,Californie,0.0,Citrons,106.63483666763301,3957.3300434619687,Premium
Dairy Meadows,Fattoria Toscana,France,Catalogne,0.0,Yaourt,158.47984902644066,3751.462013010677,Commerce Équitable
Dairy Meadows,Fattoria Toscana,Nouvelle-Zélande,Canterbury,0.0,Olives à Huile,268.9389208202773,1697.4742217195458,Bio Certifié
Union Agricole Méditerranée,Fazenda Brasil,Maroc,Toscane,0.0,Carottes,663.3589229499396,3593.4795845947365,Bio Certifié
Green Valley Farm,Hacienda El Sol,Tunisie,Canterbury,0.0,Medjool,174.19059806443482,25496.939833111377,Bio Certifié
Fattoria Toscana,Domaine Saada,Nouvelle-Zélande,Kansas,0.0,Salades,56.16404250672316,2878.3377911729567,Standard
Fazenda Brasil,Cooperative Grains Alliance,Italie,Canterbury,0.0,Tomates,39.24013151947567,4795.439441403035,Premium
Fattoria Toscana,Cooperative Grains Alliance,Tunisie,Souss-Massa,0.0,Oignons,155.04586840148153,2342.140396808619,Bio Certifié
Coopérative Oasis,Cooperative Grains Alliance,Maroc,Toscane,0.0,Riz,1159.6922645376349,3063.598927732539,Bio Certifié
Fattoria Toscana,Mercabarna,Maroc,Provence,0.0,Olives à Huile,141.60658927743916,1641.8110516232437,Premium
Dairy Meadows,Green Valley Farm,Nouvelle-Zélande,Catalogne,0.0,Olives à Huile,170.75198661890573,2579.6691916513923,Bio Certifié
Cooperative Grains Alliance,Coopérative Oasis,USA,Kansas,0.0,Olives à Huile,89.88292642331163,8547.145459933114,Commerce Équitable
Domaine Provence Bio,Ferme Al Baraka,Espagne,Californie,0.0,Maïs,943.3006107500498,2017.5832154440513,Bio Certifié
Mercabarna,Hacienda El Sol,France,Toscane,0.0,Lait,150.26426656627868,3366.6305687847926,Premium
Fattoria Toscana,Fattoria Toscana,Maroc,Canterbury,0.0,Arabica,27.239757563987787,3138.1882658233903,Premium
Hacienda El Sol,Marché Wholesale Agadir,USA,Catalogne,0.0,Robusta,100.39290747439324,14011.121593238233,Standard
Fazenda Brasil,Green Valley Farm,Tunisie,São Paulo,0.0,Deglet Nour,172.19582581834396,936.7065550488348,Bio Certifié
Mercabarna,Domaine Saada,Italie,Kansas,0.0,Lait,180.1035093648802,3437.039902698595,Bio Certifié
Domaine Provence Bio,Domaine Saada,Italie,Kansas,0.0,Blé,96.13987706032026,4028.3720446557427,Standard
Domaine Saada,Fattoria Toscana,USA,Meknès-Fès,0.0,Carottes,183.80682899906526,5498.911451404041,Bio Certifié
Green Valley Farm,Fattoria Toscana,Nouvelle-Zélande,Andalousie,0.0,Riz,30.025100025451604,1431.997415969677,Premium
Fattoria Toscana,Domaine Provence Bio,Espagne,Californie,0.0,Yaourt,99.71595922920305,2687.4835213809706,Bio Certifié
Ferme Al Baraka,Mercabarna,France,Catalogne,0.0,Pommes de terre,98.34136130478996,3424.0772918548446,Bio Certifié
Fattoria Toscana,Union Agricole Méditerranée,USA,Meknès-Fès,0.0,Olives à Huile,212.7111997006485,4860.464628301669,Standard
Coopérative Oasis,Fazenda Brasil,Espagne,Marrakech-Safi,0.0,Raisins de Table,231.82961243065688,3378.4129920757096,Bio Certifié
Rungis International,Fattoria Toscana,Maroc,Provence,0.0,Mandarines,141.6336489968829,1656.416189563264,Premium
Green Valley Farm,Union Agricole Méditerranée,France,Meknès-Fès,0.0,Arabica,50.635026777615245,2338.6632153670967,Standard
Union Agricole Méditerranée,Dairy Meadows,Tunisie,Toscane,0.0,Robusta,1306.0554552172666,7364.256776547895,Premium
Domaine Saada,Domaine Provence Bio,USA,Catalogne,0.0,Fromage,80.0888553360108,3884.4007737794664,Standard
Mercabarna,Cooperative Grains Alliance,Maroc,Provence,0.0,Raisins de Table,154.34082160100564,1542.2210821405254,Standard
Marché Wholesale Agadir,Union Agricole Méditerranée,Maroc,Souss-Massa,0.0,Mandarines,62.78971873294224,894.3426869703787,Bio Certifié
Coopérative Oasis,Fazenda Brasil,France,Provence,0.0,Salades,38.814515422109345,1541.590752566573,Standard
Domaine Provence Bio,Green Valley Farm,France,São Paulo,0.0,Olives de Table,13.512941616489094,2342.6862197349856,Bio Certifié
Rungis International,Domaine Provence Bio,Italie,São Paulo,0.0,Riz,234.20655055276785,3659.016193390834,Standard
Coopérative Oasis,Marché Wholesale Agadir,Maroc,Provence,0.0,Courgettes,-12.804592719544367,604.5251410337754,Premium
Domaine Saada,Fattoria Toscana,Brésil,Île-de-France,0.0,Citrons,91.17934076432958,2824.0460956232027,Standard
Dairy Meadows,Coopérative Oasis,Espagne,Île-de-France,0.0,Olives à Huile,201.37193301543064,2381.6146338952667,Premium
Marché Wholesale Agadir,Coopérative Oasis,France,São Paulo,0.0,Olives à Huile,114.38352389822573,501.67335797197313,Standard
Green Valley Farm,Domaine Provence Bio,Italie,Kansas,0.0,Raisins de Table,945.6137608745192,2737.73877080022,Bio Certifié
Domaine Provence Bio,Hacienda El Sol,Nouvelle-Zélande,Catalogne,0.0,Raisins de Table,94.84895610913088,3445.8430412129055,Standard
Fazenda Brasil,Green Valley Farm,Maroc,Californie,0.0,Salades,40.90018021373926,1226.1734499264014,Bio Certifié
Dairy Meadows,Fattoria Toscana,Espagne,Toscane,0.0,Olives de Table,119.4065796320809,3142.548916211118,Bio Certifié
Domaine Saada,Mercabarna,USA,Provence,0.0,Oignons,119.91625005206734,4742.591076938453,Bio Certifié
Rungis International,Mercabarna,Maroc,Souss-Massa,0.0,Tomates,138.46841323813317,818.8358921925312,Bio Certifié
Marché Wholesale Agadir,Rungis International,Maroc,São Paulo,0.0,Courgettes,276.99258807750454,13684.482189093465,Standard
Fattoria Toscana,Marché Wholesale Agadir,Maroc,Provence,0.0,Oignons,196.09816265340245,2575.529501648659,Standard
Fattoria Toscana,Green Valley Farm,Italie,São Paulo,0.0,Lait,122.55994563659608,2006.4308618048863,Standard
Fazenda Brasil,Ferme Al Baraka,Tunisie,Marrakech-Safi,0.0,Pommes,757.4414674747534,2034.5717016430071,Premium
Hacienda El Sol,Hacienda El Sol,Espagne,Californie,0.0,Salades,236.40634918786816,3638.371643426745,Bio Certifié
Ferme Al Baraka,Green Valley Farm,Espagne,Toscane,0.0,Raisins de Cuve,136.446876574,1147.6243685134311,Bio Certifié
Cooperative Grains Alliance,Marché Wholesale Agadir,Maroc,São Paulo,0.0,Bananes,109.27370139384499,4537.191446807508,Standard
Fazenda Brasil,Cooperative Grains Alliance,Espagne,Sfax,0.0,Carottes,148.42618903329182,3719.767260981097,Bio Certifié
Hacienda El Sol,Ferme Al Baraka,France,Île-de-France,0.0,Olives de Table,106.56407784984887,2932.3441617625544,Bio Certifié
Dairy Meadows,Domaine Saada,Italie,Meknès-Fès,0.0,Lait,-3.2529093074811257,586.6917132252541,Standard
Domaine Provence Bio,Fazenda Brasil,Maroc,Marrakech-Safi,0.0,Oignons,131.62387258168246,4529.432108124306,Premium
Dairy Meadows,Mercabarna,Maroc,Andalousie,0.0,Arabica,-18.844641888128542,3731.9481644195466,Bio Certifié
Fazenda Brasil,Rungis International,Italie,Sfax,0.0,Blé,556.0375678741805,317.3752541729476,Bio Certifié
Domaine Saada,Coopérative Oasis,Maroc,Canterbury,0.0,Oignons,111.95482715375881,625.901915686053,Bio Certifié
Fazenda Brasil,Fazenda Brasil,Espagne,Californie,0.0,Robusta,38.12640169760441,1612.1308037421122,Commerce Équitable
Marché Wholesale Agadir,Marché Wholesale Agadir,France,Californie,0.0,Medjool,104.96189256921659,3416.1416485156724,Bio Certifié
Domaine Provence Bio,Dairy Meadows,France,Île-de-France,0.0,Beurre,9.235714777931186,3582.348262973388,Premium
Mercabarna,Domaine Provence Bio,Maroc,Sfax,0.0,Citrons,106.98475360295569,2862.721899146822,Bio Certifié
Mercabarna,Rungis International,France,Toscane,0.0,Courgettes,720.6249764707416,4222.215097662991,Premium
Union Agricole Méditerranée,Domaine Saada,Maroc,Toscane,0.0,Orge,60.929243359798576,10061.937446584481,Premium
Union Agricole Méditerranée,Rungis International,Tunisie,São Paulo,0.0,Medjool,260.6578065934102,1718.8591147307004,Standard
Union Agricole Méditerranée,Ferme Al Baraka,Nouvelle-Zélande,Canterbury,0.0,Raisins de Table,-38.172594772501036,1851.6145151718733,Standard
Cooperative Grains Alliance,Hacienda El Sol,France,Provence,0.0,Courgettes,107.82982964737452,1431.572919739484,Premium
Dairy Meadows,Green Valley Farm,Maroc,Souss-Massa,0.0,Raisins de Table,552.9668459612415,3457.697018193813,Standard
Domaine Saada,Fattoria Toscana,France,Souss-Massa,0.0,Courgettes,-36.79096761195863,692.6313212737429,Standard
Mercabarna,Hacienda El Sol,Brésil,Catalogne,0.0,Olives à Huile,551.5216984422227,2080.9159211572214,Bio Certifié
Domaine Saada,Domaine Saada,Espagne,Provence,0.0,Raisins de Table,126.12976640560473,5358.628384233311,Bio Certifié
Marché Wholesale Agadir,Fattoria Toscana,USA,Kansas,0.0,Olives à Huile,652.7157251305266,3419.952650143974,Premium
Hacienda El Sol,Mercabarna,USA,São Paulo,0.0,Riz,1071.4305551298378,3926.7248718410156,Standard
Domaine Saada,Hacienda El Sol,Nouvelle-Zélande,Île-de-France,0.0,Tomates,82.68552954491685,1553.4691735247898,Standard
Rungis International,Cooperative Grains Alliance,Tunisie,Toscane,0.0,Olives à Huile,299.25632957045065,3239.4573875503374,Standard
Union Agricole Méditerranée,Domaine Provence Bio,Maroc,Kansas,0.0,Blé,112.82786923421283,5657.419552460847,Bio Certifié
Domaine Saada,Dairy Meadows,Nouvelle-Zélande,Souss-Massa,0.0,Oranges,144.907918736562,3329.6379226495965,Bio Certifié
Rungis International,Fattoria Toscana,Nouvelle-Zélande,Île-de-France,0.0,Mandarines,28.033473656631863,244.500910873051,Standard
Domaine Provence Bio,Fazenda Brasil,France,Provence,0.0,Maïs,258.7987442497899,2405.0455636636207,Standard
Ferme Al Baraka,Hacienda El Sol,Brésil,Souss-Massa,0.0,Olives de Table,142.07763984077494,864.7049142962052,Commerce Équitable
Fattoria Toscana,Hacienda El Sol,Italie,Meknès-Fès,0.0,Raisins de Table,109.89195589067333,1329.848280053971,Standard
Domaine Saada,Dairy Meadows,Nouvelle-Zélande,Île-de-France,0.0,Olives à Huile,-29.237033299874376,2916.9919665497014,Premium
Green Valley Farm,Rungis International,France,Andalousie,0.0,Arabica,61.07907351155716,5626.64492172413,Bio Certifié
Rungis International,Domaine Saada,Maroc,Île-de-France,0.0,Oignons,213.30442171110076,17975.59105806158,Standard
Domaine Saada,Hacienda El Sol,Maroc,Souss-Massa,0.0,Fromage,91.44926240714364,2036.4163115221293,Bio Certifié
Mercabarna,Domaine Provence Bio,Tunisie,Sfax,0.0,Pommes,128.73209690334173,3017.688388425696,Bio Certifié
Domaine Provence Bio,Union Agricole Méditerranée,Maroc,Meknès-Fès,0.0,Carottes,50.730776638121924,1214.3697557274857,Bio Certifié
Hacienda El Sol,Fazenda Brasil,Espagne,Meknès-Fès,0.0,Olives à Huile,1006.8068956944816,9627.325806992563,Commerce Équitable
Domaine Saada,Fazenda Brasil,USA,Canterbury,0.0,Oranges,348.2020901436305,3208.627026567792,Standard
Mercabarna,Fattoria Toscana,Tunisie,Californie,0.0,Oranges,44.223477674028246,3602.63726166421,Standard
Green Valley Farm,Union Agricole Méditerranée,France,Catalogne,0.0,Pommes,206.90451732145178,21196.050374694736,Standard
Hacienda El Sol,Union Agricole Méditerranée,USA,Souss-Massa,0.0,Pommes,13.49551050887196,2075.2976803020065,Standard
Rungis International,Fazenda Brasil,Italie,Meknès-Fès,0.0,Robusta,687.7106005724357,3589.494277590351,Bio Certifié
Ferme Al Baraka,Fazenda Brasil,France,Meknès-Fès,0.0,Yaourt,28.60920260834213,2063.438734992287,Standard
Rungis International,Union Agricole Méditerranée,Nouvelle-Zélande,Meknès-Fès,0.0,Oranges,195.92205800975148,-397.07228558902125,Standard
Green Valley Farm,Domaine Provence Bio,France,Souss-Massa,0.0,Olives de Table,-17.07863914548441,3851.9381295307103,Premium
Green Valley Farm,Fattoria Toscana,France,Andalousie,0.0,Raisins de Table,261.0602024139101,1598.8336600844052,Premium
Ferme Al Baraka,Ferme Al Baraka,Maroc,Souss-Massa,0.0,Pommes,148.6884594881006,2302.0059226186836,Standard
Rungis International,Ferme Al Baraka,Italie,Kansas,0.0,Blé,35.41476573542943,3619.059389732225,Bio Certifié
Ferme Al Baraka,Fattoria Toscana,Espagne,Andalousie,0.0,Bananes,148.15147652472524,2819.8119297964386,Bio Certifié
Mercabarna,Fazenda Brasil,Tunisie,Kansas,0.0,Olives à Huile,111.75751253817441,3826.847242118355,Standard
Dairy Meadows,Mercabarna,Espagne,Île-de-France,0.0,Raisins de Table,61.60952414414427,1621.3303627238554,Standard
Rungis International,Hacienda El Sol,Maroc,Andalousie,0.0,Salades,-8.859443771538132,4296.089436022962,Standard
Fazenda Brasil,Dairy Meadows,Italie,Andalousie,0.0,Raisins de Table,173.7822558015342,3178.378052225999,Bio Certifié
Ferme Al Baraka,Union Agricole Méditerranée,Nouvelle-Zélande,Marrakech-Safi,0.0,Pommes,62.120571986673895,4861.045956818247,Bio Certifié
Rungis International,Domaine Saada,France,Andalousie,0.0,Raisins de Cuve,217.5412285812313,2461.6159053176734,Premium
Hacienda El Sol,Fattoria Toscana,Maroc,Catalogne,0.0,Maïs,278.3926885748578,5345.3918275686965,Bio Certifié
Cooperative Grains Alliance,Cooperative Grains Alliance,France,Sfax,0.0,Arabica,890.7500944439007,2071.198460586781,Bio Certifié
Marché Wholesale Agadir,Cooperative Grains Alliance,Espagne,Kansas,0.0,Maïs,156.61158098706574,3493.778631859811,Bio Certifié
Marché Wholesale Agadir,Domaine Provence Bio,France,Meknès-Fès,0.0,Raisins de Table,39.69100961679088,4980.269336460884,Premium
Marché Wholesale Agadir,Union Agricole Méditerranée,Maroc,Sfax,0.0,Pommes,460.23645156202105,3150.805737302545,Bio Certifié
Cooperative Grains Alliance,Green Valley Farm,Maroc,Provence,0.0,Deglet Nour,571.786202327733,4010.8937712978895,Bio Certifié
Coopérative Oasis,Cooperative Grains Alliance,France,Meknès-Fès,0.0,Citrons,74.65847990765445,3259.1356771377878,Standard
Dairy Meadows,Domaine Saada,Maroc,Sfax,0.0,Olives de Table,222.59639159072006,2463.544186273836,Bio Certifié
Union Agricole Méditerranée,Coopérative Oasis,France,Sfax,0.0,Medjool,189.09083991652017,9609.777063309315,Standard
Domaine Saada,Rungis International,Italie,Meknès-Fès,0.0,Raisins de Table,186.36027434197516,10299.44953624832,Bio Certifié
Fazenda Brasil,Fazenda Brasil,Espagne,Canterbury,0.0,Olives de Table,211.80576342471727,1721.4770961803938,Bio Certifié
Fazenda Brasil,Domaine Saada,Italie,São Paulo,0.0,Pommes,36.3654207740595,1881.579762052295,Bio Certifié
Domaine Provence Bio,Domaine Provence Bio,Brésil,Toscane,0.0,Citrons,176.18856996804502,11.873333334101517,Bio Certifié
Marché Wholesale Agadir,Green Valley Farm,Maroc,Catalogne,0.0,Medjool,150.4908098035203,3785.605164880243,Premium
Ferme Al Baraka,Mercabarna,Espagne,Souss-Massa,0.0,Medjool,-21.143730714951396,14314.7938452813,Premium
Green Valley Farm,Fazenda Brasil,Maroc,Île-de-France,0.0,Raisins de Cuve,18.886877826974313,-639.7765954337394,Standard
Dairy Meadows,Domaine Provence Bio,USA,Sfax,0.0,Mandarines,299.0123032352169,3879.045760514002,Premium
Domaine Provence Bio,Rungis International,USA,Île-de-France,0.0,Raisins de Table,219.13902647312906,3371.8753082336316,Standard
Hacienda El Sol,Ferme Al Baraka,Brésil,Sfax,0.0,Pommes de terre,59.77991144261997,2157.2317755964236,Bio Certifié
Green Valley Farm,Ferme Al Baraka,Maroc,Sfax,0.0,Olives à Huile,134.04204776503047,2993.90151278782,Premium
Coopérative Oasis,Domaine Saada,Espagne,São Paulo,0.0,Raisins de Table,209.06446533851548,3524.024121982976,Standard
Rungis International,Ferme Al Baraka,Brésil,Andalousie,0.0,Beurre,88.91623593093621,899.0615146157003,Standard
Domaine Saada,Marché Wholesale Agadir,Nouvelle-Zélande,Marrakech-Safi,0.0,Fromage,793.4490145516755,333.46165736256216,Standard
Fazenda Brasil,Ferme Al Baraka,Nouvelle-Zélande,Souss-Massa,0.0,Riz,161.89687036323696,2777.266998196866,Premium
Cooperative Grains Alliance,Ferme Al Baraka,Espagne,Californie,0.0,Arabica,183.10430730640962,3375.7742871987075,Standard
Union Agricole Méditerranée,Fattoria Toscana,Espagne,Toscane,0.0,Tomates,111.44837754223519,-622.2347688112222,Standard
Cooperative Grains Alliance,Union Agricole Méditerranée,USA,Catalogne,0.0,Fromage,23.180089733895905,2765.2002746189705,Bio Certifié
Green Valley Farm,Union Agricole Méditerranée,Nouvelle-Zélande,Souss-Massa,0.0,Salades,33.727530629461214,2214.896857276546,Bio Certifié
Fattoria Toscana,Rungis International,Maroc,Kansas,0.0,Tomates,136.43726543696798,969.4133197627533,Bio Certifié
Coopérative Oasis,Ferme Al Baraka,Maroc,São Paulo,0.0,Raisins de Table,61.346078067024195,1699.4081157577484,Standard
Coopérative Oasis,Cooperative Grains Alliance,Maroc,Sfax,0.0,Raisins de Table,236.36747807665577,5027.8965069793085,Standard
Ferme Al Baraka,Coopérative Oasis,USA,Meknès-Fès,0.0,Olives à Huile,149.53640642144774,2278.358026554538,Premium
Union Agricole Méditerranée,Fazenda Brasil,Italie,Sfax,0.0,Riz,96.33143664167088,1713.7427398846164,Commerce Équitable
Coopérative Oasis,Dairy Meadows,Brésil,Canterbury,0.0,Olives à Huile,69.71288258596974,2713.145285303729,Premium
Hacienda El Sol,Marché Wholesale Agadir,Maroc,São Paulo,0.0,Pommes,166.5417668802555,2191.784184001788,Premium
Dairy Meadows,Fattoria Toscana,France,Californie,0.0,Tomates,66.77786250176507,1640.880973731374,Standard
Cooperative Grains Alliance,Marché Wholesale Agadir,Italie,Californie,0.0,Riz,26.69171087127902,-399.58792538739954,Bio Certifié
Union Agricole Méditerranée,Fattoria Toscana,Maroc,Toscane,0.0,Raisins de Table,-5.558830778994,2877.8327049618692,Bio Certifié
Fattoria Toscana,Union Agricole Méditerranée,Nouvelle-Zélande,São Paulo,0.0,Pommes,236.7060568031414,3589.3491659718857,Bio Certifié
Cooperative Grains Alliance,Dairy Meadows,Espagne,Meknès-Fès,0.0,Orge,281.6103741514427,9663.385928874677,Standard
Mercabarna,Union Agricole Méditerranée,France,Sfax,0.0,Pommes,3.3244766890691153,13535.39619547436,Premium
Fazenda Brasil,Hacienda El Sol,Maroc,Souss-Massa,0.0,Medjool,579.194067327672,5185.739601285297,Bio Certifié
Fazenda Brasil,Coopérative Oasis,Maroc,Meknès-Fès,0.0,Lait,490.54305930438017,2729.164942545325,Standard
Union Agricole Méditerranée,Marché Wholesale Agadir,USA,Meknès-Fès,0.0,Arabica,285.79121718543695,1555.0953060462875,Standard
Marché Wholesale Agadir,Hacienda El Sol,Maroc,Provence,0.0,Raisins de Table,441.6348561710892,3712.115539696857,Premium
Mercabarna,Domaine Provence Bio,Espagne,Toscane,0.0,Citrons,210.62209385101335,1776.3978781118187,Premium
Domaine Saada,Fattoria Toscana,USA,Californie,0.0,Olives de Table,149.83951359628207,2471.6553101367736,Bio Certifié
Mercabarna,Mercabarna,Maroc,Marrakech-Safi,0.0,Salades,139.04738813294105,5616.62605688791,Premium
Coopérative Oasis,Mercabarna,Brésil,Kansas,0.0,Olives à Huile,572.1539389978677,3401.297418597117,Standard
Mercabarna,Fattoria Toscana,France,Souss-Massa,0.0,Fromage,76.77056198208538,3702.4202865327047,Commerce Équitable
Mercabarna,Mercabarna,Maroc,Souss-Massa,0.0,Pommes,661.1738236304006,3061.169332126794,Bio Certifié
Ferme Al Baraka,Fattoria Toscana,Nouvelle-Zélande,Provence,0.0,Medjool,182.32777112121025,3701.3518397896896,Bio Certifié
Fattoria Toscana,Cooperative Grains Alliance,Maroc,São Paulo,0.0,Blé,824.8133506399276,2008.787204952946,Premium
Green Valley Farm,Fattoria Toscana,Maroc,Provence,0.0,Medjool,221.1897757104261,1613.909577179889,Standard
Fazenda Brasil,Union Agricole Méditerranée,Tunisie,Meknès-Fès,0.0,Raisins de Table,125.90637532195045,2988.5240464725657,Premium
Coopérative Oasis,Marché Wholesale Agadir,Maroc,Sfax,0.0,Orge,184.86971590603724,3565.9680227296776,Premium
Rungis International,Fattoria Toscana,Maroc,Provence,0.0,Robusta,218.97575376848485,1448.8606115015903,Standard
Ferme Al Baraka,Rungis International,France,Île-de-France,0.0,Citrons,734.523386679767,3474.8441975706346,Bio Certifié
Rungis International,Rungis International,Nouvelle-Zélande,Souss-Massa,0.0,Olives à Huile,-3.1752425828652306,9540.169398822907,Commerce Équitable
Dairy Meadows,Union Agricole Méditerranée,Espagne,Marrakech-Safi,0.0,Pommes de terre,192.66932159630574,737.5175723157375,Premium
Coopérative Oasis,Ferme Al Baraka,Brésil,São Paulo,0.0,Riz,141.682054177935,2818.645073447994,Premium
Green Valley Farm,Fattoria Toscana,Maroc,Kansas,0.0,Mandarines,253.99588283312966,631.9430262914811,Bio Certifié
Fattoria Toscana,Green Valley Farm,Maroc,Kansas,0.0,Raisins de Table,840.2968965965049,4752.272662895266,Standard
Cooperative Grains Alliance,Marché Wholesale Agadir,Brésil,Meknès-Fès,0.0,Robusta,169.0352977466331,4143.625875694958,Bio Certifié
Ferme Al Baraka,Marché Wholesale Agadir,Maroc,Meknès-Fès,0.0,Lait,494.5849348966368,4167.324207372599,Premium
Rungis International,Rungis International,Italie,São Paulo,0.0,Tomates,1055.8073051342205,1318.429891308884,Standard
Domaine Saada,Mercabarna,Maroc,Provence,0.0,Maïs,276.9230105194586,4016.0109717053083,Bio Certifié
Dairy Meadows,Hacienda El Sol,France,São Paulo,0.0,Olives de Table,107.47356559277762,2957.8830886125934,Bio Certifié
Coopérative Oasis,Dairy Meadows,Nouvelle-Zélande,Canterbury,0.0,Bananes,554.8471256813805,81.68053541182098,Premium
Rungis International,Rungis International,France,Provence,0.0,Raisins de Table,160.42050330566624,892.6276941736074,Bio Certifié
Union Agricole Méditerranée,Domaine Saada,USA,Souss-Massa,0.0,Orge,235.40908688387864,1007.1388286960528,Bio Certifié
Green Valley Farm,Mercabarna,Nouvelle-Zélande,Californie,0.0,Tomates,162.45686763110527,5774.888682783963,Standard
Fazenda Brasil,Marché Wholesale Agadir,Brésil,Canterbury,0.0,Robusta,162.36747531931033,2599.593411025209,Commerce Équitable
Coopérative Oasis,Ferme Al Baraka,France,Provence,0.0,Blé,1.010918732314444,3597.3582251923353,Commerce Équitable
Marché Wholesale Agadir,Fattoria Toscana,Maroc,Toscane,0.0,Olives à Huile,84.53344265118643,10005.280195971056,Bio Certifié
Mercabarna,Coopérative Oasis,Nouvelle-Zélande,Californie,0.0,Citrons,147.51285171559744,2819.195102777924,Standard
Fazenda Brasil,Domaine Saada,France,Kansas,0.0,Raisins de Table,128.6971326176934,4730.420170427265,Standard
Fattoria Toscana,Domaine Saada,USA,Marrakech-Safi,0.0,Blé,116.26914784728119,11057.201102182107,Standard
Fattoria Toscana,Domaine Saada,France,Californie,0.0,Medjool,162.9400369644987,3423.398031174558,Standard
Marché Wholesale Agadir,Domaine Saada,Maroc,Souss-Massa,0.0,Olives à Huile,58.61617285424806,3933.025187138446,Premium
Cooperative Grains Alliance,Hacienda El Sol,Italie,Andalousie,0.0,Carottes,137.21874698904017,1325.0848003222611,Standard
Rungis International,Coopérative Oasis,Maroc,Souss-Massa,0.0,Orge,78.09846200780868,2729.537798157172,Premium
Fattoria Toscana,Marché Wholesale Agadir,France,Île-de-France,0.0,Salades,243.1631619274493,3834.6634917497577,Standard
Green Valley Farm,Ferme Al Baraka,France,Souss-Massa,0.0,Orge,1020.96227473079,4437.833379760118,Bio Certifié
Marché Wholesale Agadir,Domaine Provence Bio,France,Meknès-Fès,0.0,Olives à Huile,54.37935757038574,4161.422539744763,Standard
Hacienda El Sol,Ferme Al Baraka,France,Californie,0.0,Riz,251.354118641299,1002.4600670446712,Premium
Domaine Provence Bio,Fazenda Brasil,Italie,Californie,0.0,Pommes,7.954283720947416,1593.9108876615105,Standard
Green Valley Farm,Fattoria Toscana,USA,Marrakech-Safi,0.0,Riz,136.85914192828912,1519.0817336857826,Standard
Hacienda El Sol,Hacienda El Sol,Maroc,Kansas,0.0,Robusta,260.2110100008996,2034.781180540457,Bio Certifié
Coopérative Oasis,Hacienda El Sol,Brésil,São Paulo,0.0,Olives à Huile,61.77799167630452,5462.869368480944,Bio Certifié
Domaine Saada,Dairy Meadows,Brésil,Souss-Massa,0.0,Raisins de Cuve,1.8333306220470291,204.17529770520196,Bio Certifié
Cooperative Grains Alliance,Domaine Provence Bio,Espagne,Andalousie,0.0,Lait,55.29306270191374,2945.295012065852,Bio Certifié
Ferme Al Baraka,Union Agricole Méditerranée,Italie,Canterbury,0.0,Pommes,61.00436494201527,3094.9260341417485,Standard
Mercabarna,Marché Wholesale Agadir,Tunisie,Sfax,0.0,Raisins de Cuve,266.9591399508492,2380.6770018471016,Bio Certifié
Union Agricole Méditerranée,Ferme Al Baraka,Nouvelle-Zélande,Souss-Massa,0.0,Carottes,105.98957213376087,2275.6581043634324,Bio Certifié
Ferme Al Baraka,Ferme Al Baraka,USA,Provence,0.0,Raisins de Cuve,145.2508004188774,3044.3648950553797,Bio Certifié
Rungis International,Union Agricole Méditerranée,Espagne,Meknès-Fès,0.0,Olives à Huile,136.72103226832263,582.8319607054704,Bio Certifié
Marché Wholesale Agadir,Ferme Al Baraka,Espagne,Île-de-France,0.0,Maïs,257.594220642275,3274.947254488391,Standard
Cooperative Grains Alliance,Union Agricole Méditerranée,France,Kansas,0.0,Orge,159.0585093749457,1625.6627147738432,Bio Certifié
Dairy Meadows,Ferme Al Baraka,USA,Toscane,0.0,Olives de Table,201.8592596173932,3572.0590633454012,Premium
Coopérative Oasis,Cooperative Grains Alliance,France,Souss-Massa,0.0,Robusta,79.77072031966267,2530.2588404518565,Bio Certifié
Dairy Meadows,Fattoria Toscana,France,Sfax,0.0,Olives de Table,120.03285005848355,14354.934967496334,Bio Certifié
Cooperative Grains Alliance,Dairy Meadows,France,Souss-Massa,0.0,Arabica,79.42872531071426,1915.5120146914805,Bio Certifié
Mercabarna,Domaine Saada,Maroc,Kansas,0.0,Deglet Nour,73.94122688757237,1649.1478607182585,Premium
Domaine Saada,Coopérative Oasis,Maroc,Souss-Massa,0.0,Robusta,186.35059989992834,1997.7160820794534,Commerce Équitable
Ferme Al Baraka,Rungis International,Maroc,Californie,0.0,Fromage,26.391657726187844,2443.9281718524844,Standard
Fattoria Toscana,Marché Wholesale Agadir,USA,Île-de-France,0.0,Orge,58.639194803963704,3240.427047699737,Commerce Équitable
Union Agricole Méditerranée,Coopérative Oasis,Italie,São Paulo,0.0,Courgettes,130.7032334503439,6136.79290634751,Bio Certifié
Domaine Saada,Fattoria Toscana,Nouvelle-Zélande,Californie,0.0,Tomates,140.63157833244608,2631.8857518809473,Commerce Équitable
Dairy Meadows,Dairy Meadows,Maroc,Marrakech-Safi,0.0,Beurre,144.70431990463499,3184.388161637166,Commerce Équitable
Cooperative Grains Alliance,Rungis International,Italie,Kansas,0.0,Mandarines,184.30883269497815,3170.505179060884,Standard
Ferme Al Baraka,Dairy Meadows,Maroc,Toscane,0.0,Raisins de Cuve,61.20396228489129,2418.9462131348682,Premium
Domaine Provence Bio,Fattoria Toscana,France,Provence,0.0,Tomates,95.81582753644513,2778.7762805091156,Bio Certifié
Cooperative Grains Alliance,Ferme Al Baraka,Tunisie,São Paulo,0.0,Maïs,132.68522607542795,11473.677185958757,Bio Certifié
Rungis International,Union Agricole Méditerranée,Nouvelle-Zélande,Sfax,0.0,Yaourt,57.0834750021825,1288.020385546975,Commerce Équitable
Marché Wholesale Agadir,Union Agricole Méditerranée,France,Californie,0.0,Robusta,1122.5418889665339,1854.478234717732,Commerce Équitable
Hacienda El Sol,Domaine Provence Bio,France,Meknès-Fès,0.0,Salades,268.05285759074326,1432.382639712606,Premium
Coopérative Oasis,Ferme Al Baraka,Brésil,São Paulo,0.0,Olives à Huile,276.1873252132368,11500.942494143274,Premium
Domaine Provence Bio,Green Valley Farm,Espagne,Toscane,0.0,Mandarines,135.11173236710326,3170.1048976978054,Bio Certifié
Domaine Saada,Fazenda Brasil,Italie,Catalogne,0.0,Olives de Table,257.4215509733441,2573.0679984115177,Standard
Cooperative Grains Alliance,Rungis International,France,Catalogne,0.0,Beurre,530.9227480524692,3482.292783558919,Premium
Cooperative Grains Alliance,Dairy Meadows,Maroc,Souss-Massa,0.0,Riz,1099.7847912651036,3717.2035360173686,Premium
Mercabarna,Domaine Provence Bio,France,Catalogne,0.0,Olives de Table,23.708409567846488,693.5520664304165,Standard
Cooperative Grains Alliance,Ferme Al Baraka,Maroc,Souss-Massa,0.0,Oignons,195.76824161214637,5214.266466438541,Standard
Mercabarna,Dairy Meadows,Espagne,Sfax,0.0,Pamplemousses,115.61865141112364,2816.657631892431,Premium
Hacienda El Sol,Green Valley Farm,Brésil,Toscane,0.0,Raisins de Table,217.6824705432245,3429.5424819810382,Bio Certifié
Ferme Al Baraka,Domaine Saada,Maroc,Canterbury,0.0,Orge,28.07854552061331,2282.198725391996,Bio Certifié
Ferme Al Baraka,Mercabarna,Espagne,Île-de-France,0.0,Olives à Huile,618.8059333774812,3513.801047019003,Standard
Ferme Al Baraka,Cooperative Grains Alliance,France,Sfax,0.0,Bananes,624.2750407245233,243.6818399712156,Bio Certifié
Fazenda Brasil,Domaine Provence Bio,Italie,Meknès-Fès,0.0,Medjool,100.34857737474547,1081.7678942743755,Bio Certifié
Dairy Meadows,Coopérative Oasis,Maroc,São Paulo,0.0,Fromage,147.48351866821218,2686.2611405054913,Standard
Domaine Saada,Green Valley Farm,France,Marrakech-Safi,0.0,Olives de Table,254.15359837590137,2775.9302230562207,Standard
Domaine Provence Bio,Cooperative Grains Alliance,France,São Paulo,0.0,Pommes de terre,151.29376787816037,4030.8885570724356,Bio Certifié
Rungis International,Fattoria Toscana,Maroc,Provence,0.0,Citrons,90.06058721216314,1464.9165125437817,Bio Certifié
Rungis International,Green Valley Farm,Brésil,Californie,0.0,Robusta,169.49153198178502,4383.298050689067,Standard
Mercabarna,Fattoria Toscana,Maroc,Marrakech-Safi,0.0,Blé,234.24555970068297,3191.837365835391,Bio Certifié
Domaine Saada,Fazenda Brasil,USA,Provence,0.0,Salades,78.05806030726166,4255.297651078323,Standard
Ferme Al Baraka,Domaine Provence Bio,France,Californie,0.0,Pommes,56.812564023653636,1899.7021627709464,Bio Certifié
Domaine Saada,Dairy Meadows,Espagne,Canterbury,0.0,Olives de Table,270.14661797225045,651.817273590967,Commerce Équitable
Green Valley Farm,Ferme Al Baraka,Maroc,Sfax,0.0,Blé,282.78883622719474,2385.97066228549,Premium
Green Valley Farm,Rungis International,USA,Catalogne,0.0,Pommes de terre,267.80321504349865,4778.293600144411,Standard
Coopérative Oasis,Fazenda Brasil,Brésil,Catalogne,0.0,Bananes,635.9607734379392,4573.046073379624,Premium
Green Valley Farm,Dairy Meadows,USA,Californie,0.0,Riz,119.19329976394344,5016.716838290588,Standard
Cooperative Grains Alliance,Domaine Saada,Espagne,Kansas,0.0,Olives à Huile,111.61234505070331,3129.2705334892025,Bio Certifié
Coopérative Oasis,Fazenda Brasil,Nouvelle-Zélande,Toscane,0.0,Medjool,273.2322286516626,5163.256100803898,Bio Certifié
Ferme Al Baraka,Ferme Al Baraka,USA,Souss-Massa,0.0,Robusta,87.25872424359753,5352.597136511908,Bio Certifié
Mercabarna,Union Agricole Méditerranée,Italie,Marrakech-Safi,0.0,Pamplemousses,82.70066653401247,2286.445173917165,Bio Certifié
Green Valley Farm,Union Agricole Méditerranée,Italie,Andalousie,0.0,Oranges,136.26095349681452,3003.3570824077456,Bio Certifié
Rungis International,Rungis International,Tunisie,Sfax,0.0,Deglet Nour,1065.0394439885981,3049.4568306967612,Standard
Mercabarna,Dairy Meadows,Espagne,Californie,0.0,Citrons,52.14784650473183,3821.6102911044873,Bio Certifié
Mercabarna,Ferme Al Baraka,France,Marrakech-Safi,0.0,Yaourt,53.2870562153972,4245.371659103443,Bio Certifié
Coopérative Oasis,Rungis International,France,Kansas,0.0,Riz,471.6826047723705,3497.8162087102382,Bio Certifié
Union Agricole Méditerranée,Rungis International,Italie,Canterbury,0.0,Medjool,593.8180988664924,5832.455316475114,Bio Certifié
Mercabarna,Mercabarna,USA,Provence,0.0,Raisins de Cuve,-4.748729882059685,23045.821838269097,Bio Certifié
Domaine Provence Bio,Marché Wholesale Agadir,USA,Canterbury,0.0,Oranges,61.36305172147493,232.28248631481688,Bio Certifié
Hacienda El Sol,Coopérative Oasis,Espagne,Kansas,0.0,Olives de Table,194.42025983771464,5671.905010335304,Bio Certifié
Rungis International,Dairy Meadows,Maroc,São Paulo,0.0,Olives de Table,133.05002149318443,2904.9645127132385,Bio Certifié
Fattoria Toscana,Green Valley Farm,USA,Provence,0.0,Olives de Table,211.17876720778855,4346.371287831227,Bio Certifié
Fazenda Brasil,Domaine Saada,Tunisie,Kansas,0.0,Olives de Table,136.67067626848882,3318.641588579318,Standard
Fazenda Brasil,Dairy Meadows,France,Canterbury,0.0,Riz,83.03025208198379,3620.5498105979395,Bio Certifié
Fazenda Brasil,Domaine Provence Bio,Tunisie,Provence,0.0,Raisins de Table,174.57465910023367,4432.215320048843,Bio Certifié
Rungis International,Ferme Al Baraka,USA,Californie,0.0,Pommes,81.83620155106621,3519.706332853374,Standard
Rungis International,Marché Wholesale Agadir,Maroc,Kansas,0.0,Oranges,575.1668567509994,5127.942888088075,Bio Certifié
Dairy Meadows,Fazenda Brasil,France,Meknès-Fès,0.0,Yaourt,67.51701190999728,107.10350467352623,Bio Certifié
Marché Wholesale Agadir,Fazenda Brasil,Maroc,Île-de-France,0.0,Beurre,62.76185395064073,618.9738007612431,Premium
Green Valley Farm,Union Agricole Méditerranée,USA,São Paulo,0.0,Pommes,67.68261289323337,1141.8208040332286,Premium
Hacienda El Sol,Fazenda Brasil,USA,Marrakech-Safi,0.0,Raisins de Cuve,142.3427237375149,135.87254829065,Standard
Fazenda Brasil,Fazenda Brasil,Espagne,Californie,0.0,Oranges,98.88858489199191,20893.32531578689,Commerce Équitable
Union Agricole Méditerranée,Fattoria Toscana,Maroc,Meknès-Fès,0.0,Raisins de Cuve,174.69990265839462,2591.772884173337,Standard
Ferme Al Baraka,Ferme Al Baraka,Brésil,Kansas,0.0,Arabica,114.18539496992477,5084.464989058621,Premium
Domaine Saada,Fattoria Toscana,Nouvelle-Zélande,Toscane,0.0,Olives à Huile,192.78596387203612,5904.984388231126,Bio Certifié
Mercabarna,Green Valley Farm,Espagne,Toscane,0.0,Pommes de terre,176.40509137139796,2816.5985739864027,Bio Certifié
Rungis International,Cooperative Grains Alliance,France,Meknès-Fès,0.0,Salades,450.8542319049461,1335.8268823898848,Standard
Coopérative Oasis,Fattoria Toscana,Espagne,Île-de-France,0.0,Raisins de Table,88.7233998294936,3313.16081299255,Bio Certifié
Dairy Meadows,Union Agricole Méditerranée,France,Meknès-Fès,0.0,Orge,-29.115723275735895,4527.682420480247,Standard
Fattoria Toscana,Green Valley Farm,USA,Californie,0.0,Robusta,34.395054677224415,1169.7459027013715,Premium
Cooperative Grains Alliance,Fazenda Brasil,France,São Paulo,0.0,Blé,206.90607524327672,3514.1613913055226,Premium
Fazenda Brasil,Cooperative Grains Alliance,Nouvelle-Zélande,Californie,0.0,Pommes,568.4504454734101,14817.613576896401,Standard
Dairy Meadows,Marché Wholesale Agadir,Nouvelle-Zélande,Canterbury,0.0,Mandarines,702.4872329479051,2364.3675380052427,Premium
Dairy Meadows,Hacienda El Sol,Nouvelle-Zélande,Canterbury,0.0,Maïs,234.0395581981395,5103.989530241686,Bio Certifié
Coopérative Oasis,Rungis International,USA,São Paulo,0.0,Lait,231.07087084310615,965.3956575273894,Premium
Domaine Saada,Mercabarna,Tunisie,Californie,0.0,Deglet Nour,226.54903159662126,4863.23470572544,Bio Certifié
Rungis International,Domaine Provence Bio,Nouvelle-Zélande,Meknès-Fès,0.0,Arabica,248.37427579665496,4685.217886797325,Premium
Cooperative Grains Alliance,Green Valley Farm,Nouvelle-Zélande,Sfax,0.0,Tomates,245.39703910518722,3396.3901423985653,Bio Certifié
Fazenda Brasil,Domaine Saada,USA,Sfax,0.0,Salades,549.0104880219277,565.0648692069574,Standard
Dairy Meadows,Union Agricole Méditerranée,Brésil,Toscane,0.0,Orge,93.8553084863692,3889.0538965783553,Standard
Mercabarna,Dairy Meadows,Italie,Californie,0.0,Orge,54.26441983931694,3977.850954352395,Bio Certifié
Green Valley Farm,Mercabarna,Maroc,Souss-Massa,0.0,Orge,219.6070925427372,4953.32694076859,Standard
Domaine Provence Bio,Union Agricole Méditerranée,Maroc,Canterbury,0.0,Pamplemousses,221.29219464521384,4981.240260572313,Standard
Hacienda El Sol,Fazenda Brasil,France,Provence,0.0,Olives à Huile,153.38199709589838,2479.8710893203647,Bio Certifié
Domaine Saada,Hacienda El Sol,Nouvelle-Zélande,Kansas,0.0,Pamplemousses,119.91640676464218,-591.6251065937604,Standard
Marché Wholesale Agadir,Rungis International,France,Canterbury,0.0,Medjool,-25.06158840248539,-365.8775734105045,Standard
Fazenda Brasil,Rungis International,Espagne,Andalousie,0.0,Yaourt,469.39255280481007,3114.125237797404,Standard
Hacienda El Sol,Fattoria Toscana,Nouvelle-Zélande,Marrakech-Safi,0.0,Olives de Table,303.6509786150026,-173.23534443156154,Premium
Marché Wholesale Agadir,Rungis International,Maroc,Toscane,0.0,Tomates,46.25951950985713,715.2944692665346,Standard
Domaine Saada,Dairy Meadows,Tunisie,Catalogne,0.0,Carottes,-28.78305561086635,2854.244289514726,Premium
Dairy Meadows,Ferme Al Baraka,France,Catalogne,0.0,Raisins de Table,1162.3496531020642,2229.801238766056,Bio Certifié
Union Agricole Méditerranée,Domaine Provence Bio,Maroc,Andalousie,0.0,Lait,140.56309107925756,1076.6572533414717,Standard
Union Agricole Méditerranée,Coopérative Oasis,Espagne,Meknès-Fès,0.0,Raisins de Cuve,102.01211717458253,1431.05578410834,Standard
Green Valley Farm,Fazenda Brasil,Maroc,Californie,0.0,Blé,139.04686388910295,1420.5905464180903,Standard
Hacienda El Sol,Cooperative Grains Alliance,Brésil,Catalogne,0.0,Orge,20.130226937818094,500.6254225948062,Bio Certifié
Mercabarna,Fattoria Toscana,France,Kansas,0.0,Olives à Huile,135.32843729498305,795.4565956905369,Standard
Domaine Saada,Hacienda El Sol,Espagne,Provence,0.0,Pamplemousses,623.5673471225045,3931.877640655256,Premium
Dairy Meadows,Coopérative Oasis,Italie,Californie,0.0,Fromage,479.42536381215234,2396.2076573930253,Premium
Hacienda El Sol,Mercabarna,Espagne,Meknès-Fès,0.0,Olives à Huile,612.4767373271288,3206.1189472133265,Standard
Fattoria Toscana,Dairy Meadows,Italie,Toscane,0.0,Robusta,92.1979028547894,2938.2689653094585,Bio Certifié
Marché Wholesale Agadir,Domaine Provence Bio,Maroc,São Paulo,0.0,Maïs,249.20413843887454,1702.3544070055534,Standard
Hacienda El Sol,Fattoria Toscana,France,Canterbury,0.0,Pommes de terre,266.05797716111283,5146.624802282055,Standard
Domaine Saada,Union Agricole Méditerranée,Espagne,São Paulo,0.0,Medjool,219.52447268118163,3041.1414438767924,Bio Certifié
Dairy Meadows,Dairy Meadows,Tunisie,Souss-Massa,0.0,Oignons,115.56356212113565,2488.185130091193,Standard
Cooperative Grains Alliance,Rungis International,Espagne,Meknès-Fès,0.0,Olives à Huile,130.6008019942149,735.5138519783849,Premium
Domaine Provence Bio,Rungis International,Maroc,Marrakech-Safi,0.0,Carottes,260.6470069254509,1005.4842494354073,Bio Certifié
Dairy Meadows,Domaine Provence Bio,Espagne,Marrakech-Safi,0.0,Raisins de Cuve,242.5304244800916,-491.72487278421704,Premium
Ferme Al Baraka,Marché Wholesale Agadir,USA,Californie,0.0,Olives de Table,111.51773651271918,749.4269524041799,Standard
Fazenda Brasil,Fazenda Brasil,Tunisie,Sfax,0.0,Maïs,69.78391107298557,576.8078692404848,Premium
Domaine Provence Bio,Green Valley Farm,Nouvelle-Zélande,Kansas,0.0,Salades,161.85915637565205,3547.6060616392497,Bio Certifié
Ferme Al Baraka,Marché Wholesale Agadir,Tunisie,Kansas,0.0,Tomates,155.49165914921775,3421.851252456281,Standard
Marché Wholesale Agadir,Fazenda Brasil,Espagne,São Paulo,0.0,Orge,51.60586957271117,553.3449034709679,Standard
Fattoria Toscana,Domaine Provence Bio,Tunisie,Californie,0.0,Pamplemousses,473.7164672149428,4984.938781504781,Commerce Équitable
Dairy Meadows,Fattoria Toscana,Italie,Canterbury,0.0,Orge,76.26603977980203,2525.5957807698996,Standard
Domaine Provence Bio,Marché Wholesale Agadir,Italie,Souss-Massa,0.0,Arabica,17.97901856032857,1454.5365176948824,Commerce Équitable
Coopérative Oasis,Fattoria Toscana,France,Toscane,0.0,Courgettes,40.89105496242958,3873.96880993983,Bio Certifié
Coopérative Oasis,Ferme Al Baraka,Maroc,Sfax,0.0,Olives à Huile,112.58814195006937,2439.6340630115574,Premium
Ferme Al Baraka,Dairy Meadows,Maroc,Kansas,0.0,Arabica,243.85398485519363,5372.640140621602,Premium
Rungis International,Coopérative Oasis,USA,Catalogne,0.0,Oignons,170.44561604964025,-222.23843163810398,Premium
Coopérative Oasis,Marché Wholesale Agadir,France,Meknès-Fès,0.0,Robusta,29.022885605343486,8690.754559463041,Premium
Hacienda El Sol,Union Agricole Méditerranée,Maroc,Souss-Massa,0.0,Raisins de Cuve,-32.03105199685891,1255.8064365586158,Bio Certifié
Marché Wholesale Agadir,Cooperative Grains Alliance,Maroc,Meknès-Fès,0.0,Raisins de Cuve,126.41339953735704,5136.758896126139,Bio Certifié
Mercabarna,Fattoria Toscana,USA,São Paulo,0.0,Medjool,167.95211769111697,11883.128543864328,Bio Certifié
Domaine Saada,Fazenda Brasil,USA,Kansas,0.0,Citrons,166.22600607916496,1271.8123818373222,Standard
Coopérative Oasis,Domaine Provence Bio,Italie,Andalousie,0.0,Oranges,517.1685267025085,2660.499190138529,Standard
Green Valley Farm,Dairy Meadows,Maroc,Sfax,0.0,Beurre,220.5307459280722,4262.490557966375,Bio Certifié
Domaine Provence Bio,Ferme Al Baraka,Brésil,Marrakech-Safi,0.0,Robusta,167.65441326486132,2785.4678383605315,Premium
Ferme Al Baraka,Fazenda Brasil,Espagne,Souss-Massa,0.0,Bananes,83.46435874517816,215.37022014842682,Premium
Domaine Provence Bio,Domaine Provence Bio,Maroc,Kansas,0.0,Bananes,-19.022037265547418,2710.624125175389,Bio Certifié
Marché Wholesale Agadir,Dairy Meadows,France,Souss-Massa,0.0,Yaourt,6.052702784370922,9948.274935691537,Bio Certifié
Domaine Saada,Fazenda Brasil,France,Marrakech-Safi,0.0,Salades,146.87932929682643,3212.810652138142,Standard
Mercabarna,Cooperative Grains Alliance,Espagne,Île-de-France,0.0,Raisins de Cuve,170.36886922201546,1985.438859304608,Bio Certifié
Green Valley Farm,Domaine Provence Bio,France,Canterbury,0.0,Orge,193.33911498361374,4728.151307094786,Premium
Fazenda Brasil,Green Valley Farm,Maroc,Californie,0.0,Raisins de Table,268.0528095067363,3950.520958798264,Bio Certifié
Hacienda El Sol,Cooperative Grains Alliance,Espagne,Souss-Massa,0.0,Olives à Huile,39.3447727739116,3676.2878675733473,Premium
Fattoria Toscana,Ferme Al Baraka,France,Île-de-France,0.0,Pamplemousses,46.158334988228724,2961.46694444848,Bio Certifié
Fazenda Brasil,Fazenda Brasil,France,Catalogne,0.0,Pommes,265.16399730760935,756.2909617386861,Standard
Ferme Al Baraka,Fattoria Toscana,USA,Canterbury,0.0,Robusta,271.4487713474616,1971.9398248275097,Standard
Marché Wholesale Agadir,Dairy Meadows,Brésil,Meknès-Fès,0.0,Deglet Nour,223.0437796165161,3357.3786115475878,Bio Certifié
Dairy Meadows,Green Valley Farm,Espagne,Souss-Massa,0.0,Beurre,717.4911837733497,215.7296152688707,Bio Certifié
Fattoria Toscana,Dairy Meadows,Maroc,Souss-Massa,0.0,Raisins de Cuve,135.1323378810393,108.69776073012758,Premium
Mercabarna,Fazenda Brasil,Maroc,Marrakech-Safi,0.0,Raisins de Table,58.17331568765592,18615.712945688683,Standard
Hacienda El Sol,Fazenda Brasil,France,Provence,0.0,Lait,237.59720732060998,3176.9403034880816,Bio Certifié
Cooperative Grains Alliance,Marché Wholesale Agadir,Espagne,Souss-Massa,0.0,Pamplemousses,115.17451203147746,1587.4847817394302,Bio Certifié
Domaine Provence Bio,Green Valley Farm,Espagne,Californie,0.0,Raisins de Table,103.34000008897004,3262.951329244069,Bio Certifié
Fattoria Toscana,Dairy Meadows,Maroc,São Paulo,0.0,Olives à Huile,70.36494580920737,1320.0976199036177,Premium
Fazenda Brasil,Mercabarna,Maroc,Meknès-Fès,0.0,Citrons,985.1616176048126,1965.5285086444803,Premium
Coopérative Oasis,Coopérative Oasis,Maroc,Meknès-Fès,0.0,Riz,437.73458385032296,11315.824781028477,Premium
Green Valley Farm,Dairy Meadows,USA,Sfax,0.0,Lait,38.112843441341305,1527.011294720306,Bio Certifié
Ferme Al Baraka,Ferme Al Baraka,Nouvelle-Zélande,Souss-Massa,0.0,Oignons,562.7152532133177,3272.913270674835,Standard
Ferme Al Baraka,Domaine Provence Bio,Tunisie,Californie,0.0,Salades,174.41569011435865,958.3113269121059,Bio Certifié
Marché Wholesale Agadir,Cooperative Grains Alliance,Maroc,Meknès-Fès,0.0,Pommes,242.25970190420338,3345.0011006364757,Premium
Fattoria Toscana,Hacienda El Sol,Italie,São Paulo,0.0,Maïs,926.9003105059141,2358.664942013839,Bio Certifié
Dairy Meadows,Cooperative Grains Alliance,France,Canterbury,0.0,Olives de Table,87.13031508415132,3841.284850825471,Bio Certifié
Ferme Al Baraka,Domaine Saada,USA,Île-de-France,0.0,Maïs,498.1071627684764,5268.705786496372,Premium
Dairy Meadows,Fattoria Toscana,Nouvelle-Zélande,Souss-Massa,0.0,Raisins de Table,138.58378505947584,1504.539971796836,Standard
Green Valley Farm,Fattoria Toscana,USA,Souss-Massa,0.0,Olives de Table,500.226248770014,3464.0598605193422,Bio Certifié
Ferme Al Baraka,Dairy Meadows,France,Souss-Massa,0.0,Olives de Table,184.8086370967423,3331.5615419896562,Standard
Union Agricole Méditerranée,Coopérative Oasis,USA,Meknès-Fès,0.0,Tomates,-29.83267914873415,1670.567919263202,Standard
Coopérative Oasis,Rungis International,Brésil,Catalogne,0.0,Courgettes,409.27444679721225,2040.4191073643478,Premium
Union Agricole Méditerranée,Cooperative Grains Alliance,USA,Catalogne,0.0,Raisins de Cuve,108.37330886564376,2985.5997563437777,Bio Certifié
Fazenda Brasil,Mercabarna,France,São Paulo,0.0,Bananes,464.4196808639343,9940.532284582465,Bio Certifié
Domaine Saada,Coopérative Oasis,Italie,Kansas,0.0,Deglet Nour,123.04523378883519,552.7913407620447,Bio Certifié
Fattoria Toscana,Rungis International,France,Californie,0.0,Raisins de Table,-40.58969962467959,785.9752151722334,Standard
Dairy Meadows,Domaine Saada,France,Kansas,0.0,Oignons,38.15022202699849,3446.823324362137,Standard
Dairy Meadows,Marché Wholesale Agadir,Brésil,Canterbury,0.0,Olives à Huile,36.15350393990112,1732.6851939474395,Bio Certifié
Cooperative Grains Alliance,Domaine Provence Bio,Maroc,Île-de-France,0.0,Medjool,177.01734705171197,797.0283838903815,Standard
Fattoria Toscana,Rungis International,Nouvelle-Zélande,Souss-Massa,0.0,Oignons,130.25037120063072,2341.0514007540955,Bio Certifié
Rungis International,Fazenda Brasil,Nouvelle-Zélande,Meknès-Fès,0.0,Raisins de Table,1160.8064279802666,12989.168182702202,Premium
Fattoria Toscana,Fazenda Brasil,Espagne,Canterbury,0.0,Maïs,674.2974234142833,2753.4668502354853,Bio Certifié
Union Agricole Méditerranée,Dairy Meadows,Tunisie,Catalogne,0.0,Raisins de Cuve,97.55074043514006,19880.358840063745,Bio Certifié
Cooperative Grains Alliance,Ferme Al Baraka,Maroc,Marrakech-Safi,0.0,Olives de Table,260.317900748333,1963.0454265570602,Premium
Dairy Meadows,Fazenda Brasil,USA,Kansas,0.0,Citrons,1.07480658138536,3132.784002723254,Premium
Rungis International,Fazenda Brasil,Maroc,Andalousie,0.0,Medjool,424.0374578691407,4519.824876827726,Premium
Fazenda Brasil,Domaine Provence Bio,France,Meknès-Fès,0.0,Orge,145.49349910373007,3906.6143691897323,Commerce Équitable
Green Valley Farm,Fazenda Brasil,USA,Canterbury,0.0,Robusta,107.10165932493939,1472.6772850539364,Bio Certifié
Domaine Saada,Marché Wholesale Agadir,Brésil,Catalogne,0.0,Courgettes,95.72386384905425,183.41113237235732,Standard
Ferme Al Baraka,Mercabarna,Italie,Californie,0.0,Olives à Huile,237.09853254314493,3062.085972292881,Bio Certifié
Rungis International,Green Valley Farm,Maroc,Souss-Massa,0.0,Olives de Table,268.0122266048768,10703.513161805742,Commerce Équitable
Fattoria Toscana,Fazenda Brasil,Maroc,Catalogne,0.0,Pommes,147.82202422206277,2776.096964893468,Premium
Union Agricole Méditerranée,Cooperative Grains Alliance,Tunisie,Marrakech-Safi,0.0,Bananes,109.93108195579089,20046.5048293145,Bio Certifié
Cooperative Grains Alliance,Ferme Al Baraka,Tunisie,Kansas,0.0,Raisins de Cuve,232.41737209792046,3467.5699797606403,Premium
Dairy Meadows,Fattoria Toscana,USA,Californie,0.0,Yaourt,519.1902900491448,2377.0539670239236,Premium
Rungis International,Fattoria Toscana,Brésil,Marrakech-Safi,0.0,Bananes,230.4797356785552,3154.5621845648966,Standard
Coopérative Oasis,Coopérative Oasis,Maroc,Canterbury,0.0,Salades,60.714880118390305,1796.4221678264057,Standard
Domaine Saada,Union Agricole Méditerranée,Tunisie,Canterbury,0.0,Deglet Nour,145.83232663369742,540.9655459668619,Bio Certifié
Ferme Al Baraka,Dairy Meadows,USA,Île-de-France,0.0,Courgettes,583.7609045603764,5096.789881366916,Bio Certifié
Ferme Al Baraka,Dairy Meadows,Espagne,Toscane,0.0,Olives à Huile,96.47335818604436,2895.605769553442,Bio Certifié
Cooperative Grains Alliance,Fattoria Toscana,Maroc,Sfax,0.0,Tomates,123.12675370566119,2580.5113136447544,Bio Certifié
Rungis International,Rungis International,USA,Catalogne,0.0,Olives à Huile,542.6528767590394,1965.7888850250451,Standard
Domaine Saada,Mercabarna,France,Californie,0.0,Raisins de Table,-20.748372224441276,2506.5796487452,Bio Certifié
Fattoria Toscana,Coopérative Oasis,France,Canterbury,0.0,Salades,78.32990476516389,5174.037620756277,Bio Certifié
Union Agricole Méditerranée,Domaine Provence Bio,Italie,Provence,0.0,Olives à Huile,198.75191117410355,3070.422892105123,Standard
Ferme Al Baraka,Domaine Provence Bio,France,Marrakech-Safi,0.0,Raisins de Cuve,185.01959721935268,3061.112606714375,Bio Certifié
Hacienda El Sol,Domaine Saada,France,Toscane,0.0,Olives de Table,178.85141811701038,3403.0574935013665,Bio Certifié
Domaine Saada,Ferme Al Baraka,Brésil,Andalousie,0.0,Bananes,155.37883313785932,12139.039352555614,Commerce Équitable
Mercabarna,Coopérative Oasis,USA,Catalogne,0.0,Olives à Huile,-22.36748184364719,5257.94308345527,Bio Certifié
Mercabarna,Domaine Provence Bio,Tunisie,Sfax,0.0,Olives à Huile,136.1753619528459,1466.789687146549,Standard
Cooperative Grains Alliance,Fazenda Brasil,France,Provence,0.0,Tomates,128.57352049135574,863.5356182336939,Bio Certifié
Domaine Saada,Ferme Al Baraka,Italie,Souss-Massa,0.0,Pommes,76.55645994436793,2344.0265481663787,Bio Certifié
Fattoria Toscana,Fattoria Toscana,Italie,Île-de-France,0.0,Salades,109.41258732510622,1484.5552080134512,Commerce Équitable
Mercabarna,Domaine Provence Bio,Tunisie,Provence,0.0,Raisins de Table,214.0407321094128,4377.782486123308,Bio Certifié
Cooperative Grains Alliance,Domaine Provence Bio,USA,Meknès-Fès,0.0,Robusta,145.96517002227432,767.7571551477048,Premium
Domaine Saada,Union Agricole Méditerranée,France,Île-de-France,0.0,Blé,262.74058458773175,5743.090811220372,Bio Certifié
Cooperative Grains Alliance,Mercabarna,Maroc,Canterbury,0.0,Arabica,166.61939490849204,5369.5702755886205,Premium
Union Agricole Méditerranée,Rungis International,Tunisie,Andalousie,0.0,Raisins de Table,109.45903096046405,6384.065065327448,Bio Certifié
Domaine Provence Bio,Dairy Meadows,Brésil,Canterbury,0.0,Bananes,120.58625932878631,2040.0270705522532,Bio Certifié
Coopérative Oasis,Hacienda El Sol,Espagne,Canterbury,0.0,Arabica,29.553035924028798,3496.988220232848,Standard
Domaine Saada,Fattoria Toscana,Italie,Île-de-France,0.0,Blé,185.94560267450288,2346.3155888574265,Premium
Fattoria Toscana,Ferme Al Baraka,Maroc,Californie,0.0,Lait,139.5602908293526,13549.493606955528,Standard
Fazenda Brasil,Green Valley Farm,Maroc,Sfax,0.0,Deglet Nour,1049.703477342786,5728.134788011628,Bio Certifié
Fazenda Brasil,Union Agricole Méditerranée,Tunisie,Sfax,0.0,Pommes,193.92710545411063,5071.639695947299,Premium
Green Valley Farm,Dairy Meadows,Brésil,Provence,0.0,Maïs,119.02413501478287,2813.8347621781095,Bio Certifié
Mercabarna,Union Agricole Méditerranée,Espagne,Sfax,0.0,Medjool,142.0275920290301,3247.757967829764,Premium
Marché Wholesale Agadir,Fattoria Toscana,Italie,Andalousie,0.0,Mandarines,568.685428462547,3765.9960545106997,Bio Certifié
Mercabarna,Hacienda El Sol,Espagne,Provence,0.0,Riz,180.29791968106323,3253.4266700251696,Premium
Fattoria Toscana,Union Agricole Méditerranée,France,Catalogne,0.0,Pommes,236.4064645894848,2183.86588167819,Premium
Rungis International,Fazenda Brasil,USA,Canterbury,0.0,Medjool,1199.721098800877,3926.7228210612666,Bio Certifié
Domaine Provence Bio,Dairy Meadows,France,Provence,0.0,Deglet Nour,98.00153334283158,2659.735559635657,Standard
Mercabarna,Domaine Saada,Maroc,Marrakech-Safi,0.0,Fromage,119.39320267681181,3125.5828080791184,Bio Certifié
Ferme Al Baraka,Fattoria Toscana,Espagne,Kansas,0.0,Pommes de terre,21.54510426379258,3257.1269746142543,Bio Certifié
Domaine Saada,Union Agricole Méditerranée,USA,Provence,0.0,Olives de Table,151.57268532304448,7378.52067122145,Bio Certifié
Domaine Provence Bio,Coopérative Oasis,Nouvelle-Zélande,Île-de-France,0.0,Blé,63.97417723988441,1184.6563151112136,Bio Certifié
Coopérative Oasis,Ferme Al Baraka,Tunisie,Kansas,0.0,Salades,209.0416122132193,-34.99214103229747,Bio Certifié
Rungis International,Ferme Al Baraka,Maroc,Catalogne,0.0,Tomates,229.276380512409,2752.412893758678,Standard
Hacienda El Sol,Coopérative Oasis,Maroc,Catalogne,0.0,Arabica,123.33864869632632,9762.304364758824,Standard
Green Valley Farm,Domaine Provence Bio,Maroc,Souss-Massa,0.0,Yaourt,185.014965570533,1971.6373423472767,Premium
Green Valley Farm,Green Valley Farm,USA,Sfax,0.0,Blé,624.8966359345841,2280.793365961515,Premium
Fazenda Brasil,Hacienda El Sol,Maroc,Marrakech-Safi,0.0,Olives de Table,1042.9686199660696,5727.301997135255,Premium
Fazenda Brasil,Ferme Al Baraka,USA,Californie,0.0,Tomates,145.1260824220342,829.410748686498,Standard
Domaine Saada,Fazenda Brasil,Tunisie,Andalousie,0.0,Blé,102.91829834559493,524.4104151666672,Bio Certifié
Cooperative Grains Alliance,Ferme Al Baraka,Nouvelle-Zélande,Canterbury,0.0,Lait,255.18233647083554,2289.6125116722183,Bio Certifié
Fazenda Brasil,Dairy Meadows,France,São Paulo,0.0,Courgettes,128.412542683467,1248.277217306515,Standard
Green Valley Farm,Coopérative Oasis,Italie,Kansas,0.0,Riz,139.51537186982392,3222.7879149976184,Premium
Fazenda Brasil,Domaine Provence Bio,USA,Souss-Massa,0.0,Maïs,480.75172720413775,125.13016880036798,Premium
Hacienda El Sol,Hacienda El Sol,France,Meknès-Fès,0.0,Bananes,47.9525693537297,3978.611399907001,Bio Certifié
Fattoria Toscana,Rungis International,Maroc,Meknès-Fès,0.0,Olives de Table,207.2961952168041,3436.907485114424,Premium
Fazenda Brasil,Dairy Meadows,Maroc,Andalousie,0.0,Orge,39.73428839061005,3145.402417468142,Bio Certifié
Mercabarna,Hacienda El Sol,USA,São Paulo,0.0,Raisins de Table,253.35187449454463,1158.3724341901236,Standard
Domaine Provence Bio,Domaine Provence Bio,Brésil,Kansas,0.0,Salades,277.0764465856124,26885.538408446228,Standard
Fattoria Toscana,Fattoria Toscana,USA,Sfax,0.0,Raisins de Table,188.24918964130583,2812.016454456887,Bio Certifié
Fattoria Toscana,Ferme Al Baraka,France,Marrakech-Safi,0.0,Olives à Huile,451.56964614876847,3335.449907025105,Commerce Équitable
Domaine Provence Bio,Rungis International,Brésil,São Paulo,0.0,Olives à Huile,481.3651822781927,2506.8083814802885,Bio Certifié
Domaine Saada,Mercabarna,USA,Meknès-Fès,0.0,Blé,-4.212926467320095,2818.432061171551,Bio Certifié
Union Agricole Méditerranée,Coopérative Oasis,USA,Kansas,0.0,Blé,107.87692830977217,813.4351425565826,Bio Certifié
Coopérative Oasis,Marché Wholesale Agadir,Italie,Marrakech-Safi,0.0,Olives de Table,115.80277625554422,3297.117926314612,Commerce Équitable
Cooperative Grains Alliance,Cooperative Grains Alliance,Maroc,Toscane,0.0,Olives de Table,526.8018026002558,3027.3655387146855,Standard
Ferme Al Baraka,Coopérative Oasis,USA,Meknès-Fès,0.0,Raisins de Cuve,123.41437598234359,2310.170191361838,Standard
Rungis International,Green Valley Farm,Espagne,São Paulo,0.0,Pommes,288.3556371125562,4037.9382804559436,Bio Certifié
Hacienda El Sol,Rungis International,Maroc,Marrakech-Safi,0.0,Riz,473.4359801441925,1721.8630757713574,Premium
Fazenda Brasil,Mercabarna,Maroc,São Paulo,0.0,Pamplemousses,462.7701965430737,3371.712801048214,Premium
Fattoria Toscana,Union Agricole Méditerranée,Maroc,Marrakech-Safi,0.0,Blé,202.79023811781235,3745.5841469785955,Premium
Rungis International,Domaine Provence Bio,USA,São Paulo,0.0,Courgettes,166.90143310278768,3376.3383024142368,Bio Certifié
Domaine Saada,Fazenda Brasil,Maroc,Canterbury,0.0,Pamplemousses,99.9411569072602,14170.812025853418,Premium
Hacienda El Sol,Union Agricole Méditerranée,Italie,São Paulo,0.0,Raisins de Table,285.1762662833716,596.6748983198305,Premium
Mercabarna,Hacienda El Sol,Italie,Île-de-France,0.0,Raisins de Table,651.6474721054024,2727.6557611170433,Premium
Domaine Provence Bio,Domaine Provence Bio,Italie,Meknès-Fès,0.0,Olives de Table,403.40252139351793,3066.1632012938726,Bio Certifié
Fazenda Brasil,Ferme Al Baraka,France,São Paulo,0.0,Raisins de Table,27.069631701124024,4949.792925257439,Bio Certifié
Domaine Saada,Domaine Saada,France,Californie,0.0,Bananes,273.57278618613714,4522.157019801775,Standard
Mercabarna,Fattoria Toscana,Espagne,Kansas,0.0,Maïs,31.61382971423908,781.660187842645,Commerce Équitable
Rungis International,Ferme Al Baraka,Maroc,Californie,0.0,Carottes,26.95232777364842,2891.204693633288,Bio Certifié
Domaine Saada,Fazenda Brasil,Espagne,Provence,0.0,Olives à Huile,162.30603394148395,3249.2074944976584,Bio Certifié
Mercabarna,Fattoria Toscana,Nouvelle-Zélande,São Paulo,0.0,Deglet Nour,80.24271653379722,2481.1351778774733,Premium
Union Agricole Méditerranée,Coopérative Oasis,Maroc,Marrakech-Safi,0.0,Olives à Huile,178.48531717239098,3724.176581452235,Standard
Ferme Al Baraka,Rungis International,Espagne,Californie,0.0,Raisins de Table,161.1401680699127,2917.5430054164867,Bio Certifié
Hacienda El Sol,Green Valley Farm,Maroc,Souss-Massa,0.0,Raisins de Table,1077.8034078285957,5761.206079790664,Bio Certifié
Cooperative Grains Alliance,Ferme Al Baraka,Maroc,Andalousie,0.0,Salades,573.7926820592887,148.14280537604668,Bio Certifié
Marché Wholesale Agadir,Dairy Meadows,Brésil,Souss-Massa,0.0,Beurre,171.8928364695969,3603.2229612963565,Bio Certifié
Fattoria Toscana,Fazenda Brasil,Maroc,Canterbury,0.0,Arabica,99.52375396335759,3830.514818450477,Bio Certifié
Green Valley Farm,Domaine Provence Bio,Nouvelle-Zélande,Canterbury,0.0,Carottes,16.229044573034628,2764.3275600333354,Standard
Dairy Meadows,Fattoria Toscana,Espagne,Sfax,0.0,Raisins de Table,182.16867605517206,9722.453752766165,Bio Certifié
Mercabarna,Green Valley Farm,Tunisie,São Paulo,0.0,Medjool,209.5265093696276,5700.254682907356,Bio Certifié
Mercabarna,Dairy Meadows,Maroc,Kansas,0.0,Olives à Huile,245.7804513597461,3682.797081298748,Premium
Domaine Saada,Coopérative Oasis,Espagne,Provence,0.0,Blé,6.010059916839381,8152.2295392398055,Premium
Domaine Saada,Coopérative Oasis,Italie,Catalogne,0.0,Raisins de Cuve,136.19924999706905,3106.0782195247707,Bio Certifié
Domaine Provence Bio,Hacienda El Sol,USA,Andalousie,0.0,Tomates,209.0334367288354,-833.6676248441115,Standard
Marché Wholesale Agadir,Mercabarna,France,Meknès-Fès,0.0,Lait,51.335903655228826,298.75729136166103,Bio Certifié
Domaine Provence Bio,Domaine Saada,Maroc,Provence,0.0,Medjool,237.26566809274078,1427.922493380922,Premium
Domaine Saada,Coopérative Oasis,France,Sfax,0.0,Robusta,262.6109059163123,2300.6592004538743,Premium
Domaine Provence Bio,Domaine Saada,France,Catalogne,0.0,Arabica,614.8269425554149,2180.1035902031504,Bio Certifié
Fattoria Toscana,Fattoria Toscana,USA,Toscane,0.0,Courgettes,189.4723241637079,1443.4700903645057,Bio Certifié
Fattoria Toscana,Domaine Saada,France,Californie,0.0,Beurre,535.4212603652697,5648.947238158306,Bio Certifié
Domaine Provence Bio,Domaine Provence Bio,Espagne,Île-de-France,0.0,Deglet Nour,1.6777044700056365,-346.1045656211745,Standard
Domaine Provence Bio,Fattoria Toscana,Italie,São Paulo,0.0,Courgettes,46.69038048856409,2775.348063215747,Standard
Domaine Provence Bio,Hacienda El Sol,Nouvelle-Zélande,Kansas,0.0,Robusta,128.92556770344072,3296.8270114441775,Standard
Dairy Meadows,Green Valley Farm,France,Andalousie,0.0,Tomates,127.978237244484,3802.4617899116784,Premium
Fazenda Brasil,Rungis International,Maroc,Catalogne,0.0,Olives de Table,70.02757960893877,3470.8289329853014,Bio Certifié
Rungis International,Union Agricole Méditerranée,USA,Meknès-Fès,0.0,Arabica,148.41234899596574,1739.2838605170198,Commerce Équitable
Fazenda Brasil,Rungis International,Brésil,Sfax,0.0,Pommes,87.33620529852075,4987.006788564613,Bio Certifié
Rungis International,Dairy Meadows,Maroc,Île-de-France,0.0,Oignons,172.23626567028285,1902.8824983130103,Bio Certifié
Fattoria Toscana,Domaine Provence Bio,Italie,Sfax,0.0,Fromage,-21.555926170062115,1964.6309462521547,Standard
Fazenda Brasil,Fazenda Brasil,Espagne,Canterbury,0.0,Robusta,276.33095214197436,4258.960533921251,Commerce Équitable
Cooperative Grains Alliance,Ferme Al Baraka,USA,Californie,0.0,Orge,228.72104389102682,1421.2248300845333,Premium
Union Agricole Méditerranée,Marché Wholesale Agadir,Maroc,Catalogne,0.0,Lait,157.24997298223627,3037.096229698089,Premium
Fazenda Brasil,Fattoria Toscana,Italie,Toscane,0.0,Raisins de Cuve,85.34210841928648,3858.2270914864957,Premium
Ferme Al Baraka,Marché Wholesale Agadir,Maroc,Andalousie,0.0,Bananes,238.7819107004632,2592.163051514948,Bio Certifié
Domaine Saada,Fattoria Toscana,France,Catalogne,0.0,Blé,432.82045213707084,1872.8751930858054,Standard
Ferme Al Baraka,Fattoria Toscana,Maroc,Provence,0.0,Olives de Table,154.35128900297323,3410.5184196916307,Premium
Fattoria Toscana,Fazenda Brasil,France,Canterbury,0.0,Deglet Nour,8.200577844789805,-480.7971410953296,Bio Certifié
Ferme Al Baraka,Dairy Meadows,Italie,Souss-Massa,0.0,Raisins de Table,174.36920970904757,596.1506272050522,Bio Certifié
Ferme Al Baraka,Union Agricole Méditerranée,Nouvelle-Zélande,Californie,0.0,Arabica,282.7282215280429,2768.765181816155,Standard
Rungis International,Ferme Al Baraka,USA,Provence,0.0,Carottes,58.50751581009911,3064.2303930354537,Bio Certifié
Domaine Provence Bio,Fazenda Brasil,Maroc,Souss-Massa,0.0,Raisins de Cuve,266.0145861532478,3875.27530861605,Standard
Fazenda Brasil,Hacienda El Sol,Maroc,Souss-Massa,0.0,Arabica,204.55252748064626,-1025.9751416679153,Standard
Ferme Al Baraka,Domaine Saada,Brésil,Andalousie,0.0,Salades,149.743919607366,5657.377784619906,Bio Certifié
Cooperative Grains Alliance,Rungis International,Maroc,Kansas,0.0,Raisins de Cuve,16.66886767841371,4264.493062217631,Bio Certifié
Green Valley Farm,Domaine Saada,Nouvelle-Zélande,Catalogne,0.0,Citrons,91.90365134150665,19030.60897253977,Premium
Domaine Saada,Dairy Meadows,Maroc,Île-de-France,0.0,Orge,135.90491203528728,7487.890005971407,Bio Certifié
Coopérative Oasis,Fazenda Brasil,France,Andalousie,0.0,Raisins de Table,253.8013986811266,3036.218437402511,Premium
Ferme Al Baraka,Mercabarna,Maroc,Souss-Massa,0.0,Raisins de Table,43.771720376109535,2820.404359674286,Premium
Ferme Al Baraka,Domaine Provence Bio,France,Provence,0.0,Deglet Nour,182.5476739365025,2608.3225396996595,Premium
Domaine Saada,Green Valley Farm,Tunisie,Toscane,0.0,Carottes,-1.4216163634991332,10713.994920011817,Bio Certifié
Union Agricole Méditerranée,Domaine Provence Bio,Maroc,Toscane,0.0,Raisins de Cuve,239.2807438052871,2906.1094957631544,Premium
Domaine Saada,Domaine Provence Bio,Tunisie,Provence,0.0,Raisins de Table,528.7807333809872,22402.93778757367,Bio Certifié
Domaine Saada,Cooperative Grains Alliance,Tunisie,Meknès-Fès,0.0,Blé,28.134019256082574,1490.66155316842,Bio Certifié
Rungis International,Coopérative Oasis,France,Kansas,0.0,Maïs,50.84804108326712,-54.18699237726764,Bio Certifié
Ferme Al Baraka,Union Agricole Méditerranée,France,Andalousie,0.0,Oignons,88.94705807727645,107.42338870660637,Premium
Ferme Al Baraka,Hacienda El Sol,Maroc,Souss-Massa,0.0,Pommes de terre,110.1299669618736,4701.477836426162,Premium
Cooperative Grains Alliance,Mercabarna,Maroc,Toscane,0.0,Riz,109.94349342865813,399.3267814814018,Bio Certifié
Ferme Al Baraka,Fazenda Brasil,Brésil,Andalousie,0.0,Olives de Table,147.01391108301462,2297.0676048354317,Premium
Domaine Provence Bio,Marché Wholesale Agadir,Espagne,Île-de-France,0.0,Mandarines,174.44151864014853,4015.9914792637906,Standard
Fattoria Toscana,Marché Wholesale Agadir,Brésil,Île-de-France,0.0,Bananes,151.9395314379434,3669.6161621140736,Standard
Mercabarna,Domaine Provence Bio,France,Canterbury,0.0,Salades,-72.78876489874892,-68.49250369690594,Premium
Coopérative Oasis,Fazenda Brasil,Brésil,Californie,0.0,Raisins de Table,174.85509460403296,2198.9423892015075,Bio Certifié
Domaine Saada,Domaine Saada,France,Sfax,0.0,Mandarines,961.035839866516,1906.779899470501,Standard
Cooperative Grains Alliance,Mercabarna,France,Sfax,0.0,Maïs,56.45629916298446,6048.1668466672345,Premium
Marché Wholesale Agadir,Cooperative Grains Alliance,France,Souss-Massa,0.0,Lait,18.666101271951895,2551.5045435691036,Premium
Domaine Provence Bio,Dairy Meadows,Tunisie,Sfax,0.0,Mandarines,166.66013240150326,3894.3666600843444,Standard
Hacienda El Sol,Fazenda Brasil,Espagne,Souss-Massa,0.0,Fromage,219.40441172424664,4008.5980724839865,Standard
Domaine Provence Bio,Domaine Saada,France,Sfax,0.0,Bananes,16.960408414183583,2860.693966027634,Premium
Dairy Meadows,Union Agricole Méditerranée,France,São Paulo,0.0,Bananes,-42.796547748187116,1372.1088009423179,Standard
Dairy Meadows,Coopérative Oasis,France,Marrakech-Safi,0.0,Pommes,366.60874023091844,2110.456988613476,Standard
Fazenda Brasil,Mercabarna,Tunisie,São Paulo,0.0,Tomates,65.5044911477049,559.2450574929917,Standard
Fattoria Toscana,Domaine Provence Bio,Nouvelle-Zélande,Provence,0.0,Oranges,967.4690462101908,2572.4819622670866,Premium
Rungis International,Domaine Saada,Brésil,Île-de-France,0.0,Maïs,273.52375011585707,10031.053052113291,Premium
Mercabarna,Union Agricole Méditerranée,Tunisie,Kansas,0.0,Riz,140.98480113585234,3791.130946287696,Commerce Équitable
Hacienda El Sol,Domaine Provence Bio,Maroc,Toscane,0.0,Salades,1087.835050831232,5535.642062217053,Standard
Dairy Meadows,Fattoria Toscana,France,Meknès-Fès,0.0,Pommes,-9.638435165379313,3412.118942825583,Bio Certifié
Coopérative Oasis,Coopérative Oasis,USA,Souss-Massa,0.0,Robusta,725.2947752908495,1733.6342755027472,Bio Certifié
Domaine Provence Bio,Cooperative Grains Alliance,Espagne,Provence,0.0,Maïs,145.24831797818317,12927.878781146039,Bio Certifié
Fattoria Toscana,Domaine Provence Bio,Tunisie,Toscane,0.0,Arabica,32.33202848200352,2271.2599729257727,Standard
Fazenda Brasil,Domaine Saada,France,Souss-Massa,0.0,Fromage,185.0590345628959,5028.574628547077,Commerce Équitable
Domaine Provence Bio,Rungis International,Espagne,Île-de-France,0.0,Raisins de Cuve,94.09704387316935,3322.2266222082017,Premium
Rungis International,Domaine Provence Bio,Maroc,Souss-Massa,0.0,Riz,1241.9755411055728,2337.254995582193,Standard
Union Agricole Méditerranée,Dairy Meadows,France,Californie,0.0,Tomates,5.3036020266992665,2699.6376720927583,Bio Certifié
Mercabarna,Coopérative Oasis,Brésil,Souss-Massa,0.0,Raisins de Cuve,60.21951051567136,14698.348459674553,Bio Certifié
Mercabarna,Marché Wholesale Agadir,USA,Catalogne,0.0,Raisins de Cuve,950.8153075340209,609.1233284881835,Premium
Green Valley Farm,Hacienda El Sol,Maroc,Île-de-France,0.0,Courgettes,276.8766190695604,10521.878229902217,Standard
Coopérative Oasis,Mercabarna,Maroc,Kansas,0.0,Courgettes,607.9587626912122,4209.992302093433,Bio Certifié
Fattoria Toscana,Domaine Provence Bio,Italie,Kansas,0.0,Fromage,186.84000773499525,2537.8600640748573,Premium
Cooperative Grains Alliance,Ferme Al Baraka,USA,Andalousie,0.0,Olives à Huile,144.28669313593915,1937.9580413275503,Premium
Union Agricole Méditerranée,Dairy Meadows,Espagne,São Paulo,0.0,Raisins de Table,228.61855660034954,21218.847623464655,Standard
Domaine Saada,Fazenda Brasil,France,Californie,0.0,Arabica,121.64148353832458,3160.027077720343,Bio Certifié
Fattoria Toscana,Fattoria Toscana,USA,Provence,0.0,Pommes,194.35282201797764,-97.8502829728343,Bio Certifié
Marché Wholesale Agadir,Marché Wholesale Agadir,Brésil,Provence,0.0,Tomates,140.16442069099242,4793.005003506552,Standard
Domaine Provence Bio,Fattoria Toscana,France,Souss-Massa,0.0,Olives de Table,8.366109453521489,-628.6922713053762,Bio Certifié
Marché Wholesale Agadir,Coopérative Oasis,France,Catalogne,0.0,Raisins de Cuve,40.68393181486851,4842.671385508461,Bio Certifié
Green Valley Farm,Rungis International,Maroc,Toscane,0.0,Pommes,217.4315922370015,2858.0417444529357,Bio Certifié
Rungis International,Green Valley Farm,USA,Andalousie,0.0,Yaourt,1045.0376601053695,1935.4495958425714,Commerce Équitable
Rungis International,Ferme Al Baraka,Maroc,Sfax,0.0,Tomates,118.37351556071992,4291.4043102196665,Standard
Cooperative Grains Alliance,Fattoria Toscana,Nouvelle-Zélande,Californie,0.0,Tomates,36.69398471563639,7820.519886351751,Bio Certifié
Dairy Meadows,Green Valley Farm,Tunisie,Californie,0.0,Robusta,59.328111959454915,5490.611768007233,Bio Certifié
Green Valley Farm,Marché Wholesale Agadir,France,Canterbury,0.0,Tomates,143.52658055314043,2172.460134288375,Premium
Fattoria Toscana,Hacienda El Sol,Nouvelle-Zélande,São Paulo,0.0,Pommes,173.82424773296677,2859.43204495866,Bio Certifié
Green Valley Farm,Fattoria Toscana,Maroc,Toscane,0.0,Riz,122.5663064618318,2861.699968088158,Bio Certifié
Marché Wholesale Agadir,Dairy Meadows,France,Sfax,0.0,Bananes,167.566717162871,1092.8630408250801,Bio Certifié
Dairy Meadows,Cooperative Grains Alliance,Brésil,São Paulo,0.0,Arabica,173.10155138994122,1461.8842003431084,Premium
Marché Wholesale Agadir,Domaine Saada,Maroc,Catalogne,0.0,Medjool,73.62605812072462,3232.9517619225835,Premium
Cooperative Grains Alliance,Domaine Provence Bio,USA,Sfax,0.0,Pommes,3.186508816974701,3885.4337732212907,Standard
Hacienda El Sol,Dairy Meadows,Maroc,Souss-Massa,0.0,Pommes,-33.92699731217572,734.7100082574484,Premium
Fazenda Brasil,Fattoria Toscana,France,Provence,0.0,Arabica,97.86890402048857,2983.268629524354,Premium
Fazenda Brasil,Ferme Al Baraka,Nouvelle-Zélande,Sfax,0.0,Raisins de Table,400.7007746165,2804.821317033882,Standard
Union Agricole Méditerranée,Ferme Al Baraka,Maroc,São Paulo,0.0,Medjool,375.52174044380973,4181.270140209508,Premium
Green Valley Farm,Union Agricole Méditerranée,USA,Meknès-Fès,0.0,Pommes,1194.141890673201,1805.342300068855,Bio Certifié
Mercabarna,Fattoria Toscana,Nouvelle-Zélande,Sfax,0.0,Raisins de Table,141.32401688282368,1316.8985080276484,Bio Certifié
Ferme Al Baraka,Fazenda Brasil,France,Canterbury,0.0,Raisins de Cuve,16.19144755244489,9472.031140151736,Premium
Union Agricole Méditerranée,Cooperative Grains Alliance,Italie,Toscane,0.0,Courgettes,119.72278167173516,3283.259340878996,Standard
Fattoria Toscana,Marché Wholesale Agadir,Brésil,São Paulo,0.0,Arabica,641.2956799146011,4496.531807898883,Commerce Équitable
Mercabarna,Mercabarna,Nouvelle-Zélande,Kansas,0.0,Tomates,64.62587294634803,298.90229176553623,Standard
Fattoria Toscana,Domaine Provence Bio,Maroc,Kansas,0.0,Tomates,166.39189865274503,3866.9040607567613,Bio Certifié
Fattoria Toscana,Green Valley Farm,Maroc,Californie,0.0,Maïs,1131.5052138583665,19656.1227952718,Premium
Green Valley Farm,Marché Wholesale Agadir,USA,Sfax,0.0,Raisins de Cuve,1046.5875885834569,3408.1751048589176,Standard
Rungis International,Fattoria Toscana,Brésil,Île-de-France,0.0,Tomates,388.7228655877967,2221.312127478925,Premium
Cooperative Grains Alliance,Domaine Saada,Maroc,Provence,0.0,Orge,143.29876975028017,2614.2969854891207,Standard
Domaine Saada,Fattoria Toscana,Maroc,Andalousie,0.0,Tomates,106.78212833691313,8250.731177474057,Bio Certifié
Domaine Saada,Rungis International,USA,Île-de-France,0.0,Bananes,153.64324527522282,5162.381542086585,Bio Certifié
Domaine Saada,Domaine Provence Bio,France,Canterbury,0.0,Olives à Huile,81.17142323040511,3546.2414272270926,Bio Certifié
Domaine Saada,Union Agricole Méditerranée,Nouvelle-Zélande,Catalogne,0.0,Raisins de Cuve,912.0090857677917,3324.812719118886,Bio Certifié
Fazenda Brasil,Mercabarna,Maroc,Île-de-France,0.0,Orge,228.12171040329218,2121.7993875656284,Standard
Hacienda El Sol,Domaine Provence Bio,Italie,Canterbury,0.0,Blé,-18.913903236540072,4725.8024006132,Standard
Cooperative Grains Alliance,Hacienda El Sol,France,Marrakech-Safi,0.0,Beurre,113.99608615128486,2211.2617550767154,Premium
Fattoria Toscana,Dairy Meadows,Nouvelle-Zélande,Californie,0.0,Robusta,229.1278730569668,874.8746941270313,Premium
Union Agricole Méditerranée,Domaine Saada,USA,Meknès-Fès,0.0,Raisins de Cuve,62.34741953108092,2514.406846014957,Standard
Dairy Meadows,Marché Wholesale Agadir,France,Catalogne,0.0,Pommes,70.90672695223667,1106.3352891254292,Premium
Fazenda Brasil,Fazenda Brasil,Tunisie,São Paulo,0.0,Arabica,70.93878311440179,3610.402114385821,Commerce Équitable
Domaine Saada,Cooperative Grains Alliance,Maroc,Catalogne,0.0,Raisins de Table,1134.5925078810749,3388.050949008026,Premium
Domaine Provence Bio,Union Agricole Méditerranée,Maroc,Toscane,0.0,Arabica,202.06465526144922,4683.413744152449,Bio Certifié
Ferme Al Baraka,Domaine Provence Bio,Nouvelle-Zélande,Souss-Massa,0.0,Oignons,225.1069729948099,1452.3628796855924,Bio Certifié
Dairy Meadows,Rungis International,Italie,Canterbury,0.0,Raisins de Table,206.6762144564883,3402.7526659738587,Standard
Cooperative Grains Alliance,Ferme Al Baraka,Italie,Meknès-Fès,0.0,Pommes,189.9564888168008,3577.5734901606747,Premium
Mercabarna,Marché Wholesale Agadir,Italie,Andalousie,0.0,Maïs,190.75575122241526,4903.226344283726,Premium
Fattoria Toscana,Fazenda Brasil,USA,Sfax,0.0,Bananes,114.93830995772842,2704.0205763495187,Standard
Coopérative Oasis,Green Valley Farm,Espagne,Meknès-Fès,0.0,Raisins de Table,172.41437484249911,4642.967933781064,Standard
Cooperative Grains Alliance,Fazenda Brasil,Brésil,Provence,0.0,Bananes,112.44712472631662,5357.4506166501915,Standard
Green Valley Farm,Union Agricole Méditerranée,Maroc,Andalousie,0.0,Salades,599.841130385194,4538.608559799979,Premium
Domaine Provence Bio,Coopérative Oasis,Maroc,Souss-Massa,0.0,Lait,90.26213466692022,3209.5868745670095,Premium
Union Agricole Méditerranée,Rungis International,France,Sfax,0.0,Olives à Huile,125.476226734025,3440.5418177930696,Standard
Union Agricole Méditerranée,Dairy Meadows,France,Californie,0.0,Olives à Huile,135.38176044395212,8167.964903569825,Commerce Équitable
Mercabarna,Fattoria Toscana,USA,Souss-Massa,0.0,Salades,743.2251253975015,4149.8920140645205,Bio Certifié
Mercabarna,Hacienda El Sol,Espagne,Souss-Massa,0.0,Fromage,41.31739093490123,2779.9639346929134,Premium
Hacienda El Sol,Hacienda El Sol,Maroc,Californie,0.0,Carottes,66.69222672472259,19256.522921007316,Premium
Green Valley Farm,Marché Wholesale Agadir,Maroc,Andalousie,0.0,Olives de Table,403.72442312528136,68.7003311682829,Standard
Fazenda Brasil,Fattoria Toscana,Maroc,Île-de-France,0.0,Maïs,218.54421288204702,3694.8012904809057,Standard
Fazenda Brasil,Hacienda El Sol,Nouvelle-Zélande,São Paulo,0.0,Raisins de Table,267.69743022822496,2804.2378866590025,Bio Certifié
Fazenda Brasil,Ferme Al Baraka,Brésil,São Paulo,0.0,Olives à Huile,171.12281923518964,2126.7763090170974,Standard
Fazenda Brasil,Marché Wholesale Agadir,Maroc,Kansas,0.0,Salades,127.99596542360939,1682.0207783729252,Premium
Fattoria Toscana,Fazenda Brasil,Nouvelle-Zélande,Souss-Massa,0.0,Olives de Table,245.4839365225339,2831.9674265573667,Premium
Domaine Provence Bio,Green Valley Farm,Espagne,Souss-Massa,0.0,Raisins de Table,58.310636173219,3871.4823103949993,Bio Certifié
Mercabarna,Domaine Saada,Nouvelle-Zélande,Provence,0.0,Robusta,97.70870820965834,1503.826839168741,Bio Certifié
Green Valley Farm,Mercabarna,USA,Souss-Massa,0.0,Deglet Nour,549.2569739836606,5617.050720362869,Premium
Domaine Provence Bio,Mercabarna,France,Andalousie,0.0,Raisins de Cuve,1248.4807499335916,3539.6355999114676,Premium
Fattoria Toscana,Union Agricole Méditerranée,France,Meknès-Fès,0.0,Raisins de Table,249.99054275561937,3267.2454457577123,Bio Certifié
Union Agricole Méditerranée,Dairy Meadows,Nouvelle-Zélande,Provence,0.0,Lait,108.38232007314306,1642.8016596623881,Bio Certifié
Marché Wholesale Agadir,Marché Wholesale Agadir,USA,Souss-Massa,0.0,Pommes de terre,304.66672402964815,2712.655332848732,Premium
Green Valley Farm,Rungis International,USA,Sfax,0.0,Pommes,184.5460407180274,-67.67345968203063,Standard
Domaine Saada,Ferme Al Baraka,Maroc,Sfax,0.0,Salades,91.54930182523262,2105.4015316542773,Standard
Green Valley Farm,Fazenda Brasil,Espagne,Provence,0.0,Yaourt,245.39778921569552,1948.7646194850508,Standard
Coopérative Oasis,Domaine Provence Bio,Italie,Meknès-Fès,0.0,Tomates,570.3722367280786,2050.0836560631924,Premium
Domaine Provence Bio,Ferme Al Baraka,France,Canterbury,0.0,Robusta,178.92277718751356,2820.6802997480354,Premium
Domaine Saada,Union Agricole Méditerranée,Brésil,Île-de-France,0.0,Raisins de Cuve,270.2155992886103,3708.7143467221667,Premium
Ferme Al Baraka,Dairy Meadows,France,Californie,0.0,Bananes,57.85248282743169,3061.284059723613,Bio Certifié
Mercabarna,Domaine Provence Bio,USA,Californie,0.0,Medjool,88.74577465563439,3065.2464918801916,Bio Certifié
Fattoria Toscana,Union Agricole Méditerranée,Maroc,Kansas,0.0,Riz,45.62538705239521,1915.2760354515826,Bio Certifié
Marché Wholesale Agadir,Green Valley Farm,Espagne,Kansas,0.0,Pommes de terre,735.4103538067492,1746.4595158390155,Bio Certifié
Fazenda Brasil,Union Agricole Méditerranée,France,Provence,0.0,Tomates,262.5406705204672,1875.6320279171218,Commerce Équitable
Domaine Provence Bio,Coopérative Oasis,Maroc,Provence,0.0,Orge,234.72891937207277,3197.4012599565685,Commerce Équitable
Dairy Meadows,Hacienda El Sol,Maroc,Toscane,0.0,Raisins de Table,118.30810929027625,1007.3800869724228,Bio Certifié
Mercabarna,Domaine Saada,France,Catalogne,0.0,Arabica,71.10072422034307,3419.460332670932,Bio Certifié
Union Agricole Méditerranée,Marché Wholesale Agadir,Nouvelle-Zélande,Toscane,0.0,Raisins de Table,187.235471074273,2834.492614744455,Premium
Green Valley Farm,Rungis International,Maroc,Canterbury,0.0,Orge,409.24153858098487,2542.6527561667494,Standard
Fazenda Brasil,Union Agricole Méditerranée,France,Souss-Massa,0.0,Salades,-23.635496627074012,5001.20942256048,Bio Certifié
Domaine Saada,Dairy Meadows,Brésil,Meknès-Fès,0.0,Tomates,378.59682199402414,2524.922428635379,Bio Certifié
Cooperative Grains Alliance,Mercabarna,France,Provence,0.0,Fromage,256.98361145491225,4864.1506046266195,Bio Certifié
Fattoria Toscana,Coopérative Oasis,Brésil,Meknès-Fès,0.0,Beurre,178.75736820363102,194.63803477818124,Standard
Dairy Meadows,Rungis International,Espagne,Sfax,0.0,Raisins de Cuve,171.4637699527013,3263.033986203382,Premium
Mercabarna,Fazenda Brasil,Espagne,Catalogne,0.0,Pamplemousses,106.30901137911545,3493.410452291715,Premium
Union Agricole Méditerranée,Union Agricole Méditerranée,Maroc,Marrakech-Safi,0.0,Deglet Nour,611.4999781953602,8004.229519219227,Standard
Fattoria Toscana,Mercabarna,France,Provence,0.0,Tomates,152.17517030577622,2795.7983645684335,Standard
Cooperative Grains Alliance,Ferme Al Baraka,France,Californie,0.0,Olives à Huile,262.1547098135403,3497.4988536382216,Bio Certifié
Dairy Meadows,Cooperative Grains Alliance,France,Californie,0.0,Deglet Nour,50.24379343080626,900.6568352310973,Bio Certifié
Coopérative Oasis,Domaine Provence Bio,Maroc,Toscane,0.0,Olives de Table,56.3376959878899,10136.631995030857,Bio Certifié
Green Valley Farm,Dairy Meadows,Maroc,Toscane,0.0,Olives à Huile,213.99203262718135,2727.9799145334873,Bio Certifié
Cooperative Grains Alliance,Domaine Saada,Tunisie,Meknès-Fès,0.0,Mandarines,107.86076246663806,618.815177282873,Bio Certifié
Cooperative Grains Alliance,Hacienda El Sol,Maroc,Andalousie,0.0,Orge,89.98655715602077,2565.9452111298006,Premium
Union Agricole Méditerranée,Ferme Al Baraka,USA,Sfax,0.0,Mandarines,639.2496742188084,3430.0614791871694,Bio Certifié
Coopérative Oasis,Fattoria Toscana,Nouvelle-Zélande,Marrakech-Safi,0.0,Raisins de Table,171.75116415574158,2620.5076495416724,Standard
Hacienda El Sol,Coopérative Oasis,Maroc,Toscane,0.0,Maïs,388.7841586584269,797.9948030340331,Bio Certifié
Domaine Provence Bio,Ferme Al Baraka,Espagne,Toscane,0.0,Raisins de Table,146.06795676413293,3306.7541238534404,Bio Certifié
Fattoria Toscana,Fattoria Toscana,Maroc,São Paulo,0.0,Arabica,187.06829211060216,3476.779738881334,Commerce Équitable
Dairy Meadows,Hacienda El Sol,France,Marrakech-Safi,0.0,Robusta,542.5029406997302,3071.982300527373,Bio Certifié
Cooperative Grains Alliance,Fattoria Toscana,Brésil,Kansas,0.0,Arabica,7.714516432889489,15424.726507698259,Bio Certifié
Ferme Al Baraka,Fazenda Brasil,Tunisie,Provence,0.0,Olives à Huile,96.4708199721282,138.35105503344948,Standard
Marché Wholesale Agadir,Fazenda Brasil,Espagne,Île-de-France,0.0,Yaourt,133.71817429054522,2630.8883805111955,Commerce Équitable
Domaine Saada,Union Agricole Méditerranée,Maroc,Californie,0.0,Tomates,282.2235702583789,3384.2584986713355,Bio Certifié
Fazenda Brasil,Domaine Saada,Tunisie,Île-de-France,0.0,Pommes de terre,288.00700882861963,5575.673757987981,Standard
Union Agricole Méditerranée,Fazenda Brasil,Espagne,Provence,0.0,Orge,-33.07173717728694,3936.2209259036836,Bio Certifié
Fazenda Brasil,Marché Wholesale Agadir,Italie,Marrakech-Safi,0.0,Beurre,156.7660522326749,2002.0844691310547,Bio Certifié
Hacienda El Sol,Rungis International,Maroc,Catalogne,0.0,Raisins de Cuve,42.16480925571163,4965.0443169522905,Bio Certifié
Green Valley Farm,Ferme Al Baraka,Nouvelle-Zélande,Souss-Massa,0.0,Tomates,94.2201865663919,2113.273429155908,Premium
Fazenda Brasil,Fattoria Toscana,France,Californie,0.0,Olives de Table,644.9786844590794,3015.4499087054783,Standard
Rungis International,Domaine Saada,Maroc,Meknès-Fès,0.0,Pommes,98.14923904421886,1512.5757169079202,Standard
Rungis International,Mercabarna,USA,Sfax,0.0,Olives de Table,7.749042258327634,1289.4020839574123,Standard
Fattoria Toscana,Green Valley Farm,France,Andalousie,0.0,Orge,107.72052917582738,3265.500073291111,Standard
Hacienda El Sol,Green Valley Farm,Brésil,Sfax,0.0,Oranges,61.95643520009503,1618.602493379261,Standard
Mercabarna,Hacienda El Sol,USA,Meknès-Fès,0.0,Pommes,99.89573991608532,1882.6404851499897,Standard
Fattoria Toscana,Union Agricole Méditerranée,France,Souss-Massa,0.0,Arabica,234.12451302160568,3563.0977411942604,Bio Certifié
Green Valley Farm,Ferme Al Baraka,Espagne,Toscane,0.0,Arabica,562.9015307177194,3633.154488544671,Bio Certifié
Green Valley Farm,Fattoria Toscana,USA,Kansas,0.0,Mandarines,96.39055341371412,2652.1646221183114,Standard
Domaine Provence Bio,Mercabarna,Nouvelle-Zélande,Provence,0.0,Beurre,430.1269044180102,3059.709817535473,Standard
Mercabarna,Green Valley Farm,Nouvelle-Zélande,Californie,0.0,Courgettes,136.46913946232502,3849.7867981994636,Premium
Rungis International,Ferme Al Baraka,France,Meknès-Fès,0.0,Oranges,182.72574129660381,-6.443581961125346,Standard
Domaine Saada,Rungis International,Maroc,Meknès-Fès,0.0,Carottes,46.943153133895564,921.0388795687384,Standard
Domaine Provence Bio,Dairy Meadows,Maroc,São Paulo,0.0,Blé,275.87374055355997,14445.689338873413,Commerce Équitable
Domaine Saada,Domaine Provence Bio,France,Canterbury,0.0,Tomates,89.82940851249953,4962.693200909153,Bio Certifié
Domaine Saada,Fattoria Toscana,Brésil,Souss-Massa,0.0,Olives à Huile,97.26170077934782,2797.942100683544,Standard
Domaine Provence Bio,Union Agricole Méditerranée,Tunisie,São Paulo,0.0,Olives à Huile,197.00744387326472,4164.798678519252,Bio Certifié
Ferme Al Baraka,Hacienda El Sol,Nouvelle-Zélande,Californie,0.0,Raisins de Cuve,140.05196165032066,4158.441271002377,Standard
Ferme Al Baraka,Domaine Provence Bio,Italie,Canterbury,0.0,Raisins de Table,211.40074221743836,4360.992811931548,Commerce Équitable
Ferme Al Baraka,Cooperative Grains Alliance,Tunisie,Canterbury,0.0,Oranges,662.0212546238538,2767.1541634485375,Bio Certifié
Domaine Provence Bio,Domaine Saada,USA,Canterbury,0.0,Tomates,661.6115516242102,3893.4712555958918,Bio Certifié
Rungis International,Domaine Saada,Tunisie,Toscane,0.0,Maïs,244.61861673359488,5228.651995109928,Standard
Domaine Provence Bio,Fazenda Brasil,Nouvelle-Zélande,Kansas,0.0,Raisins de Table,63.993302310403436,2212.130726293355,Premium
Fazenda Brasil,Coopérative Oasis,Italie,Kansas,0.0,Maïs,641.5498050865417,3195.0438243134713,Premium
Fattoria Toscana,Ferme Al Baraka,Maroc,Meknès-Fès,0.0,Tomates,95.19052259244432,3812.9338839665943,Premium
Fattoria Toscana,Ferme Al Baraka,Maroc,Provence,0.0,Carottes,139.2823555228388,1480.3810397637913,Standard
Fattoria Toscana,Mercabarna,Espagne,Meknès-Fès,0.0,Oranges,939.6464377929865,4807.5022932267375,Standard
Fazenda Brasil,Domaine Provence Bio,Brésil,Provence,0.0,Maïs,42.789461079264115,2711.6050922718196,Premium
Coopérative Oasis,Domaine Provence Bio,Maroc,Toscane,0.0,Riz,223.4443674783549,101.53021731449758,Premium
Domaine Provence Bio,Fazenda Brasil,France,Meknès-Fès,0.0,Tomates,137.62931728825276,-827.8078475568643,Premium
Domaine Provence Bio,Domaine Saada,Nouvelle-Zélande,Souss-Massa,0.0,Medjool,10.27959784577169,2433.4579689157845,Bio Certifié
Green Valley Farm,Rungis International,Maroc,Andalousie,0.0,Raisins de Table,1113.1321580470935,5033.522763451178,Premium
Union Agricole Méditerranée,Dairy Meadows,USA,Californie,0.0,Riz,890.930335037847,11370.257119243799,Bio Certifié
Mercabarna,Ferme Al Baraka,Maroc,Catalogne,0.0,Raisins de Table,77.90281860070155,4715.093225982588,Bio Certifié
Fazenda Brasil,Domaine Saada,Maroc,São Paulo,0.0,Maïs,60.5661753630292,8895.007078244776,Bio Certifié
Mercabarna,Hacienda El Sol,France,Kansas,0.0,Olives de Table,-16.895704258176174,3935.842770135574,Standard
Domaine Saada,Union Agricole Méditerranée,USA,Souss-Massa,0.0,Raisins de Table,47.40061704442702,3009.7540125659198,Bio Certifié
Cooperative Grains Alliance,Mercabarna,USA,Catalogne,0.0,Tomates,524.7876784638272,3410.9724833048704,Standard
Green Valley Farm,Fattoria Toscana,Maroc,Souss-Massa,0.0,Maïs,296.86472707241404,12443.418981094932,Premium
Green Valley Farm,Green Valley Farm,Nouvelle-Zélande,Meknès-Fès,0.0,Orge,151.3950343128885,2661.656656507458,Bio Certifié
Green Valley Farm,Fazenda Brasil,Italie,Île-de-France,0.0,Bananes,167.6442778839912,2888.0626408315957,Commerce Équitable
Dairy Meadows,Fattoria Toscana,USA,Canterbury,0.0,Arabica,79.50428632258041,-24.671432946211553,Standard
Dairy Meadows,Fattoria Toscana,Maroc,Toscane,0.0,Salades,27.817791004236405,5425.799340503153,Standard
Coopérative Oasis,Dairy Meadows,Maroc,Californie,0.0,Raisins de Table,220.57099705028386,3794.4746708257853,Bio Certifié
Ferme Al Baraka,Marché Wholesale Agadir,Italie,Kansas,0.0,Robusta,163.02579818243126,3523.4284952384196,Bio Certifié
Fattoria Toscana,Marché Wholesale Agadir,USA,Catalogne,0.0,Riz,19.650010844712696,2887.700861699533,Standard
Fattoria Toscana,Ferme Al Baraka,Brésil,São Paulo,0.0,Orge,174.99693680288183,3022.0137648343307,Premium
Coopérative Oasis,Domaine Provence Bio,Brésil,Souss-Massa,0.0,Salades,157.3781942876405,448.69244317181096,Premium
Mercabarna,Union Agricole Méditerranée,Nouvelle-Zélande,São Paulo,0.0,Oranges,150.31322446036623,4604.228617689216,Bio Certifié
Coopérative Oasis,Fazenda Brasil,France,São Paulo,0.0,Pommes de terre,185.63496856998506,1282.2662305492217,Bio Certifié
Fazenda Brasil,Fattoria Toscana,France,Meknès-Fès,0.0,Medjool,238.36073540084197,2185.8972844984346,Bio Certifié
Mercabarna,Mercabarna,Tunisie,Canterbury,0.0,Fromage,217.62513036494545,3265.268889351275,Bio Certifié
Mercabarna,Domaine Provence Bio,Maroc,Sfax,0.0,Fromage,153.6219961723526,1806.3356935521588,Premium
Cooperative Grains Alliance,Fazenda Brasil,USA,São Paulo,0.0,Olives de Table,668.4775961445409,2175.809945830002,Commerce Équitable
Green Valley Farm,Dairy Meadows,USA,Californie,0.0,Salades,122.65944274837057,1790.308328503369,Bio Certifié
Fattoria Toscana,Dairy Meadows,Nouvelle-Zélande,Catalogne,0.0,Bananes,169.5679651171208,2192.1924575316366,Standard
Green Valley Farm,Mercabarna,Brésil,Andalousie,0.0,Medjool,202.3545970149124,3730.080016469038,Commerce Équitable
Rungis International,Union Agricole Méditerranée,Italie,Catalogne,0.0,Riz,83.9162001405459,8388.418234677374,Standard
Rungis International,Dairy Meadows,Tunisie,Californie,0.0,Citrons,284.5350454065208,2118.169032465847,Standard
Ferme Al Baraka,Fazenda Brasil,France,Provence,0.0,Olives de Table,110.54503265199797,3297.1251613287404,Bio Certifié
Domaine Provence Bio,Dairy Meadows,USA,Catalogne,0.0,Courgettes,84.5220185042143,434.52805219714753,Bio Certifié
Domaine Provence Bio,Fattoria Toscana,Espagne,Californie,0.0,Tomates,186.16395161876682,7837.298817256968,Standard
Mercabarna,Fattoria Toscana,Maroc,Provence,0.0,Raisins de Table,107.04114411122697,1235.922360677709,Premium
Domaine Provence Bio,Hacienda El Sol,France,São Paulo,0.0,Tomates,93.39677206031894,2480.5167208420535,Bio Certifié
Ferme Al Baraka,Cooperative Grains Alliance,USA,Île-de-France,0.0,Yaourt,386.00527451281664,2297.564315423104,Bio Certifié
Domaine Provence Bio,Union Agricole Méditerranée,USA,Île-de-France,0.0,Raisins de Table,126.82354649977603,2917.853322669059,Standard
Rungis International,Hacienda El Sol,Italie,Andalousie,0.0,Courgettes,67.74910339452556,15583.140051466191,Premium
Green Valley Farm,Dairy Meadows,France,Californie,0.0,Medjool,95.56263305308363,4924.117677476832,Bio Certifié
Fattoria Toscana,Fazenda Brasil,France,Andalousie,0.0,Citrons,169.46297729426215,3754.0068812174977,Bio Certifié
Domaine Saada,Domaine Saada,France,Californie,0.0,Pommes,173.85556432588498,1689.8834720414175,Premium
Mercabarna,Hacienda El Sol,Maroc,Kansas,0.0,Robusta,290.1767162599491,1481.6027265826829,Standard
Mercabarna,Union Agricole Méditerranée,Italie,Canterbury,0.0,Raisins de Cuve,56.395700943997674,2572.720381221051,Bio Certifié
Fazenda Brasil,Domaine Provence Bio,France,Sfax,0.0,Tomates,28.452547627768446,4428.011593559054,Bio Certifié
Coopérative Oasis,Union Agricole Méditerranée,USA,Kansas,0.0,Deglet Nour,150.30216048063124,3323.8080616918405,Standard
Marché Wholesale Agadir,Union Agricole Méditerranée,USA,Meknès-Fès,0.0,Raisins de Table,268.9234954708502,12204.288970593783,Bio Certifié
Cooperative Grains Alliance,Coopérative Oasis,USA,Souss-Massa,0.0,Olives à Huile,49.742461232771674,2651.886958799538,Bio Certifié
Hacienda El Sol,Green Valley Farm,Espagne,Sfax,0.0,Raisins de Table,116.48948595670292,3337.4512792650175,Standard
Union Agricole Méditerranée,Dairy Meadows,Maroc,São Paulo,0.0,Raisins de Table,132.63368611907194,2179.652579613099,Standard
Green Valley Farm,Fattoria Toscana,France,Andalousie,0.0,Arabica,138.42588832546522,1919.6540602802097,Bio Certifié
Mercabarna,Domaine Provence Bio,Nouvelle-Zélande,Souss-Massa,0.0,Raisins de Cuve,206.15725819475892,1934.3780291208918,Premium
Fattoria Toscana,Domaine Provence Bio,France,Marrakech-Safi,0.0,Raisins de Cuve,11.55015521181334,5112.309313520995,Bio Certifié
Marché Wholesale Agadir,Rungis International,USA,Canterbury,0.0,Raisins de Table,115.41319588226996,11098.161864199104,Bio Certifié
Domaine Provence Bio,Domaine Saada,USA,São Paulo,0.0,Fromage,246.7295238719778,1512.930632208569,Bio Certifié
Fattoria Toscana,Cooperative Grains Alliance,France,Kansas,0.0,Raisins de Cuve,85.95773276857328,384.81102693253354,Premium
Green Valley Farm,Domaine Saada,Italie,Souss-Massa,0.0,Tomates,27.790012633864592,4493.257594060478,Standard
Hacienda El Sol,Fazenda Brasil,Italie,Kansas,0.0,Yaourt,83.23050885944289,514.0719007307856,Premium
Ferme Al Baraka,Cooperative Grains Alliance,Italie,São Paulo,0.0,Riz,26.25754086195421,3336.009941783182,Bio Certifié
Mercabarna,Fazenda Brasil,Tunisie,São Paulo,0.0,Deglet Nour,84.2482802154469,3897.1410356185197,Standard
Fazenda Brasil,Green Valley Farm,Espagne,Souss-Massa,0.0,Raisins de Table,73.69425781111379,4077.7561373504036,Bio Certifié
Dairy Meadows,Cooperative Grains Alliance,France,Île-de-France,0.0,Salades,43.509005406213035,2070.002911880805,Bio Certifié
Fazenda Brasil,Ferme Al Baraka,USA,Canterbury,0.0,Raisins de Table,288.9156715414167,-217.06751732834869,Premium
Green Valley Farm,Cooperative Grains Alliance,Nouvelle-Zélande,Catalogne,0.0,Fromage,17.217257313966577,3296.534788237556,Standard
Ferme Al Baraka,Union Agricole Méditerranée,Maroc,Meknès-Fès,0.0,Orge,233.06714570893791,3637.2556264774457,Bio Certifié
Union Agricole Méditerranée,Domaine Provence Bio,Brésil,São Paulo,0.0,Raisins de Table,148.86812658881794,4724.273455295752,Bio Certifié
Coopérative Oasis,Cooperative Grains Alliance,Nouvelle-Zélande,Sfax,0.0,Oignons,138.026300934661,2314.5917317382355,Premium
Domaine Provence Bio,Union Agricole Méditerranée,Nouvelle-Zélande,Canterbury,0.0,Riz,257.6147236628353,4522.671419986197,Standard
Domaine Saada,Marché Wholesale Agadir,Nouvelle-Zélande,Provence,0.0,Olives à Huile,42.29929745933059,1667.6302764758639,Standard
Rungis International,Domaine Saada,France,Marrakech-Safi,0.0,Orge,190.57876360966094,3081.974921761679,Premium
Coopérative Oasis,Dairy Meadows,Tunisie,São Paulo,0.0,Pommes de terre,120.61127886596007,3805.4157551890016,Bio Certifié
Mercabarna,Fattoria Toscana,France,Andalousie,0.0,Beurre,93.38463942050579,2087.212991419473,Bio Certifié
Coopérative Oasis,Union Agricole Méditerranée,Italie,Sfax,0.0,Carottes,61.182880947461015,699.6668808123958,Premium
Dairy Meadows,Domaine Provence Bio,France,Andalousie,0.0,Arabica,111.8097184870528,2957.141253148572,Premium
Marché Wholesale Agadir,Green Valley Farm,Maroc,São Paulo,0.0,Fromage,218.29394524271217,2655.3651063334437,Standard
Coopérative Oasis,Fazenda Brasil,Maroc,Toscane,0.0,Raisins de Table,313.86421628655853,3598.9835795291738,Premium
Cooperative Grains Alliance,Rungis International,USA,Catalogne,0.0,Arabica,145.66091722495622,2452.4688098198785,Bio Certifié
Domaine Provence Bio,Fattoria Toscana,Italie,Meknès-Fès,0.0,Maïs,145.51928277725636,25250.658407205323,Premium
Marché Wholesale Agadir,Marché Wholesale Agadir,Maroc,Canterbury,0.0,Carottes,284.5334009334834,24418.321696466854,Premium
Rungis International,Fattoria Toscana,Italie,Toscane,0.0,Salades,59.32495147902464,4739.119713188712,Premium
Fattoria Toscana,Coopérative Oasis,France,Toscane,0.0,Riz,422.72504265937715,2095.4278924487735,Premium
Dairy Meadows,Hacienda El Sol,Brésil,Andalousie,0.0,Riz,182.4527299219851,1177.2062801482848,Standard
Domaine Provence Bio,Dairy Meadows,France,Souss-Massa,0.0,Robusta,124.11477859255115,3718.412567380528,Premium
Union Agricole Méditerranée,Fattoria Toscana,USA,Andalousie,0.0,Orge,85.2856757657908,2510.573124160075,Bio Certifié
Domaine Provence Bio,Rungis International,Nouvelle-Zélande,Meknès-Fès,0.0,Medjool,157.0452732382492,3831.9324895398286,Bio Certifié
Fattoria Toscana,Marché Wholesale Agadir,Maroc,Catalogne,0.0,Olives à Huile,895.3003608193984,2846.144520870791,Premium
Dairy Meadows,Rungis International,France,Marrakech-Safi,0.0,Beurre,668.6765522197809,2391.3130020787603,Bio Certifié
Union Agricole Méditerranée,Ferme Al Baraka,Maroc,Andalousie,0.0,Mandarines,132.46090650579964,22247.556711524347,Bio Certifié
Domaine Saada,Fattoria Toscana,Tunisie,Canterbury,0.0,Pamplemousses,172.32794504211995,1452.4900392653094,Premium
Coopérative Oasis,Fattoria Toscana,Brésil,Île-de-France,0.0,Arabica,164.3907070385201,2911.596496827196,Bio Certifié
Green Valley Farm,Coopérative Oasis,Italie,Kansas,0.0,Courgettes,161.5425689026481,4239.843692482525,Premium
Rungis International,Fattoria Toscana,Maroc,Californie,0.0,Pommes,301.0552257672779,2596.1553491368254,Commerce Équitable
Cooperative Grains Alliance,Domaine Provence Bio,USA,Sfax,0.0,Riz,136.80783111345505,2552.841591005717,Commerce Équitable
Union Agricole Méditerranée,Dairy Meadows,Maroc,Californie,0.0,Pommes de terre,135.49877285538204,2776.5743075698247,Standard
Fattoria Toscana,Green Valley Farm,Nouvelle-Zélande,São Paulo,0.0,Robusta,973.1435076244463,5700.755326789214,Standard
Ferme Al Baraka,Dairy Meadows,Nouvelle-Zélande,Kansas,0.0,Riz,128.7042756419775,1039.929637353165,Premium
Marché Wholesale Agadir,Union Agricole Méditerranée,Espagne,São Paulo,0.0,Citrons,45.0289564877899,4688.789179750136,Premium
Ferme Al Baraka,Green Valley Farm,Espagne,Provence,0.0,Raisins de Cuve,220.3133869830889,2585.3761034937206,Standard
Hacienda El Sol,Rungis International,Brésil,Île-de-France,0.0,Robusta,263.4237044575639,171.7595740538245,Premium
Union Agricole Méditerranée,Mercabarna,Maroc,Provence,0.0,Courgettes,-19.157895056193446,3099.0585732584245,Standard
Cooperative Grains Alliance,Rungis International,Maroc,Californie,0.0,Tomates,476.5624262756143,2549.528553002886,Premium
Cooperative Grains Alliance,Cooperative Grains Alliance,Italie,Meknès-Fès,0.0,Arabica,132.6714669254269,1830.4825111429413,Commerce Équitable
Ferme Al Baraka,Mercabarna,Maroc,Souss-Massa,0.0,Bananes,466.59149066309084,7788.151465496992,Standard
Coopérative Oasis,Green Valley Farm,Brésil,Provence,0.0,Olives de Table,174.5800151247797,1458.0144562890462,Standard
Coopérative Oasis,Cooperative Grains Alliance,Tunisie,Sfax,0.0,Arabica,119.81363749757816,1325.9594838747487,Standard
Green Valley Farm,Domaine Saada,Maroc,Kansas,0.0,Olives à Huile,210.84813676765052,2578.4647586078236,Bio Certifié
Fattoria Toscana,Marché Wholesale Agadir,Nouvelle-Zélande,Marrakech-Safi,0.0,Pommes,-29.36539440363544,4059.4960232432104,Commerce Équitable
Dairy Meadows,Domaine Saada,Maroc,Meknès-Fès,0.0,Mandarines,471.1810884143659,4344.498648778254,Standard
Ferme Al Baraka,Domaine Provence Bio,France,Andalousie,0.0,Blé,100.27712118567547,142.79948714870375,Premium
Rungis International,Fazenda Brasil,Espagne,Marrakech-Safi,0.0,Olives de Table,165.0491227607379,2922.9744819534935,Bio Certifié
Fattoria Toscana,Domaine Saada,USA,Provence,0.0,Pommes,77.3034049050198,4184.974826531467,Standard
Fazenda Brasil,Union Agricole Méditerranée,Tunisie,Meknès-Fès,0.0,Citrons,69.09180872661234,2057.599405565788,Standard
Mercabarna,Rungis International,Espagne,Île-de-France,0.0,Raisins de Table,15.915375477920833,-358.1150255872417,Bio Certifié
Hacienda El Sol,Union Agricole Méditerranée,France,Souss-Massa,0.0,Tomates,93.05872434306079,4902.4753784609375,Standard
Ferme Al Baraka,Marché Wholesale Agadir,Espagne,Souss-Massa,0.0,Riz,110.31637933330796,3121.3493152769242,Bio Certifié
Fattoria Toscana,Fazenda Brasil,Maroc,Île-de-France,0.0,Raisins de Table,257.7632359266782,1798.8562033442329,Premium
Fazenda Brasil,Marché Wholesale Agadir,USA,Andalousie,0.0,Citrons,139.23313646218048,18456.58275250844,Bio Certifié
Mercabarna,Green Valley Farm,USA,Kansas,0.0,Fromage,172.2855024912919,3165.8905860958594,Standard
Marché Wholesale Agadir,Fattoria Toscana,Espagne,São Paulo,0.0,Pommes,154.51214654247678,5106.656114653432,Bio Certifié
Cooperative Grains Alliance,Union Agricole Méditerranée,USA,Sfax,0.0,Raisins de Table,22.11392630293576,104.60047127531152,Standard
Fattoria Toscana,Union Agricole Méditerranée,Espagne,Andalousie,0.0,Yaourt,265.5427950525002,6968.914178190878,Bio Certifié
Domaine Saada,Ferme Al Baraka,Maroc,Kansas,0.0,Courgettes,163.8543182181613,4128.183962773424,Standard
Rungis International,Domaine Provence Bio,Tunisie,Californie,0.0,Raisins de Cuve,36.36374537812687,2789.236384109271,Commerce Équitable
Domaine Provence Bio,Dairy Meadows,Espagne,Catalogne,0.0,Pommes,137.30476129370425,1529.9291717120414,Standard
Fazenda Brasil,Green Valley Farm,Brésil,Californie,0.0,Riz,134.91420117724368,303.5979778019479,Commerce Équitable
Domaine Saada,Hacienda El Sol,Italie,Souss-Massa,0.0,Bananes,1.770906287024161,1442.6045000485565,Standard
Cooperative Grains Alliance,Domaine Provence Bio,Maroc,Sfax,0.0,Pommes,101.07214696486511,354.72483681979975,Bio Certifié
Cooperative Grains Alliance,Domaine Saada,Nouvelle-Zélande,Catalogne,0.0,Raisins de Table,76.47033432698922,-336.6637519473247,Standard
Mercabarna,Fazenda Brasil,Nouvelle-Zélande,Provence,0.0,Olives de Table,209.26974077255412,15.717144910196566,Bio Certifié
Hacienda El Sol,Hacienda El Sol,Maroc,Souss-Massa,0.0,Olives de Table,182.296788310378,5149.562521279022,Premium
Rungis International,Mercabarna,Brésil,São Paulo,0.0,Oranges,97.41919891876114,2797.2115964756836,Standard
Fattoria Toscana,Rungis International,Tunisie,Toscane,0.0,Olives à Huile,299.1363022723205,1813.9967322338289,Standard
Rungis International,Coopérative Oasis,Maroc,Meknès-Fès,0.0,Riz,72.89072968554996,2535.793373876163,Bio Certifié
Rungis International,Mercabarna,Brésil,Marrakech-Safi,0.0,Robusta,-51.11888372858275,3455.6327112165736,Commerce Équitable
Rungis International,Domaine Provence Bio,Maroc,Provence,0.0,Olives à Huile,521.9928866564983,3416.8121743315414,Commerce Équitable
Green Valley Farm,Coopérative Oasis,France,Catalogne,0.0,Orge,585.2038137209137,2812.9222424555724,Bio Certifié
Cooperative Grains Alliance,Ferme Al Baraka,USA,Andalousie,0.0,Riz,452.7363173362861,15835.934955118333,Standard
Domaine Provence Bio,Marché Wholesale Agadir,USA,Kansas,0.0,Citrons,216.71488087991926,12494.218565636416,Standard
Hacienda El Sol,Mercabarna,Espagne,Californie,0.0,Olives de Table,56.83740668545163,2983.017928862124,Bio Certifié
Domaine Provence Bio,Ferme Al Baraka,Maroc,Souss-Massa,0.0,Citrons,51.05392163210714,2175.1518119284965,Standard
Mercabarna,Rungis International,Brésil,Kansas,0.0,Pommes de terre,163.57252841778023,2480.50793881984,Standard
Domaine Saada,Fazenda Brasil,Nouvelle-Zélande,Provence,0.0,Raisins de Cuve,136.14361898844837,2318.8231240645446,Premium
Domaine Provence Bio,Green Valley Farm,Maroc,Île-de-France,0.0,Olives à Huile,152.56215351003365,3110.42646301617,Premium
Rungis International,Fattoria Toscana,Maroc,Meknès-Fès,0.0,Tomates,-40.80331151391453,3163.341505536532,Standard
Fattoria Toscana,Domaine Saada,France,Californie,0.0,Olives à Huile,619.9288751993819,5041.30769028267,Commerce Équitable
Fattoria Toscana,Hacienda El Sol,Nouvelle-Zélande,São Paulo,0.0,Raisins de Cuve,241.4912713892537,3054.0412064104958,Standard
Hacienda El Sol,Fattoria Toscana,Nouvelle-Zélande,São Paulo,0.0,Oranges,29.688760469365967,2395.4800337046545,Premium
Mercabarna,Hacienda El Sol,Italie,Île-de-France,0.0,Riz,151.24846447315045,1043.714033478929,Standard
Fattoria Toscana,Fattoria Toscana,Maroc,Souss-Massa,0.0,Blé,186.47878458968626,1358.0692087033717,Standard
Domaine Saada,Dairy Meadows,Tunisie,Toscane,0.0,Robusta,593.1519641521029,3501.442465094042,Premium
Rungis International,Domaine Provence Bio,Tunisie,Toscane,0.0,Pommes,104.97883438258482,3890.3293557223114,Bio Certifié
Cooperative Grains Alliance,Dairy Meadows,Maroc,Île-de-France,0.0,Olives à Huile,51.66511240294151,4045.076757642039,Bio Certifié
Marché Wholesale Agadir,Union Agricole Méditerranée,USA,Provence,0.0,Robusta,135.45700809627934,3459.127391296919,Standard
Rungis International,Domaine Provence Bio,Espagne,Île-de-France,0.0,Courgettes,167.03659339052916,3637.2465406457495,Standard
Domaine Provence Bio,Marché Wholesale Agadir,France,Catalogne,0.0,Yaourt,159.91464753162836,27709.691659152802,Bio Certifié
Domaine Provence Bio,Union Agricole Méditerranée,Brésil,Kansas,0.0,Maïs,186.14109458742527,3683.54234502721,Standard
Hacienda El Sol,Cooperative Grains Alliance,Espagne,Sfax,0.0,Raisins de Table,89.29683793476161,3064.2785142922176,Bio Certifié
Ferme Al Baraka,Ferme Al Baraka,USA,Souss-Massa,0.0,Yaourt,196.65573340448307,3754.0148317310886,Standard
Coopérative Oasis,Rungis International,Italie,São Paulo,0.0,Riz,171.11718614100477,3172.6161206250636,Bio Certifié
Dairy Meadows,Fazenda Brasil,Maroc,Canterbury,0.0,Robusta,264.5094990351361,2189.5919747207663,Premium
Green Valley Farm,Dairy Meadows,Tunisie,Sfax,0.0,Oignons,17.008009754683904,1116.1880693554385,Standard
Green Valley Farm,Fattoria Toscana,USA,Catalogne,0.0,Olives de Table,487.03265934259946,3561.62845544814,Premium
Mercabarna,Mercabarna,Italie,Meknès-Fès,0.0,Blé,157.1675269012963,1548.2426119373665,Premium
Domaine Provence Bio,Mercabarna,USA,Californie,0.0,Fromage,93.04601798303463,3654.7250714521424,Bio Certifié
Hacienda El Sol,Mercabarna,Maroc,Sfax,0.0,Olives à Huile,1190.1552687454569,4816.519442642166,Premium
Fazenda Brasil,Hacienda El Sol,USA,São Paulo,0.0,Raisins de Cuve,57.90612880860289,9456.834438958991,Standard
Domaine Saada,Ferme Al Baraka,Maroc,Toscane,0.0,Orge,88.14216685348335,1771.964875524398,Bio Certifié
Fazenda Brasil,Mercabarna,France,São Paulo,0.0,Beurre,181.90176654103436,3121.1778622676866,Standard
Fazenda Brasil,Rungis International,Maroc,Sfax,0.0,Robusta,246.76006683318772,2849.3333665491955,Standard
Fattoria Toscana,Mercabarna,Nouvelle-Zélande,Sfax,0.0,Riz,99.54628334230034,14431.126088943649,Bio Certifié
Hacienda El Sol,Domaine Saada,Italie,Île-de-France,0.0,Yaourt,49.598970233407854,17676.445240802874,Standard
Coopérative Oasis,Coopérative Oasis,Espagne,Souss-Massa,0.0,Raisins de Cuve,67.395092452397,2571.249200823975,Standard
Ferme Al Baraka,Green Valley Farm,France,São Paulo,0.0,Arabica,971.2424029670224,2995.595605439172,Standard
Fattoria Toscana,Fazenda Brasil,USA,Souss-Massa,0.0,Pommes,155.48009957258745,9571.194042943242,Bio Certifié
Cooperative Grains Alliance,Ferme Al Baraka,Maroc,Marrakech-Safi,0.0,Blé,1031.8969488912376,24477.24211808142,Standard
Ferme Al Baraka,Domaine Saada,Italie,Souss-Massa,0.0,Oranges,38.02356520840762,574.1194893891311,Commerce Équitable
Domaine Provence Bio,Green Valley Farm,France,Catalogne,0.0,Courgettes,115.76905259957854,-150.3311405173979,Premium
Ferme Al Baraka,Mercabarna,France,Souss-Massa,0.0,Olives à Huile,94.10666406035517,14423.41204010243,Standard
Marché Wholesale Agadir,Marché Wholesale Agadir,Nouvelle-Zélande,São Paulo,0.0,Orge,175.55592124161203,3006.0295837975164,Commerce Équitable
Hacienda El Sol,Marché Wholesale Agadir,Nouvelle-Zélande,Californie,0.0,Arabica,93.80987620474906,3300.23369356198,Standard
Fazenda Brasil,Hacienda El Sol,Espagne,Sfax,0.0,Tomates,144.0125097136512,13278.3689469569,Premium
Fattoria Toscana,Cooperative Grains Alliance,USA,Souss-Massa,0.0,Raisins de Cuve,76.53090196508545,-1072.6221381106118,Standard
Cooperative Grains Alliance,Green Valley Farm,Espagne,Californie,0.0,Salades,154.75756924011063,1160.6701505885203,Standard
Domaine Saada,Hacienda El Sol,Brésil,Toscane,0.0,Riz,251.39674992185434,3122.2054025301163,Standard
Hacienda El Sol,Domaine Provence Bio,Espagne,Souss-Massa,0.0,Medjool,159.45998860293253,12551.467948849757,Bio Certifié
Domaine Saada,Hacienda El Sol,Maroc,Provence,0.0,Robusta,12.925251167872638,1816.9358305315404,Premium
Union Agricole Méditerranée,Fattoria Toscana,Tunisie,Provence,0.0,Bananes,211.50691170476762,2314.138115903871,Standard
Rungis International,Fazenda Brasil,Maroc,São Paulo,0.0,Tomates,1173.1695733030888,2639.349393022524,Standard
Dairy Meadows,Ferme Al Baraka,Espagne,Provence,0.0,Raisins de Table,218.44080341671625,4661.985558778511,Standard
Domaine Saada,Fattoria Toscana,France,São Paulo,0.0,Robusta,37.28569369792181,1453.6844475570933,Premium
Fazenda Brasil,Fattoria Toscana,Italie,São Paulo,0.0,Riz,146.79480337087685,3879.867355257975,Premium
Fattoria Toscana,Domaine Saada,Brésil,Île-de-France,0.0,Salades,106.2548001975563,4939.358377744822,Bio Certifié
Fazenda Brasil,Ferme Al Baraka,France,Meknès-Fès,0.0,Orge,-52.895449984564785,5428.184384007533,Bio Certifié
Hacienda El Sol,Green Valley Farm,Maroc,Souss-Massa,0.0,Courgettes,155.85856867411314,-214.28025260872596,Bio Certifié
Green Valley Farm,Fazenda Brasil,France,Kansas,0.0,Raisins de Cuve,1032.6513342952376,754.7787596576989,Bio Certifié
Domaine Saada,Mercabarna,France,Meknès-Fès,0.0,Riz,-21.36852647273266,4381.68457182323,Premium
Hacienda El Sol,Rungis International,Italie,Provence,0.0,Courgettes,135.5735302825408,1377.7513936477112,Bio Certifié
Ferme Al Baraka,Fattoria Toscana,USA,Canterbury,0.0,Tomates,9.267947036577603,2098.1169148641925,Standard
Cooperative Grains Alliance,Fazenda Brasil,USA,Californie,0.0,Citrons,187.8694029208704,6542.9804467682825,Bio Certifié
Green Valley Farm,Hacienda El Sol,USA,Île-de-France,0.0,Salades,97.96426397464066,2147.7890726215046,Standard
Cooperative Grains Alliance,Domaine Provence Bio,France,Canterbury,0.0,Arabica,77.88960984033051,2961.6291433698784,Premium
Marché Wholesale Agadir,Domaine Saada,Tunisie,Andalousie,0.0,Citrons,136.49872428958898,941.4754599285768,Standard
Domaine Saada,Union Agricole Méditerranée,Italie,Souss-Massa,0.0,Raisins de Cuve,143.65264359624203,19962.984966093256,Premium
Domaine Saada,Domaine Saada,Maroc,Marrakech-Safi,0.0,Blé,482.524485759855,4636.703399125531,Premium
Dairy Meadows,Fazenda Brasil,USA,Toscane,0.0,Citrons,89.37988252741678,10918.767674200231,Standard
Domaine Provence Bio,Domaine Saada,Maroc,Kansas,0.0,Riz,174.05201153624898,2666.430387418849,Commerce Équitable
Marché Wholesale Agadir,Coopérative Oasis,USA,Meknès-Fès,0.0,Pamplemousses,88.69380898518182,3124.5066417914977,Standard
Rungis International,Ferme Al Baraka,Espagne,Catalogne,0.0,Fromage,275.16247230606365,4259.272224652368,Bio Certifié
Cooperative Grains Alliance,Fazenda Brasil,France,Canterbury,0.0,Raisins de Table,427.61641129250154,482.2518038239639,Bio Certifié
Union Agricole Méditerranée,Coopérative Oasis,Espagne,Île-de-France,0.0,Arabica,92.64527725578658,-294.47163490689036,Bio Certifié
Cooperative Grains Alliance,Ferme Al Baraka,France,Sfax,0.0,Olives à Huile,1314.2035957323164,3770.3421970711534,Standard
Hacienda El Sol,Domaine Provence Bio,Maroc,Californie,0.0,Maïs,114.00366745598023,2288.262914587266,Standard
Fazenda Brasil,Ferme Al Baraka,Maroc,Souss-Massa,0.0,Olives à Huile,98.2955161811473,1219.9282858687598,Standard
Hacienda El Sol,Dairy Meadows,Italie,Meknès-Fès,0.0,Yaourt,250.96933118414154,16594.933190490745,Standard
Mercabarna,Union Agricole Méditerranée,USA,Californie,0.0,Oranges,250.13842992737204,2895.3005529108927,Bio Certifié
Ferme Al Baraka,Ferme Al Baraka,Nouvelle-Zélande,Toscane,0.0,Olives de Table,276.2438239213944,5382.659575667256,Bio Certifié
Green Valley Farm,Ferme Al Baraka,France,São Paulo,0.0,Riz,25.456476618179302,2265.9065672388997,Premium
Ferme Al Baraka,Ferme Al Baraka,Maroc,Souss-Massa,0.0,Raisins de Table,44.888512655735084,1522.8702797004498,Standard
Fazenda Brasil,Dairy Meadows,Maroc,Andalousie,0.0,Orge,39.73428839061005,3145.402417468142,Bio Certifié
Marché Wholesale Agadir,Rungis International,Maroc,Toscane,0.0,Tomates,46.25951950985713,715.2944692665346,Standard
Fazenda Brasil,Hacienda El Sol,Maroc,Marrakech-Safi,0.0,Olives de Table,1042.9686199660696,5727.301997135255,Premium
Marché Wholesale Agadir,Domaine Provence Bio,Maroc,São Paulo,0.0,Maïs,249.20413843887454,1702.3544070055534,Standard
Green Valley Farm,Ferme Al Baraka,Maroc,Sfax,0.0,Blé,282.78883622719474,2385.97066228549,Premium
Rungis International,Dairy Meadows,Maroc,Île-de-France,0.0,Oignons,172.23626567028285,1902.8824983130103,Bio Certifié
Rungis International,Fazenda Brasil,Maroc,São Paulo,0.0,Tomates,1173.1695733030888,2639.349393022524,Standard
Fattoria Toscana,Union Agricole Méditerranée,Maroc,Kansas,0.0,Riz,45.62538705239521,1915.2760354515826,Bio Certifié
Coopérative Oasis,Domaine Provence Bio,Maroc,Toscane,0.0,Riz,223.4443674783549,101.53021731449758,Premium
Fattoria Toscana,Green Valley Farm,Maroc,Kansas,0.0,Raisins de Table,840.2968965965049,4752.272662895266,Standard
Fattoria Toscana,Fattoria Toscana,Maroc,Souss-Massa,0.0,Blé,186.47878458968626,1358.0692087033717,Standard
Domaine Saada,Rungis International,Maroc,Meknès-Fès,0.0,Carottes,46.943153133895564,921.0388795687384,Standard
Rungis International,Fazenda Brasil,Maroc,Andalousie,0.0,Medjool,424.0374578691407,4519.824876827726,Premium
Cooperative Grains Alliance,Union Agricole Méditerranée,Maroc,Californie,0.0,Olives à Huile,-9.76730740688253,610.556703103115,Bio Certifié
Coopérative Oasis,Domaine Provence Bio,Maroc,Toscane,0.0,Riz,223.4443674783549,101.53021731449758,Premium
Hacienda El Sol,Rungis International,Maroc,Catalogne,0.0,Raisins de Cuve,42.16480925571163,4965.0443169522905,Bio Certifié
Green Valley Farm,Dairy Meadows,Maroc,Toscane,0.0,Olives à Huile,213.99203262718135,2727.9799145334873,Bio Certifié
Rungis International,Fattoria Toscana,Maroc,Provence,0.0,Mandarines,141.6336489968829,1656.416189563264,Premium
Coopérative Oasis,Marché Wholesale Agadir,Maroc,Sfax,0.0,Orge,184.86971590603724,3565.9680227296776,Premium
Fattoria Toscana,Rungis International,Maroc,Kansas,0.0,Tomates,136.43726543696798,969.4133197627533,Bio Certifié
Fattoria Toscana,Marché Wholesale Agadir,Maroc,Catalogne,0.0,Olives à Huile,895.3003608193984,2846.144520870791,Premium
Hacienda El Sol,Hacienda El Sol,Maroc,Souss-Massa,0.0,Olives de Table,182.296788310378,5149.562521279022,Premium
Domaine Saada,Rungis International,Maroc,Meknès-Fès,0.0,Carottes,46.943153133895564,921.0388795687384,Standard
Hacienda El Sol,Dairy Meadows,Maroc,Souss-Massa,0.0,Pommes,-33.92699731217572,734.7100082574484,Premium
Union Agricole Méditerranée,Domaine Saada,Maroc,Toscane,0.0,Orge,60.929243359798576,10061.937446584481,Premium
Coopérative Oasis,Ferme Al Baraka,Maroc,São Paulo,0.0,Raisins de Table,61.346078067024195,1699.4081157577484,Standard
Cooperative Grains Alliance,Dairy Meadows,Maroc,Île-de-France,0.0,Olives à Huile,51.66511240294151,4045.076757642039,Bio Certifié
Hacienda El Sol,Domaine Provence Bio,Maroc,Californie,0.0,Maïs,114.00366745598023,2288.262914587266,Standard
Fattoria Toscana,Fazenda Brasil,Maroc,Canterbury,0.0,Arabica,99.52375396335759,3830.514818450477,Bio Certifié
Dairy Meadows,Mercabarna,Maroc,Andalousie,0.0,Arabica,-18.844641888128542,3731.9481644195466,Bio Certifié
Green Valley Farm,Rungis International,Maroc,Andalousie,0.0,Raisins de Table,1113.1321580470935,5033.522763451178,Premium
Fattoria Toscana,Fazenda Brasil,Maroc,Catalogne,0.0,Pommes,147.82202422206277,2776.096964893468,Premium
Coopérative Oasis,Ferme Al Baraka,Maroc,São Paulo,0.0,Raisins de Table,61.346078067024195,1699.4081157577484,Standard
Rungis International,Green Valley Farm,Maroc,Souss-Massa,0.0,Olives de Table,268.0122266048768,10703.513161805742,Commerce Équitable
Fazenda Brasil,Fattoria Toscana,Maroc,Île-de-France,0.0,Maïs,218.54421288204702,3694.8012904809057,Standard
Cooperative Grains Alliance,Green Valley Farm,Maroc,Provence,0.0,Deglet Nour,571.786202327733,4010.8937712978895,Bio Certifié
Dairy Meadows,Fattoria Toscana,Maroc,São Paulo,0.0,Arabica,1274.7029203174477,5828.538832987018,Commerce Équitable
Rungis International,Fattoria Toscana,Maroc,Provence,0.0,Robusta,218.97575376848485,1448.8606115015903,Standard
Cooperative Grains Alliance,Union Agricole Méditerranée,Maroc,Californie,0.0,Olives à Huile,-9.76730740688253,610.556703103115,Bio Certifié
Rungis International,Fattoria Toscana,Maroc,Provence,0.0,Mandarines,141.6336489968829,1656.416189563264,Premium
Marché Wholesale Agadir,Fattoria Toscana,Maroc,Toscane,0.0,Olives à Huile,84.53344265118643,10005.280195971056,Bio Certifié
Mercabarna,Fattoria Toscana,Maroc,Provence,0.0,Raisins de Table,107.04114411122697,1235.922360677709,Premium
Fattoria Toscana,Ferme Al Baraka,Maroc,Provence,0.0,Carottes,139.2823555228388,1480.3810397637913,Standard
Ferme Al Baraka,Marché Wholesale Agadir,Maroc,Andalousie,0.0,Bananes,238.7819107004632,2592.163051514948,Bio Certifié
Dairy Meadows,Domaine Saada,Maroc,Meknès-Fès,0.0,Mandarines,471.1810884143659,4344.498648778254,Standard
Domaine Provence Bio,Domaine Saada,Maroc,Provence,0.0,Medjool,237.26566809274078,1427.922493380922,Premium
Union Agricole Méditerranée,Mercabarna,Maroc,Provence,0.0,Courgettes,-19.157895056193446,3099.0585732584245,Standard
Rungis International,Fattoria Toscana,Maroc,Provence,0.0,Mandarines,141.6336489968829,1656.416189563264,Premium
Domaine Provence Bio,Coopérative Oasis,Maroc,Souss-Massa,0.0,Lait,90.26213466692022,3209.5868745670095,Premium
Rungis International,Fattoria Toscana,Maroc,Provence,0.0,Robusta,218.97575376848485,1448.8606115015903,Standard
Domaine Provence Bio,Fazenda Brasil,Maroc,Souss-Massa,0.0,Raisins de Cuve,266.0145861532478,3875.27530861605,Standard
Domaine Provence Bio,Union Agricole Méditerranée,Maroc,Toscane,0.0,Raisins de Table,81.0256550468695,1279.193312080056,Bio Certifié
Union Agricole Méditerranée,Dairy Meadows,Maroc,Californie,0.0,Pommes de terre,135.49877285538204,2776.5743075698247,Standard
Cooperative Grains Alliance,Fattoria Toscana,Maroc,Sfax,0.0,Tomates,123.12675370566119,2580.5113136447544,Bio Certifié
Ferme Al Baraka,Fattoria Toscana,Maroc,Provence,0.0,Olives de Table,154.35128900297323,3410.5184196916307,Premium
Hacienda El Sol,Mercabarna,Maroc,Sfax,0.0,Olives à Huile,1190.1552687454569,4816.519442642166,Premium
Coopérative Oasis,Coopérative Oasis,Maroc,Meknès-Fès,0.0,Riz,437.73458385032296,11315.824781028477,Premium
Domaine Provence Bio,Domaine Provence Bio,Maroc,Kansas,0.0,Bananes,-19.022037265547418,2710.624125175389,Bio Certifié
Fattoria Toscana,Ferme Al Baraka,Maroc,Provence,0.0,Carottes,139.2823555228388,1480.3810397637913,Standard
Mercabarna,Domaine Provence Bio,Maroc,Sfax,0.0,Fromage,153.6219961723526,1806.3356935521588,Premium
Cooperative Grains Alliance,Mercabarna,Maroc,Souss-Massa,0.0,Maïs,5.92576150767141,1295.6096128790878,Standard
Hacienda El Sol,Coopérative Oasis,Maroc,Catalogne,0.0,Arabica,123.33864869632632,9762.304364758824,Standard
Coopérative Oasis,Marché Wholesale Agadir,Maroc,Sfax,0.0,Orge,184.86971590603724,3565.9680227296776,Premium
Domaine Saada,Rungis International,Maroc,Meknès-Fès,0.0,Carottes,46.943153133895564,921.0388795687384,Standard
Ferme Al Baraka,Union Agricole Méditerranée,Maroc,Meknès-Fès,0.0,Orge,233.06714570893791,3637.2556264774457,Bio Certifié
Cooperative Grains Alliance,Cooperative Grains Alliance,Maroc,Toscane,0.0,Olives de Table,526.8018026002558,3027.3655387146855,Standard
Union Agricole Méditerranée,Hacienda El Sol,Maroc,Meknès-Fès,0.0,Raisins de Table,32.35683395294339,3272.834022031703,Standard
Fazenda Brasil,Green Valley Farm,Maroc,Californie,0.0,Raisins de Table,268.0528095067363,3950.520958798264,Bio Certifié
Dairy Meadows,Mercabarna,Maroc,Andalousie,0.0,Arabica,-18.844641888128542,3731.9481644195466,Bio Certifié
Hacienda El Sol,Coopérative Oasis,Maroc,Toscane,0.0,Maïs,388.7841586584269,797.9948030340331,Bio Certifié
Domaine Saada,Ferme Al Baraka,Maroc,Toscane,0.0,Orge,88.14216685348335,1771.964875524398,Bio Certifié
Mercabarna,Mercabarna,Maroc,Marrakech-Safi,0.0,Salades,139.04738813294105,5616.62605688791,Premium
Green Valley Farm,Mercabarna,Maroc,Souss-Massa,0.0,Orge,219.6070925427372,4953.32694076859,Standard
Fazenda Brasil,Fattoria Toscana,Maroc,Île-de-France,0.0,Maïs,218.54421288204702,3694.8012904809057,Standard
Fattoria Toscana,Rungis International,Maroc,Kansas,0.0,Tomates,136.43726543696798,969.4133197627533,Bio Certifié
Union Agricole Méditerranée,Coopérative Oasis,Maroc,Marrakech-Safi,0.0,Olives à Huile,178.48531717239098,3724.176581452235,Standard
Fattoria Toscana,Marché Wholesale Agadir,Maroc,Catalogne,0.0,Olives à Huile,895.3003608193984,2846.144520870791,Premium
Dairy Meadows,Dairy Meadows,Maroc,Marrakech-Safi,0.0,Beurre,144.70431990463499,3184.388161637166,Commerce Équitable
Coopérative Oasis,Domaine Provence Bio,Maroc,Toscane,0.0,Riz,223.4443674783549,101.53021731449758,Premium
Coopérative Oasis,Dairy Meadows,Maroc,Californie,0.0,Raisins de Table,220.57099705028386,3794.4746708257853,Bio Certifié
Fazenda Brasil,Domaine Saada,Maroc,São Paulo,0.0,Maïs,60.5661753630292,8895.007078244776,Bio Certifié
Union Agricole Méditerranée,Domaine Provence Bio,Maroc,Toscane,0.0,Raisins de Cuve,239.2807438052871,2906.1094957631544,Premium
Mercabarna,Hacienda El Sol,Maroc,Kansas,0.0,Robusta,290.1767162599491,1481.6027265826829,Standard
Ferme Al Baraka,Rungis International,Maroc,Californie,0.0,Fromage,26.391657726187844,2443.9281718524844,Standard
Marché Wholesale Agadir,Hacienda El Sol,Maroc,Provence,0.0,Raisins de Table,441.6348561710892,3712.115539696857,Premium
Fattoria Toscana,Mercabarna,Maroc,Toscane,0.0,Maïs,146.78334864301416,373.9471756950536,Bio Certifié
Coopérative Oasis,Fazenda Brasil,Maroc,Toscane,0.0,Raisins de Table,313.86421628655853,3598.9835795291738,Premium
Ferme Al Baraka,Ferme Al Baraka,Maroc,Souss-Massa,0.0,Pommes,148.6884594881006,2302.0059226186836,Standard
Domaine Provence Bio,Mercabarna,Maroc,Sfax,0.0,Raisins de Table,50.8731700019497,4418.127369425116,Standard
Union Agricole Méditerranée,Ferme Al Baraka,Maroc,Canterbury,0.0,Lait,1267.293227156478,4400.545745607596,Premium
Fattoria Toscana,Green Valley Farm,Maroc,Californie,0.0,Maïs,1131.5052138583665,19656.1227952718,Premium
Coopérative Oasis,Mercabarna,Maroc,Kansas,0.0,Courgettes,607.9587626912122,4209.992302093433,Bio Certifié
Fazenda Brasil,Green Valley Farm,Maroc,Californie,0.0,Salades,40.90018021373926,1226.1734499264014,Bio Certifié
Dairy Meadows,Mercabarna,Maroc,Andalousie,0.0,Arabica,-18.844641888128542,3731.9481644195466,Bio Certifié
Green Valley Farm,Rungis International,Maroc,Toscane,0.0,Pommes,217.4315922370015,2858.0417444529357,Bio Certifié
Rungis International,Domaine Saada,Maroc,Meknès-Fès,0.0,Pommes,98.14923904421886,1512.5757169079202,Standard
Dairy Meadows,Ferme Al Baraka,Maroc,Souss-Massa,0.0,Citrons,133.02342451278955,2144.948467552573,Bio Certifié
Domaine Provence Bio,Union Agricole Méditerranée,Maroc,Canterbury,0.0,Pamplemousses,221.29219464521384,4981.240260572313,Standard
Ferme Al Baraka,Ferme Al Baraka,Maroc,Souss-Massa,0.0,Pommes,148.6884594881006,2302.0059226186836,Standard
Marché Wholesale Agadir,Domaine Provence Bio,Maroc,São Paulo,0.0,Maïs,249.20413843887454,1702.3544070055534,Standard
Marché Wholesale Agadir,Marché Wholesale Agadir,Maroc,Canterbury,0.0,Carottes,284.5334009334834,24418.321696466854,Premium
Domaine Saada,Fattoria Toscana,Maroc,Andalousie,0.0,Tomates,106.78212833691313,8250.731177474057,Bio Certifié
Dairy Meadows,Mercabarna,Maroc,Andalousie,0.0,Arabica,-18.844641888128542,3731.9481644195466,Bio Certifié
Mercabarna,Mercabarna,Maroc,Marrakech-Safi,0.0,Salades,139.04738813294105,5616.62605688791,Premium
Coopérative Oasis,Domaine Provence Bio,Maroc,Toscane,0.0,Olives de Table,56.3376959878899,10136.631995030857,Bio Certifié
Fazenda Brasil,Hacienda El Sol,Maroc,Souss-Massa,0.0,Medjool,579.194067327672,5185.739601285297,Bio Certifié
Marché Wholesale Agadir,Domaine Saada,Maroc,Souss-Massa,0.0,Olives à Huile,58.61617285424806,3933.025187138446,Premium
Domaine Provence Bio,Union Agricole Méditerranée,Maroc,Toscane,0.0,Arabica,202.06465526144922,4683.413744152449,Bio Certifié
Rungis International,Domaine Saada,Maroc,Meknès-Fès,0.0,Pommes,98.14923904421886,1512.5757169079202,Standard
Rungis International,Domaine Saada,Maroc,Meknès-Fès,0.0,Pommes,98.14923904421886,1512.5757169079202,Standard
Union Agricole Méditerranée,Domaine Provence Bio,Maroc,Andalousie,0.0,Lait,140.56309107925756,1076.6572533414717,Standard
Hacienda El Sol,Domaine Provence Bio,Maroc,Toscane,0.0,Salades,1087.835050831232,5535.642062217053,Standard
Domaine Saada,Cooperative Grains Alliance,Maroc,Catalogne,0.0,Raisins de Table,1134.5925078810749,3388.050949008026,Premium
Fattoria Toscana,Marché Wholesale Agadir,Maroc,Provence,0.0,Oignons,196.09816265340245,2575.529501648659,Standard
Rungis International,Hacienda El Sol,Maroc,Andalousie,0.0,Salades,-8.859443771538132,4296.089436022962,Standard
Cooperative Grains Alliance,Union Agricole Méditerranée,Maroc,Californie,0.0,Olives à Huile,-9.76730740688253,610.556703103115,Bio Certifié
Fazenda Brasil,Dairy Meadows,Maroc,Andalousie,0.0,Orge,39.73428839061005,3145.402417468142,Bio Certifié
Hacienda El Sol,Coopérative Oasis,Maroc,Île-de-France,0.0,Orge,36.096385389389795,9269.016975245857,Bio Certifié
Domaine Saada,Ferme Al Baraka,Maroc,Sfax,0.0,Salades,91.54930182523262,2105.4015316542773,Standard
Green Valley Farm,Ferme Al Baraka,Maroc,Sfax,0.0,Blé,282.78883622719474,2385.97066228549,Premium
Cooperative Grains Alliance,Fattoria Toscana,Maroc,Sfax,0.0,Tomates,123.12675370566119,2580.5113136447544,Bio Certifié
