exploitation,type_exploitation,pays,region,resultat,produit,quantite_tonnes,prix_tonne_eur,qualite
Ferme Al Baraka,Fazenda Brasil,Espagne,Souss-Massa,,Robusta,99.2490514584378,10730.407568238146,Standard
Union Agricole Méditerranée,Green Valley Farm,Tunisie,Souss-Massa,,Pommes,106.14984694840786,5061.083978930246,Bio Certifié
Marché Wholesale Agadir,Dairy Meadows,France,Catalogne,,Orge,36.980409036196164,2854.244708084464,Bio Certifié
Dairy Meadows,Fattoria Toscana,Brésil,São Paulo,,Salades,195.75209182107193,1609.5747100518208,Premium
Dairy Meadows,Mercabarna,Italie,Provence,,Beurre,51.07659408593071,2611.3846332375606,Bio Certifié
Fattoria Toscana,Ferme Al Baraka,France,São Paulo,,Olives à Huile,-34.66427637129801,3108.8190988792003,Bio Certifié
Rungis International,Domaine Provence Bio,USA,Californie,,Oranges,252.04694186373217,3049.450268707202,Standard
Fattoria Toscana,Marché Wholesale Agadir,Maroc,Californie,,Robusta,95.06512565071792,2790.0051689768297,Commerce Équitable
Cooperative Grains Alliance,Fattoria Toscana,France,Californie,,Yaourt,23.276021987571255,4035.2533677269453,Bio Certifié
Union Agricole Méditerranée,Mercabarna,France,Andalousie,,Orge,526.4210980065493,3415.0535360419317,Commerce Équitable
Fazenda Brasil,Fazenda Brasil,Brésil,Provence,,Blé,217.4032034393026,4001.947898061541,Bio Certifié
Rungis International,Coopérative Oasis,USA,São Paulo,,Tomates,180.61597134498507,3923.378989804546,Premium
Green Valley Farm,Mercabarna,USA,Souss-Massa,,Raisins de Cuve,1250.302890928986,3205.4224254626783,Premium
Coopérative Oasis,Cooperative Grains Alliance,France,Île-de-France,,Robusta,255.5596516733141,364.8447759131666,Standard
Marché Wholesale Agadir,Green Valley Farm,Espagne,Canterbury,,Raisins de Table,663.5778601915591,2140.1616412204385,Bio Certifié
Mercabarna,Union Agricole Méditerranée,Brésil,Sfax,,Raisins de Cuve,208.4756093558936,2963.603797458609,Standard
Cooperative Grains Alliance,Fattoria Toscana,USA,Marrakech-Safi,,Riz,237.72045624720528,1233.9856956711592,Premium
Marché Wholesale Agadir,Ferme Al Baraka,Maroc,Catalogne,,Oranges,-11.47668307761355,1754.2752239797062,Bio Certifié
Mercabarna,Cooperative Grains Alliance,Maroc,Sfax,,Salades,30.95654371176429,2205.985843712022,Commerce Équitable
Rungis International,Fattoria Toscana,Italie,Californie,,Pamplemousses,54.44110639537971,19415.496117352417,Standard
Hacienda El Sol,Ferme Al Baraka,Brésil,Canterbury,,Fromage,156.39962326463112,3207.902462324143,Bio Certifié
Fattoria Toscana,Mercabarna,Espagne,Catalogne,,Robusta,96.3524282386885,2678.7362210431274,Bio Certifié
Domaine Provence Bio,Hacienda El Sol,Brésil,Canterbury,,Raisins de Cuve,246.92571623710498,5403.5856916357525,Bio Certifié
Green Valley Farm,Fattoria Toscana,France,Provence,,Raisins de Table,271.5597011514782,4045.6320703532524,Standard
Mercabarna,Domaine Saada,Maroc,Andalousie,,Tomates,140.65568645142693,2754.2514586028346,Bio Certifié
Marché Wholesale Agadir,Cooperative Grains Alliance,Espagne,Souss-Massa,,Tomates,151.79327521276932,2012.1641898615917,Bio Certifié
Coopérative Oasis,Domaine Saada,USA,São Paulo,,Beurre,153.8139695415269,4129.676236496736,Standard
Hacienda El Sol,Rungis International,Espagne,Andalousie,,Olives à Huile,134.7488245701721,1079.2623289599096,Standard
Rungis International,Fazenda Brasil,Espagne,Provence,,Blé,223.12067662614808,-11.78120884767418,Standard
Mercabarna,Union Agricole Méditerranée,USA,Canterbury,,Olives à Huile,90.39082342308009,-174.9340584465433,Premium
Domaine Provence Bio,Ferme Al Baraka,Maroc,Kansas,,Citrons,144.21015892543588,5205.160934561053,Premium
Ferme Al Baraka,Mercabarna,France,Provence,,Carottes,242.13292361149854,10968.775529935405,Premium
Coopérative Oasis,Hacienda El Sol,USA,Californie,,Tomates,151.52860588743633,523.4629490699479,Standard
Fazenda Brasil,Rungis International,USA,São Paulo,,Arabica,453.2051436497833,2022.549328433123,Standard
Hacienda El Sol,Mercabarna,USA,Toscane,,Salades,155.39283044833684,4705.597742129352,Bio Certifié
Marché Wholesale Agadir,Ferme Al Baraka,Espagne,Andalousie,,Raisins de Cuve,179.45476181092405,12416.847713231933,Bio Certifié
Green Valley Farm,Dairy Meadows,Tunisie,Kansas,,Raisins de Table,228.30672323680523,4803.852952857835,Bio Certifié
Hacienda El Sol,Union Agricole Méditerranée,USA,Kansas,,Bananes,101.69220559442226,4662.629824161217,Premium
Union Agricole Méditerranée,Dairy Meadows,Brésil,Provence,,Mandarines,59.4284512744162,2382.0750685380917,Bio Certifié
Domaine Provence Bio,Coopérative Oasis,France,Meknès-Fès,,Salades,295.24614181133904,3095.8300105842823,Bio Certifié
Domaine Provence Bio,Fattoria Toscana,Espagne,Provence,,Pommes de terre,241.99844226088146,23065.032690586188,Premium
Mercabarna,Fattoria Toscana,France,Californie,,Raisins de Cuve,132.06919587866304,3063.777566970574,Standard
Dairy Meadows,Fattoria Toscana,Espagne,Sfax,,Yaourt,495.2356697580786,435.8956457694005,Premium
Cooperative Grains Alliance,Ferme Al Baraka,Maroc,Souss-Massa,,Pamplemousses,193.20072734781974,308.05352736450766,Bio Certifié
Fattoria Toscana,Marché Wholesale Agadir,Italie,Californie,,Deglet Nour,253.11931138656604,5460.392663810268,Bio Certifié
Mercabarna,Green Valley Farm,France,Kansas,,Courgettes,51.77717796622038,3056.494044084845,Premium
Coopérative Oasis,Fattoria Toscana,Nouvelle-Zélande,Meknès-Fès,,Raisins de Cuve,203.4958036020853,2558.0469312871637,Bio Certifié
Fazenda Brasil,Green Valley Farm,Brésil,Souss-Massa,,Bananes,97.4677657416633,300.3209798222624,Bio Certifié
Ferme Al Baraka,Cooperative Grains Alliance,Italie,Souss-Massa,,Blé,120.59433705259184,5451.905381510121,Premium
Domaine Saada,Union Agricole Méditerranée,USA,Toscane,,Raisins de Cuve,557.3607409023654,2211.295839314122,Bio Certifié
Dairy Meadows,Rungis International,Maroc,Toscane,,Orge,42.9290180654928,3387.3254229214226,Bio Certifié
Hacienda El Sol,Union Agricole Méditerranée,Brésil,Sfax,,Tomates,1051.4265914838995,1394.5916283795336,Premium
Mercabarna,Domaine Saada,Tunisie,Kansas,,Robusta,242.41722511094736,1369.1245889663903,Premium
Fazenda Brasil,Coopérative Oasis,Tunisie,Kansas,,Yaourt,139.56858278676566,2778.9937120707386,Standard
Domaine Saada,Domaine Provence Bio,Brésil,Canterbury,,Carottes,160.3428019295458,2070.2404319589014,Premium
Green Valley Farm,Coopérative Oasis,Tunisie,Île-de-France,,Lait,176.63865077785644,1608.5427320336316,Commerce Équitable
Fazenda Brasil,Domaine Provence Bio,Brésil,Marrakech-Safi,,Blé,121.90738438171226,2991.5210313858765,Premium
Domaine Provence Bio,Fattoria Toscana,Maroc,Andalousie,,Riz,135.14776539357598,2310.3949078568485,Commerce Équitable
Mercabarna,Fattoria Toscana,Espagne,Toscane,,Tomates,-39.78301068139164,4840.208793521242,Premium
Ferme Al Baraka,Hacienda El Sol,Nouvelle-Zélande,Sfax,,Pommes,294.23579185436125,3115.9833983910194,Standard
Domaine Saada,Hacienda El Sol,Tunisie,Californie,,Riz,89.42761896157214,9782.649318471505,Premium
Fattoria Toscana,Fazenda Brasil,Brésil,Kansas,,Raisins de Table,201.0527032933387,3445.179630105763,Premium
Hacienda El Sol,Fattoria Toscana,Espagne,Marrakech-Safi,,Maïs,701.2753415538332,949.5264953166134,Standard
Green Valley Farm,Domaine Provence Bio,Maroc,Marrakech-Safi,,Deglet Nour,1283.7358101095188,13101.629446446113,Bio Certifié
Mercabarna,Dairy Meadows,France,Kansas,,Maïs,-2.214159460555443,2118.995483078439,Bio Certifié
Mercabarna,Marché Wholesale Agadir,Italie,Canterbury,,Riz,180.28353054198567,2828.3129031416174,Commerce Équitable
Domaine Saada,Ferme Al Baraka,Maroc,Île-de-France,,Bananes,85.00602525276118,1098.0139397284095,Bio Certifié
Rungis International,Fattoria Toscana,Tunisie,Californie,,Pamplemousses,188.09957345523122,2999.2730901380864,Bio Certifié
Domaine Provence Bio,Marché Wholesale Agadir,Espagne,Andalousie,,Olives à Huile,238.402402867268,24578.246686125018,Standard
Rungis International,Rungis International,France,Catalogne,,Oranges,74.93233833563477,2920.7836187216117,Standard
Coopérative Oasis,Union Agricole Méditerranée,Maroc,Meknès-Fès,,Olives de Table,93.22390265470241,3554.372863426198,Standard
Fazenda Brasil,Domaine Provence Bio,France,Sfax,,Robusta,428.48930145195084,3425.208391359712,Bio Certifié
Domaine Provence Bio,Domaine Provence Bio,Italie,Catalogne,,Raisins de Cuve,167.51658838353316,14739.23871487359,Premium
Fattoria Toscana,Union Agricole Méditerranée,Nouvelle-Zélande,Canterbury,,Olives à Huile,592.9848067518628,2343.723014085255,Bio Certifié
Coopérative Oasis,Hacienda El Sol,Italie,Meknès-Fès,,Beurre,204.65858548317334,1908.6763394014708,Standard
Rungis International,Fazenda Brasil,Tunisie,Catalogne,,Olives à Huile,188.47291370454073,4933.534258599825,Commerce Équitable
Domaine Saada,Fazenda Brasil,Maroc,Provence,,Robusta,8.085467004036964,-392.76026805425977,Bio Certifié
Dairy Meadows,Coopérative Oasis,Maroc,Californie,,Bananes,-5.66075251851975,1599.3902919365946,Commerce Équitable
Dairy Meadows,Cooperative Grains Alliance,Espagne,São Paulo,,Mandarines,117.73000415082092,4036.945569215017,Standard
Rungis International,Green Valley Farm,Espagne,Kansas,,Olives à Huile,-14.101502075848309,1215.2553929657095,Standard
Ferme Al Baraka,Fazenda Brasil,Espagne,Meknès-Fès,,Olives à Huile,198.28899325150098,2850.2489612116647,Bio Certifié
Hacienda El Sol,Domaine Saada,Maroc,Marrakech-Safi,,Pommes,49.12015976909338,1601.7843230862595,Bio Certifié
Mercabarna,Green Valley Farm,Maroc,Canterbury,,Olives de Table,406.7402160860308,1122.1676558210359,Standard
Green Valley Farm,Ferme Al Baraka,Maroc,Meknès-Fès,,Arabica,1377.3445711972622,13450.616742730403,Standard
Domaine Provence Bio,Dairy Meadows,Maroc,Sfax,,Raisins de Cuve,178.04265954543794,2387.12434953855,Bio Certifié
Green Valley Farm,Fattoria Toscana,Brésil,Île-de-France,,Arabica,135.8261504319153,3139.9407777457627,Bio Certifié
Green Valley Farm,Union Agricole Méditerranée,Espagne,Souss-Massa,,Oignons,147.69092831294626,360.6542999553675,Standard
Domaine Provence Bio,Rungis International,France,Marrakech-Safi,,Lait,101.46293049768832,11975.550405747925,Bio Certifié
Fattoria Toscana,Rungis International,Espagne,Souss-Massa,,Deglet Nour,257.55185863215854,2668.2232407455763,Bio Certifié
Rungis International,Hacienda El Sol,Italie,Canterbury,,Mandarines,263.7511373112402,3481.7339500949474,Commerce Équitable
Dairy Meadows,Green Valley Farm,USA,Sfax,,Olives à Huile,172.44497093229853,2823.448113292651,Standard
Marché Wholesale Agadir,Domaine Saada,Tunisie,Sfax,,Raisins de Table,166.5023692544953,6863.841593194971,Bio Certifié
Mercabarna,Marché Wholesale Agadir,USA,Meknès-Fès,,Robusta,92.89755868113005,1964.7262212928622,Bio Certifié
Cooperative Grains Alliance,Dairy Meadows,USA,Californie,,Pamplemousses,122.13660999992554,729.5212412060409,Premium
Mercabarna,Dairy Meadows,Espagne,Sfax,,Raisins de Table,52.459749678373356,2208.4274085962725,Bio Certifié
Mercabarna,Rungis International,Brésil,Souss-Massa,,Raisins de Cuve,139.62009831388355,3419.187252951606,Bio Certifié
Domaine Provence Bio,Dairy Meadows,USA,Kansas,,Raisins de Cuve,1004.531340617176,2707.065498504372,Bio Certifié
Domaine Saada,Green Valley Farm,Italie,Île-de-France,,Olives de Table,97.48804524080083,1226.0576581523142,Bio Certifié
Ferme Al Baraka,Domaine Provence Bio,Espagne,Sfax,,Arabica,147.30920016222697,524.3317009141778,Premium
Domaine Provence Bio,Mercabarna,Maroc,Provence,,Blé,233.12844800938905,3160.011884732008,Standard
Fazenda Brasil,Domaine Provence Bio,Maroc,Andalousie,,Tomates,249.02836254309517,2990.2163667541313,Premium
Hacienda El Sol,Green Valley Farm,Brésil,Meknès-Fès,,Mandarines,1117.5355131036242,1268.838757428457,Standard
Coopérative Oasis,Mercabarna,Nouvelle-Zélande,Toscane,,Tomates,44.197837781646044,5013.122665684294,Commerce Équitable
Rungis International,Ferme Al Baraka,Brésil,Kansas,,Bananes,24.174010179615266,3574.1604143094564,Commerce Équitable
Domaine Provence Bio,Dairy Meadows,Nouvelle-Zélande,São Paulo,,Pamplemousses,184.93727624051587,-288.9856433797038,Standard
Rungis International,Fazenda Brasil,Tunisie,Provence,,Olives à Huile,123.33189905691066,4013.651909961664,Commerce Équitable
Green Valley Farm,Dairy Meadows,Tunisie,Catalogne,,Tomates,513.6118044775151,2046.524786264472,Bio Certifié
Cooperative Grains Alliance,Coopérative Oasis,Italie,Sfax,,Raisins de Cuve,253.49074110659484,2141.210593960872,Standard
Green Valley Farm,Fattoria Toscana,France,Catalogne,,Deglet Nour,105.20147165427687,4651.59399080188,Standard
Fazenda Brasil,Domaine Provence Bio,Espagne,São Paulo,,Lait,193.04386475578409,3547.497760393093,Bio Certifié
Marché Wholesale Agadir,Ferme Al Baraka,USA,Andalousie,,Oignons,251.9662376664797,3537.9101609879185,Bio Certifié
Dairy Meadows,Hacienda El Sol,Maroc,Souss-Massa,,Fromage,-23.424226360315977,4169.701909430532,Bio Certifié
Fattoria Toscana,Cooperative Grains Alliance,Italie,Canterbury,,Raisins de Table,176.27105239364477,1325.3515651782377,Commerce Équitable
Green Valley Farm,Fattoria Toscana,Italie,Catalogne,,Riz,75.88764931485204,2140.6655281871463,Premium
Domaine Provence Bio,Fattoria Toscana,Tunisie,Souss-Massa,,Olives à Huile,53.470607089215214,3268.7802890422754,Bio Certifié
Dairy Meadows,Fazenda Brasil,France,Kansas,,Maïs,82.20784237660052,2055.7701247842033,Standard
Green Valley Farm,Green Valley Farm,Brésil,Provence,,Olives de Table,142.34353006102592,2180.573524130581,Bio Certifié
Ferme Al Baraka,Hacienda El Sol,Brésil,Catalogne,,Arabica,734.2896715845086,2757.749810343583,Bio Certifié
Cooperative Grains Alliance,Fattoria Toscana,USA,Provence,,Robusta,392.27187209281766,3225.959038515879,Standard
Domaine Provence Bio,Marché Wholesale Agadir,Brésil,Souss-Massa,,Olives de Table,836.8998887625601,4024.143442779455,Standard
Ferme Al Baraka,Fazenda Brasil,Espagne,Meknès-Fès,,Yaourt,121.77992322987328,-1049.1508020555664,Commerce Équitable
Cooperative Grains Alliance,Hacienda El Sol,Brésil,Kansas,,Robusta,275.3630787830282,82.10748537349059,Bio Certifié
Cooperative Grains Alliance,Rungis International,USA,Sfax,,Citrons,233.41011873132288,697.575961729177,Bio Certifié
Domaine Saada,Fazenda Brasil,Brésil,Canterbury,,Oranges,168.06233464973062,2558.4129725252374,Standard
Dairy Meadows,Fattoria Toscana,France,Provence,,Fromage,-46.17984273139839,3666.350143068856,Standard
Fazenda Brasil,Fattoria Toscana,Tunisie,Meknès-Fès,,Raisins de Table,67.00521777086844,1715.8995312476357,Bio Certifié
Domaine Provence Bio,Marché Wholesale Agadir,France,Meknès-Fès,,Lait,254.40935720882908,4754.542310265715,Premium
Ferme Al Baraka,Fazenda Brasil,Nouvelle-Zélande,Marrakech-Safi,,Bananes,539.6932789268666,4649.232325884239,Commerce Équitable
Fazenda Brasil,Domaine Provence Bio,Nouvelle-Zélande,Île-de-France,,Olives à Huile,213.84580332754194,3126.471200511676,Standard
Union Agricole Méditerranée,Dairy Meadows,Maroc,Meknès-Fès,,Tomates,107.08124876484233,4485.157911622169,Bio Certifié
Union Agricole Méditerranée,Marché Wholesale Agadir,USA,Andalousie,,Blé,156.45078072583328,1490.4165722248963,Standard
Union Agricole Méditerranée,Fattoria Toscana,Tunisie,Toscane,,Robusta,135.8076136378095,3233.4419909015287,Bio Certifié
Fattoria Toscana,Fattoria Toscana,Maroc,Provence,,Blé,350.77025124317845,2634.522124293342,Commerce Équitable
Dairy Meadows,Coopérative Oasis,Maroc,Catalogne,,Bananes,64.46815773722051,2840.1047983785384,Bio Certifié
Hacienda El Sol,Domaine Provence Bio,Maroc,São Paulo,,Yaourt,151.65345157548717,2256.464284904337,Bio Certifié
Fazenda Brasil,Coopérative Oasis,Espagne,Provence,,Blé,200.6523077675277,4973.148846170778,Premium
Green Valley Farm,Mercabarna,Maroc,Souss-Massa,,Courgettes,132.46344035101717,2596.5351873785867,Bio Certifié
Rungis International,Mercabarna,Maroc,Marrakech-Safi,,Oranges,71.27062837175029,3428.1011523622283,Bio Certifié
Fazenda Brasil,Ferme Al Baraka,Espagne,Provence,,Maïs,199.42861306644477,3536.5613919313037,Bio Certifié
Dairy Meadows,Fattoria Toscana,USA,Souss-Massa,,Arabica,38.53359062406119,2436.1714808809647,Premium
Fattoria Toscana,Mercabarna,France,Île-de-France,,Blé,107.01246797328238,3957.952507163951,Bio Certifié
Marché Wholesale Agadir,Hacienda El Sol,USA,Meknès-Fès,,Blé,1080.206936071434,3175.0839334675493,Bio Certifié
Rungis International,Green Valley Farm,Tunisie,Andalousie,,Arabica,185.85632509881253,740.8598123309508,Bio Certifié
Dairy Meadows,Hacienda El Sol,Maroc,Toscane,,Fromage,190.68241589922675,3416.3507909008376,Premium
Cooperative Grains Alliance,Fattoria Toscana,Brésil,Californie,,Maïs,69.70475735256638,-510.9745173886681,Premium
Domaine Saada,Union Agricole Méditerranée,Brésil,Sfax,,Pommes,152.55706446704423,4510.723180258456,Bio Certifié
Cooperative Grains Alliance,Domaine Saada,Nouvelle-Zélande,Souss-Massa,,Pommes,161.8818478016122,947.9695371017132,Premium
Union Agricole Méditerranée,Fattoria Toscana,France,Canterbury,,Arabica,1119.8371081419018,3124.773664419563,Standard
Ferme Al Baraka,Union Agricole Méditerranée,Espagne,Toscane,,Salades,55.45429935519756,1273.7807117790394,Bio Certifié
Union Agricole Méditerranée,Fazenda Brasil,Brésil,São Paulo,,Citrons,132.548310560545,5300.2015896130215,Standard
Dairy Meadows,Domaine Saada,France,Catalogne,,Raisins de Table,104.12231606248457,4791.091451926788,Bio Certifié
Fazenda Brasil,Fattoria Toscana,Espagne,Provence,,Yaourt,16.14628394579178,3328.1917754857723,Premium
Coopérative Oasis,Union Agricole Méditerranée,Maroc,Souss-Massa,,Raisins de Table,396.80980306147,-84.11948342957453,Standard
Fazenda Brasil,Union Agricole Méditerranée,USA,Provence,,Salades,257.7152288541467,5517.82045150457,Bio Certifié
Union Agricole Méditerranée,Dairy Meadows,Maroc,Marrakech-Safi,,Tomates,166.50390914481764,2963.2813379581453,Bio Certifié
Domaine Provence Bio,Dairy Meadows,Espagne,São Paulo,,Robusta,119.79633745092055,2087.678724421996,Bio Certifié
Rungis International,Cooperative Grains Alliance,USA,Toscane,,Raisins de Cuve,195.22394073815394,3394.444800055321,Premium
Fattoria Toscana,Domaine Saada,France,Marrakech-Safi,,Carottes,56.151243311850656,3988.5448758806842,Bio Certifié
Union Agricole Méditerranée,Domaine Saada,Espagne,Canterbury,,Olives à Huile,47.47499959983209,4633.604595963843,Commerce Équitable
Domaine Provence Bio,Cooperative Grains Alliance,Tunisie,Sfax,,Lait,132.80673705970437,3821.413250249185,Bio Certifié
Mercabarna,Rungis International,Maroc,Marrakech-Safi,,Orge,73.27400839883614,4683.005688027215,Premium
Domaine Saada,Ferme Al Baraka,USA,Souss-Massa,,Deglet Nour,281.36761218602487,2296.753302361186,Commerce Équitable
Mercabarna,Cooperative Grains Alliance,Italie,Marrakech-Safi,,Pommes de terre,584.3083640112816,17361.669039414,Bio Certifié
Fazenda Brasil,Ferme Al Baraka,USA,Souss-Massa,,Pommes,18.915466590945876,2929.6560982368383,Standard
Hacienda El Sol,Marché Wholesale Agadir,France,Meknès-Fès,,Tomates,649.7540739846274,2640.570811655895,Standard
Ferme Al Baraka,Coopérative Oasis,France,Kansas,,Raisins de Cuve,61.018433643717316,760.6789136797225,Standard
Mercabarna,Ferme Al Baraka,France,Souss-Massa,,Olives de Table,165.80739737443471,2772.8433958653677,Bio Certifié
Fazenda Brasil,Rungis International,France,São Paulo,,Pommes,118.56882924138498,1145.062426875209,Commerce Équitable
Hacienda El Sol,Green Valley Farm,France,Californie,,Olives à Huile,125.97220946056154,3529.419086937053,Bio Certifié
Green Valley Farm,Rungis International,Espagne,Toscane,,Pamplemousses,291.4982731711051,3517.6926433395765,Premium
Coopérative Oasis,Fattoria Toscana,Brésil,Sfax,,Maïs,11.438591754365035,2745.747090160072,Standard
Mercabarna,Domaine Provence Bio,France,Kansas,,Beurre,161.535386762066,3477.9364089580486,Premium
Fattoria Toscana,Domaine Saada,France,Kansas,,Tomates,229.87659393747072,3809.149635064955,Bio Certifié
Hacienda El Sol,Ferme Al Baraka,Maroc,São Paulo,,Arabica,276.5736032746095,25998.166130071164,Premium
Union Agricole Méditerranée,Cooperative Grains Alliance,Brésil,Île-de-France,,Pommes,113.02182703384392,4931.016498849998,Bio Certifié
Hacienda El Sol,Cooperative Grains Alliance,France,Canterbury,,Arabica,210.99466797040742,1333.2526896012846,Standard
Dairy Meadows,Ferme Al Baraka,Maroc,Marrakech-Safi,,Olives à Huile,935.9810847626707,16079.143392841694,Commerce Équitable
Union Agricole Méditerranée,Dairy Meadows,USA,Provence,,Olives de Table,351.0596563604912,4927.52567670337,Standard
Fazenda Brasil,Dairy Meadows,USA,Canterbury,,Raisins de Table,65.55821248892782,3059.622530316131,Commerce Équitable
Mercabarna,Domaine Saada,Maroc,Toscane,,Olives à Huile,216.53760957152397,1650.5594035619774,Standard
Green Valley Farm,Mercabarna,France,Andalousie,,Raisins de Table,82.23058582177717,2059.8109643032008,Commerce Équitable
Fattoria Toscana,Coopérative Oasis,Maroc,Kansas,,Salades,242.2936299795021,3699.0379359652743,Commerce Équitable
Green Valley Farm,Fazenda Brasil,Maroc,Provence,,Oranges,258.4136971389949,2028.9376447103946,Standard
Fattoria Toscana,Coopérative Oasis,Italie,Catalogne,,Bananes,160.066350770382,3383.853799532618,Commerce Équitable
Dairy Meadows,Domaine Saada,Maroc,Provence,,Orge,233.91620348672896,2725.7498476203964,Commerce Équitable
Rungis International,Dairy Meadows,Maroc,Souss-Massa,,Yaourt,196.82539782298002,505.4293618881361,Standard
Marché Wholesale Agadir,Mercabarna,USA,Andalousie,,Lait,229.30180226245878,1932.8700755075035,Premium
Union Agricole Méditerranée,Union Agricole Méditerranée,Italie,São Paulo,,Raisins de Cuve,571.1513171406687,3176.462690220975,Bio Certifié
Green Valley Farm,Domaine Saada,Italie,Kansas,,Orge,96.74995578807881,3310.2370260038088,Bio Certifié
Ferme Al Baraka,Domaine Provence Bio,Maroc,São Paulo,,Deglet Nour,583.0766407191679,2064.341008556604,Bio Certifié
Union Agricole Méditerranée,Green Valley Farm,Brésil,São Paulo,,Beurre,226.98245602680115,2039.9433631213446,Premium
Fazenda Brasil,Dairy Meadows,Maroc,Californie,,Riz,250.05305196464474,2863.483484614637,Bio Certifié
Domaine Provence Bio,Hacienda El Sol,Espagne,Île-de-France,,Citrons,97.23736712786226,2517.3939757940225,Premium
Dairy Meadows,Domaine Saada,Brésil,São Paulo,,Raisins de Table,284.8011519177426,3075.8515495788147,Bio Certifié
Green Valley Farm,Domaine Saada,France,Provence,,Maïs,132.11168613970307,12479.467407876753,Premium
Domaine Saada,Fazenda Brasil,Italie,Catalogne,,Maïs,216.1716902786908,1033.8315793288443,Bio Certifié
Domaine Saada,Mercabarna,Espagne,Toscane,,Olives de Table,124.02420673212046,4510.199229066037,Standard
Domaine Provence Bio,Mercabarna,USA,Sfax,,Fromage,165.17172490307047,23334.44825430424,Standard
Coopérative Oasis,Coopérative Oasis,Maroc,Marrakech-Safi,,Blé,164.92844090236883,2838.1833043595443,Standard
Union Agricole Méditerranée,Fazenda Brasil,France,Île-de-France,,Citrons,115.85971620268089,3248.2152172311207,Premium
Dairy Meadows,Mercabarna,Maroc,Provence,,Raisins de Cuve,136.3823128961167,21540.684593975777,Bio Certifié
Marché Wholesale Agadir,Coopérative Oasis,Espagne,Kansas,,Pommes de terre,10.746751529910867,-9.850721996357606,Standard
Coopérative Oasis,Hacienda El Sol,Espagne,Marrakech-Safi,,Citrons,196.71848291224256,2366.157026209119,Bio Certifié
Ferme Al Baraka,Coopérative Oasis,Espagne,Sfax,,Raisins de Table,1282.3177924328268,3497.461612486506,Standard
Mercabarna,Dairy Meadows,France,Canterbury,,Pommes de terre,188.19315013541458,1406.9596289381338,Commerce Équitable
Mercabarna,Fazenda Brasil,France,São Paulo,,Oranges,-10.395229201375223,853.9040898028207,Premium
Domaine Saada,Fattoria Toscana,France,Meknès-Fès,,Courgettes,147.94603722836783,3106.452757698042,Bio Certifié
Ferme Al Baraka,Marché Wholesale Agadir,USA,Andalousie,,Orge,114.66790714048636,-625.5176355537455,Standard
Green Valley Farm,Green Valley Farm,Maroc,Sfax,,Riz,118.05236605557296,-910.3681969532083,Premium
Dairy Meadows,Fazenda Brasil,Maroc,Toscane,,Tomates,54.329796322453156,1061.8259449095392,Premium
Fazenda Brasil,Dairy Meadows,Espagne,Californie,,Tomates,214.16609673231355,26607.560793369863,Bio Certifié
Dairy Meadows,Green Valley Farm,USA,Catalogne,,Pommes de terre,577.8702760975051,3147.837879795402,Bio Certifié
Fazenda Brasil,Mercabarna,Tunisie,Canterbury,,Mandarines,89.47868064740712,-101.50640482193717,Bio Certifié
Hacienda El Sol,Domaine Provence Bio,France,Sfax,,Bananes,258.4977191327264,3601.3334448157457,Bio Certifié
Cooperative Grains Alliance,Green Valley Farm,France,Île-de-France,,Riz,21.746182356598048,1406.9800652537851,Standard
Domaine Saada,Mercabarna,Maroc,Île-de-France,,Fromage,675.0485025518616,2153.4935447497664,Standard
Cooperative Grains Alliance,Dairy Meadows,France,Marrakech-Safi,,Bananes,113.35246815415695,1154.8670803607365,Bio Certifié
Fazenda Brasil,Domaine Provence Bio,France,Catalogne,,Bananes,44.19119845187133,4221.707753820298,Commerce Équitable
Cooperative Grains Alliance,Domaine Provence Bio,Espagne,Île-de-France,,Raisins de Cuve,79.16105951307162,2846.160605598373,Standard
Marché Wholesale Agadir,Cooperative Grains Alliance,Maroc,Canterbury,,Salades,226.1434622316632,23433.967893948764,Premium
Coopérative Oasis,Mercabarna,Maroc,Toscane,,Riz,79.07534564554075,3212.2107205388243,Premium
Dairy Meadows,Fattoria Toscana,Brésil,Île-de-France,,Robusta,202.53951368041157,3071.721612465365,Commerce Équitable
Fazenda Brasil,Green Valley Farm,Nouvelle-Zélande,Provence,,Olives à Huile,133.1800773090139,1691.7409175277821,Standard
Domaine Provence Bio,Ferme Al Baraka,Brésil,Californie,,Maïs,294.60624066064844,3984.3850423869662,Standard
Mercabarna,Coopérative Oasis,USA,Andalousie,,Orge,614.3414773703034,3410.9805595997113,Standard
Ferme Al Baraka,Ferme Al Baraka,Espagne,Toscane,,Tomates,93.68838128396149,3271.564697692458,Premium
Fazenda Brasil,Domaine Provence Bio,Italie,Toscane,,Olives de Table,130.14416376772846,616.9041240160187,Standard
Mercabarna,Mercabarna,Espagne,Île-de-France,,Olives de Table,174.5132742022483,2701.416139519299,Bio Certifié
Dairy Meadows,Green Valley Farm,USA,Canterbury,,Carottes,95.21837523069321,3030.65613302467,Bio Certifié
Fazenda Brasil,Domaine Provence Bio,France,Californie,,Pommes,88.36010157003335,2565.568655602652,Bio Certifié
Ferme Al Baraka,Green Valley Farm,Tunisie,Canterbury,,Robusta,267.65125996475865,4263.790207815721,Bio Certifié
Green Valley Farm,Mercabarna,Nouvelle-Zélande,Californie,,Robusta,273.6365263457402,1196.1790741321493,Standard
Rungis International,Union Agricole Méditerranée,Espagne,São Paulo,,Pommes,1107.5928887974521,2120.7451787046075,Premium
Rungis International,Fattoria Toscana,France,Souss-Massa,,Courgettes,173.23472045764456,1742.0827529314572,Standard
Cooperative Grains Alliance,Fattoria Toscana,Nouvelle-Zélande,Toscane,,Raisins de Table,580.0314660697543,5313.589536882003,Standard
Ferme Al Baraka,Coopérative Oasis,Maroc,Sfax,,Olives de Table,109.10915936030722,2193.950145324575,Standard
Cooperative Grains Alliance,Union Agricole Méditerranée,France,São Paulo,,Raisins de Table,564.2765002405499,3292.3562774810166,Commerce Équitable
Ferme Al Baraka,Cooperative Grains Alliance,Nouvelle-Zélande,Kansas,,Riz,115.45329179848801,3889.9912852475277,Standard
Fattoria Toscana,Coopérative Oasis,Maroc,Andalousie,,Riz,68.7812554143137,2440.9022936858764,Bio Certifié
Domaine Saada,Hacienda El Sol,France,Toscane,,Pamplemousses,99.8797854286122,714.2754259393024,Premium
Cooperative Grains Alliance,Domaine Saada,Nouvelle-Zélande,Souss-Massa,,Bananes,123.33303928725854,2237.235888807952,Premium
Domaine Provence Bio,Ferme Al Baraka,Maroc,Provence,,Yaourt,181.74489934720575,5299.6603183090865,Premium
Coopérative Oasis,Union Agricole Méditerranée,France,Souss-Massa,,Raisins de Table,173.48006189046814,5447.542709140983,Commerce Équitable
Domaine Provence Bio,Cooperative Grains Alliance,Maroc,Souss-Massa,,Raisins de Table,467.46711857417534,2920.459057264785,Standard
Fattoria Toscana,Domaine Saada,France,São Paulo,,Deglet Nour,747.4326240869107,3282.8291099225476,Standard
Marché Wholesale Agadir,Domaine Saada,Nouvelle-Zélande,Kansas,,Raisins de Table,190.7576207754048,3656.345127128172,Premium
Dairy Meadows,Domaine Provence Bio,Nouvelle-Zélande,Andalousie,,Blé,583.7022832037278,3641.224508132517,Bio Certifié
Mercabarna,Fazenda Brasil,Italie,Californie,,Deglet Nour,236.82598793325764,2991.1249499237924,Commerce Équitable
Dairy Meadows,Fazenda Brasil,USA,Marrakech-Safi,,Olives à Huile,40.02875589384211,2746.370479168145,Bio Certifié
Fattoria Toscana,Union Agricole Méditerranée,Maroc,Provence,,Raisins de Table,274.0429708396246,3032.9472014794446,Bio Certifié
Rungis International,Marché Wholesale Agadir,France,Toscane,,Olives à Huile,114.05467256634459,11744.116847226005,Bio Certifié
Domaine Provence Bio,Coopérative Oasis,USA,Île-de-France,,Carottes,67.84853934451894,4465.228022808676,Premium
Hacienda El Sol,Dairy Meadows,USA,Île-de-France,,Mandarines,1196.2833083097842,4500.022344940796,Premium
Union Agricole Méditerranée,Dairy Meadows,USA,Californie,,Bananes,89.84866355180341,2834.8059076818454,Standard
Fazenda Brasil,Marché Wholesale Agadir,Italie,Île-de-France,,Robusta,183.1977555465555,3290.6706380206133,Bio Certifié
Cooperative Grains Alliance,Dairy Meadows,Nouvelle-Zélande,Canterbury,,Pommes de terre,99.45627067529696,3259.3509843062147,Bio Certifié
Ferme Al Baraka,Domaine Provence Bio,Maroc,Sfax,,Salades,178.80755829007768,1621.9331657846756,Standard
Cooperative Grains Alliance,Fattoria Toscana,France,Provence,,Raisins de Cuve,135.51261289270812,2770.563861646373,Bio Certifié
Marché Wholesale Agadir,Rungis International,France,Sfax,,Raisins de Table,138.6258524001147,2226.671535503021,Bio Certifié
Fazenda Brasil,Green Valley Farm,Brésil,Californie,,Robusta,492.793672574767,4918.645234999416,Bio Certifié
Cooperative Grains Alliance,Ferme Al Baraka,USA,Souss-Massa,,Fromage,177.35591245976025,2629.4872524325106,Bio Certifié
Domaine Saada,Domaine Saada,Italie,Sfax,,Olives de Table,-35.153422084445886,2828.7664326804543,Standard
Rungis International,Fattoria Toscana,Espagne,Souss-Massa,,Olives de Table,858.5218926116843,403.5998811018767,Standard
Domaine Provence Bio,Hacienda El Sol,France,Californie,,Tomates,237.1880701223368,19635.82645702422,Standard
Cooperative Grains Alliance,Green Valley Farm,USA,Kansas,,Olives de Table,248.39550007731944,1922.6582467389999,Premium
Green Valley Farm,Rungis International,Tunisie,São Paulo,,Bananes,72.95161842299703,4387.8473953712155,Commerce Équitable
Green Valley Farm,Ferme Al Baraka,Maroc,Marrakech-Safi,,Oranges,137.23712173556592,5741.507054521211,Premium
Cooperative Grains Alliance,Marché Wholesale Agadir,France,São Paulo,,Olives de Table,15.95747752749672,963.3576722475109,Bio Certifié
Hacienda El Sol,Fattoria Toscana,Italie,São Paulo,,Bananes,135.40973003947917,4153.031658476822,Bio Certifié
Domaine Saada,Mercabarna,Maroc,São Paulo,,Robusta,1.2410748833403673,3286.789263622052,Standard
Green Valley Farm,Cooperative Grains Alliance,Italie,Île-de-France,,Lait,41.29444871393598,2072.473377560167,Standard
Rungis International,Domaine Provence Bio,France,Meknès-Fès,,Maïs,171.08236250107677,2586.923639364639,Bio Certifié
Rungis International,Cooperative Grains Alliance,France,Toscane,,Raisins de Cuve,216.87663067087345,3376.8661219333526,Premium
Union Agricole Méditerranée,Domaine Provence Bio,France,São Paulo,,Olives à Huile,158.2795704054883,5102.190091824629,Standard
Coopérative Oasis,Domaine Saada,Espagne,Kansas,,Pommes de terre,145.4331848501556,2297.3529672531627,Premium
Cooperative Grains Alliance,Domaine Provence Bio,USA,Île-de-France,,Lait,262.37082819114454,494.77502438439103,Standard
Fattoria Toscana,Marché Wholesale Agadir,Brésil,Andalousie,,Raisins de Cuve,122.36388280984187,3790.5877261788405,Bio Certifié
Cooperative Grains Alliance,Fattoria Toscana,Italie,Sfax,,Carottes,97.41909843869216,2571.9316449291605,Standard
Mercabarna,Domaine Saada,Maroc,Souss-Massa,,Olives à Huile,603.3486980386001,4250.3021175151325,Standard
Cooperative Grains Alliance,Domaine Provence Bio,Nouvelle-Zélande,Kansas,,Carottes,110.74789754255167,3300.6834294931978,Bio Certifié
Hacienda El Sol,Ferme Al Baraka,Italie,Souss-Massa,,Tomates,590.6869279056358,2775.904141322043,Standard
Union Agricole Méditerranée,Domaine Saada,Brésil,Kansas,,Maïs,280.56446044922865,3211.405555211615,Premium
Domaine Provence Bio,Fattoria Toscana,USA,Île-de-France,,Tomates,125.41229082926893,2495.617229264328,Standard
Mercabarna,Fattoria Toscana,Italie,Toscane,,Oranges,189.28155807876416,3215.7785323559665,Bio Certifié
Domaine Provence Bio,Union Agricole Méditerranée,Nouvelle-Zélande,Californie,,Pommes,135.95588727002144,3639.1513684353295,Bio Certifié
Coopérative Oasis,Rungis International,Tunisie,Toscane,,Raisins de Cuve,173.57470766602674,2257.925841886423,Bio Certifié
Fazenda Brasil,Cooperative Grains Alliance,Maroc,São Paulo,,Pamplemousses,198.27158684098777,3530.785999838966,Premium
Domaine Provence Bio,Dairy Meadows,Tunisie,Kansas,,Raisins de Table,88.84565621289016,3845.8562268631295,Bio Certifié
Cooperative Grains Alliance,Coopérative Oasis,Brésil,Canterbury,,Fromage,121.59536318666692,23909.482688386266,Premium
Domaine Saada,Fattoria Toscana,Brésil,Canterbury,,Maïs,61.924718720933086,5067.776527041155,Standard
Union Agricole Méditerranée,Union Agricole Méditerranée,France,Sfax,,Pommes,218.90462655608528,3723.822065759924,Commerce Équitable
Fattoria Toscana,Domaine Provence Bio,Maroc,São Paulo,,Maïs,108.15393029418964,4010.2972609551675,Standard
Marché Wholesale Agadir,Green Valley Farm,Espagne,Souss-Massa,,Olives à Huile,39.788831332632746,1457.7824521005152,Bio Certifié
Union Agricole Méditerranée,Cooperative Grains Alliance,France,Provence,,Arabica,526.8043416441109,2302.5557836924713,Premium
Domaine Saada,Dairy Meadows,France,Souss-Massa,,Raisins de Table,205.31704306584462,2423.0345850141302,Bio Certifié
Mercabarna,Fattoria Toscana,Brésil,Andalousie,,Pommes,43.588430532035915,3299.207325661567,Premium
Coopérative Oasis,Fattoria Toscana,Brésil,Souss-Massa,,Pommes de terre,239.35363915981208,3987.414999001644,Commerce Équitable
Fazenda Brasil,Coopérative Oasis,Italie,Kansas,,Oignons,250.23050118386573,1773.942432095809,Premium
Cooperative Grains Alliance,Domaine Provence Bio,USA,Catalogne,,Yaourt,285.7121130460715,3727.704239736516,Standard
Hacienda El Sol,Green Valley Farm,Italie,Canterbury,,Pommes de terre,167.64703789016806,2666.5505223046157,Standard
Rungis International,Cooperative Grains Alliance,Tunisie,Souss-Massa,,Raisins de Table,266.90630406199836,3086.0316942899867,Standard
Cooperative Grains Alliance,Coopérative Oasis,Maroc,Souss-Massa,,Tomates,204.66015302179966,4008.87986285798,Bio Certifié
Rungis International,Ferme Al Baraka,Tunisie,Marrakech-Safi,,Raisins de Table,491.9682842609991,11380.332005893502,Premium
Fattoria Toscana,Union Agricole Méditerranée,USA,Catalogne,,Raisins de Table,174.8073622025731,2954.0865570125497,Premium
Ferme Al Baraka,Hacienda El Sol,Italie,Sfax,,Raisins de Cuve,211.63348323624263,2773.293827305879,Bio Certifié
Mercabarna,Hacienda El Sol,Maroc,Kansas,,Blé,167.24081698691595,2942.5182306112047,Premium
Green Valley Farm,Fattoria Toscana,USA,Canterbury,,Maïs,113.04658895659264,357.2410637616658,Bio Certifié
Domaine Saada,Hacienda El Sol,Maroc,Kansas,,Raisins de Cuve,4.726606152380242,16457.966534896892,Premium
Marché Wholesale Agadir,Fattoria Toscana,Maroc,Kansas,,Pommes,233.00419412704866,2350.601072807662,Premium
Fazenda Brasil,Fattoria Toscana,Espagne,Kansas,,Blé,257.6175510024435,3169.9208254778778,Bio Certifié
Mercabarna,Ferme Al Baraka,France,Sfax,,Pamplemousses,12.939261584446108,2253.8564829512666,Bio Certifié
Rungis International,Coopérative Oasis,USA,Catalogne,,Bananes,76.56114651504896,2152.036867195814,Standard
Fattoria Toscana,Dairy Meadows,Tunisie,Californie,,Yaourt,200.7336418652711,-156.28370632781957,Commerce Équitable
Ferme Al Baraka,Domaine Saada,USA,Sfax,,Maïs,385.30111485686547,232.85565086434485,Standard
Rungis International,Coopérative Oasis,France,Souss-Massa,,Pommes,26.71465964529225,245.44970726077713,Standard
Fazenda Brasil,Ferme Al Baraka,Maroc,Provence,,Pommes,121.37122161394313,3178.1998206705384,Bio Certifié
Ferme Al Baraka,Ferme Al Baraka,Nouvelle-Zélande,Toscane,,Blé,368.9964156748805,398.28938073134896,Standard
Fazenda Brasil,Coopérative Oasis,Tunisie,Île-de-France,,Maïs,63.6082727887224,3666.412733416447,Bio Certifié
Green Valley Farm,Coopérative Oasis,France,Île-de-France,,Courgettes,67.93248989605684,-249.79845127221165,Standard
Union Agricole Méditerranée,Cooperative Grains Alliance,Brésil,Californie,,Oranges,247.55768434035156,2628.219783689468,Premium
Green Valley Farm,Fazenda Brasil,Espagne,Provence,,Robusta,848.1246940273204,3084.5190264184903,Bio Certifié
Domaine Saada,Hacienda El Sol,Italie,Californie,,Raisins de Cuve,100.98555985024015,5057.411117422246,Premium
Mercabarna,Ferme Al Baraka,Maroc,Canterbury,,Pamplemousses,68.54080879361557,981.2060020410242,Bio Certifié
Green Valley Farm,Coopérative Oasis,Brésil,Provence,,Maïs,176.2218744755442,1744.6280897916135,Bio Certifié
Domaine Saada,Fazenda Brasil,France,São Paulo,,Raisins de Cuve,363.0557161029712,2475.0357543383334,Bio Certifié
Fattoria Toscana,Coopérative Oasis,Maroc,Souss-Massa,,Olives à Huile,171.4379422062771,5246.065478420998,Standard
Coopérative Oasis,Domaine Provence Bio,Maroc,Provence,,Tomates,148.0723515104057,5650.468414372235,Bio Certifié
Fattoria Toscana,Domaine Saada,Maroc,Toscane,,Olives de Table,259.3934376308546,4434.458951613928,Bio Certifié
Marché Wholesale Agadir,Dairy Meadows,Brésil,São Paulo,,Pommes,64.7124922266743,12673.434675620763,Commerce Équitable
Domaine Provence Bio,Ferme Al Baraka,Nouvelle-Zélande,Provence,,Fromage,235.95343630967443,3165.175783792376,Standard
Union Agricole Méditerranée,Green Valley Farm,France,Canterbury,,Salades,150.91347266059861,3356.5868579313205,Premium
Marché Wholesale Agadir,Mercabarna,Espagne,Catalogne,,Oranges,89.28444830538763,2037.6285792404901,Standard
Coopérative Oasis,Ferme Al Baraka,Brésil,Île-de-France,,Maïs,182.474795305608,-263.09301034365376,Commerce Équitable
Cooperative Grains Alliance,Coopérative Oasis,Maroc,Canterbury,,Olives de Table,184.6426222127656,5226.472369553658,Bio Certifié
Hacienda El Sol,Fattoria Toscana,Italie,Andalousie,,Citrons,178.1740386561163,3292.1054075725046,Standard
Fattoria Toscana,Dairy Meadows,Espagne,Andalousie,,Olives à Huile,100.0443018824082,2403.361049424305,Bio Certifié
Green Valley Farm,Dairy Meadows,Espagne,São Paulo,,Fromage,1290.973700467676,14640.919284336323,Standard
Domaine Provence Bio,Union Agricole Méditerranée,Italie,Catalogne,,Arabica,10.423900330909916,1108.824028825642,Bio Certifié
Dairy Meadows,Ferme Al Baraka,Nouvelle-Zélande,Île-de-France,,Olives de Table,934.3569037226039,3117.4238994717025,Standard
Green Valley Farm,Union Agricole Méditerranée,Italie,Kansas,,Raisins de Cuve,140.85685068976446,3115.8392631213565,Premium
Fazenda Brasil,Fazenda Brasil,Maroc,São Paulo,,Robusta,8.200717643146639,10612.04981182778,Bio Certifié
Fattoria Toscana,Cooperative Grains Alliance,Italie,Catalogne,,Pommes de terre,-11.36927862128092,2345.7623626607883,Standard
Domaine Provence Bio,Ferme Al Baraka,Nouvelle-Zélande,Kansas,,Olives à Huile,43.024743898156885,3071.9191939806415,Premium
Domaine Provence Bio,Mercabarna,France,Souss-Massa,,Riz,-34.19774304236726,3569.9447566583704,Premium
Fazenda Brasil,Dairy Meadows,France,São Paulo,,Bananes,119.90282554453367,4744.3402613631515,Standard
Marché Wholesale Agadir,Union Agricole Méditerranée,Maroc,Californie,,Medjool,437.8995609846439,3822.157317959882,Bio Certifié
Mercabarna,Rungis International,USA,Catalogne,,Olives à Huile,199.3474087955201,5044.594947661846,Bio Certifié
Domaine Saada,Fattoria Toscana,Maroc,Souss-Massa,,Tomates,45.87174065356493,959.0566073575765,Standard
Marché Wholesale Agadir,Fattoria Toscana,USA,Provence,,Pommes,277.747497369702,3443.4846257460667,Bio Certifié
Cooperative Grains Alliance,Ferme Al Baraka,USA,Meknès-Fès,,Carottes,109.80449112968296,2479.6293052435494,Bio Certifié
Union Agricole Méditerranée,Ferme Al Baraka,Tunisie,Provence,,Lait,148.38135744773618,2601.123460257236,Premium
Union Agricole Méditerranée,Fazenda Brasil,Maroc,Meknès-Fès,,Riz,207.6362212718987,12690.383726010055,Premium
Domaine Provence Bio,Marché Wholesale Agadir,Italie,São Paulo,,Robusta,177.05972867971764,8135.412574689102,Standard
Dairy Meadows,Domaine Saada,USA,Île-de-France,,Tomates,86.89894661924976,4484.615927556444,Commerce Équitable
Fazenda Brasil,Domaine Saada,Espagne,Canterbury,,Pamplemousses,126.09584554290707,2203.020288202088,Bio Certifié
Fazenda Brasil,Fazenda Brasil,Maroc,São Paulo,,Bananes,228.14996937417234,3273.452868123928,Bio Certifié
Domaine Saada,Hacienda El Sol,Maroc,São Paulo,,Olives à Huile,138.29380724300745,14051.192888967722,Standard
Mercabarna,Marché Wholesale Agadir,USA,Kansas,,Citrons,199.53490757219208,-44.24883951902211,Standard
Rungis International,Cooperative Grains Alliance,Nouvelle-Zélande,Toscane,,Olives de Table,136.10545960934328,3317.6876515507515,Premium
Domaine Saada,Mercabarna,Italie,Sfax,,Pommes,136.7610908557681,4517.569114706745,Commerce Équitable
Domaine Saada,Dairy Meadows,Espagne,Souss-Massa,,Oignons,93.21884095616701,572.8165979494511,Standard
Union Agricole Méditerranée,Domaine Provence Bio,France,Canterbury,,Deglet Nour,172.12357478951202,5041.824300028643,Bio Certifié
Mercabarna,Dairy Meadows,Tunisie,Catalogne,,Oignons,84.4040199536532,2173.409014804172,Standard
Domaine Provence Bio,Cooperative Grains Alliance,USA,Kansas,,Arabica,63.83792817766547,2763.185493284153,Bio Certifié
Domaine Provence Bio,Domaine Provence Bio,Maroc,Canterbury,,Tomates,124.73251969406353,1593.785175060497,Bio Certifié
Coopérative Oasis,Dairy Meadows,France,Île-de-France,,Olives à Huile,1307.942848464098,1032.3068769439203,Bio Certifié
Fattoria Toscana,Fattoria Toscana,Nouvelle-Zélande,Catalogne,,Raisins de Cuve,112.68527130322386,2302.9160200936276,Bio Certifié
Dairy Meadows,Domaine Provence Bio,Maroc,Souss-Massa,,Blé,247.06299607692608,4724.688852867431,Premium
Dairy Meadows,Dairy Meadows,Italie,Provence,,Riz,145.10683432353528,4492.777548994373,Bio Certifié
Rungis International,Green Valley Farm,Maroc,Kansas,,Riz,30.00206387746535,335.9959932105859,Standard
Union Agricole Méditerranée,Marché Wholesale Agadir,USA,Meknès-Fès,,Deglet Nour,46.72959257686978,271.1928970678474,Standard
Rungis International,Dairy Meadows,France,Sfax,,Oignons,21.673281882210304,14264.991980556308,Premium
Dairy Meadows,Coopérative Oasis,Italie,Sfax,,Raisins de Cuve,15.66896866859058,3710.5445503432743,Bio Certifié
Domaine Provence Bio,Hacienda El Sol,Italie,Marrakech-Safi,,Pommes de terre,163.4323106658806,3459.7659233578197,Bio Certifié
Hacienda El Sol,Union Agricole Méditerranée,France,Île-de-France,,Lait,298.5298817095895,2854.0927727877597,Standard
Mercabarna,Mercabarna,Espagne,Catalogne,,Oignons,234.22137344519086,2783.688009019845,Bio Certifié
Fattoria Toscana,Fattoria Toscana,France,Catalogne,,Olives à Huile,491.1478312298726,1629.7373694116206,Bio Certifié
Green Valley Farm,Mercabarna,USA,Catalogne,,Deglet Nour,211.67089259364397,19562.931681698108,Standard
Cooperative Grains Alliance,Domaine Saada,France,Catalogne,,Citrons,-2.0476290366813785,314.0755219201444,Premium
Domaine Provence Bio,Fattoria Toscana,Italie,Kansas,,Bananes,264.0129931962482,3384.179038656128,Standard
Mercabarna,Dairy Meadows,France,Andalousie,,Raisins de Table,208.56286997466358,1365.4671631321828,Bio Certifié
Cooperative Grains Alliance,Union Agricole Méditerranée,Nouvelle-Zélande,Provence,,Beurre,179.46179995744524,873.2508120314399,Premium
Cooperative Grains Alliance,Fazenda Brasil,USA,Catalogne,,Fromage,290.4696216273835,3326.4681913052373,Standard
Green Valley Farm,Dairy Meadows,Nouvelle-Zélande,Souss-Massa,,Raisins de Cuve,64.99863297786798,783.2090421250068,Premium
Union Agricole Méditerranée,Rungis International,Italie,Île-de-France,,Mandarines,931.1414021512755,3565.9486732732867,Standard
Ferme Al Baraka,Coopérative Oasis,France,Provence,,Olives de Table,174.4365729985738,468.2700548920167,Premium
Rungis International,Mercabarna,USA,Canterbury,,Tomates,122.99633843438532,-1.126052109684906,Premium
Ferme Al Baraka,Green Valley Farm,France,Souss-Massa,,Pommes de terre,106.90641344483288,5148.464583016471,Standard
Ferme Al Baraka,Union Agricole Méditerranée,USA,Provence,,Lait,286.247518846576,2719.1496639173774,Premium
Coopérative Oasis,Marché Wholesale Agadir,Brésil,São Paulo,,Courgettes,254.93138603860208,2858.040230147653,Premium
Cooperative Grains Alliance,Dairy Meadows,Tunisie,Meknès-Fès,,Courgettes,95.5048556226328,5494.847853882324,Standard
Domaine Saada,Union Agricole Méditerranée,France,Andalousie,,Courgettes,113.51727677914505,2316.4644253304896,Premium
Union Agricole Méditerranée,Dairy Meadows,Espagne,Kansas,,Oranges,227.91978161613673,3475.3963993730677,Bio Certifié
Domaine Provence Bio,Domaine Saada,Italie,Sfax,,Medjool,49.35060643857959,3075.445001447355,Bio Certifié
Dairy Meadows,Union Agricole Méditerranée,Nouvelle-Zélande,Toscane,,Robusta,145.94475072477996,2688.2580044050355,Standard
Fazenda Brasil,Domaine Provence Bio,France,Sfax,,Olives à Huile,183.49063523284286,2219.0258630142293,Bio Certifié
Cooperative Grains Alliance,Fazenda Brasil,USA,Île-de-France,,Tomates,61.48282683196005,3810.1194840750372,Standard
Ferme Al Baraka,Fattoria Toscana,USA,Souss-Massa,,Raisins de Table,630.8718451142392,8632.329171911118,Premium
Dairy Meadows,Domaine Provence Bio,Maroc,Canterbury,,Olives de Table,104.13064081966516,3010.158589535199,Standard
Dairy Meadows,Fazenda Brasil,USA,Toscane,,Raisins de Cuve,61.378420668120256,1834.9050397212677,Bio Certifié
Coopérative Oasis,Rungis International,Maroc,Californie,,Pamplemousses,604.8794323822858,2252.77802173113,Bio Certifié
Domaine Saada,Mercabarna,Maroc,Provence,,Fromage,28.925057336453644,2885.639116950685,Premium
Cooperative Grains Alliance,Hacienda El Sol,USA,Canterbury,,Robusta,101.66702878409706,1395.9199475287535,Standard
Ferme Al Baraka,Green Valley Farm,USA,Provence,,Tomates,629.3749794077175,381.75703693479136,Standard
Domaine Saada,Hacienda El Sol,Italie,Catalogne,,Salades,225.6833944532364,2300.8478000586692,Bio Certifié
Ferme Al Baraka,Ferme Al Baraka,France,Marrakech-Safi,,Oignons,233.44392237053873,10605.672542433362,Premium
Fattoria Toscana,Dairy Meadows,Maroc,Souss-Massa,,Pommes de terre,593.0612664718191,14784.256494154359,Premium
Coopérative Oasis,Union Agricole Méditerranée,Maroc,Catalogne,,Yaourt,437.28233880614107,8720.757909294762,Bio Certifié
Green Valley Farm,Fattoria Toscana,USA,Provence,,Tomates,193.71031390040923,-685.2169128514313,Bio Certifié
Domaine Saada,Domaine Provence Bio,France,Île-de-France,,Raisins de Cuve,75.17600796376263,26663.589856603852,Premium
Marché Wholesale Agadir,Mercabarna,Nouvelle-Zélande,Canterbury,,Lait,46.87579981461981,3272.271373491083,Standard
Fazenda Brasil,Mercabarna,Maroc,Souss-Massa,,Riz,295.8571461012602,3245.8369874505006,Bio Certifié
Domaine Provence Bio,Union Agricole Méditerranée,Tunisie,Sfax,,Olives à Huile,61.005162229519065,4348.23615778068,Bio Certifié
Dairy Meadows,Rungis International,Espagne,Toscane,,Raisins de Table,42.01143953652343,76.82045673484572,Standard
Ferme Al Baraka,Fazenda Brasil,Tunisie,São Paulo,,Olives à Huile,210.50448998683316,1754.7849138994648,Bio Certifié
Coopérative Oasis,Dairy Meadows,Brésil,Catalogne,,Riz,212.74507969194028,1993.2675107502043,Premium
Marché Wholesale Agadir,Ferme Al Baraka,Tunisie,São Paulo,,Olives à Huile,115.15180790458868,2291.888428384149,Bio Certifié
Mercabarna,Mercabarna,France,Canterbury,,Yaourt,219.56424777172455,3314.948197994645,Bio Certifié
Coopérative Oasis,Coopérative Oasis,Brésil,São Paulo,,Raisins de Cuve,1173.4909125154431,1573.9332103796855,Standard
Ferme Al Baraka,Fazenda Brasil,France,Souss-Massa,,Riz,86.01955160866402,2255.640923470867,Bio Certifié
Green Valley Farm,Fazenda Brasil,Maroc,Marrakech-Safi,,Pommes de terre,185.45931228288993,3440.7957163121473,Standard
Fattoria Toscana,Cooperative Grains Alliance,Maroc,Souss-Massa,,Maïs,154.3358325471463,12667.703879921466,Bio Certifié
Fattoria Toscana,Fattoria Toscana,USA,Californie,,Pommes de terre,107.94158206550719,20957.723863948588,Bio Certifié
Ferme Al Baraka,Fazenda Brasil,USA,Andalousie,,Olives de Table,273.11237220286034,2138.765159185343,Bio Certifié
Union Agricole Méditerranée,Dairy Meadows,Maroc,Provence,,Raisins de Table,11.564746665307382,2843.2521977807028,Bio Certifié
Hacienda El Sol,Rungis International,Maroc,Canterbury,,Yaourt,59.91252806843251,3225.7549093535745,Premium
Rungis International,Green Valley Farm,Italie,Canterbury,,Raisins de Table,30.506181120889888,4080.911426884013,Standard
Mercabarna,Fattoria Toscana,France,Provence,,Salades,217.75462059564188,-274.19866034112397,Premium
Fattoria Toscana,Green Valley Farm,Nouvelle-Zélande,Provence,,Medjool,499.82192259505746,1531.00834557821,Standard
Dairy Meadows,Fattoria Toscana,Maroc,Toscane,,Olives à Huile,952.1533537014091,2110.6524181230243,Bio Certifié
Dairy Meadows,Rungis International,Maroc,Toscane,,Fromage,158.97316247810147,5819.37215992313,Standard
Union Agricole Méditerranée,Mercabarna,Espagne,Île-de-France,,Salades,713.5255449914742,7814.96284642822,Standard
Domaine Provence Bio,Mercabarna,Maroc,Marrakech-Safi,,Pommes de terre,463.27450584931904,2165.1358602759783,Bio Certifié
Hacienda El Sol,Domaine Provence Bio,Tunisie,Toscane,,Bananes,479.25821745123335,3225.1878281797253,Bio Certifié
Cooperative Grains Alliance,Rungis International,Italie,Toscane,,Raisins de Cuve,935.019317203243,1787.880177946427,Premium
Domaine Provence Bio,Hacienda El Sol,Nouvelle-Zélande,Souss-Massa,,Blé,149.89478824657655,3418.5505717082733,Standard
Fazenda Brasil,Ferme Al Baraka,Espagne,Meknès-Fès,,Pommes de terre,204.76227864414506,11247.079162412225,Standard
Domaine Saada,Coopérative Oasis,Italie,São Paulo,,Tomates,532.8082861766142,2985.3155700906636,Premium
Marché Wholesale Agadir,Fazenda Brasil,Maroc,Île-de-France,,Blé,34.640182358527014,11450.622900104521,Standard
Fattoria Toscana,Union Agricole Méditerranée,Nouvelle-Zélande,São Paulo,,Deglet Nour,300.05147555965766,1577.5420049393838,Standard
Rungis International,Union Agricole Méditerranée,Nouvelle-Zélande,Marrakech-Safi,,Lait,-14.148753920456564,7932.067310683365,Premium
Dairy Meadows,Ferme Al Baraka,Maroc,Canterbury,,Robusta,242.8229675783304,1704.9421444136271,Bio Certifié
Domaine Provence Bio,Fazenda Brasil,Espagne,Île-de-France,,Raisins de Table,4.403270027829045,4272.613699852589,Bio Certifié
Green Valley Farm,Marché Wholesale Agadir,France,Sfax,,Orge,96.92951148698054,1433.491177608754,Premium
Dairy Meadows,Hacienda El Sol,USA,Souss-Massa,,Riz,214.0065491888773,2699.67438148589,Standard
Domaine Saada,Marché Wholesale Agadir,France,Meknès-Fès,,Olives de Table,84.48183084532458,1195.6730437834906,Standard
Fazenda Brasil,Fazenda Brasil,Italie,Meknès-Fès,,Olives à Huile,226.24593405885855,3245.15534878381,Premium
Marché Wholesale Agadir,Hacienda El Sol,Espagne,Meknès-Fès,,Robusta,141.82143313969362,3817.891214693952,Standard
Fazenda Brasil,Ferme Al Baraka,Italie,Andalousie,,Yaourt,272.30365063687634,239.1072919681135,Premium
Cooperative Grains Alliance,Hacienda El Sol,Brésil,Provence,,Bananes,891.827272235395,1757.631008614393,Standard
Fattoria Toscana,Domaine Provence Bio,Brésil,Sfax,,Salades,22.11210570463456,-727.0553169967664,Premium
Domaine Provence Bio,Domaine Saada,Brésil,Souss-Massa,,Salades,123.35738604484007,-484.2550067006114,Standard
Domaine Saada,Coopérative Oasis,France,Meknès-Fès,,Tomates,1121.208342954417,369.5964083615162,Standard
Marché Wholesale Agadir,Fazenda Brasil,Brésil,Provence,,Deglet Nour,254.27751086179245,2874.127368191076,Premium
Rungis International,Ferme Al Baraka,Espagne,Canterbury,,Raisins de Cuve,178.60822603929714,3742.154750281551,Standard
Fazenda Brasil,Marché Wholesale Agadir,USA,Île-de-France,,Oignons,502.53213112404546,11489.687679980094,Premium
Green Valley Farm,Fattoria Toscana,USA,Île-de-France,,Raisins de Table,180.79668787247778,-83.94029528567603,Premium
Dairy Meadows,Domaine Provence Bio,Italie,Sfax,,Oranges,198.17614970400808,5119.520609663249,Standard
Cooperative Grains Alliance,Rungis International,Brésil,São Paulo,,Pommes,217.54009860706816,2637.5615873800725,Standard
Green Valley Farm,Marché Wholesale Agadir,USA,Californie,,Robusta,371.27133411311496,1378.977500416797,Bio Certifié
Ferme Al Baraka,Dairy Meadows,Espagne,Canterbury,,Mandarines,55.12397331280491,2589.5590353250846,Bio Certifié
Fattoria Toscana,Marché Wholesale Agadir,France,Catalogne,,Olives de Table,206.6928082472842,1449.8504999973543,Premium
Fazenda Brasil,Green Valley Farm,Espagne,Marrakech-Safi,,Olives de Table,234.13536077357193,2741.680339195125,Standard
Domaine Provence Bio,Ferme Al Baraka,Nouvelle-Zélande,Meknès-Fès,,Deglet Nour,123.68271839988816,1597.3414368890085,Bio Certifié
Rungis International,Domaine Saada,France,Kansas,,Olives de Table,1010.0750631454714,3269.5273126900947,Standard
Ferme Al Baraka,Mercabarna,Nouvelle-Zélande,Californie,,Orge,201.25096807916515,4109.020471075491,Standard
Domaine Provence Bio,Hacienda El Sol,USA,Meknès-Fès,,Deglet Nour,121.9305876751071,6617.884517514576,Standard
Rungis International,Cooperative Grains Alliance,Maroc,Californie,,Raisins de Table,124.65848935184889,3285.711169387942,Standard
Cooperative Grains Alliance,Coopérative Oasis,Nouvelle-Zélande,Kansas,,Raisins de Cuve,354.8037783813984,3125.109511896851,Bio Certifié
Dairy Meadows,Cooperative Grains Alliance,Nouvelle-Zélande,São Paulo,,Fromage,133.20470413721827,975.5227906917946,Commerce Équitable
Dairy Meadows,Cooperative Grains Alliance,Tunisie,São Paulo,,Olives à Huile,42.657992738587595,1405.8464920735348,Bio Certifié
Fattoria Toscana,Fazenda Brasil,France,Californie,,Pamplemousses,3.608782859873074,2701.996336648192,Standard
Domaine Provence Bio,Union Agricole Méditerranée,Espagne,Marrakech-Safi,,Olives de Table,201.7097472062059,3131.048440613059,Bio Certifié
Ferme Al Baraka,Domaine Saada,Espagne,Canterbury,,Tomates,190.02635304562617,3965.574846932839,Bio Certifié
Coopérative Oasis,Fazenda Brasil,Maroc,Sfax,,Raisins de Table,200.91507244026693,2009.6885531084783,Standard
Mercabarna,Green Valley Farm,France,Souss-Massa,,Riz,146.55167655355638,1756.6074644353482,Bio Certifié
Domaine Provence Bio,Dairy Meadows,Italie,Meknès-Fès,,Carottes,50.21242617449272,3354.3052710686416,Standard
Green Valley Farm,Mercabarna,Brésil,Toscane,,Medjool,94.44853844487501,3176.6522815387993,Commerce Équitable
Union Agricole Méditerranée,Rungis International,France,Souss-Massa,,Maïs,112.53213960206335,2479.6418403261678,Bio Certifié
Fattoria Toscana,Union Agricole Méditerranée,USA,São Paulo,,Yaourt,148.6082594882577,2837.177646266947,Standard
Hacienda El Sol,Domaine Provence Bio,Espagne,São Paulo,,Blé,591.7883430513729,5906.751039605806,Bio Certifié
Hacienda El Sol,Domaine Provence Bio,France,Île-de-France,,Olives à Huile,908.3389981991173,2925.283579233447,Standard
Fattoria Toscana,Green Valley Farm,France,Californie,,Olives à Huile,107.85482734105503,5658.420127462774,Standard
Rungis International,Fattoria Toscana,Maroc,Marrakech-Safi,,Olives de Table,167.60890889971344,3746.5610744705773,Premium
Hacienda El Sol,Fattoria Toscana,Espagne,Andalousie,,Yaourt,251.58973027531778,2225.918728277179,Commerce Équitable
Domaine Provence Bio,Hacienda El Sol,Nouvelle-Zélande,Kansas,,Oranges,248.4934522642252,912.7496766733657,Standard
Cooperative Grains Alliance,Ferme Al Baraka,USA,Souss-Massa,,Tomates,206.91475921493054,2003.2607478234809,Premium
Union Agricole Méditerranée,Marché Wholesale Agadir,Tunisie,Meknès-Fès,,Deglet Nour,119.26001852974015,5171.0061023076405,Standard
Rungis International,Domaine Provence Bio,Nouvelle-Zélande,Toscane,,Salades,168.01922581440428,2944.1388435830495,Commerce Équitable
Ferme Al Baraka,Domaine Saada,France,Souss-Massa,,Olives de Table,18.233796696951025,5006.335462807566,Standard
Union Agricole Méditerranée,Ferme Al Baraka,Italie,Catalogne,,Mandarines,196.352799352344,1649.6603689284045,Standard
Rungis International,Union Agricole Méditerranée,Maroc,Marrakech-Safi,,Olives de Table,211.89100194382442,2639.306487706179,Standard
Fattoria Toscana,Cooperative Grains Alliance,Espagne,Californie,,Oignons,590.1003866964458,5386.3545327907705,Standard
Domaine Saada,Union Agricole Méditerranée,France,Souss-Massa,,Bananes,224.66584069831708,2733.246668306958,Standard
Green Valley Farm,Fattoria Toscana,Maroc,Californie,,Arabica,146.66863535383854,2540.385757030373,Bio Certifié
Rungis International,Hacienda El Sol,Nouvelle-Zélande,Provence,,Carottes,630.0425522243403,1147.3963343508153,Bio Certifié
Mercabarna,Domaine Saada,Nouvelle-Zélande,São Paulo,,Mandarines,244.0019297277546,-94.91850381732274,Bio Certifié
Cooperative Grains Alliance,Cooperative Grains Alliance,USA,Catalogne,,Robusta,186.5754393446961,-28.244820010008198,Standard
Fazenda Brasil,Rungis International,Espagne,Île-de-France,,Tomates,67.31214233285016,-1096.1552295271006,Standard
Coopérative Oasis,Fattoria Toscana,Espagne,São Paulo,,Blé,28.06463995280746,1762.335955127956,Bio Certifié
Rungis International,Dairy Meadows,Maroc,Meknès-Fès,,Salades,151.75763444524833,1264.885599734485,Bio Certifié
Fazenda Brasil,Coopérative Oasis,Maroc,Canterbury,,Pommes,105.2895973924187,3341.527911919985,Bio Certifié
Ferme Al Baraka,Cooperative Grains Alliance,Maroc,Kansas,,Raisins de Table,85.10183874221114,3039.534661347274,Premium
Domaine Provence Bio,Hacienda El Sol,Maroc,Souss-Massa,,Maïs,263.6341200719447,3154.2667945206085,Bio Certifié
Dairy Meadows,Union Agricole Méditerranée,France,Canterbury,,Arabica,177.02817268696893,3490.0989724769624,Bio Certifié
Fattoria Toscana,Fattoria Toscana,USA,Toscane,,Raisins de Cuve,475.18675023623274,3739.322326378204,Premium
Green Valley Farm,Fattoria Toscana,Brésil,Catalogne,,Oranges,93.9687639368445,2381.5558930275865,Premium
Domaine Provence Bio,Mercabarna,France,Souss-Massa,,Riz,627.9542850168514,3581.019039447402,Premium
Rungis International,Coopérative Oasis,Italie,Catalogne,,Raisins de Cuve,67.39703270068533,1528.292901757956,Standard
Dairy Meadows,Union Agricole Méditerranée,USA,Catalogne,,Raisins de Table,99.21527141421947,2835.1844373447243,Premium
Mercabarna,Union Agricole Méditerranée,France,Canterbury,,Arabica,133.20412699508717,3281.907739286054,Bio Certifié
Dairy Meadows,Domaine Provence Bio,Maroc,Andalousie,,Maïs,120.49616802520723,5525.915714819776,Premium
Green Valley Farm,Dairy Meadows,Brésil,Canterbury,,Maïs,-18.531484831433964,1871.1680662636973,Bio Certifié
Union Agricole Méditerranée,Rungis International,Espagne,Canterbury,,Raisins de Table,172.5210215635973,3515.8519211403,Standard
Ferme Al Baraka,Marché Wholesale Agadir,Brésil,Marrakech-Safi,,Arabica,827.3685950550177,22936.977240770477,Bio Certifié
Coopérative Oasis,Fattoria Toscana,USA,Provence,,Carottes,195.30326973280785,2512.1965435512748,Standard
Dairy Meadows,Mercabarna,Espagne,Andalousie,,Oignons,260.7410400094279,3943.5857881778948,Commerce Équitable
Cooperative Grains Alliance,Dairy Meadows,USA,Souss-Massa,,Salades,94.05350105371573,3496.4195144710975,Standard
Fattoria Toscana,Ferme Al Baraka,Maroc,Meknès-Fès,,Raisins de Cuve,276.73239444026484,3224.59335293997,Standard
Fazenda Brasil,Ferme Al Baraka,Maroc,Meknès-Fès,,Tomates,90.58900506868,2895.520631945322,Premium
Domaine Saada,Marché Wholesale Agadir,USA,Kansas,,Riz,-11.599426034909548,-526.2498221545691,Standard
Domaine Saada,Domaine Provence Bio,Italie,Meknès-Fès,,Riz,80.91725234289513,1724.4543069454585,Premium
Cooperative Grains Alliance,Dairy Meadows,Maroc,Californie,,Oignons,150.27424140357516,673.5561775260046,Standard
Fazenda Brasil,Fattoria Toscana,France,Sfax,,Olives de Table,246.18327031950707,3845.2860460524034,Commerce Équitable
Dairy Meadows,Green Valley Farm,Italie,São Paulo,,Oranges,265.30703931088567,1735.541711262537,Standard
Coopérative Oasis,Rungis International,France,Californie,,Pommes,173.56577403704367,2637.7984618276237,Standard
Fazenda Brasil,Domaine Provence Bio,Italie,Souss-Massa,,Citrons,149.04608989706145,417.8755735148236,Premium
Fazenda Brasil,Green Valley Farm,Nouvelle-Zélande,Meknès-Fès,,Mandarines,851.3144368973813,2682.190845701225,Standard
Ferme Al Baraka,Marché Wholesale Agadir,Maroc,Marrakech-Safi,,Medjool,130.0960556581846,1950.8112279854636,Standard
Dairy Meadows,Hacienda El Sol,France,Meknès-Fès,,Pommes,116.12155879637157,2131.4202806360136,Commerce Équitable
Fattoria Toscana,Hacienda El Sol,Nouvelle-Zélande,Sfax,,Pommes,941.7003836614801,2946.622209761497,Premium
Dairy Meadows,Rungis International,USA,Catalogne,,Olives de Table,-16.72439884667667,2180.0784359098425,Bio Certifié
Ferme Al Baraka,Ferme Al Baraka,Espagne,Andalousie,,Arabica,22.545282870329373,5274.675309046692,Bio Certifié
Hacienda El Sol,Hacienda El Sol,Maroc,Catalogne,,Mandarines,558.6669133760415,2962.6319531351273,Standard
Coopérative Oasis,Marché Wholesale Agadir,Nouvelle-Zélande,Sfax,,Olives de Table,155.2478246027158,5357.020678737979,Bio Certifié
Rungis International,Rungis International,Maroc,São Paulo,,Deglet Nour,25.59320159550753,3151.9843841719085,Bio Certifié
Coopérative Oasis,Mercabarna,Maroc,São Paulo,,Olives à Huile,452.7279029834608,5645.189700549559,Standard
Fazenda Brasil,Domaine Provence Bio,Nouvelle-Zélande,Kansas,,Olives à Huile,36.18114688061476,2459.6671774151814,Bio Certifié
Rungis International,Green Valley Farm,Tunisie,Souss-Massa,,Riz,108.72838067110895,-914.298996954991,Standard
Coopérative Oasis,Mercabarna,Espagne,Meknès-Fès,,Lait,708.6819130250623,2132.0875743635693,Bio Certifié
Mercabarna,Dairy Meadows,Maroc,Provence,,Robusta,177.56550992354477,5807.701384585296,Bio Certifié
Dairy Meadows,Fazenda Brasil,Tunisie,Canterbury,,Bananes,105.43476924858847,3670.3005629277163,Standard
Fazenda Brasil,Green Valley Farm,Espagne,Canterbury,,Bananes,287.6244428525829,3220.5990708394474,Bio Certifié
Ferme Al Baraka,Dairy Meadows,France,Souss-Massa,,Fromage,6.917914814786478,2540.4077985850445,Premium
Fattoria Toscana,Dairy Meadows,Italie,Californie,,Medjool,502.2098271049325,5736.031475891917,Bio Certifié
Mercabarna,Dairy Meadows,Espagne,Meknès-Fès,,Tomates,14.519690745796858,3395.3423118116634,Bio Certifié
Fattoria Toscana,Ferme Al Baraka,Italie,Kansas,,Olives de Table,261.112873635115,2898.5441629819074,Bio Certifié
Mercabarna,Domaine Saada,USA,Californie,,Yaourt,79.32988131938808,5028.503209815639,Standard
Green Valley Farm,Hacienda El Sol,France,São Paulo,,Fromage,521.2945060851479,1262.654841022015,Bio Certifié
Coopérative Oasis,Domaine Provence Bio,France,Andalousie,,Bananes,89.1159213862301,1753.161073867909,Standard
Hacienda El Sol,Fattoria Toscana,France,Sfax,,Blé,84.7994112094032,2816.1987371317073,Premium
Hacienda El Sol,Domaine Saada,Maroc,Canterbury,,Riz,174.13771406602314,14380.672050390618,Standard
Dairy Meadows,Cooperative Grains Alliance,USA,Marrakech-Safi,,Maïs,117.67258634445199,4982.707694547215,Standard
Green Valley Farm,Union Agricole Méditerranée,Tunisie,Sfax,,Medjool,98.45591732081414,12284.444632761868,Bio Certifié
Rungis International,Dairy Meadows,France,Andalousie,,Mandarines,155.30020630142315,1691.9060481800475,Bio Certifié
Fattoria Toscana,Domaine Saada,Italie,Kansas,,Medjool,208.4586982106519,22065.28543015138,Standard
Coopérative Oasis,Fattoria Toscana,Maroc,Kansas,,Tomates,279.79229554403855,2968.744695637467,Bio Certifié
Hacienda El Sol,Ferme Al Baraka,Italie,Souss-Massa,,Fromage,38.113318815766675,1956.8453138969412,Premium
Green Valley Farm,Coopérative Oasis,Espagne,Canterbury,,Citrons,145.17336960398865,2793.243283004829,Bio Certifié
Domaine Saada,Cooperative Grains Alliance,France,Sfax,,Salades,78.03638719325448,2680.3142954039154,Bio Certifié
Fattoria Toscana,Domaine Saada,France,São Paulo,,Pommes de terre,224.78254539156745,1952.8004600242498,Premium
Fazenda Brasil,Domaine Saada,Brésil,Marrakech-Safi,,Bananes,189.41483732920767,703.8079410569251,Standard
Ferme Al Baraka,Domaine Provence Bio,France,São Paulo,,Arabica,75.59479032426427,5244.768251961739,Bio Certifié
Green Valley Farm,Hacienda El Sol,Tunisie,Catalogne,,Blé,-29.123630620294044,158.47625636951875,Standard
Green Valley Farm,Domaine Provence Bio,Espagne,Sfax,,Medjool,168.18217827408324,5692.43369032925,Bio Certifié
Hacienda El Sol,Mercabarna,France,Kansas,,Olives à Huile,696.8794344534163,2575.9710403055687,Premium
Marché Wholesale Agadir,Hacienda El Sol,Italie,Sfax,,Riz,-46.27079903731035,-456.4810635851204,Bio Certifié
Domaine Saada,Coopérative Oasis,Brésil,Kansas,,Carottes,169.03548402633862,2621.1770566047276,Standard
Rungis International,Cooperative Grains Alliance,France,Île-de-France,,Carottes,102.84794223366296,5064.992194381568,Bio Certifié
Hacienda El Sol,Fattoria Toscana,Maroc,Provence,,Olives de Table,199.52789211557916,1625.8277396273822,Bio Certifié
Domaine Provence Bio,Marché Wholesale Agadir,Maroc,Andalousie,,Citrons,1187.4224088269953,1026.5678702424045,Standard
Fattoria Toscana,Green Valley Farm,Maroc,São Paulo,,Raisins de Cuve,100.34496009226251,1799.2411733023866,Premium
Ferme Al Baraka,Green Valley Farm,France,Marrakech-Safi,,Tomates,248.21849323096234,2691.5767571331826,Bio Certifié
Fazenda Brasil,Coopérative Oasis,Nouvelle-Zélande,Souss-Massa,,Olives de Table,26.65004877659461,4276.503027116456,Bio Certifié
Rungis International,Domaine Saada,France,Catalogne,,Orge,102.93408682251933,3214.7240711107315,Bio Certifié
Domaine Provence Bio,Domaine Saada,Nouvelle-Zélande,Sfax,,Beurre,67.43086872557554,3292.2973878311313,Bio Certifié
Ferme Al Baraka,Union Agricole Méditerranée,Tunisie,Kansas,,Orge,112.0581751167274,3368.7524742282767,Bio Certifié
Dairy Meadows,Hacienda El Sol,France,Kansas,,Tomates,844.752378451597,2068.406834112767,Bio Certifié
Mercabarna,Fattoria Toscana,USA,Kansas,,Oranges,247.6969548580601,2261.593825793574,Standard
Mercabarna,Coopérative Oasis,Tunisie,Toscane,,Deglet Nour,5.8774568066882935,1053.5258904305583,Bio Certifié
Cooperative Grains Alliance,Domaine Provence Bio,USA,Souss-Massa,,Pommes,202.55505923985612,13845.023091196708,Premium
Rungis International,Fazenda Brasil,Nouvelle-Zélande,Meknès-Fès,,Oranges,459.8961534494996,2882.127106487659,Premium
Rungis International,Dairy Meadows,Maroc,Canterbury,,Robusta,71.9341026358641,1860.4714343865746,Standard
Marché Wholesale Agadir,Mercabarna,USA,São Paulo,,Pamplemousses,263.6780977046944,4877.086803472591,Premium
Hacienda El Sol,Fattoria Toscana,USA,Souss-Massa,,Arabica,-4.629372666218153,593.9773520855125,Standard
Ferme Al Baraka,Rungis International,Italie,Marrakech-Safi,,Olives de Table,246.84481970382475,3324.3030712631635,Bio Certifié
Fazenda Brasil,Fattoria Toscana,France,Meknès-Fès,,Bananes,218.6400683498871,10451.622519270228,Standard
Rungis International,Marché Wholesale Agadir,Maroc,Marrakech-Safi,,Olives à Huile,139.4711955890659,2735.441064917832,Bio Certifié
Union Agricole Méditerranée,Domaine Provence Bio,Nouvelle-Zélande,Sfax,,Tomates,288.09798268515715,1113.7538628368197,Bio Certifié
Hacienda El Sol,Domaine Provence Bio,Tunisie,Catalogne,,Beurre,434.3454625927612,226.78059458216148,Premium
Dairy Meadows,Union Agricole Méditerranée,Italie,Meknès-Fès,,Pommes,155.89161351070862,5383.0342032645,Premium
Hacienda El Sol,Cooperative Grains Alliance,Italie,Californie,,Robusta,120.78907815869047,2693.441303131811,Bio Certifié
Mercabarna,Fattoria Toscana,France,Kansas,,Raisins de Table,294.32707453314106,5720.54016857828,Commerce Équitable
Domaine Provence Bio,Fazenda Brasil,Maroc,Provence,,Orge,149.5451270774271,4857.876875343985,Standard
Domaine Provence Bio,Coopérative Oasis,Espagne,Souss-Massa,,Bananes,156.63571525172534,2768.765708251156,Standard
Cooperative Grains Alliance,Domaine Provence Bio,USA,Californie,,Oignons,1112.3355368108057,3999.0542210437006,Premium
Hacienda El Sol,Domaine Provence Bio,USA,Sfax,,Raisins de Table,86.61007297400627,2666.793530733764,Standard
Green Valley Farm,Domaine Saada,France,São Paulo,,Pommes de terre,191.53406300079166,2526.5340700966017,Standard
Domaine Provence Bio,Dairy Meadows,Brésil,Toscane,,Salades,299.18596343469085,5788.054105821856,Premium
Hacienda El Sol,Domaine Provence Bio,Espagne,Canterbury,,Blé,177.1493139930524,1998.2118016265158,Standard
Ferme Al Baraka,Rungis International,Brésil,Toscane,,Lait,71.28017834700118,2458.635902212026,Bio Certifié
Fazenda Brasil,Coopérative Oasis,Italie,São Paulo,,Bananes,418.8592711146099,3072.943200864078,Premium
Marché Wholesale Agadir,Fazenda Brasil,Espagne,Île-de-France,,Raisins de Table,220.74623921358616,1521.3017749077687,Standard
Domaine Saada,Dairy Meadows,Brésil,Sfax,,Medjool,290.49249999788674,3572.8126536313152,Bio Certifié
Fattoria Toscana,Domaine Saada,Maroc,Sfax,,Carottes,230.02391371794144,3225.7325657480333,Bio Certifié
Hacienda El Sol,Hacienda El Sol,Tunisie,Andalousie,,Robusta,164.85674233580465,5075.499586149204,Standard
Rungis International,Hacienda El Sol,Brésil,Andalousie,,Lait,131.50262371932507,3418.9671105576044,Bio Certifié
Rungis International,Domaine Saada,Nouvelle-Zélande,Californie,,Oignons,200.18734503719412,3848.9967277634496,Standard
Ferme Al Baraka,Fattoria Toscana,Tunisie,Marrakech-Safi,,Pommes,292.5616509846408,3119.7433103964768,Standard
Green Valley Farm,Rungis International,Nouvelle-Zélande,Provence,,Pamplemousses,83.85211487095404,4829.431692691966,Commerce Équitable
Fattoria Toscana,Fattoria Toscana,Maroc,Souss-Massa,,Raisins de Table,171.10911644253963,-447.48512483233026,Commerce Équitable
Mercabarna,Domaine Provence Bio,Espagne,Sfax,,Olives de Table,66.68193146704037,-334.67240201698223,Bio Certifié
Domaine Provence Bio,Union Agricole Méditerranée,Brésil,Meknès-Fès,,Yaourt,181.76267152995115,5289.537675356125,Premium
Domaine Provence Bio,Fattoria Toscana,France,Meknès-Fès,,Yaourt,173.95909198552576,5145.569914831669,Premium
Domaine Provence Bio,Fattoria Toscana,Maroc,Souss-Massa,,Tomates,180.9952306587095,3099.856780398586,Premium
Dairy Meadows,Marché Wholesale Agadir,Italie,Île-de-France,,Raisins de Cuve,657.1989384357407,4049.1706545749466,Standard
Dairy Meadows,Cooperative Grains Alliance,Espagne,Californie,,Raisins de Table,115.16474362129402,1290.2299173236704,Standard
Rungis International,Dairy Meadows,USA,Provence,,Raisins de Table,72.00864890573746,1246.0684531984698,Bio Certifié
Rungis International,Dairy Meadows,Espagne,Andalousie,,Courgettes,174.26503195204904,3177.975527370434,Bio Certifié
Mercabarna,Fazenda Brasil,France,Provence,,Courgettes,131.0863129500852,4903.886789359082,Premium
Cooperative Grains Alliance,Union Agricole Méditerranée,Espagne,Sfax,,Raisins de Table,8.500340471420692,3082.9571787855825,Bio Certifié
Cooperative Grains Alliance,Rungis International,Tunisie,Île-de-France,,Courgettes,5.16549872494668,3506.869235243714,Premium
Coopérative Oasis,Union Agricole Méditerranée,Tunisie,Marrakech-Safi,,Bananes,144.6151984521564,3523.8048100669735,Standard
Rungis International,Domaine Provence Bio,Espagne,Provence,,Mandarines,199.09077964206676,13737.362757048963,Standard
Domaine Saada,Hacienda El Sol,France,Meknès-Fès,,Pommes de terre,953.9277977385879,1853.2613642309202,Premium
Cooperative Grains Alliance,Domaine Saada,Italie,Californie,,Beurre,134.871969447744,2359.7895407512187,Standard
Hacienda El Sol,Fazenda Brasil,France,Californie,,Deglet Nour,459.3153306086443,692.6967859800246,Bio Certifié
Fattoria Toscana,Mercabarna,France,Canterbury,,Arabica,138.23811995246706,12987.043409018934,Bio Certifié
Fattoria Toscana,Domaine Saada,Espagne,Canterbury,,Orge,13.093459172028652,23909.12290397239,Bio Certifié
Domaine Provence Bio,Mercabarna,Maroc,São Paulo,,Pamplemousses,254.75055170529237,2519.9709279981876,Premium
Rungis International,Union Agricole Méditerranée,France,Kansas,,Tomates,-42.471962175821766,837.3921049995093,Premium
Rungis International,Domaine Provence Bio,Italie,Catalogne,,Courgettes,50.48589797264242,3027.8603003376484,Standard
Fazenda Brasil,Ferme Al Baraka,France,Toscane,,Raisins de Cuve,548.7721049218891,3460.872350204045,Bio Certifié
Domaine Saada,Union Agricole Méditerranée,Italie,Marrakech-Safi,,Maïs,124.55981792411941,3360.0590290086775,Standard
Domaine Provence Bio,Mercabarna,France,Sfax,,Orge,-0.1812860234231266,2038.4612029764146,Bio Certifié
Dairy Meadows,Domaine Provence Bio,Maroc,Meknès-Fès,,Salades,78.48161983973806,3162.2770276986757,Premium
Dairy Meadows,Cooperative Grains Alliance,Maroc,Californie,,Raisins de Cuve,107.44329592813925,3457.08678713217,Premium
Union Agricole Méditerranée,Fazenda Brasil,Maroc,Provence,,Olives de Table,154.08556596911004,2491.722883744026,Standard
Domaine Provence Bio,Fazenda Brasil,Tunisie,Canterbury,,Citrons,134.78880690022524,239.7691275047548,Bio Certifié
Rungis International,Green Valley Farm,Brésil,Souss-Massa,,Bananes,238.42702187882261,8890.53461145608,Bio Certifié
Cooperative Grains Alliance,Domaine Saada,Maroc,Souss-Massa,,Olives à Huile,99.08301779996046,577.9147590681062,Commerce Équitable
Rungis International,Union Agricole Méditerranée,Tunisie,Californie,,Robusta,157.38043944967723,1926.2785990598602,Commerce Équitable
Hacienda El Sol,Domaine Provence Bio,Espagne,Catalogne,,Tomates,188.303888753737,3302.9133408879106,Standard
Cooperative Grains Alliance,Coopérative Oasis,Maroc,Souss-Massa,,Orge,33.206454097873845,19557.521832420425,Bio Certifié
Cooperative Grains Alliance,Mercabarna,Espagne,Kansas,,Oignons,34.21337888147458,1273.1124391304452,Standard
Fattoria Toscana,Cooperative Grains Alliance,Maroc,Catalogne,,Raisins de Table,25.520233406290693,663.5506577543233,Standard
Coopérative Oasis,Cooperative Grains Alliance,USA,Andalousie,,Robusta,196.05072600392919,5115.026931676963,Standard
Rungis International,Ferme Al Baraka,Maroc,Catalogne,,Maïs,156.59247290344686,9091.779892442823,Premium
Ferme Al Baraka,Cooperative Grains Alliance,Espagne,Canterbury,,Raisins de Table,19.50061008824885,1308.5525353957703,Premium
Rungis International,Rungis International,USA,Île-de-France,,Riz,436.7849814484837,11596.460604187114,Standard
Dairy Meadows,Domaine Saada,Espagne,Californie,,Pommes de terre,444.7380505947226,3752.956594300286,Bio Certifié
Domaine Provence Bio,Fazenda Brasil,Maroc,Andalousie,,Tomates,1142.2954142839521,2960.7370556246606,Bio Certifié
Fattoria Toscana,Fazenda Brasil,Espagne,Andalousie,,Maïs,125.946298708863,2245.4675836493884,Premium
Dairy Meadows,Coopérative Oasis,Italie,Toscane,,Blé,-3.620889163545975,3179.652733421328,Premium
Cooperative Grains Alliance,Green Valley Farm,USA,Catalogne,,Salades,227.37207111825563,11785.6360257124,Bio Certifié
Mercabarna,Rungis International,Maroc,Sfax,,Maïs,170.64808457977364,-1005.4281664399743,Standard
Fazenda Brasil,Marché Wholesale Agadir,France,Toscane,,Tomates,235.33065225175386,5041.256799090806,Commerce Équitable
Green Valley Farm,Fattoria Toscana,Maroc,Toscane,,Raisins de Table,187.8083035787777,2931.6490076875016,Standard
Fazenda Brasil,Dairy Meadows,Italie,Meknès-Fès,,Robusta,289.92469519350436,2798.989559133797,Bio Certifié
Cooperative Grains Alliance,Marché Wholesale Agadir,USA,Andalousie,,Tomates,6.637479310987224,1326.6251218522352,Commerce Équitable
Domaine Saada,Hacienda El Sol,France,Souss-Massa,,Tomates,184.01445577114845,150.743877083416,Premium
Marché Wholesale Agadir,Ferme Al Baraka,Brésil,Souss-Massa,,Raisins de Table,80.02811513431786,2986.2325660674514,Bio Certifié
Fazenda Brasil,Dairy Meadows,Maroc,Toscane,,Blé,337.7811083178179,3458.8157922395403,Premium
Cooperative Grains Alliance,Dairy Meadows,USA,São Paulo,,Blé,54.88841417372247,445.68217252580905,Premium
Domaine Saada,Fazenda Brasil,France,Île-de-France,,Olives à Huile,931.0919473199067,2775.9287650941133,Bio Certifié
Fazenda Brasil,Dairy Meadows,France,Provence,,Raisins de Table,-14.663771067015112,192.31113645506434,Bio Certifié
Mercabarna,Rungis International,USA,Toscane,,Orge,217.2365635048423,9247.025518484948,Standard
Rungis International,Dairy Meadows,Maroc,Meknès-Fès,,Olives à Huile,118.27114174661327,17491.057122521775,Premium
Fattoria Toscana,Dairy Meadows,Nouvelle-Zélande,Souss-Massa,,Pommes,157.7322860506941,2227.702916412566,Standard
Union Agricole Méditerranée,Ferme Al Baraka,France,Catalogne,,Citrons,40.04636321246892,-488.0136470484358,Standard
Green Valley Farm,Marché Wholesale Agadir,Brésil,Kansas,,Maïs,152.25454956026326,2090.61731795128,Bio Certifié
Rungis International,Cooperative Grains Alliance,Maroc,Catalogne,,Deglet Nour,1230.6321028412985,5233.747529152368,Standard
Marché Wholesale Agadir,Fattoria Toscana,Tunisie,Toscane,,Raisins de Cuve,188.02105987876737,1059.163754158396,Commerce Équitable
Rungis International,Fattoria Toscana,Maroc,Catalogne,,Raisins de Table,148.43320516332517,21721.048200263373,Premium
Union Agricole Méditerranée,Fazenda Brasil,Italie,Catalogne,,Tomates,1133.790167697463,1339.8595109953396,Standard
Mercabarna,Rungis International,Maroc,Kansas,,Salades,-65.88455218742541,1055.001412672474,Standard
Domaine Saada,Coopérative Oasis,Maroc,Île-de-France,,Olives de Table,100.21438405828545,4560.773099379993,Standard
Fattoria Toscana,Fattoria Toscana,Maroc,Toscane,,Maïs,126.30307559182793,891.9381784685298,Standard
Dairy Meadows,Fattoria Toscana,Maroc,Île-de-France,,Carottes,149.15225820132784,1903.8158151356236,Standard
Rungis International,Coopérative Oasis,Maroc,Californie,,Mandarines,116.199434947173,3410.591214885897,Standard
Union Agricole Méditerranée,Domaine Provence Bio,Brésil,São Paulo,,Pamplemousses,104.21835316492755,149.91555209374133,Commerce Équitable
Mercabarna,Dairy Meadows,Espagne,Andalousie,,Riz,153.01281603791966,2242.221716940577,Standard
Union Agricole Méditerranée,Green Valley Farm,Tunisie,Marrakech-Safi,,Courgettes,90.78271316686138,2889.531722808114,Premium
Rungis International,Rungis International,France,Californie,,Bananes,97.4723397691508,4075.6050935419444,Bio Certifié
Dairy Meadows,Rungis International,Nouvelle-Zélande,Toscane,,Mandarines,1273.34349841252,3555.8038374155904,Bio Certifié
Ferme Al Baraka,Coopérative Oasis,France,Canterbury,,Beurre,81.63243209206557,2103.965498378531,Premium
Mercabarna,Coopérative Oasis,Brésil,Catalogne,,Raisins de Cuve,110.02825055118444,1539.8611845814548,Premium
Mercabarna,Cooperative Grains Alliance,France,São Paulo,,Raisins de Cuve,180.78605409434243,2663.4596569663418,Bio Certifié
Domaine Provence Bio,Marché Wholesale Agadir,USA,Californie,,Tomates,-10.892679810658471,2377.2451060018375,Premium
Marché Wholesale Agadir,Ferme Al Baraka,Maroc,Catalogne,,Medjool,25.234505224075853,2511.2821653502037,Bio Certifié
Domaine Provence Bio,Dairy Meadows,Maroc,Sfax,,Fromage,195.78982699065932,2679.4398682311876,Premium
Dairy Meadows,Fazenda Brasil,Espagne,Kansas,,Courgettes,168.36947244617664,4441.224130151319,Premium
Coopérative Oasis,Hacienda El Sol,Espagne,Île-de-France,,Citrons,61.375742724108164,1669.3911358023481,Standard
Domaine Saada,Marché Wholesale Agadir,France,Île-de-France,,Raisins de Table,150.23192266906497,442.18855401949884,Standard
Mercabarna,Cooperative Grains Alliance,Maroc,São Paulo,,Courgettes,113.18598088565189,3554.4093936594495,Premium
Green Valley Farm,Coopérative Oasis,Espagne,Catalogne,,Maïs,651.6739885547074,11283.453726202279,Standard
Ferme Al Baraka,Mercabarna,France,Marrakech-Safi,,Maïs,47.837667118337436,1565.8480303149263,Bio Certifié
Green Valley Farm,Green Valley Farm,USA,Sfax,,Yaourt,624.1660978208417,3586.3416837265086,Standard
Ferme Al Baraka,Coopérative Oasis,France,Andalousie,,Orge,178.2777566805824,3239.4489747432112,Bio Certifié
Fattoria Toscana,Ferme Al Baraka,Maroc,Catalogne,,Raisins de Cuve,-9.69863583278886,-409.86691339429444,Standard
Dairy Meadows,Mercabarna,Maroc,Toscane,,Raisins de Table,349.0570241573377,2974.4149276407234,Premium
Domaine Saada,Domaine Saada,France,Meknès-Fès,,Deglet Nour,135.58467894565354,5169.372594835482,Bio Certifié
Fattoria Toscana,Fattoria Toscana,Maroc,Andalousie,,Raisins de Cuve,61.46883491409493,1604.859710233742,Premium
Dairy Meadows,Green Valley Farm,USA,Californie,,Pommes de terre,33.10723876716234,2523.262834173536,Bio Certifié
Rungis International,Cooperative Grains Alliance,Maroc,Souss-Massa,,Salades,589.4120187893417,2367.7964299338587,Premium
Green Valley Farm,Domaine Saada,USA,Meknès-Fès,,Carottes,115.78671961692282,821.6244433067144,Bio Certifié
Mercabarna,Cooperative Grains Alliance,Maroc,Andalousie,,Carottes,121.23267956893977,2188.847273033929,Bio Certifié
Green Valley Farm,Coopérative Oasis,Maroc,Provence,,Raisins de Table,258.088947372906,3105.9432780984616,Premium
Green Valley Farm,Ferme Al Baraka,Maroc,Souss-Massa,,Maïs,119.24741483413227,1887.6387862480533,Bio Certifié
Green Valley Farm,Domaine Saada,Nouvelle-Zélande,Canterbury,,Oranges,161.73565559110426,246.65769569171425,Bio Certifié
Marché Wholesale Agadir,Fazenda Brasil,France,Kansas,,Riz,162.14698361694377,5050.633750658232,Standard
Domaine Provence Bio,Domaine Provence Bio,France,Californie,,Pamplemousses,442.8075879533225,3667.440893427419,Bio Certifié
Domaine Saada,Cooperative Grains Alliance,USA,Catalogne,,Olives à Huile,263.4560361438321,2589.8693837799806,Standard
Cooperative Grains Alliance,Fattoria Toscana,Espagne,Souss-Massa,,Raisins de Table,134.68449858879774,2880.4950219051193,Bio Certifié
Fazenda Brasil,Marché Wholesale Agadir,France,Toscane,,Raisins de Cuve,24.51601375350181,3429.7459220151777,Bio Certifié
Green Valley Farm,Fattoria Toscana,France,Sfax,,Pommes,184.30334907553586,2268.257105550042,Standard
Hacienda El Sol,Domaine Saada,Italie,Kansas,,Raisins de Cuve,114.30775348173947,3295.904967783114,Standard
Cooperative Grains Alliance,Fattoria Toscana,Tunisie,Toscane,,Blé,618.6198545808595,2148.5091247834616,Bio Certifié
Fattoria Toscana,Fattoria Toscana,Brésil,Île-de-France,,Olives de Table,62.433767154469976,559.9995180360957,Standard
Union Agricole Méditerranée,Coopérative Oasis,Tunisie,Sfax,,Maïs,530.7013434282969,2116.0695087598447,Standard
Domaine Provence Bio,Domaine Saada,Maroc,Canterbury,,Salades,200.09836157310883,3899.856353246667,Standard
Dairy Meadows,Fazenda Brasil,Brésil,Toscane,,Yaourt,75.64373722394906,2206.8303855324816,Bio Certifié
Green Valley Farm,Mercabarna,France,Californie,,Carottes,37.71496205185001,2560.543600058093,Premium
Green Valley Farm,Ferme Al Baraka,Nouvelle-Zélande,Souss-Massa,,Raisins de Table,137.04163994573227,4709.095121684456,Bio Certifié
Dairy Meadows,Cooperative Grains Alliance,Brésil,Catalogne,,Raisins de Cuve,200.30938224681447,1392.3663027630218,Standard
Marché Wholesale Agadir,Union Agricole Méditerranée,USA,Californie,,Pommes,87.03518011797976,2054.940369617317,Standard
Domaine Provence Bio,Domaine Saada,Maroc,Provence,,Citrons,71.28516732047771,2192.4101809800704,Bio Certifié
Marché Wholesale Agadir,Fazenda Brasil,France,São Paulo,,Raisins de Cuve,171.5054036508445,3610.7497315762876,Premium
Union Agricole Méditerranée,Fazenda Brasil,France,Catalogne,,Olives à Huile,191.0946881747526,3586.7537062868514,Bio Certifié
Green Valley Farm,Fattoria Toscana,Italie,São Paulo,,Deglet Nour,108.43738456875667,2608.679326849894,Standard
Coopérative Oasis,Union Agricole Méditerranée,Espagne,Sfax,,Raisins de Table,395.6454886238812,4821.027518416627,Bio Certifié
Mercabarna,Dairy Meadows,France,Andalousie,,Pamplemousses,197.47826323564388,1024.7499467504406,Premium
Hacienda El Sol,Dairy Meadows,Maroc,Toscane,,Orge,246.78012748088418,2750.4995818454663,Premium
Marché Wholesale Agadir,Fattoria Toscana,France,Souss-Massa,,Salades,117.60529527913201,5596.017119916319,Premium
Coopérative Oasis,Rungis International,Espagne,Kansas,,Beurre,105.41891524118431,11765.537750165535,Bio Certifié
Hacienda El Sol,Green Valley Farm,France,Île-de-France,,Tomates,-10.122050106035125,4370.109747997689,Bio Certifié
Coopérative Oasis,Fattoria Toscana,France,São Paulo,,Maïs,101.44432126427094,3678.0419249635415,Commerce Équitable
Green Valley Farm,Fazenda Brasil,Tunisie,Sfax,,Courgettes,171.61982860590913,4178.627825336739,Premium
Domaine Provence Bio,Marché Wholesale Agadir,Italie,Île-de-France,,Tomates,531.5222052673573,370.09848469082533,Bio Certifié
Domaine Saada,Rungis International,Italie,São Paulo,,Olives de Table,156.6554632696977,25124.95545684123,Standard
Fazenda Brasil,Domaine Provence Bio,Espagne,Sfax,,Pommes,-22.70353088127255,-351.2249365506434,Standard
Ferme Al Baraka,Marché Wholesale Agadir,USA,Californie,,Tomates,173.66503144837492,21726.781855513538,Bio Certifié
Cooperative Grains Alliance,Mercabarna,Tunisie,Toscane,,Carottes,80.47792726916225,2290.541453835126,Bio Certifié
Mercabarna,Mercabarna,Tunisie,São Paulo,,Salades,159.26084128426396,6191.3752170253965,Standard
Rungis International,Union Agricole Méditerranée,USA,Toscane,,Yaourt,198.59459596602537,8848.96192051499,Bio Certifié
Coopérative Oasis,Union Agricole Méditerranée,Nouvelle-Zélande,Canterbury,,Pommes,172.22382740658944,3691.2220147612447,Bio Certifié
Cooperative Grains Alliance,Coopérative Oasis,Maroc,Kansas,,Olives de Table,388.06482545561073,845.5341459286367,Bio Certifié
Marché Wholesale Agadir,Green Valley Farm,Espagne,Provence,,Raisins de Table,159.9515111355509,2421.4982381766904,Bio Certifié
Rungis International,Mercabarna,Tunisie,Meknès-Fès,,Tomates,26.284253269855206,12247.818723548831,Bio Certifié
Fattoria Toscana,Ferme Al Baraka,Nouvelle-Zélande,Île-de-France,,Pommes,105.13857777319595,2831.475726467753,Bio Certifié
Fazenda Brasil,Marché Wholesale Agadir,Tunisie,Catalogne,,Citrons,100.47579387945999,1222.5885792956556,Premium
Green Valley Farm,Fattoria Toscana,Italie,Souss-Massa,,Bananes,23.671271260615093,3371.9202326236873,Bio Certifié
Green Valley Farm,Hacienda El Sol,Nouvelle-Zélande,Marrakech-Safi,,Riz,1423.2267011701838,24936.5854208072,Premium
Rungis International,Hacienda El Sol,USA,Marrakech-Safi,,Courgettes,106.38511847831296,2941.1917427613453,Standard
Dairy Meadows,Green Valley Farm,France,Sfax,,Arabica,116.0370944297762,2758.8502330058054,Premium
Ferme Al Baraka,Cooperative Grains Alliance,USA,Provence,,Citrons,9.58731201405513,3074.588286218888,Standard
Fattoria Toscana,Fazenda Brasil,Nouvelle-Zélande,Meknès-Fès,,Mandarines,93.08611171490335,11666.275045908933,Commerce Équitable
Coopérative Oasis,Fazenda Brasil,France,Catalogne,,Pommes,493.30842815701646,1417.744222120275,Bio Certifié
Fazenda Brasil,Fattoria Toscana,Italie,Kansas,,Tomates,137.50253765340332,7195.567632720332,Premium
Rungis International,Union Agricole Méditerranée,Brésil,Californie,,Medjool,88.83208921922976,1668.6044962719852,Standard
Green Valley Farm,Cooperative Grains Alliance,Nouvelle-Zélande,Souss-Massa,,Yaourt,110.39127630297918,4298.778401154939,Premium
Domaine Saada,Marché Wholesale Agadir,Brésil,Sfax,,Courgettes,291.94933000663093,1445.1787104598786,Bio Certifié
Coopérative Oasis,Domaine Saada,Maroc,Souss-Massa,,Blé,342.5217322613617,639.5373093486025,Standard
Rungis International,Cooperative Grains Alliance,Espagne,Meknès-Fès,,Riz,100.59317207481266,1473.4242792307157,Premium
Dairy Meadows,Fattoria Toscana,Tunisie,Californie,,Tomates,184.15587746889375,5936.91813878383,Bio Certifié
Mercabarna,Fazenda Brasil,Brésil,Canterbury,,Oignons,385.6330893212704,603.1236094305373,Bio Certifié
Dairy Meadows,Dairy Meadows,France,Canterbury,,Raisins de Table,55.79736506894361,2836.6010324664967,Bio Certifié
Fazenda Brasil,Hacienda El Sol,Maroc,Catalogne,,Raisins de Table,151.64346332837624,2526.4113272406257,Bio Certifié
Coopérative Oasis,Dairy Meadows,Tunisie,Sfax,,Olives à Huile,134.26198552991193,10930.460219260047,Bio Certifié
Union Agricole Méditerranée,Dairy Meadows,Maroc,Provence,,Riz,145.4836332945091,2778.901626533298,Premium
Fattoria Toscana,Marché Wholesale Agadir,Nouvelle-Zélande,Californie,,Mandarines,-36.25904360162105,4606.31815015513,Standard
Union Agricole Méditerranée,Dairy Meadows,France,Souss-Massa,,Yaourt,128.99500816849695,3257.4579632530067,Bio Certifié
Fazenda Brasil,Hacienda El Sol,Italie,Kansas,,Mandarines,77.42153872947463,3519.471471706258,Standard
Fazenda Brasil,Domaine Saada,Tunisie,Californie,,Robusta,300.0521102685493,3162.026247270376,Bio Certifié
Union Agricole Méditerranée,Mercabarna,France,Catalogne,,Deglet Nour,208.77573049362655,785.9661536902524,Commerce Équitable
Rungis International,Fazenda Brasil,France,Toscane,,Raisins de Table,130.20950202475146,5288.359765220646,Bio Certifié
Green Valley Farm,Ferme Al Baraka,Brésil,Provence,,Olives à Huile,245.64029609630984,2768.6031828061928,Bio Certifié
Rungis International,Dairy Meadows,France,São Paulo,,Pamplemousses,247.37541710363496,3519.5843471500402,Bio Certifié
Union Agricole Méditerranée,Dairy Meadows,Italie,Kansas,,Beurre,229.27432732531253,3261.9081411603834,Standard
Green Valley Farm,Hacienda El Sol,France,Kansas,,Fromage,290.2390299636895,3047.5143135312537,Premium
Rungis International,Mercabarna,Tunisie,Toscane,,Blé,68.5618424393577,11378.35799089803,Standard
Coopérative Oasis,Coopérative Oasis,Brésil,Souss-Massa,,Medjool,267.12403806223585,3352.383338889974,Commerce Équitable
Rungis International,Hacienda El Sol,Espagne,Île-de-France,,Deglet Nour,51.63540689037731,14139.664534040943,Premium
Domaine Saada,Rungis International,France,Andalousie,,Salades,217.60293959574145,-177.39316418218777,Standard
Fazenda Brasil,Hacienda El Sol,France,São Paulo,,Maïs,54.33770912788462,13256.240637866948,Bio Certifié
Cooperative Grains Alliance,Fattoria Toscana,France,Sfax,,Robusta,672.7103496115805,1682.793900106109,Bio Certifié
Rungis International,Rungis International,Espagne,Toscane,,Tomates,-25.801016861343932,-361.6712874157531,Bio Certifié
Domaine Provence Bio,Fattoria Toscana,Tunisie,São Paulo,,Riz,33.19623134303072,2269.5316458297057,Bio Certifié
Domaine Provence Bio,Fazenda Brasil,Maroc,Souss-Massa,,Pamplemousses,153.47840553772667,1267.2576597151083,Standard
Green Valley Farm,Domaine Provence Bio,Maroc,Californie,,Raisins de Cuve,279.8626551342986,5238.552684041235,Standard
Domaine Provence Bio,Domaine Provence Bio,Maroc,São Paulo,,Olives de Table,19.400182443661713,911.7892505173725,Commerce Équitable
Fattoria Toscana,Dairy Meadows,France,Catalogne,,Salades,-29.252384906933678,1748.1549067951821,Bio Certifié
Fattoria Toscana,Mercabarna,USA,Île-de-France,,Olives à Huile,89.02131284824598,2554.054549537215,Standard
Ferme Al Baraka,Union Agricole Méditerranée,Tunisie,Île-de-France,,Riz,33.32385413671977,3173.2899133727815,Standard
Fattoria Toscana,Domaine Provence Bio,Maroc,Marrakech-Safi,,Medjool,173.18705555993682,4809.13583433117,Standard
Hacienda El Sol,Green Valley Farm,Maroc,Californie,,Oignons,327.2088484652236,3214.1070758360747,Commerce Équitable
Hacienda El Sol,Domaine Provence Bio,Brésil,Souss-Massa,,Courgettes,245.90132493639845,4020.5758826200554,Premium
Green Valley Farm,Coopérative Oasis,Brésil,São Paulo,,Medjool,140.69353999679612,2947.463490474146,Commerce Équitable
Coopérative Oasis,Fazenda Brasil,France,Catalogne,,Pamplemousses,224.70281729965595,3038.490063582806,Premium
Fazenda Brasil,Cooperative Grains Alliance,Tunisie,Île-de-France,,Courgettes,918.9826623186755,11827.691072601123,Standard
Dairy Meadows,Marché Wholesale Agadir,USA,Provence,,Bananes,73.846478626807,994.0754649268717,Bio Certifié
Fattoria Toscana,Fazenda Brasil,Espagne,Kansas,,Olives de Table,38.03368917483478,3195.7401141627165,Bio Certifié
Rungis International,Ferme Al Baraka,Maroc,Meknès-Fès,,Maïs,72.47681883933409,2590.593439970713,Premium
Green Valley Farm,Fazenda Brasil,Tunisie,Provence,,Raisins de Cuve,646.4527429281889,3751.3677836219167,Bio Certifié
Fazenda Brasil,Fazenda Brasil,Italie,Meknès-Fès,,Raisins de Table,183.02856715972726,2490.5189269161538,Premium
Marché Wholesale Agadir,Dairy Meadows,Maroc,Canterbury,,Pommes,20.692159539188786,3658.1205659441475,Premium
Green Valley Farm,Ferme Al Baraka,Maroc,Sfax,,Citrons,29.181665957810836,13296.566129898347,Premium
Cooperative Grains Alliance,Marché Wholesale Agadir,Maroc,Toscane,,Riz,198.61901536114286,1594.4463350161466,Commerce Équitable
Marché Wholesale Agadir,Green Valley Farm,France,São Paulo,,Mandarines,343.14729393472095,3420.088264594853,Premium
Mercabarna,Hacienda El Sol,Maroc,Sfax,,Maïs,153.20287171381375,2786.9060239285973,Commerce Équitable
Fazenda Brasil,Fattoria Toscana,Maroc,Île-de-France,,Lait,339.989200225716,5653.939849398154,Premium
Domaine Saada,Mercabarna,Nouvelle-Zélande,Toscane,,Maïs,91.55702131574878,2033.3000217177664,Standard
Green Valley Farm,Cooperative Grains Alliance,Espagne,Marrakech-Safi,,Fromage,238.50246568571555,1978.8877598424463,Premium
Ferme Al Baraka,Fazenda Brasil,Nouvelle-Zélande,Île-de-France,,Maïs,205.8805683936091,1102.179788977929,Premium
Union Agricole Méditerranée,Fazenda Brasil,France,Marrakech-Safi,,Riz,143.44403771782027,2384.2014038305215,Premium
Rungis International,Cooperative Grains Alliance,Espagne,Toscane,,Carottes,76.64474536951937,1144.8349445705087,Premium
Mercabarna,Coopérative Oasis,Italie,Andalousie,,Salades,424.3695651441715,-122.077905576067,Premium
Green Valley Farm,Fattoria Toscana,Maroc,Californie,,Oranges,273.4558747316569,2916.9413214508,Premium
Rungis International,Domaine Provence Bio,Maroc,Sfax,,Citrons,234.02953749109267,1738.7322049080667,Premium
Rungis International,Domaine Saada,Maroc,Marrakech-Safi,,Arabica,1208.8547733203823,537.7563925059317,Standard
Fazenda Brasil,Fazenda Brasil,France,Meknès-Fès,,Tomates,125.17808926329224,1535.739603146061,Bio Certifié
Dairy Meadows,Domaine Provence Bio,USA,São Paulo,,Yaourt,438.46059032274985,3229.3970939913443,Premium
Ferme Al Baraka,Hacienda El Sol,France,Canterbury,,Raisins de Cuve,132.0496372148029,2745.919597296316,Bio Certifié
Rungis International,Green Valley Farm,France,Canterbury,,Tomates,104.9660035146471,3541.122311186861,Bio Certifié
Green Valley Farm,Hacienda El Sol,USA,Toscane,,Citrons,118.3540465409116,4598.104996039725,Bio Certifié
Ferme Al Baraka,Cooperative Grains Alliance,Espagne,Andalousie,,Tomates,71.25482631209692,3904.273374364024,Premium
Fattoria Toscana,Fazenda Brasil,Maroc,Provence,,Bananes,232.93716982977136,452.74800510327975,Commerce Équitable
Domaine Provence Bio,Domaine Saada,Italie,Sfax,,Robusta,278.0283656710551,-1262.3624027116946,Standard
Rungis International,Hacienda El Sol,Brésil,Provence,,Raisins de Table,75.2751948979329,3395.6835761837465,Bio Certifié
Ferme Al Baraka,Marché Wholesale Agadir,Italie,Kansas,,Olives à Huile,1146.2539571178672,3293.8426522441255,Standard
Dairy Meadows,Hacienda El Sol,Maroc,Californie,,Citrons,129.34633454530453,2507.4123652499284,Standard
Dairy Meadows,Rungis International,Italie,Marrakech-Safi,,Fromage,496.1471865020901,2007.206186109664,Premium
Domaine Provence Bio,Fattoria Toscana,France,Canterbury,,Riz,242.4610681084776,3616.530546252784,Commerce Équitable
Fazenda Brasil,Marché Wholesale Agadir,Brésil,Catalogne,,Yaourt,282.9570821674869,5795.279657199926,Premium
Marché Wholesale Agadir,Marché Wholesale Agadir,Maroc,Île-de-France,,Carottes,47.24133866031347,3780.6276820094054,Standard
Rungis International,Rungis International,Italie,Marrakech-Safi,,Bananes,159.40857929056176,2613.331620919659,Standard
Fazenda Brasil,Fazenda Brasil,Maroc,Kansas,,Olives à Huile,304.03403343467846,2800.0605094809994,Standard
Rungis International,Fattoria Toscana,Maroc,Sfax,,Fromage,145.30301510515307,1834.9727992363419,Bio Certifié
Fazenda Brasil,Domaine Provence Bio,Italie,Toscane,,Pommes de terre,192.8282416434514,4036.15262364031,Standard
Fazenda Brasil,Fazenda Brasil,Tunisie,Kansas,,Olives à Huile,231.5390119262986,5359.153119463699,Bio Certifié
Domaine Provence Bio,Fazenda Brasil,Maroc,Californie,,Raisins de Table,20.031026897551868,3070.8574484676046,Bio Certifié
Mercabarna,Dairy Meadows,Tunisie,Provence,,Salades,132.8289737358375,2912.681879495899,Bio Certifié
Marché Wholesale Agadir,Domaine Provence Bio,Maroc,Souss-Massa,,Olives à Huile,151.31310373838932,3673.8817918394907,Bio Certifié
Domaine Provence Bio,Fattoria Toscana,Espagne,Meknès-Fès,,Riz,193.57060100983682,5309.323515011698,Bio Certifié
Domaine Provence Bio,Marché Wholesale Agadir,Maroc,Canterbury,,Raisins de Table,3.943123736325923,5218.4433930849955,Standard
Hacienda El Sol,Ferme Al Baraka,Maroc,Provence,,Raisins de Table,141.359070839382,97.2666776427975,Standard
Mercabarna,Fattoria Toscana,Brésil,Meknès-Fès,,Fromage,261.68321727506395,3637.3856884756215,Standard
Rungis International,Mercabarna,France,Sfax,,Bananes,165.76924802794375,20200.122552889927,Bio Certifié
Union Agricole Méditerranée,Cooperative Grains Alliance,Maroc,Californie,,Olives de Table,108.9566044034174,3201.243121850394,Bio Certifié
Domaine Provence Bio,Fazenda Brasil,Italie,Sfax,,Blé,253.8117980209506,3534.3576064367326,Standard
Ferme Al Baraka,Dairy Meadows,USA,Catalogne,,Bananes,221.48580836643652,3573.0055041471314,Standard
Rungis International,Fattoria Toscana,Espagne,Californie,,Beurre,71.22877439713542,4712.172114335346,Bio Certifié
Rungis International,Ferme Al Baraka,Tunisie,Toscane,,Arabica,9.82237421366603,3705.81688157059,Commerce Équitable
Union Agricole Méditerranée,Hacienda El Sol,Maroc,Californie,,Olives à Huile,187.6505872274859,824.1803382398143,Standard
Union Agricole Méditerranée,Coopérative Oasis,Maroc,São Paulo,,Raisins de Table,175.14164628594347,1267.544836338209,Standard
Fazenda Brasil,Fazenda Brasil,France,Andalousie,,Olives à Huile,74.89591977150612,4177.446636497023,Standard
Domaine Provence Bio,Mercabarna,France,Toscane,,Fromage,49.63191240558504,2546.7208531808365,Standard
Rungis International,Hacienda El Sol,Italie,Meknès-Fès,,Oranges,113.29045831388842,5431.984829876086,Premium
Marché Wholesale Agadir,Cooperative Grains Alliance,Maroc,Souss-Massa,,Riz,145.15257670985957,2147.590362117177,Premium
Domaine Provence Bio,Dairy Meadows,Maroc,Canterbury,,Olives à Huile,-19.63417932051302,3381.94981302375,Bio Certifié
Fazenda Brasil,Ferme Al Baraka,Maroc,Sfax,,Robusta,41.39797376586661,10887.876884925252,Premium
Domaine Provence Bio,Hacienda El Sol,Maroc,Souss-Massa,,Lait,127.64562914967227,4395.857412376241,Bio Certifié
Domaine Provence Bio,Ferme Al Baraka,Maroc,São Paulo,,Arabica,99.70113623468052,2050.327122701433,Standard
Cooperative Grains Alliance,Dairy Meadows,Tunisie,Marrakech-Safi,,Maïs,30.17475853513585,4452.2822016785285,Bio Certifié
Hacienda El Sol,Rungis International,Maroc,Souss-Massa,,Yaourt,74.45740870210118,835.6173690614903,Commerce Équitable
Marché Wholesale Agadir,Rungis International,Espagne,Provence,,Riz,449.60762760797684,3670.2380424771736,Bio Certifié
Dairy Meadows,Domaine Saada,Maroc,São Paulo,,Beurre,244.3076959279026,3033.618543488139,Standard
Green Valley Farm,Fazenda Brasil,Maroc,Souss-Massa,,Olives de Table,559.0446568657665,380.8484837510291,Premium
Union Agricole Méditerranée,Hacienda El Sol,Maroc,Marrakech-Safi,,Olives de Table,276.9216737840656,5732.431316086579,Commerce Équitable
Coopérative Oasis,Cooperative Grains Alliance,USA,Californie,,Pommes,60.649404524669755,-340.1590665687388,Premium
Domaine Saada,Ferme Al Baraka,USA,Île-de-France,,Deglet Nour,81.4390670665466,2670.1992794878333,Standard
Hacienda El Sol,Ferme Al Baraka,Maroc,Californie,,Citrons,253.76944188412568,12319.219767784189,Standard
Dairy Meadows,Rungis International,Espagne,São Paulo,,Raisins de Table,73.5583772158947,2579.4339695641356,Bio Certifié
Mercabarna,Union Agricole Méditerranée,Italie,Île-de-France,,Blé,119.2794767135313,5638.1818266224,Standard
Union Agricole Méditerranée,Union Agricole Méditerranée,France,Catalogne,,Beurre,253.72947820106486,3484.303053135236,Premium
Fazenda Brasil,Hacienda El Sol,USA,Souss-Massa,,Riz,47.63214496682933,2361.5277769509466,Bio Certifié
Mercabarna,Union Agricole Méditerranée,France,Souss-Massa,,Pommes de terre,511.94076787653546,2103.925201032395,Commerce Équitable
Rungis International,Dairy Meadows,Maroc,São Paulo,,Raisins de Cuve,-31.833621767426955,3788.5703945282694,Standard
Rungis International,Domaine Saada,Maroc,São Paulo,,Oignons,151.41540118599903,1712.808490970152,Standard
Union Agricole Méditerranée,Green Valley Farm,USA,Californie,,Oignons,279.3447326787185,1807.0873778689108,Premium
Union Agricole Méditerranée,Domaine Saada,Maroc,Provence,,Oignons,1043.1457432649581,5053.859425418683,Bio Certifié
Dairy Meadows,Green Valley Farm,Brésil,Provence,,Raisins de Cuve,63.15805218055415,2364.117425249372,Standard
Cooperative Grains Alliance,Mercabarna,Tunisie,Californie,,Medjool,172.00950778817307,4957.563739405472,Bio Certifié
Domaine Saada,Mercabarna,Brésil,Kansas,,Lait,132.10654388342965,4340.001406983014,Standard
Dairy Meadows,Union Agricole Méditerranée,USA,Kansas,,Tomates,148.6573106667196,2671.545878920185,Standard
Mercabarna,Marché Wholesale Agadir,USA,São Paulo,,Robusta,510.4802656937485,13029.38307588996,Bio Certifié
Mercabarna,Green Valley Farm,USA,Canterbury,,Orge,260.0194144668361,3206.766901618209,Bio Certifié
Coopérative Oasis,Rungis International,Brésil,Toscane,,Arabica,246.60366879220624,3478.4016371921434,Premium
Fazenda Brasil,Union Agricole Méditerranée,Maroc,Californie,,Raisins de Cuve,237.74736405749036,4009.5997166285997,Bio Certifié
Green Valley Farm,Coopérative Oasis,Maroc,Provence,,Raisins de Table,45.06123663254046,1602.2445942733546,Premium
Fazenda Brasil,Domaine Provence Bio,USA,Catalogne,,Raisins de Cuve,205.0706125302638,7761.442234644892,Bio Certifié
Mercabarna,Fattoria Toscana,Maroc,Andalousie,,Mandarines,78.1238813054856,2741.749492469705,Premium
Dairy Meadows,Hacienda El Sol,USA,Catalogne,,Tomates,171.11116241703505,3540.5293378310544,Standard
Ferme Al Baraka,Ferme Al Baraka,Italie,Toscane,,Salades,125.2075605043913,11080.971246107985,Premium
Marché Wholesale Agadir,Hacienda El Sol,Maroc,Californie,,Raisins de Cuve,143.3007094524812,9290.18785856234,Standard
Rungis International,Green Valley Farm,Maroc,Meknès-Fès,,Pommes,630.591358043489,263.9699132532538,Premium
Domaine Provence Bio,Fazenda Brasil,France,Toscane,,Fromage,143.91742839832293,2738.890329910026,Bio Certifié
Rungis International,Dairy Meadows,Espagne,Marrakech-Safi,,Salades,160.49648625448702,1777.605157998506,Standard
Ferme Al Baraka,Green Valley Farm,USA,Souss-Massa,,Bananes,70.76485028135184,2846.5037477350925,Bio Certifié
Domaine Provence Bio,Rungis International,Italie,Sfax,,Pommes,221.50639927934174,3033.3465703938045,Bio Certifié
Rungis International,Mercabarna,Brésil,Canterbury,,Olives à Huile,136.7064559104398,2006.872197666742,Premium
Fattoria Toscana,Coopérative Oasis,Maroc,Toscane,,Olives de Table,118.6099758774612,8493.744821205932,Bio Certifié
Cooperative Grains Alliance,Domaine Provence Bio,USA,Catalogne,,Robusta,36.45778380093705,1956.849334966549,Premium
Cooperative Grains Alliance,Fattoria Toscana,Maroc,Île-de-France,,Medjool,122.83771186551964,5710.808119086678,Standard
Union Agricole Méditerranée,Mercabarna,Italie,Île-de-France,,Robusta,109.75955374066018,3564.6283673228545,Bio Certifié
Cooperative Grains Alliance,Fattoria Toscana,USA,Toscane,,Pamplemousses,591.9841882931368,4763.79374448178,Standard
Marché Wholesale Agadir,Ferme Al Baraka,Espagne,Andalousie,,Raisins de Table,1320.9881892001067,11656.033872623146,Bio Certifié
Coopérative Oasis,Fazenda Brasil,France,Canterbury,,Bananes,170.19426531804902,2426.026347484454,Bio Certifié
Rungis International,Coopérative Oasis,Brésil,Provence,,Olives à Huile,144.19026387177962,2850.530838854809,Commerce Équitable
Fattoria Toscana,Fazenda Brasil,Italie,Californie,,Lait,52.246495542880716,3795.170426303085,Bio Certifié
Union Agricole Méditerranée,Domaine Provence Bio,Italie,São Paulo,,Olives de Table,81.74042396325795,2738.3890807910984,Bio Certifié
Green Valley Farm,Fattoria Toscana,Espagne,São Paulo,,Raisins de Cuve,228.12411941204,3555.8353092600373,Standard
Fazenda Brasil,Dairy Meadows,Nouvelle-Zélande,Sfax,,Yaourt,229.0548142168182,491.70625139793856,Premium
Domaine Saada,Cooperative Grains Alliance,Maroc,Andalousie,,Medjool,142.0031710035715,1132.0765835399268,Standard
Domaine Provence Bio,Rungis International,USA,São Paulo,,Pamplemousses,114.83064739196563,2627.4373905881566,Bio Certifié
Domaine Provence Bio,Domaine Provence Bio,Italie,Île-de-France,,Blé,31.705945909642857,9905.92550336258,Standard
Mercabarna,Hacienda El Sol,France,Toscane,,Yaourt,270.4523072379874,2831.3723045812385,Premium
Fazenda Brasil,Hacienda El Sol,USA,São Paulo,,Raisins de Table,65.99468598941257,5016.068367613318,Premium
Fattoria Toscana,Union Agricole Méditerranée,Maroc,Meknès-Fès,,Raisins de Table,190.4584862746947,1527.3617932972136,Standard
Dairy Meadows,Marché Wholesale Agadir,France,Marrakech-Safi,,Pamplemousses,830.7163472832177,2573.2121480753035,Bio Certifié
Domaine Saada,Union Agricole Méditerranée,Maroc,Californie,,Olives à Huile,48.91189045971639,1154.5419358813062,Commerce Équitable
Domaine Saada,Marché Wholesale Agadir,Espagne,Île-de-France,,Pommes,288.6251287378667,5423.1351794814955,Bio Certifié
Marché Wholesale Agadir,Domaine Saada,Maroc,Souss-Massa,,Raisins de Table,91.95900056906436,7177.471676277211,Bio Certifié
Union Agricole Méditerranée,Fattoria Toscana,Italie,Canterbury,,Riz,30.455268306812172,2158.5774882243777,Premium
Rungis International,Cooperative Grains Alliance,Espagne,Catalogne,,Riz,121.0759467605669,2281.7700890636406,Premium
Domaine Saada,Marché Wholesale Agadir,France,Catalogne,,Raisins de Table,250.62895411579626,5198.735672121695,Standard
Green Valley Farm,Green Valley Farm,USA,Provence,,Pommes,121.18128045373899,12646.307939632981,Bio Certifié
Hacienda El Sol,Mercabarna,France,Souss-Massa,,Beurre,164.80414671199776,6270.981476789266,Premium
Cooperative Grains Alliance,Dairy Meadows,Maroc,Andalousie,,Robusta,211.50713769960026,2909.4929585332875,Premium
Dairy Meadows,Domaine Saada,Maroc,São Paulo,,Medjool,493.3501717848212,515.3501507881867,Bio Certifié
Hacienda El Sol,Mercabarna,Tunisie,Souss-Massa,,Tomates,326.01175552343045,5780.574303513042,Bio Certifié
Fazenda Brasil,Dairy Meadows,Maroc,Souss-Massa,,Raisins de Table,270.9175392387598,15541.352267226937,Standard
Ferme Al Baraka,Fazenda Brasil,Maroc,Catalogne,,Orge,124.65158950197844,-83.59200507063929,Bio Certifié
Dairy Meadows,Coopérative Oasis,Maroc,Souss-Massa,,Courgettes,36.265183167863675,2324.7560880343613,Bio Certifié
Mercabarna,Ferme Al Baraka,France,Île-de-France,,Olives de Table,250.1295824700946,3049.413420611988,Standard
Coopérative Oasis,Cooperative Grains Alliance,Maroc,Provence,,Salades,85.94935317439186,2406.5300632849066,Standard
Green Valley Farm,Coopérative Oasis,Italie,Marrakech-Safi,,Pommes,149.4056425334287,3432.073317883399,Premium
Green Valley Farm,Union Agricole Méditerranée,USA,Marrakech-Safi,,Olives à Huile,125.86469850893295,2574.8708521356566,Standard
Domaine Provence Bio,Green Valley Farm,Brésil,Provence,,Robusta,185.62248637057564,2476.5216762917794,Commerce Équitable
Hacienda El Sol,Hacienda El Sol,France,Toscane,,Courgettes,178.37545136168802,4424.5968943716825,Bio Certifié
Coopérative Oasis,Domaine Saada,Maroc,Catalogne,,Blé,29.27620459661654,148.1469276515386,Standard
Cooperative Grains Alliance,Union Agricole Méditerranée,Tunisie,Andalousie,,Olives à Huile,189.37808185281753,2061.3078878030087,Standard
Dairy Meadows,Hacienda El Sol,Maroc,Provence,,Tomates,129.31054616595628,2939.245692216845,Premium
Domaine Saada,Mercabarna,USA,São Paulo,,Yaourt,106.79239834158251,841.9560108015964,Commerce Équitable
Fazenda Brasil,Dairy Meadows,Italie,Meknès-Fès,,Fromage,148.7465544427604,1778.1227980209992,Bio Certifié
Union Agricole Méditerranée,Domaine Saada,Maroc,São Paulo,,Blé,-46.60232210313335,7986.841509456375,Bio Certifié
Domaine Provence Bio,Ferme Al Baraka,Maroc,Catalogne,,Raisins de Table,44.290544843542364,837.8784914435275,Premium
Dairy Meadows,Domaine Provence Bio,Brésil,Canterbury,,Olives à Huile,60.12865832884728,1116.9195088508495,Standard
Dairy Meadows,Ferme Al Baraka,Brésil,Provence,,Blé,185.18490003890585,3414.525380010531,Bio Certifié
Ferme Al Baraka,Domaine Saada,Nouvelle-Zélande,Toscane,,Salades,111.90893600211363,2398.2367127148204,Standard
Rungis International,Coopérative Oasis,Maroc,Canterbury,,Bananes,33.42577150754686,1779.2165741532067,Bio Certifié
Fattoria Toscana,Domaine Saada,Italie,São Paulo,,Beurre,94.65683581220111,4794.0531909961055,Bio Certifié
Domaine Provence Bio,Union Agricole Méditerranée,Espagne,Californie,,Deglet Nour,222.5017863070605,2502.1221228892273,Commerce Équitable
Dairy Meadows,Dairy Meadows,Tunisie,Toscane,,Olives de Table,299.41324691870716,3200.8934161947764,Standard
Hacienda El Sol,Fazenda Brasil,France,Toscane,,Robusta,130.68098072055506,2250.299968738542,Bio Certifié
Green Valley Farm,Union Agricole Méditerranée,USA,Sfax,,Bananes,290.9833126903527,4783.499327159709,Premium
Fattoria Toscana,Coopérative Oasis,Nouvelle-Zélande,Souss-Massa,,Olives de Table,139.14311625973477,2213.9122247720998,Standard
Rungis International,Fazenda Brasil,Maroc,Andalousie,,Riz,254.5055059891115,2223.567012173039,Premium
Ferme Al Baraka,Ferme Al Baraka,Espagne,Marrakech-Safi,,Orge,129.57151474856707,5392.913936999157,Standard
Fazenda Brasil,Dairy Meadows,USA,Souss-Massa,,Olives à Huile,107.11182965539871,2036.5885880235128,Standard
Fazenda Brasil,Fazenda Brasil,Maroc,Kansas,,Arabica,261.9233488057353,5412.5687710375805,Premium
Fattoria Toscana,Marché Wholesale Agadir,France,Sfax,,Raisins de Table,87.03717006021525,2888.002377877002,Commerce Équitable
Union Agricole Méditerranée,Hacienda El Sol,USA,Andalousie,,Raisins de Table,259.37754105815935,4793.192459857533,Premium
Domaine Saada,Coopérative Oasis,Nouvelle-Zélande,Catalogne,,Pommes de terre,54.33415464544477,2822.0674265986954,Bio Certifié
Green Valley Farm,Green Valley Farm,Tunisie,Marrakech-Safi,,Olives à Huile,142.31176576603963,5553.0774985912785,Standard
Green Valley Farm,Fattoria Toscana,France,Catalogne,,Fromage,399.15023573074393,2062.7843027259173,Premium
Coopérative Oasis,Ferme Al Baraka,Espagne,Souss-Massa,,Maïs,176.7756444301517,1291.2250722221668,Standard
Rungis International,Union Agricole Méditerranée,France,Île-de-France,,Bananes,13.97965843076318,478.61344740052493,Bio Certifié
Fattoria Toscana,Domaine Provence Bio,Nouvelle-Zélande,Sfax,,Lait,288.2556416117184,3057.514785618659,Standard
Fattoria Toscana,Hacienda El Sol,Maroc,Souss-Massa,,Maïs,106.2643326980126,9336.21139921122,Standard
Dairy Meadows,Fazenda Brasil,USA,Kansas,,Salades,146.74636559767848,2481.407520285876,Premium
Ferme Al Baraka,Rungis International,USA,Île-de-France,,Citrons,295.49245775900476,3211.391504970815,Standard
Cooperative Grains Alliance,Rungis International,Nouvelle-Zélande,Andalousie,,Tomates,115.5044667344848,4263.157489174027,Bio Certifié
Rungis International,Marché Wholesale Agadir,France,Île-de-France,,Raisins de Table,224.06089560504427,3533.615322571859,Commerce Équitable
Domaine Provence Bio,Ferme Al Baraka,France,Marrakech-Safi,,Riz,-12.79761153910021,3841.5495426389352,Commerce Équitable
Rungis International,Fattoria Toscana,Nouvelle-Zélande,Souss-Massa,,Raisins de Table,246.0100813433012,8245.473001415967,Standard
Ferme Al Baraka,Domaine Provence Bio,France,São Paulo,,Tomates,43.658414580394265,4393.605227669667,Bio Certifié
Marché Wholesale Agadir,Fazenda Brasil,Maroc,Kansas,,Robusta,254.80138611743206,2314.7246149386747,Standard
Hacienda El Sol,Hacienda El Sol,Espagne,Canterbury,,Fromage,-21.60791368400796,3387.512698219416,Bio Certifié
Mercabarna,Domaine Saada,Tunisie,Toscane,,Oignons,74.75931375649168,1122.7339317806404,Bio Certifié
Fazenda Brasil,Coopérative Oasis,Italie,Canterbury,,Fromage,151.03020428855095,2908.0523494409467,Commerce Équitable
Domaine Provence Bio,Fattoria Toscana,USA,Kansas,,Yaourt,37.85838203537104,2326.7815224455308,Standard
Union Agricole Méditerranée,Ferme Al Baraka,Maroc,Provence,,Lait,173.71578411770284,2647.4133210374816,Standard
Ferme Al Baraka,Fazenda Brasil,Espagne,Canterbury,,Blé,79.66758172510347,4149.06218114958,Standard
Green Valley Farm,Coopérative Oasis,Tunisie,Catalogne,,Robusta,192.42548759709982,3025.187265431695,Bio Certifié
Fattoria Toscana,Fazenda Brasil,Tunisie,Provence,,Maïs,268.6400691003277,3051.987356893389,Bio Certifié
Dairy Meadows,Coopérative Oasis,Brésil,Île-de-France,,Olives à Huile,160.17831317844767,1061.9061610254903,Standard
Domaine Provence Bio,Marché Wholesale Agadir,Italie,Marrakech-Safi,,Yaourt,816.0531772888014,873.3970686833339,Commerce Équitable
Dairy Meadows,Fazenda Brasil,Maroc,Kansas,,Courgettes,25.441186172901112,12754.043989746386,Standard
Domaine Provence Bio,Domaine Saada,Maroc,Meknès-Fès,,Raisins de Table,65.7192760325276,10781.878196013182,Premium
Domaine Saada,Ferme Al Baraka,USA,Île-de-France,,Arabica,60.705765101698844,1975.489927943318,Premium
Rungis International,Domaine Provence Bio,USA,Sfax,,Maïs,73.17502266214412,3650.31246374972,Bio Certifié
Dairy Meadows,Hacienda El Sol,Maroc,Kansas,,Salades,160.62183585113561,4721.908796778589,Premium
Coopérative Oasis,Ferme Al Baraka,Maroc,Souss-Massa,,Orge,80.44627386308707,3040.518223124862,Standard
Dairy Meadows,Ferme Al Baraka,Maroc,São Paulo,,Pommes,115.47822363388374,2049.6584727910194,Bio Certifié
Fazenda Brasil,Rungis International,Brésil,Souss-Massa,,Beurre,129.39518096492037,2289.521148586825,Standard
Rungis International,Green Valley Farm,Tunisie,Provence,,Raisins de Table,139.70736743813413,11011.165452863694,Standard
Fazenda Brasil,Green Valley Farm,France,Sfax,,Raisins de Cuve,217.51146458093385,4646.725115008916,Bio Certifié
Green Valley Farm,Green Valley Farm,France,Marrakech-Safi,,Pommes,27.974406666522228,2385.15768761659,Standard
Ferme Al Baraka,Domaine Saada,Maroc,Marrakech-Safi,,Blé,104.10992206441193,8197.922934887916,Bio Certifié
Rungis International,Dairy Meadows,Maroc,Souss-Massa,,Yaourt,196.82539782298002,505.4293618881361,Standard
Hacienda El Sol,Domaine Provence Bio,Brésil,Souss-Massa,,Courgettes,245.90132493639845,4020.5758826200554,Premium
Green Valley Farm,Union Agricole Méditerranée,Espagne,Souss-Massa,,Oignons,147.69092831294626,360.6542999553675,Standard
Cooperative Grains Alliance,Ferme Al Baraka,USA,Souss-Massa,,Fromage,177.35591245976025,2629.4872524325106,Bio Certifié
Domaine Provence Bio,Domaine Saada,Brésil,Souss-Massa,,Salades,123.35738604484007,-484.2550067006114,Standard
Fazenda Brasil,Mercabarna,Maroc,Souss-Massa,,Riz,295.8571461012602,3245.8369874505006,Bio Certifié
Rungis International,Green Valley Farm,Tunisie,Souss-Massa,,Riz,108.72838067110895,-914.298996954991,Standard
Marché Wholesale Agadir,Cooperative Grains Alliance,Maroc,Souss-Massa,,Riz,145.15257670985957,2147.590362117177,Premium
Domaine Saada,Ferme Al Baraka,USA,Souss-Massa,,Deglet Nour,281.36761218602487,2296.753302361186,Commerce Équitable
Mercabarna,Union Agricole Méditerranée,France,Souss-Massa,,Pommes de terre,511.94076787653546,2103.925201032395,Commerce Équitable
Dairy Meadows,Coopérative Oasis,Maroc,Souss-Massa,,Courgettes,36.265183167863675,2324.7560880343613,Bio Certifié
Fattoria Toscana,Hacienda El Sol,Maroc,Souss-Massa,,Maïs,106.2643326980126,9336.21139921122,Standard
Rungis International,Dairy Meadows,Maroc,Souss-Massa,,Yaourt,196.82539782298002,505.4293618881361,Standard
Dairy Meadows,Coopérative Oasis,Maroc,Souss-Massa,,Courgettes,36.265183167863675,2324.7560880343613,Bio Certifié
Fattoria Toscana,Rungis International,Espagne,Souss-Massa,,Deglet Nour,257.55185863215854,2668.2232407455763,Bio Certifié
Fazenda Brasil,Dairy Meadows,Maroc,Souss-Massa,,Raisins de Table,270.9175392387598,15541.352267226937,Standard
Ferme Al Baraka,Domaine Saada,France,Souss-Massa,,Olives de Table,18.233796696951025,5006.335462807566,Standard
Dairy Meadows,Domaine Provence Bio,Maroc,Souss-Massa,,Blé,247.06299607692608,4724.688852867431,Premium
Ferme Al Baraka,Fattoria Toscana,USA,Souss-Massa,,Raisins de Table,630.8718451142392,8632.329171911118,Premium
Rungis International,Fattoria Toscana,France,Souss-Massa,,Courgettes,173.23472045764456,1742.0827529314572,Standard
Coopérative Oasis,Ferme Al Baraka,Maroc,Souss-Massa,,Orge,80.44627386308707,3040.518223124862,Standard
Cooperative Grains Alliance,Domaine Provence Bio,USA,Souss-Massa,,Pommes,202.55505923985612,13845.023091196708,Premium
Fazenda Brasil,Rungis International,Brésil,Souss-Massa,,Beurre,129.39518096492037,2289.521148586825,Standard
Ferme Al Baraka,Green Valley Farm,USA,Souss-Massa,,Bananes,70.76485028135184,2846.5037477350925,Bio Certifié
Dairy Meadows,Domaine Provence Bio,Maroc,Souss-Massa,,Blé,247.06299607692608,4724.688852867431,Premium
Domaine Provence Bio,Mercabarna,France,Souss-Massa,,Riz,627.9542850168514,3581.019039447402,Premium
Mercabarna,Green Valley Farm,France,Souss-Massa,,Riz,146.55167655355638,1756.6074644353482,Bio Certifié
Coopérative Oasis,Ferme Al Baraka,Espagne,Souss-Massa,,Maïs,176.7756444301517,1291.2250722221668,Standard
Rungis International,Green Valley Farm,Brésil,Souss-Massa,,Bananes,238.42702187882261,8890.53461145608,Bio Certifié
Dairy Meadows,Hacienda El Sol,USA,Souss-Massa,,Riz,214.0065491888773,2699.67438148589,Standard
Dairy Meadows,Coopérative Oasis,Maroc,Souss-Massa,,Courgettes,36.265183167863675,2324.7560880343613,Bio Certifié
Cooperative Grains Alliance,Domaine Provence Bio,USA,Souss-Massa,,Pommes,202.55505923985612,13845.023091196708,Premium
Dairy Meadows,Hacienda El Sol,Maroc,Souss-Massa,,Fromage,-23.424226360315977,4169.701909430532,Bio Certifié
Green Valley Farm,Ferme Al Baraka,Maroc,Souss-Massa,,Maïs,119.24741483413227,1887.6387862480533,Bio Certifié
Ferme Al Baraka,Fazenda Brasil,Espagne,Souss-Massa,,Robusta,99.2490514584378,10730.407568238146,Standard
Cooperative Grains Alliance,Ferme Al Baraka,Maroc,Souss-Massa,,Pamplemousses,193.20072734781974,308.05352736450766,Bio Certifié
Cooperative Grains Alliance,Dairy Meadows,USA,Souss-Massa,,Salades,94.05350105371573,3496.4195144710975,Standard
Marché Wholesale Agadir,Domaine Saada,Maroc,Souss-Massa,,Raisins de Table,91.95900056906436,7177.471676277211,Bio Certifié
Coopérative Oasis,Ferme Al Baraka,Espagne,Souss-Massa,,Maïs,176.7756444301517,1291.2250722221668,Standard
Dairy Meadows,Fattoria Toscana,USA,Souss-Massa,,Arabica,38.53359062406119,2436.1714808809647,Premium
Mercabarna,Domaine Saada,Maroc,Souss-Massa,,Olives à Huile,603.3486980386001,4250.3021175151325,Standard
Mercabarna,Green Valley Farm,France,Souss-Massa,,Riz,146.55167655355638,1756.6074644353482,Bio Certifié
Ferme Al Baraka,Fazenda Brasil,France,Souss-Massa,,Riz,86.01955160866402,2255.640923470867,Bio Certifié
Rungis International,Green Valley Farm,Brésil,Souss-Massa,,Bananes,238.42702187882261,8890.53461145608,Bio Certifié
Green Valley Farm,Dairy Meadows,Nouvelle-Zélande,Souss-Massa,,Raisins de Cuve,64.99863297786798,783.2090421250068,Premium
Dairy Meadows,Hacienda El Sol,Maroc,Souss-Massa,,Fromage,-23.424226360315977,4169.701909430532,Bio Certifié
Domaine Provence Bio,Mercabarna,France,Souss-Massa,,Riz,627.9542850168514,3581.019039447402,Premium
Hacienda El Sol,Mercabarna,Tunisie,Souss-Massa,,Tomates,326.01175552343045,5780.574303513042,Bio Certifié
Green Valley Farm,Union Agricole Méditerranée,Espagne,Souss-Massa,,Oignons,147.69092831294626,360.6542999553675,Standard
Ferme Al Baraka,Green Valley Farm,USA,Souss-Massa,,Bananes,70.76485028135184,2846.5037477350925,Bio Certifié
Dairy Meadows,Fattoria Toscana,USA,Souss-Massa,,Arabica,38.53359062406119,2436.1714808809647,Premium
Cooperative Grains Alliance,Coopérative Oasis,Maroc,Souss-Massa,,Tomates,204.66015302179966,4008.87986285798,Bio Certifié
Ferme Al Baraka,Green Valley Farm,France,Souss-Massa,,Pommes de terre,106.90641344483288,5148.464583016471,Standard
