id_transaction,type_transaction,montant,devise,frais,statut,ville,pays
id_transaction_00000714,Carte,-873.9018852603982,EUR,-1.0134456700519205,Complétée,Francfort,Allemagne
id_transaction_00000195,Retrait,66.07500847808365,USD,7.827142050509515,Complétée,Washington DC,Royaume-Uni
id_transaction_00000787,Retrait,1387.4360573318672,EUR,2.0345425004004283,Complétée,New York,Royaume-Uni
id_transaction_00000354,Carte,9380.30779934351,EUR,10.112617187112104,Complétée,Casablanca,Royaume-Uni
id_transaction_00000413,Dépôt,-1520.7626015222831,USD,-7.059933453047017,Complétée,Paris,Maroc
id_transaction_00000125,Dépôt,-85.85264788825702,MAD,-5.8349203993314775,Complétée,New York,Maroc
id_transaction_00000958,Dépôt,2361.742461012258,JPY,-2.587394571838556,En attente,Tokyo,Maroc
id_transaction_00000182,Virement International,1143.3570172448303,MAD,1.3878199545041605,Complétée,Casablanca,USA
id_transaction_00000114,Retrait,893.939222839573,USD,-4.27900751460992,Complétée,Casablanca,Maroc
id_transaction_00000703,Retrait,-861.5073475153757,USD,-8.108410609108414,Complétée,New York,USA
id_transaction_00000375,Retrait,25403.99481963253,CNY,-3.9361698586731224,Complétée,Washington DC,Royaume-Uni
id_transaction_00000701,Retrait,117.6506438803907,EUR,11.42638975304697,Complétée,New York,USA
id_transaction_00000234,Dépôt,42671.023321545756,JPY,15.630535523167975,Complétée,Casablanca,Chine
id_transaction_00000985,Carte,9669.44506913096,MAD,-4.683617802422822,Complétée,Tokyo,France
id_transaction_00000173,Virement International,1167.6382507365993,USD,4.611817258068235,Rejetée,Pékin,Chine
id_transaction_00000358,Prélèvement,960.6057541472005,JPY,3.4104769151990983,Complétée,Londres,Royaume-Uni
id_transaction_00000488,Carte,39.48594794610773,USD,-9.491842367806957,Complétée,Londres,Royaume-Uni
id_transaction_00000689,Virement International,982.8003566923361,EUR,-11.032725739391608,Complétée,Londres,USA
id_transaction_00000899,Retrait,-1931.4099782049143,USD,-8.682276044229411,Complétée,Pékin,Maroc
id_transaction_00000759,Dépôt,1695.073974816421,JPY,24.31802504853129,Complétée,New York,Maroc
id_transaction_00000634,Retrait,-281.5419397734847,USD,-7.923788218055482,Complétée,Francfort,USA
id_transaction_00000522,Dépôt,-1439.6652217286332,ZAR,-5.350498456073464,Complétée,Washington DC,USA
id_transaction_00000791,Prélèvement,2907.1182666993586,JPY,-0.14999978957768612,En attente,Rabat,USA
id_transaction_00000426,Virement,1208.3168937743199,USD,13.299417648263898,Complétée,Johannesburg,Maroc
id_transaction_00000413,Retrait,-863.6475246866366,EUR,-9.688233217402715,Complétée,Pékin,Chine
id_transaction_00000120,Carte,567.1662399560392,USD,0.9701544244671787,En attente,New York,UE
id_transaction_00000896,Virement,-858.5184564627172,EUR,-7.20376460097055,En attente,New York,UE
id_transaction_00000122,Carte,1263.5392869034768,EUR,-15.403010916583149,Complétée,Londres,Maroc
id_transaction_00000253,Retrait,58.34748715514178,EUR,0.8784229831148593,Complétée,New York,Royaume-Uni
id_transaction_00000836,Dépôt,1209.0413162366244,ZAR,9.58717300100621,Complétée,Casablanca,Maroc
id_transaction_00001000,Carte,-974.9184033838374,MAD,-11.687392971918058,Complétée,Paris,Chine
id_transaction_00000484,Retrait,769.9991293300402,USD,2.193597331506232,En attente,New York,Royaume-Uni
id_transaction_00000809,Virement,9689.97205997181,EUR,-12.427145267779625,En attente,Tokyo,USA
id_transaction_00000749,Carte,2461.7833722672776,USD,8.389607574360882,Complétée,Paris,Maroc
id_transaction_00000128,Virement International,1829.616421131971,CNY,-2.920545773202785,Complétée,Londres,Japon
id_transaction_00000063,Retrait,156.36330955005388,GBP,-9.443096917451602,Rejetée,Rabat,Royaume-Uni
id_transaction_00000108,Carte,704.612898787522,GBP,-6.531411108002666,Complétée,Londres,Maroc
id_transaction_00000294,Carte,7092.809113100243,ZAR,3.1524548646828556,Complétée,Rabat,Afrique du Sud
id_transaction_00000771,Retrait,303.7744934162923,EUR,-3.1797194399945132,Complétée,Casablanca,Maroc
id_transaction_00000394,Retrait,-27.5403171406262,GBP,-8.868517938731653,Complétée,New York,USA
id_transaction_00000198,Carte,1303.1731131865336,JPY,4.232639049619199,En cours,Francfort,USA
id_transaction_00000909,Carte,860.277230267415,CNY,24.521091074988504,Complétée,Tokyo,Royaume-Uni
id_transaction_00000882,Carte,1067.1185402762562,CNY,4.017241645909053,Rejetée,Washington DC,Chine
id_transaction_00000998,Retrait,1013.5263750391288,USD,3.0872488053207827,Rejetée,Casablanca,Maroc
id_transaction_00000798,Prélèvement,9191.977798590475,EUR,-14.750389108895831,En attente,Johannesburg,Maroc
id_transaction_00000227,Retrait,1538.199853179257,CNY,150.7245769438986,Complétée,Pékin,Japon
id_transaction_00000500,Carte,782.2165873190611,CNY,5.3308833662875434,Complétée,New York,UE
id_transaction_00000202,Carte,-239.33180859835977,EUR,-10.003639531498912,En attente,Tokyo,Royaume-Uni
id_transaction_00000209,Retrait,-541.1540622458517,JPY,-12.589761052246349,En attente,Pékin,Afrique du Sud
id_transaction_00000005,Carte,2427.9428606640613,ZAR,1.057781987957548,En attente,Londres,France
id_transaction_00000168,Retrait,-688.8379980982714,EUR,-2.5271717927374207,Complétée,Tokyo,Maroc
id_transaction_00000760,Carte,5550.619590953708,JPY,-0.6496231177805027,Complétée,Francfort,USA
id_transaction_00000938,Carte,461.0911487154669,JPY,3.85438220935315,Rejetée,Tokyo,Maroc
id_transaction_00000324,Virement,-386.22357915909413,USD,-6.690951238950874,Complétée,Francfort,Allemagne
id_transaction_00000212,Carte,-211.65270787636393,JPY,-7.023249094283494,En cours,Londres,Afrique du Sud
id_transaction_00000514,Retrait,831.4809535134589,MAD,-8.392472115417515,Complétée,Tokyo,Afrique du Sud
id_transaction_00000437,Dépôt,-250.94463280251557,USD,-15.853068519942209,Complétée,Paris,UE
id_transaction_00000299,Carte,318.16877045199567,GBP,16.947127688703475,Complétée,Casablanca,Maroc
id_transaction_00000649,Carte,917.6961685811715,JPY,-2.7296327737641493,En attente,Rabat,USA
id_transaction_00000391,Retrait,-611.0297455770964,USD,-10.650935818561472,Complétée,Washington DC,Afrique du Sud
id_transaction_00000778,Prélèvement,-738.4748337236991,MAD,5.832330013851796,Complétée,Francfort,UE
id_transaction_00000204,Retrait,-52.46038790759951,EUR,-1.5958290318854038,En cours,Francfort,France
id_transaction_00000396,Retrait,-1429.7066387077693,EUR,-14.175373184938323,Complétée,Londres,Maroc
id_transaction_00000876,Retrait,-34.984092783932965,GBP,-4.36633242337152,Complétée,Pékin,USA
id_transaction_00000465,Virement,-114.64558131227705,CNY,-5.872176996009329,En attente,Washington DC,France
id_transaction_00000786,Virement,4982.990920370119,USD,-9.264948531523988,Complétée,Johannesburg,Japon
id_transaction_00000907,Virement,1203.169909728529,CNY,-2.499477882887094,Complétée,Paris,Royaume-Uni
id_transaction_00000245,Retrait,-123.33851027292746,GBP,-15.97710685033864,Complétée,Pékin,Japon
id_transaction_00000165,Retrait,1018.8293998536247,JPY,1.924495437117713,En cours,New York,USA
id_transaction_00000014,Carte,-789.2972075734796,MAD,3.206676286130378,Rejetée,Francfort,Royaume-Uni
id_transaction_00000885,Carte,-2376.640097471449,JPY,-4.529702840324215,En attente,Francfort,France
id_transaction_00000975,Carte,86.37006337719248,EUR,-7.369108286668099,Complétée,Tokyo,France
id_transaction_00000075,Dépôt,1650.2567898852158,EUR,16.496284385651187,Complétée,New York,Maroc
id_transaction_00000232,Virement International,508.93413123471595,USD,5.685508490640959,Complétée,Washington DC,USA
id_transaction_00000561,Prélèvement,-411.98768686996436,GBP,5.214611230924153,Rejetée,Francfort,USA
id_transaction_00000783,Carte,146.52319906022973,MAD,-5.755244036563135,Complétée,Rabat,Royaume-Uni
id_transaction_00000179,Retrait,27117.9916920054,JPY,-0.5943660810007243,Complétée,Londres,UE
id_transaction_00000501,Retrait,5580.013520226595,USD,2.084420901652715,Complétée,Washington DC,Allemagne
id_transaction_00000551,Retrait,-73.33191492964511,MAD,-5.57971331338898,Complétée,Washington DC,USA
id_transaction_00000735,Carte,-1013.1995685169769,EUR,-3.0197178106933302,Complétée,Francfort,USA
id_transaction_00000646,Carte,653.7053625236628,USD,1.9735583241794843,Complétée,Pékin,Chine
id_transaction_00000593,Prélèvement,-136.48178531029725,EUR,-1.466111916652653,Complétée,Tokyo,Royaume-Uni
id_transaction_00000384,Virement International,1779.5903158538272,CNY,3.0377980792522776,Complétée,Washington DC,USA
id_transaction_00000600,Retrait,375.50917547140557,GBP,1.7420913448797783,Complétée,Londres,USA
id_transaction_00000185,Virement,1720.8967291162444,CNY,-7.193604622029295,Complétée,Tokyo,USA
id_transaction_00000221,Carte,335.85206830715595,EUR,-8.278781169373861,En attente,Washington DC,USA
id_transaction_00000516,Virement International,556.558758050083,JPY,11.195328401235571,Complétée,Londres,Royaume-Uni
id_transaction_00000304,Prélèvement,69366.02882936233,USD,23.98245696618308,Complétée,Paris,USA
id_transaction_00000725,Prélèvement,1446.6993425632518,JPY,-6.424754378982947,En attente,Rabat,Chine
id_transaction_00000582,Retrait,379.22727937216064,USD,0.444722765460984,Rejetée,Washington DC,Chine
id_transaction_00000081,Virement,1829.1442813018416,USD,-9.990091222630614,Complétée,Johannesburg,Maroc
id_transaction_00000229,Virement International,1822.2334638088155,JPY,-4.458446692890692,Complétée,Londres,Afrique du Sud
id_transaction_00000989,Virement,260.4635993290111,USD,-4.887186179063092,En attente,Francfort,USA
id_transaction_00000019,Prélèvement,-60.2852653539087,CNY,-3.0586239758597698,Complétée,Londres,Royaume-Uni
id_transaction_00000563,Dépôt,-486.6173684162145,USD,-11.08029564671105,En attente,Washington DC,Afrique du Sud
id_transaction_00000831,Carte,1341.726060619611,EUR,15.260528091232331,Complétée,Londres,USA
id_transaction_00000674,Carte,1142.6432013740975,GBP,-0.300376597636828,En cours,Londres,Royaume-Uni
id_transaction_00000212,Prélèvement,-257.30386510252936,EUR,-9.152342933398401,Complétée,Tokyo,UE
id_transaction_00000766,Retrait,543.0672316362557,EUR,-6.184770224596737,Complétée,Londres,Maroc
id_transaction_00000772,Prélèvement,374.8974141731349,JPY,0.8766651804848573,Complétée,Pékin,Maroc
id_transaction_00000972,Prélèvement,-23.56203238731348,JPY,-6.067589729660457,Complétée,Casablanca,Royaume-Uni
id_transaction_00000713,Carte,32366.44401856546,MAD,-3.7696646602913253,En attente,Johannesburg,Royaume-Uni
id_transaction_00000074,Carte,1042.7827998004277,USD,-2.7533811482927435,Complétée,Pékin,Afrique du Sud
id_transaction_00000733,Virement International,383.18395900167445,JPY,3.7777997896688857,Complétée,Londres,Royaume-Uni
id_transaction_00000647,Carte,-742.041473873976,CNY,2.003095722021766,Complétée,Tokyo,France
id_transaction_00000217,Virement,688.6770949590696,JPY,-1.2388472782185431,En attente,Tokyo,USA
id_transaction_00000554,Retrait,-6609.697257152235,MAD,-5.726055894260509,Complétée,Rabat,Royaume-Uni
id_transaction_00000586,Dépôt,8617.361786569489,USD,4.963221101369115,En attente,Francfort,UE
id_transaction_00000028,Carte,1451.9224308390785,CNY,1.2966427120426003,Complétée,Tokyo,USA
id_transaction_00000914,Retrait,-270.163234787669,USD,-5.957867368801984,Complétée,New York,Maroc
id_transaction_00000664,Carte,587.6574006686585,CNY,10.124975421508838,Rejetée,Casablanca,Japon
id_transaction_00000822,Prélèvement,43025.73821062261,USD,17.60616938444541,Complétée,Paris,Royaume-Uni
id_transaction_00000142,Carte,35496.996147127735,GBP,101.4487772130669,Complétée,Pékin,Chine
id_transaction_00000417,Dépôt,11201.451087468877,USD,-4.626325863567662,Rejetée,New York,Japon
id_transaction_00000157,Dépôt,-916.4038138343075,USD,-3.1933449157969678,Complétée,Rabat,Maroc
id_transaction_00000624,Carte,19873.27554548317,JPY,8.479428633008844,Complétée,Londres,Japon
id_transaction_00000033,Retrait,1266.2984072534427,EUR,14.967276704582797,Complétée,Washington DC,Allemagne
id_transaction_00000378,Retrait,715.4479578900095,EUR,-3.4500382168479584,En attente,Londres,France
id_transaction_00000076,Dépôt,2475.347109579407,JPY,11.489088889216937,Complétée,Paris,Maroc
id_transaction_00000186,Prélèvement,427.3510111605381,EUR,8.67094944732496,Complétée,Francfort,Royaume-Uni
id_transaction_00000108,Carte,1797.2290002170666,ZAR,8.969853311901439,Complétée,Londres,France
id_transaction_00000201,Prélèvement,73845.20729754843,USD,7.110662725742902,Complétée,Paris,Afrique du Sud
id_transaction_00000857,Carte,5362.754562885584,MAD,-3.1534155371269756,Complétée,Johannesburg,Royaume-Uni
id_transaction_00000386,Carte,10949.709923638773,CNY,-11.075133479466388,Rejetée,Casablanca,Royaume-Uni
id_transaction_00000938,Carte,67054.19129491084,JPY,-1.1725714045420306,En cours,Pékin,Maroc
id_transaction_00000230,Prélèvement,1112.6190374498785,MAD,0.17414693252168156,Complétée,Tokyo,Maroc
id_transaction_00000721,Carte,18290.765466076675,EUR,22.49109888454888,En cours,Johannesburg,France
id_transaction_00000865,Carte,-126.55606240738769,JPY,-3.1725308891022648,Rejetée,Londres,Chine
id_transaction_00000054,Virement,305.0706363259298,USD,6.21172462794816,Complétée,Francfort,Royaume-Uni
id_transaction_00000121,Carte,1109.926666438967,JPY,4.785499764270298,En attente,Londres,USA
id_transaction_00000551,Dépôt,55.50294639434662,JPY,2.002304259862676,Complétée,New York,Chine
id_transaction_00000853,Dépôt,436.0116222153715,CNY,-8.502594341298433,Complétée,Tokyo,Afrique du Sud
id_transaction_00000322,Retrait,1032.398985361993,USD,-0.3567355181062801,Complétée,Pékin,Royaume-Uni
id_transaction_00000875,Carte,250.14909242230624,EUR,-7.253486162934585,Complétée,Paris,Maroc
id_transaction_00000965,Prélèvement,-143.2565279387967,USD,-8.986198515487985,Complétée,Francfort,USA
id_transaction_00000753,Virement,1567.231874979458,MAD,19.523552232114593,Complétée,Washington DC,Royaume-Uni
id_transaction_00000364,Prélèvement,940.0940383246377,ZAR,10.006772214152992,Complétée,Paris,USA
id_transaction_00000837,Retrait,20012.41884274179,CNY,18.980702893684548,En attente,Pékin,Chine
id_transaction_00000308,Carte,640.3430700731999,MAD,12.65668723850025,Complétée,Francfort,USA
id_transaction_00000875,Carte,7449.747315943247,CNY,-0.5049250945576809,Complétée,Londres,Royaume-Uni
id_transaction_00000158,Dépôt,2300.3301420876574,CNY,18.978378866148073,En cours,Casablanca,Chine
id_transaction_00000460,Carte,5054.789805201771,JPY,6.615987727192858,Complétée,Londres,Japon
id_transaction_00000140,Retrait,4003.786159841834,USD,-12.658936698961579,En cours,Washington DC,Royaume-Uni
id_transaction_00000813,Retrait,719.3799646133081,CNY,0.8813367865052424,Complétée,Casablanca,Japon
id_transaction_00000988,Prélèvement,1611.7398189774842,MAD,4.356210620280782,En attente,Paris,Maroc
id_transaction_00000407,Carte,685.9925947756469,MAD,-2.6347800802504038,Complétée,Johannesburg,Royaume-Uni
id_transaction_00000892,Retrait,27951.054933663574,JPY,8.01127889117805,Complétée,Casablanca,USA
id_transaction_00000178,Virement,-461.25507245904305,GBP,-11.785525260133443,En attente,Washington DC,Maroc
id_transaction_00000892,Virement,-48.80463644251597,MAD,-4.560801114789203,Complétée,Tokyo,Chine
id_transaction_00000691,Virement,16803.892453028755,CNY,-14.94710265657988,Complétée,Casablanca,USA
id_transaction_00000804,Retrait,2495.306795145016,EUR,-7.817388044037634,Complétée,Washington DC,Afrique du Sud
id_transaction_00000913,Carte,1660.1569205218716,EUR,11.213447598242661,Complétée,Londres,Maroc
id_transaction_00000125,Carte,-353.0262894863754,USD,-9.997740770791847,Complétée,New York,Maroc
id_transaction_00000882,Retrait,790.7379771819699,EUR,-5.9772332627712865,Complétée,New York,Afrique du Sud
id_transaction_00000927,Carte,-5779.394298150528,USD,8.370268989468928,Complétée,Francfort,France
id_transaction_00000801,Retrait,4869.403477916247,JPY,17.126781330931124,Complétée,Washington DC,Maroc
id_transaction_00000096,Retrait,1038.8418703787452,GBP,-7.940892218902827,Complétée,Casablanca,Maroc
id_transaction_00000872,Retrait,351.2909397719118,EUR,2.8524701619442006,En cours,Londres,Japon
id_transaction_00000083,Carte,744.4880894746425,CNY,2.4861895421695115,Complétée,Washington DC,Japon
id_transaction_00000819,Virement,1202.0882696493522,EUR,14.060968099772655,Complétée,Johannesburg,USA
id_transaction_00000158,Retrait,5208.148598953474,USD,-1.0938230493195151,Complétée,Tokyo,UE
id_transaction_00000745,Dépôt,-810.7850782123261,CNY,-54.15112080681443,Complétée,New York,Maroc
id_transaction_00000445,Carte,-823.151502861796,CNY,-5.750206138147502,Complétée,Pékin,USA
id_transaction_00000645,Retrait,1271.2895440814696,JPY,18.415630480385467,Complétée,Paris,Japon
id_transaction_00000783,Retrait,1015.6021701721103,EUR,11.064509903397134,Complétée,Pékin,Chine
id_transaction_00000164,Retrait,25614.60785041827,USD,0.4018294750018061,Complétée,Paris,Afrique du Sud
id_transaction_00000933,Retrait,-2232.1451921464522,USD,-2.5401949655862666,Complétée,Casablanca,Japon
id_transaction_00000066,Carte,-417.06878617540883,MAD,-2.870402799604819,Complétée,Paris,Maroc
id_transaction_00000358,Dépôt,-1208.654121820853,CNY,-15.076809249048882,Complétée,New York,USA
id_transaction_00000158,Carte,-563.914862663175,USD,-4.936374587663864,Complétée,Casablanca,USA
id_transaction_00000174,Prélèvement,-6370.917710051743,USD,-10.59175078439954,Complétée,Washington DC,USA
id_transaction_00000256,Dépôt,10111.920019885616,MAD,12.880969425037618,Complétée,Johannesburg,USA
id_transaction_00000704,Virement,-354.99397997377844,GBP,-3.326462888056464,En attente,Johannesburg,Allemagne
id_transaction_00000555,Carte,3716.4633179755583,JPY,10.853616681019872,En attente,Londres,UE
id_transaction_00000045,Carte,1665.6208635887883,USD,15.723992697775063,En attente,Casablanca,USA
id_transaction_00000716,Carte,1142.4076111686052,EUR,12.677443139452343,Complétée,Tokyo,USA
id_transaction_00000106,Dépôt,14737.66735904821,ZAR,-5.799650099582169,Complétée,Washington DC,France
id_transaction_00000177,Retrait,444.98367790404984,CNY,-2.9261173260656674,Complétée,Tokyo,Maroc
id_transaction_00000705,Virement,-938.2193275062281,USD,-0.3504108360093925,Complétée,New York,Allemagne
id_transaction_00000294,Virement International,455.5055906365276,GBP,-5.02715396943893,Complétée,Paris,USA
id_transaction_00000298,Virement International,-711.1566667966443,MAD,-9.779108807303484,Complétée,Casablanca,Afrique du Sud
id_transaction_00000547,Carte,275.167819164226,EUR,4.479491812771302,Complétée,Rabat,Royaume-Uni
id_transaction_00000291,Carte,1289.2081805258988,JPY,10.963320501770788,En attente,Pékin,Afrique du Sud
id_transaction_00000264,Carte,540.4388775991089,JPY,-11.477580086618985,Rejetée,New York,USA
id_transaction_00000224,Retrait,1578.7064263913007,MAD,9.130731587639676,Complétée,New York,Japon
id_transaction_00000318,Retrait,919.4043717668385,EUR,-8.289200709820914,Complétée,Casablanca,Royaume-Uni
id_transaction_00000014,Carte,275.4296161671417,JPY,10.435873984048735,Complétée,Casablanca,France
id_transaction_00000908,Retrait,561.1765835004861,ZAR,-2.5637048241365603,En attente,Tokyo,USA
id_transaction_00000016,Dépôt,4756.194471767703,EUR,0.5403200697809387,Rejetée,Casablanca,Japon
id_transaction_00000137,Carte,1258.24057189444,GBP,-3.8753112039911803,En attente,Paris,Royaume-Uni
id_transaction_00000885,Dépôt,6759.992744530635,CNY,23.061783438513874,En attente,Johannesburg,Afrique du Sud
id_transaction_00000322,Carte,-468.8294949875843,MAD,-7.327968289083031,Complétée,New York,Maroc
id_transaction_00000778,Virement,-167.39651099280866,USD,-13.39032089222308,En attente,Francfort,Royaume-Uni
id_transaction_00000022,Virement,-708.7979001877922,GBP,-11.769596802322013,Complétée,Paris,Royaume-Uni
id_transaction_00000837,Virement International,1760.4769281602494,CNY,74.66918562696813,Complétée,Paris,Maroc
id_transaction_00000351,Prélèvement,-122.60030698361754,EUR,-12.75508870325628,Complétée,Johannesburg,France
id_transaction_00000823,Virement,256.35689352628646,MAD,-14.322276979876442,Complétée,Francfort,Allemagne
id_transaction_00000202,Prélèvement,1077.757648405986,GBP,9.748893348386328,Complétée,Pékin,Royaume-Uni
id_transaction_00000863,Virement,618.7529464721765,GBP,11.255280093899184,En attente,Paris,USA
id_transaction_00000083,Retrait,-891.0268080056136,USD,-1.3539322399168903,Complétée,Tokyo,USA
id_transaction_00000218,Dépôt,56278.73988871292,EUR,-5.506272439767655,En attente,New York,Royaume-Uni
id_transaction_00000025,Retrait,-77.03860900242307,USD,8.48163164876221,Complétée,New York,Maroc
id_transaction_00000733,Dépôt,34915.249556226176,USD,0.6420255879149526,Complétée,New York,France
id_transaction_00000545,Virement International,20.303269015620344,MAD,5.477381267536487,Complétée,Tokyo,Japon
id_transaction_00000629,Carte,103.12646513057604,CNY,7.090194572270935,Complétée,Casablanca,Japon
id_transaction_00000085,Dépôt,-160.40812200369396,GBP,-11.770907638034693,En attente,Casablanca,Allemagne
id_transaction_00000020,Retrait,2745.4179749116643,MAD,-11.402420494918726,Complétée,Washington DC,USA
id_transaction_00000039,Prélèvement,2376.8933430763022,JPY,-10.257140927546164,Complétée,New York,Maroc
id_transaction_00000368,Carte,6921.1617934717,ZAR,3.9497118095525003,Complétée,Pékin,Japon
id_transaction_00000561,Retrait,-1065.1868867709782,USD,-14.779836812704254,En attente,Washington DC,Chine
id_transaction_00000944,Dépôt,672.7700454150404,MAD,11.032496148486018,Complétée,Tokyo,France
id_transaction_00000465,Carte,787.4644114051589,CNY,5.089358535226893,Complétée,Pékin,France
id_transaction_00000127,Dépôt,2066.4307976165837,MAD,5.192553689933504,Complétée,Tokyo,Japon
id_transaction_00000308,Prélèvement,6081.9314323054605,EUR,10.191049859422161,Complétée,Paris,Royaume-Uni
id_transaction_00000549,Dépôt,1694.420577916342,EUR,-0.5673020337233483,Complétée,Rabat,Maroc
id_transaction_00000992,Dépôt,795.2823210175889,JPY,-4.895442038849839,Complétée,New York,Maroc
id_transaction_00000330,Carte,-1243.2382684967306,GBP,-15.30484655899253,En attente,Paris,France
id_transaction_00000894,Retrait,15223.204142872275,CNY,15.95594848450509,Complétée,Pékin,Maroc
id_transaction_00000536,Prélèvement,-7962.201844300158,EUR,-15.451139031465257,Complétée,Pékin,Maroc
id_transaction_00000655,Prélèvement,1826.3963893970106,EUR,-8.844146215721953,Complétée,Londres,Maroc
id_transaction_00000155,Carte,-2196.694080698954,GBP,-7.242262883770736,Complétée,New York,Royaume-Uni
id_transaction_00000319,Virement,-139.83566989581766,ZAR,1.7454686509590864,En attente,Pékin,UE
id_transaction_00000074,Dépôt,1234.3436114020583,USD,1.0500307197467444,Complétée,New York,Afrique du Sud
id_transaction_00000892,Carte,474.4004844187547,USD,1.4535338624880993,Complétée,New York,Maroc
id_transaction_00000892,Virement,-1103.0635672158937,JPY,-7.4929842658524075,Complétée,New York,USA
id_transaction_00000715,Retrait,1072.1492389166413,MAD,-4.826526955808384,En cours,Casablanca,USA
id_transaction_00000686,Carte,147.62916849270113,GBP,5.195325741361335,Complétée,New York,Maroc
id_transaction_00000504,Carte,1688.459952057559,MAD,10.600897477077933,Complétée,Tokyo,Maroc
id_transaction_00000895,Carte,207.41711226009338,GBP,-2.4961892686736666,Complétée,Pékin,Royaume-Uni
id_transaction_00000541,Dépôt,-904.2032915526319,USD,-63.95448368969342,Complétée,Francfort,Allemagne
id_transaction_00000133,Retrait,236.16633678027108,USD,-1.0774265790632649,Complétée,Washington DC,Allemagne
id_transaction_00000640,Dépôt,3175.2778476544704,USD,-7.620072193399976,Complétée,Francfort,Royaume-Uni
id_transaction_00000726,Dépôt,546.5803263802103,CNY,-7.736343721981975,Complétée,Londres,Maroc
id_transaction_00000520,Dépôt,2576.1478209511183,CNY,-5.532397956735456,Complétée,New York,Japon
id_transaction_00000738,Dépôt,1093.2294525633679,CNY,10.650434139050386,Rejetée,Londres,Chine
id_transaction_00000044,Dépôt,448.77919643519664,USD,-6.449210284102638,Complétée,New York,Japon
id_transaction_00000739,Virement International,789.4366180744701,CNY,2.242385123458576,Complétée,Francfort,USA
id_transaction_00000640,Carte,651.210258631908,USD,-5.543931907971882,Complétée,Johannesburg,Allemagne
id_transaction_00000562,Prélèvement,1467.4726538081247,JPY,-4.316946587679465,Complétée,Francfort,France
id_transaction_00000842,Virement,758.12512748598,EUR,-3.083233212679798,En attente,Tokyo,Royaume-Uni
id_transaction_00000403,Prélèvement,8752.763822524785,EUR,0.7249254239782799,En attente,Pékin,Chine
id_transaction_00000778,Retrait,-936.5030726014116,USD,-76.0139861430218,Complétée,Pékin,Chine
id_transaction_00000877,Carte,933.6628824949157,GBP,9.501212042860022,Complétée,Pékin,Chine
id_transaction_00000175,Virement,-918.2876064337296,GBP,-8.298265319164337,Complétée,Washington DC,USA
id_transaction_00000815,Retrait,578.9316113344137,EUR,6.367026653161128,Complétée,New York,Royaume-Uni
id_transaction_00000665,Dépôt,339.994406838135,USD,1.3396116661839703,Complétée,Pékin,Japon
id_transaction_00000292,Retrait,2355.558333658104,USD,4.409748751075129,Complétée,Francfort,Royaume-Uni
id_transaction_00000919,Dépôt,3817.4311782541054,GBP,-3.2542667070614018,En attente,Casablanca,Maroc
id_transaction_00000427,Retrait,10566.88135486682,ZAR,8.072722811958009,Complétée,Casablanca,USA
id_transaction_00000942,Carte,726.2136096250229,JPY,8.59680229582251,Rejetée,Tokyo,Afrique du Sud
id_transaction_00000471,Retrait,-415.55874244428696,JPY,9.527842159938999,Complétée,Londres,UE
id_transaction_00000297,Carte,389.1960770439408,MAD,-2.007734100396017,Complétée,Johannesburg,Allemagne
id_transaction_00000393,Dépôt,55674.41484092699,USD,11.455987280967815,Complétée,Paris,Chine
id_transaction_00000402,Retrait,4366.451139514074,USD,-3.5330357642889494,Complétée,Casablanca,UE
id_transaction_00000618,Prélèvement,1267.9180650874391,USD,4.587078303130807,Complétée,Paris,USA
id_transaction_00000062,Retrait,-900.1743351629422,USD,-10.222009929145525,Complétée,Casablanca,Maroc
id_transaction_00000347,Carte,1183.0536184786092,JPY,15.370096118222492,Complétée,Londres,Chine
id_transaction_00000619,Retrait,569.4505281627609,EUR,-1.3033608395091614,Complétée,Paris,France
id_transaction_00000069,Dépôt,1292.546215116561,CNY,10.146483950610946,Complétée,Francfort,Royaume-Uni
id_transaction_00000990,Dépôt,39564.87668390306,JPY,9.064148549478503,Complétée,Paris,USA
id_transaction_00000904,Carte,2377.951778173092,EUR,4.237854143860098,Complétée,Paris,USA
id_transaction_00000959,Retrait,116278.71492892358,CNY,6.60475016713535,En attente,Paris,Maroc
id_transaction_00000958,Retrait,1217.8598067941032,MAD,15.848884875287094,Complétée,Francfort,USA
id_transaction_00000969,Prélèvement,412.06225296691673,ZAR,6.515495583935854,Complétée,Pékin,Royaume-Uni
id_transaction_00000786,Prélèvement,170.23334418427316,USD,5.4852328621570186,En cours,New York,USA
id_transaction_00000932,Virement,844.9280167789016,JPY,-3.2605011940404465,Complétée,Tokyo,France
id_transaction_00000051,Prélèvement,913.3799051745307,ZAR,-4.531811401745837,Complétée,Paris,USA
id_transaction_00000138,Retrait,183.35574959835145,USD,-8.767786026786375,Complétée,Washington DC,Allemagne
id_transaction_00000969,Retrait,23920.675435413745,GBP,-1.8890563665035085,Complétée,Casablanca,UE
id_transaction_00000109,Dépôt,645.5536549582323,USD,11.917441037466592,Complétée,Pékin,Maroc
id_transaction_00000795,Virement International,1990.9575436486953,JPY,8.351888477162081,Complétée,Londres,Royaume-Uni
id_transaction_00000116,Dépôt,906.70743003146,CNY,15.680444490543533,Complétée,New York,Maroc
id_transaction_00000464,Retrait,118.78512336648441,USD,4.169439142638694,En cours,Johannesburg,Afrique du Sud
id_transaction_00000246,Carte,251.56443673928666,CNY,7.320906167458689,En cours,Pékin,Maroc
id_transaction_00000837,Virement International,1327.2489147484807,JPY,13.24292343511768,Rejetée,New York,Maroc
id_transaction_00000361,Carte,-912.7412106659095,MAD,-12.379724683488615,Complétée,Tokyo,France
id_transaction_00000563,Virement,851.7795697498836,MAD,5.112776460524258,En attente,Washington DC,USA
id_transaction_00000142,Carte,1734.1766843425648,GBP,16.74159606499811,Complétée,Londres,Chine
id_transaction_00000614,Virement,1081.8570960484199,EUR,-0.5552148857641388,Complétée,Francfort,Allemagne
id_transaction_00000702,Carte,1852.2318421332202,USD,-4.908781896779119,Complétée,Paris,UE
id_transaction_00000941,Dépôt,-280.64997961657434,USD,3.4017499111926073,En attente,Rabat,Royaume-Uni
id_transaction_00000419,Prélèvement,-1013.3900226430075,EUR,-50.47578074652172,Complétée,Tokyo,Maroc
id_transaction_00000742,Carte,636.099368914373,CNY,12.911666832312184,Rejetée,New York,Maroc
id_transaction_00000981,Dépôt,10296.297429945984,GBP,12.033010547381362,Complétée,Johannesburg,Royaume-Uni
id_transaction_00000218,Virement,34.49492956748736,USD,-7.110231261597282,Complétée,Francfort,USA
id_transaction_00000730,Prélèvement,335.5258575510461,USD,-4.188079811974398,Complétée,Londres,Maroc
id_transaction_00000396,Carte,2011.8387482177955,JPY,11.327458736954664,En cours,Rabat,Royaume-Uni
id_transaction_00000013,Virement,1350.8952654823415,EUR,9.114339376597325,Complétée,Pékin,Japon
id_transaction_00000459,Virement,16563.024558942838,MAD,6.444335895170027,En attente,Casablanca,France
id_transaction_00000511,Prélèvement,-87.4967082920474,EUR,-11.780039392632514,En attente,Francfort,Allemagne
id_transaction_00000810,Retrait,-1079.0994832571428,USD,-12.072159331637078,Complétée,Francfort,Maroc
id_transaction_00000799,Retrait,623.2481477238532,EUR,7.974852590668361,Complétée,Tokyo,Allemagne
id_transaction_00000679,Carte,899.045522477547,USD,5.365978192687795,Complétée,Washington DC,France
id_transaction_00000638,Carte,90991.17259300669,USD,-2.9975097683439342,Complétée,Paris,France
id_transaction_00000624,Virement International,-451.93474302151094,USD,-8.544482958361616,Complétée,Tokyo,Maroc
id_transaction_00000449,Carte,-644.2093317836863,CNY,-6.264760265941587,Complétée,New York,France
id_transaction_00000886,Carte,966.7023378201577,USD,-3.2117136526300962,Complétée,Pékin,USA
id_transaction_00000930,Retrait,6089.203187027511,USD,-3.3571793365225764,Complétée,New York,USA
id_transaction_00000951,Carte,27041.26428165602,JPY,1.4007842499844125,Complétée,Casablanca,France
id_transaction_00000753,Carte,571.1856736394274,CNY,2.960893713105705,Complétée,Francfort,Maroc
id_transaction_00000432,Carte,3904.9003417745416,MAD,-14.652767926348233,Complétée,Francfort,Maroc
id_transaction_00000613,Carte,10600.475087979823,CNY,-2.040537563672264,Complétée,Paris,Royaume-Uni
id_transaction_00000537,Retrait,12186.72617957407,EUR,9.211875374866958,En cours,Tokyo,France
id_transaction_00000597,Dépôt,340.5294775506527,USD,8.768441851287635,En attente,Casablanca,USA
id_transaction_00000015,Prélèvement,6080.110336749471,MAD,5.024974441511682,En attente,Johannesburg,USA
id_transaction_00000827,Carte,2068.711377339222,EUR,7.208853891326882,Complétée,Londres,France
id_transaction_00000764,Carte,35187.469892280504,CNY,9.256407460508981,Complétée,Pékin,USA
id_transaction_00000289,Carte,-703.6013671010827,GBP,-14.305125877134223,Complétée,Tokyo,Maroc
id_transaction_00000569,Carte,-767.0544882643895,GBP,-2.5562181282714356,Complétée,Tokyo,Maroc
id_transaction_00000045,Carte,9.052230230546343,EUR,-5.480014636627016,Complétée,New York,France
id_transaction_00000472,Dépôt,803.0410040420459,USD,14.98037002918997,En cours,Washington DC,Allemagne
id_transaction_00000747,Retrait,29683.145888944564,CNY,5.025942535776551,Complétée,Johannesburg,France
id_transaction_00000369,Retrait,5831.188618392131,JPY,-6.67862156634146,Complétée,New York,Japon
id_transaction_00000853,Retrait,1109.2604640997415,CNY,-1.2676776465537172,Complétée,New York,Maroc
id_transaction_00000098,Virement International,-491.69018374138034,USD,-6.4288762958684655,Complétée,Casablanca,Maroc
id_transaction_00000241,Virement International,3696.0977833518878,MAD,11.201071825906347,Complétée,Johannesburg,Maroc
id_transaction_00000260,Virement,1273.2766154630563,GBP,-2.7113417049491657,Complétée,Pékin,Japon
id_transaction_00000847,Dépôt,1694.705608665342,EUR,13.449334962306018,En attente,New York,Royaume-Uni
id_transaction_00000239,Carte,-728.463450006106,USD,-7.519556749737528,En cours,Pékin,USA
id_transaction_00000170,Virement International,1129.7510054493496,CNY,211.74879319097693,En attente,Washington DC,Afrique du Sud
id_transaction_00000740,Prélèvement,467.3161619056897,USD,-2.4448076154572957,Complétée,Johannesburg,UE
id_transaction_00000369,Virement,-22.279021909028756,USD,-9.770194523156466,Complétée,New York,USA
id_transaction_00000099,Virement International,-9.550299109123614,USD,-5.978853768388569,En attente,Paris,Chine
id_transaction_00000948,Dépôt,253.85923247774235,EUR,9.926882389605748,Complétée,Washington DC,Maroc
id_transaction_00000888,Virement,563.9883947971433,ZAR,11.302697170602277,Complétée,Paris,Royaume-Uni
id_transaction_00000271,Carte,-139.29337886907706,EUR,-6.7895465287712,En attente,Washington DC,USA
id_transaction_00000174,Retrait,-855.708251638871,USD,4.06888336171521,Complétée,Pékin,Maroc
id_transaction_00000622,Carte,1400.4327506799975,USD,-3.7962261203287087,Complétée,Paris,Japon
id_transaction_00000782,Virement International,8214.466264509527,CNY,88.64919048948992,Rejetée,Rabat,Allemagne
id_transaction_00000855,Prélèvement,-558.0449431931033,CNY,-4.690037690477436,Complétée,Paris,Royaume-Uni
id_transaction_00000904,Dépôt,1215.385219302104,USD,6.596397347596919,Complétée,Casablanca,Allemagne
id_transaction_00000443,Virement International,-340.84896751755537,EUR,-3.3416206786943095,Complétée,New York,Japon
id_transaction_00000477,Dépôt,-1148.5359607928704,EUR,-1.9214429279017171,Complétée,Casablanca,Royaume-Uni
id_transaction_00000973,Carte,-91.10434299317649,USD,-0.5515334217040975,En cours,Johannesburg,USA
id_transaction_00000797,Virement International,669.8693048463757,JPY,15.45634870724971,En cours,New York,USA
id_transaction_00000189,Retrait,914.434448121955,JPY,12.824630046843698,Complétée,New York,Japon
id_transaction_00000797,Retrait,12100.193963897204,GBP,-6.106122086171827,Complétée,Casablanca,Royaume-Uni
id_transaction_00000709,Retrait,574.9767656000668,USD,7.4963058571699746,Complétée,Tokyo,Royaume-Uni
id_transaction_00000938,Retrait,1669.1660200461342,CNY,-0.9722039524172832,En attente,Francfort,Royaume-Uni
id_transaction_00000889,Carte,677.0662449745128,GBP,-4.705965146120891,Complétée,Tokyo,Maroc
id_transaction_00000318,Retrait,-503.18973983538126,EUR,-3.121359190076878,Complétée,Paris,Maroc
id_transaction_00000364,Retrait,-1040.523541972264,EUR,-10.223753701423863,Complétée,Londres,Royaume-Uni
id_transaction_00000079,Carte,198.94492304640923,JPY,21.228522570754816,Complétée,Francfort,UE
id_transaction_00000013,Carte,1362.8347262546777,JPY,-1.9784542597235815,Complétée,Londres,USA
id_transaction_00000944,Carte,-207.1960039068697,CNY,-8.310332423764027,Complétée,Paris,Afrique du Sud
id_transaction_00000665,Dépôt,104.8856109239374,USD,-4.904892482864047,En attente,New York,USA
id_transaction_00000125,Virement,72219.3847716114,USD,-2.5793662041823726,Complétée,Londres,Royaume-Uni
id_transaction_00000783,Retrait,-390.89659566034845,JPY,2.777548835680248,Complétée,Paris,USA
id_transaction_00000024,Retrait,966.4888898423258,MAD,14.192053675376712,Complétée,New York,Maroc
id_transaction_00000778,Retrait,1195.6006291075928,USD,2.503668353839901,Complétée,New York,Japon
id_transaction_00000532,Carte,80259.00649190233,GBP,5.603518122015903,En cours,New York,USA
id_transaction_00000026,Prélèvement,-231.0768609609529,EUR,1.680573013127597,En attente,Londres,Maroc
id_transaction_00000008,Prélèvement,4331.063317184658,ZAR,6.825146697887556,Complétée,Casablanca,Japon
id_transaction_00000705,Virement,227.96341563582865,USD,-1.6069926820546776,En cours,Paris,Royaume-Uni
id_transaction_00000972,Retrait,-892.896974618783,GBP,3.1394144044364234,Rejetée,Londres,Japon
id_transaction_00000653,Retrait,5106.307255872869,EUR,-3.5755316951456217,Complétée,New York,Japon
id_transaction_00000258,Virement International,-1421.7040358864251,MAD,-12.953481884468196,Complétée,Johannesburg,Royaume-Uni
id_transaction_00000048,Retrait,34526.48316164978,USD,-4.7991878134215815,Complétée,Pékin,Japon
id_transaction_00000143,Prélèvement,-592.4874105801047,CNY,4.573109584796552,Complétée,Pékin,USA
id_transaction_00000725,Virement,79.81600269987945,CNY,-9.493966963916197,En attente,New York,Royaume-Uni
id_transaction_00000203,Retrait,166.16252272602622,GBP,-55.262233233245055,En attente,Paris,Royaume-Uni
id_transaction_00000730,Prélèvement,1784.050658581014,ZAR,11.18787126932574,Complétée,Pékin,Maroc
id_transaction_00000250,Retrait,1555.9305129497016,JPY,-1.6486543080712828,En cours,Tokyo,Maroc
id_transaction_00000237,Virement International,-363.90839437766067,EUR,-4.413303034241282,Complétée,Pékin,Maroc
id_transaction_00000102,Dépôt,4532.125213417659,MAD,4.9139255860659015,Complétée,Paris,Maroc
id_transaction_00000885,Prélèvement,-203.16116356857106,ZAR,-9.223894720384859,En attente,Washington DC,USA
id_transaction_00000159,Virement International,4029.861658328891,JPY,-4.827566203999553,En attente,Londres,Japon
id_transaction_00000653,Carte,5629.501507008934,JPY,1.4387090421602995,Complétée,Londres,USA
id_transaction_00000609,Prélèvement,1780.6612637007158,CNY,-9.876362194203868,Complétée,Tokyo,France
id_transaction_00000850,Virement International,221.81890874985805,EUR,-0.3078743173496905,Complétée,Washington DC,Afrique du Sud
id_transaction_00000033,Virement,482.99120180937445,EUR,-10.67744316152815,Complétée,Washington DC,USA
id_transaction_00000877,Retrait,327.65357947926447,USD,-6.527182961311687,Complétée,Johannesburg,Maroc
id_transaction_00000087,Dépôt,569.8479366325499,JPY,9.82988104795134,Complétée,Pékin,Chine
id_transaction_00000214,Prélèvement,545.5858326122585,CNY,-3.94370916835699,Complétée,Tokyo,France
id_transaction_00000973,Virement,-283.63236735761245,ZAR,3.587354051049085,Complétée,Tokyo,Royaume-Uni
id_transaction_00000864,Dépôt,1843.119618667546,JPY,22.12219483955487,Complétée,New York,Japon
id_transaction_00000589,Prélèvement,58112.62747586755,JPY,6.5640340866041536,Complétée,Francfort,Royaume-Uni
id_transaction_00000232,Virement,-999.6217377385182,USD,-8.553398244676607,En attente,Paris,France
id_transaction_00000270,Retrait,-325.2793427145475,GBP,2.899905277670863,Complétée,Londres,Allemagne
id_transaction_00000013,Carte,1621.9015770158112,CNY,12.512902691387602,Complétée,Pékin,Japon
id_transaction_00000302,Virement,-1458.7708673845677,CNY,-0.17929616602172693,Complétée,New York,UE
id_transaction_00000670,Retrait,694.7738721829678,MAD,-3.9333808251957594,En attente,Londres,Maroc
id_transaction_00000737,Retrait,1536.6945688002265,GBP,10.671648030767535,En cours,Johannesburg,USA
id_transaction_00000832,Retrait,220.1458157049044,CNY,-1.0956434874480205,Complétée,Pékin,Royaume-Uni
id_transaction_00000074,Virement,508.785517983375,GBP,-11.737842107832709,Complétée,Pékin,Royaume-Uni
id_transaction_00000795,Virement,-252.17174576901414,USD,-4.9641406536084665,En attente,Pékin,USA
id_transaction_00000555,Retrait,58.55516731492929,USD,2.7546397768316,Complétée,Casablanca,Allemagne
id_transaction_00000435,Carte,698.8779263377996,CNY,-5.412127777928995,Complétée,Tokyo,Maroc
id_transaction_00000240,Prélèvement,1935.4792027675162,USD,-2.7892742954391716,Complétée,Tokyo,Japon
id_transaction_00000819,Virement International,9393.400602048141,EUR,-4.117331763704736,En attente,Pékin,Allemagne
id_transaction_00000452,Virement,-634.9824487405114,USD,-6.052708537384004,Complétée,Washington DC,Maroc
id_transaction_00000062,Retrait,54.598715107771284,JPY,0.41240034281324345,Rejetée,Casablanca,USA
id_transaction_00000088,Dépôt,1192.5991637911914,USD,7.772522392562507,Complétée,Pékin,Chine
id_transaction_00000104,Retrait,201.62974557061852,CNY,-6.056705183272515,Rejetée,New York,Japon
id_transaction_00000307,Prélèvement,-756.8873347494088,USD,-7.501214069271778,Complétée,New York,USA
id_transaction_00000849,Retrait,15592.725382456822,GBP,1.020802991809064,En cours,Francfort,Maroc
id_transaction_00000004,Retrait,939.8819452033933,EUR,19.03650561092729,Complétée,Francfort,USA
id_transaction_00000414,Virement,27396.106409497646,USD,5.198122095362587,Rejetée,Tokyo,USA
id_transaction_00000571,Virement International,-623.5440526444642,GBP,-3.690572561453023,Complétée,Londres,Maroc
id_transaction_00000189,Prélèvement,-448.7228038643424,USD,1.2516989859044125,Complétée,Casablanca,Maroc
id_transaction_00000236,Dépôt,1117.4609077921382,JPY,6.133974118852304,Complétée,Pékin,Japon
id_transaction_00000596,Retrait,-314.1608476139306,USD,3.9403518111981333,Complétée,New York,Japon
id_transaction_00000186,Retrait,-120.3954133729303,MAD,-1.34548646929868,Complétée,Paris,Chine
id_transaction_00000344,Carte,737.9399321010328,CNY,2.3099001778374815,Complétée,Francfort,Japon
id_transaction_00000467,Virement,1036.1514348772441,JPY,-0.36472430012740986,Complétée,Paris,Japon
id_transaction_00000199,Carte,6098.0064103824125,GBP,1.975530590756362,Complétée,Washington DC,Royaume-Uni
id_transaction_00000101,Virement,-1248.696405035415,USD,-9.718850451239195,En attente,Washington DC,USA
id_transaction_00000612,Dépôt,-342.3494518332467,USD,-9.568005129651247,Complétée,Rabat,USA
id_transaction_00000236,Carte,1522.2430409663145,JPY,17.622992778259455,Complétée,Pékin,Japon
id_transaction_00000575,Retrait,1233.4520383470303,ZAR,6.842516774332543,En attente,Francfort,USA
id_transaction_00000224,Carte,-539.0901124304648,EUR,-7.42159984091795,En attente,Paris,USA
id_transaction_00000133,Retrait,8693.945749818926,ZAR,4.552617817741649,Complétée,Johannesburg,Maroc
id_transaction_00000153,Retrait,4193.774439223202,EUR,5.060359912283864,En attente,Paris,Chine
id_transaction_00000498,Prélèvement,-113.41736741940167,USD,-1.0389934371815244,En attente,Johannesburg,Royaume-Uni
id_transaction_00000853,Carte,304.1059784355468,GBP,-12.201775728988235,En attente,Londres,Royaume-Uni
id_transaction_00000164,Virement International,5522.919049320862,USD,-0.12787743259024165,Complétée,Johannesburg,Maroc
id_transaction_00000910,Carte,-261.08879246569506,CNY,-1.9896589987798734,En attente,Paris,Maroc
id_transaction_00000920,Prélèvement,1475.6214274289155,JPY,5.416020072591175,En attente,Pékin,Chine
id_transaction_00000146,Carte,-286.9195591206761,CNY,5.652035704427703,Complétée,Rabat,USA
id_transaction_00000465,Retrait,-115.86159870850656,JPY,-13.823962984134344,Complétée,Tokyo,Allemagne
id_transaction_00000481,Prélèvement,492.2662785998582,CNY,7.169956495130233,En attente,Casablanca,USA
id_transaction_00000282,Dépôt,-84.56595994209158,USD,5.303583868256574,Complétée,Johannesburg,Afrique du Sud
id_transaction_00000333,Dépôt,66232.20770488153,USD,5.53346617335886,Complétée,Rabat,Royaume-Uni
id_transaction_00000529,Dépôt,1086.280509256047,MAD,-14.437291789816467,Complétée,Londres,Allemagne
id_transaction_00000637,Virement,1146.7676945083083,USD,-4.897164765600679,En cours,Johannesburg,Royaume-Uni
id_transaction_00000216,Virement,-377.80333901799804,GBP,-10.48890630236074,Complétée,New York,Royaume-Uni
id_transaction_00000123,Virement International,706.1310736592287,GBP,-2.6658357625764104,Complétée,Rabat,Japon
id_transaction_00000362,Carte,1394.0856934638894,CNY,17.563434937610435,Rejetée,Casablanca,Chine
id_transaction_00000470,Carte,-960.218172629547,JPY,-5.895220846450758,Complétée,Washington DC,USA
id_transaction_00000882,Retrait,1129.0162086566027,MAD,0.2954658801150849,Complétée,Londres,Royaume-Uni
id_transaction_00000500,Dépôt,467.31150337647637,CNY,-2.8843524767475293,En attente,Pékin,USA
id_transaction_00000949,Carte,117.37413700595226,GBP,-3.8427196992418677,En attente,New York,USA
id_transaction_00000082,Carte,5369.288047071605,EUR,3.6110209994296256,Complétée,Francfort,Royaume-Uni
id_transaction_00000190,Retrait,7848.855300701183,MAD,-9.977995055159617,Complétée,Paris,Royaume-Uni
id_transaction_00000710,Prélèvement,-300.86893028564737,USD,-1.527142944226477,En attente,Pékin,USA
id_transaction_00000453,Retrait,-606.0471249904775,EUR,-10.727929377657912,En attente,Paris,Maroc
id_transaction_00000693,Retrait,532.0906287305504,EUR,10.163525315959788,Complétée,Francfort,Allemagne
id_transaction_00000875,Virement International,995.1252160985669,JPY,4.780556727317149,Complétée,Casablanca,Maroc
id_transaction_00000201,Dépôt,331.4674330305758,MAD,-7.4361763741296825,Complétée,Casablanca,USA
id_transaction_00000977,Dépôt,94.54608094082363,CNY,2.821991728372402,Complétée,Londres,Maroc
id_transaction_00000786,Retrait,-173.36910593290486,MAD,7.487500057706367,En cours,Francfort,France
id_transaction_00000784,Virement,98.05198526731681,CNY,-9.730789278337951,Complétée,Tokyo,Maroc
id_transaction_00000795,Carte,-944.0402559288874,USD,-16.588914365033112,Complétée,New York,Afrique du Sud
id_transaction_00000951,Prélèvement,89.11194471883448,JPY,-20.62576723274314,Complétée,Paris,Royaume-Uni
id_transaction_00000841,Carte,301.32854178602685,CNY,-8.49142317486934,Complétée,Londres,Maroc
id_transaction_00000099,Retrait,-808.1883213663119,USD,-11.039223796548352,Complétée,Pékin,USA
id_transaction_00000116,Virement International,1066.5792686441964,JPY,0.3430297744266708,Complétée,Paris,USA
id_transaction_00000155,Virement,-470.23962972397567,MAD,0.4150931681649057,Complétée,Tokyo,Chine
id_transaction_00000889,Retrait,2246.1087602191756,USD,-2.6507952255917644,Complétée,Pékin,USA
id_transaction_00000716,Dépôt,368.5698419683097,EUR,1.0669871513596156,Rejetée,Washington DC,Chine
id_transaction_00000033,Carte,66.8947741339681,USD,-8.62348586425005,Complétée,Londres,Afrique du Sud
id_transaction_00000447,Prélèvement,1583.959089250926,EUR,-3.6826514257702785,En cours,Pékin,Japon
id_transaction_00000581,Carte,7258.73165394378,JPY,1.5678614357385432,Complétée,Washington DC,Japon
id_transaction_00000768,Retrait,-248.72204863581294,USD,12.253035524356445,En cours,Casablanca,Japon
id_transaction_00000734,Carte,-31.691094492636694,MAD,-15.817353257611533,Complétée,Tokyo,USA
id_transaction_00000379,Prélèvement,4716.092846361762,USD,12.174533702456038,En attente,Casablanca,Royaume-Uni
id_transaction_00000141,Retrait,-505.6503937590526,GBP,-3.611410310856397,Rejetée,Francfort,Maroc
id_transaction_00000299,Prélèvement,-270.92768358459045,USD,-1.3234026957783138,En attente,Tokyo,Maroc
id_transaction_00000389,Virement International,-1409.2091295242822,USD,-13.021392795197645,En cours,Paris,Afrique du Sud
id_transaction_00000316,Retrait,-68.19286647243894,GBP,-5.053535039240624,Complétée,Francfort,Maroc
id_transaction_00000224,Carte,1757.6490714905758,USD,13.5756983224069,Complétée,Londres,France
id_transaction_00000953,Prélèvement,690.0290289274758,ZAR,11.473791797230422,Complétée,Paris,Maroc
id_transaction_00000643,Carte,5736.753991351002,GBP,-4.205196841005431,Complétée,Pékin,Chine
id_transaction_00000404,Carte,707.998783003778,MAD,5.572140524545339,Complétée,Rabat,Japon
id_transaction_00000240,Prélèvement,981.2021291513953,GBP,-1.6640095258004104,Complétée,Londres,Afrique du Sud
id_transaction_00000587,Dépôt,1451.4924380683572,CNY,9.26692345962373,Complétée,Pékin,France
id_transaction_00000844,Virement International,1717.87138457662,USD,8.013376929835923,Complétée,Washington DC,Allemagne
id_transaction_00000733,Prélèvement,2599.1671117642436,USD,-105.4216598663419,Complétée,Pékin,Japon
id_transaction_00000252,Retrait,44.449290858994175,EUR,-18.827964129577197,Complétée,New York,Allemagne
id_transaction_00000633,Carte,289.36816783450615,GBP,46.806806308734195,En attente,Londres,France
id_transaction_00000213,Prélèvement,-703.0231917298644,ZAR,-9.840407413726911,Complétée,Washington DC,USA
id_transaction_00000876,Retrait,74137.78564024402,USD,2.797723479206228,Complétée,Paris,Afrique du Sud
id_transaction_00000469,Prélèvement,13596.286998252315,MAD,-4.14097390842787,Complétée,Paris,USA
id_transaction_00000632,Dépôt,-599.0038836646585,USD,14.894822966417891,Complétée,Pékin,Maroc
id_transaction_00000914,Prélèvement,688.5541320461963,EUR,-0.3532444659616898,En attente,Francfort,Chine
id_transaction_00000048,Retrait,722.5447354061334,GBP,11.395409734403156,Complétée,Casablanca,Maroc
id_transaction_00000470,Carte,3065.2126682927455,JPY,22.71610162986103,Complétée,New York,Maroc
id_transaction_00000538,Dépôt,-1237.9005814626544,CNY,0.9094821730287821,Complétée,New York,Royaume-Uni
id_transaction_00000644,Retrait,1237.8235799024455,JPY,10.19359135740944,Complétée,Washington DC,Japon
id_transaction_00000388,Prélèvement,622.2579411092465,JPY,8.537519049198927,Complétée,Tokyo,Japon
id_transaction_00000300,Carte,-456.7437097037855,JPY,1.539927256115957,En cours,New York,USA
id_transaction_00000744,Carte,851.6153998416528,CNY,4.561357286212342,En cours,Tokyo,Allemagne
id_transaction_00000807,Carte,840.4296991749438,EUR,201.24097306105512,En attente,Casablanca,Chine
id_transaction_00000706,Prélèvement,1144.584517313211,GBP,3.15366009694506,En attente,Londres,Royaume-Uni
id_transaction_00000759,Carte,201.28303776984743,GBP,-15.832598236863294,En attente,Washington DC,Maroc
id_transaction_00000420,Retrait,965.0024573249575,JPY,7.138124132622783,Complétée,Casablanca,Maroc
id_transaction_00000207,Prélèvement,316.46951899735393,USD,-6.082560114886779,Complétée,Casablanca,France
id_transaction_00000205,Virement,1320.1149367414796,JPY,12.49318904513061,Complétée,Londres,USA
id_transaction_00000033,Virement,4844.272934126217,CNY,-11.925435926934647,Complétée,Rabat,Maroc
id_transaction_00000510,Virement,1098.0096962859852,CNY,3.6771395327338974,Complétée,Washington DC,USA
id_transaction_00000243,Dépôt,-521.6442048045491,USD,-5.0136247017621764,Complétée,Pékin,Japon
id_transaction_00000866,Carte,2261.086910692024,CNY,-4.293912758917798,En cours,Londres,USA
id_transaction_00000328,Virement,276.61958670804535,USD,13.927721850012226,Complétée,Francfort,Japon
id_transaction_00000892,Retrait,-607.5139314424194,GBP,1.4110875389462425,En attente,Londres,France
id_transaction_00000046,Retrait,1248.130567305387,USD,-4.241499373770078,En attente,Washington DC,USA
id_transaction_00000197,Carte,5731.267296071688,CNY,-1.331676093504643,Complétée,Johannesburg,France
id_transaction_00000030,Virement International,587.7944928002312,EUR,12.195367772510263,En cours,Tokyo,Allemagne
id_transaction_00000149,Retrait,1293.2499886980768,CNY,13.160317735355324,En cours,Londres,Royaume-Uni
id_transaction_00000809,Carte,400.4151750849618,GBP,0.6456313882928022,Complétée,Pékin,USA
id_transaction_00000686,Retrait,1815.9896606756056,GBP,6.441176936438502,Complétée,Rabat,USA
id_transaction_00000421,Retrait,2528.3105939230604,MAD,-6.57504750601609,Complétée,Paris,Royaume-Uni
id_transaction_00000766,Retrait,1280.050369495038,ZAR,-4.436538298766137,Complétée,Casablanca,Allemagne
id_transaction_00000538,Virement,620.905561973676,USD,0.06490761662766698,Complétée,Pékin,Allemagne
id_transaction_00000258,Prélèvement,458.6732789073666,ZAR,-0.5191538754817211,Complétée,Londres,USA
id_transaction_00000308,Dépôt,12666.48005145112,GBP,-1.5896631934127203,Complétée,Tokyo,Chine
id_transaction_00000575,Retrait,4015.4360147634543,GBP,8.322428246253956,En attente,Londres,Afrique du Sud
id_transaction_00000373,Prélèvement,123.74316298358502,CNY,-1.7711553127924438,Complétée,Tokyo,France
id_transaction_00000992,Virement,-680.3746348075009,USD,6.293279366681125,En attente,New York,USA
id_transaction_00000904,Dépôt,1122.491761273276,GBP,5.565000296940186,Complétée,Pékin,UE
id_transaction_00000850,Prélèvement,390.33732113542555,USD,-2.0116495706784665,Complétée,New York,UE
id_transaction_00000618,Retrait,6232.51943658526,EUR,7.025648691063088,Complétée,Pékin,France
id_transaction_00000728,Carte,-42.008908060160365,JPY,-1.8975692823761152,Rejetée,Washington DC,Chine
id_transaction_00000350,Carte,126.02342533073198,USD,11.596894102737217,En attente,Londres,USA
id_transaction_00000794,Dépôt,746.0676780599565,MAD,4.798739969121458,Complétée,New York,Japon
id_transaction_00000477,Retrait,1732.1230314372438,GBP,9.240110204882361,En attente,Pékin,Maroc
id_transaction_00000922,Virement International,686.534582816695,EUR,-1.371077830735242,Complétée,Washington DC,Royaume-Uni
id_transaction_00000437,Carte,72.1950118149125,JPY,0.9712092062619773,Complétée,Johannesburg,USA
id_transaction_00000497,Retrait,689.2946773018934,JPY,-10.583222334923306,Complétée,Paris,USA
id_transaction_00000583,Prélèvement,-1304.4361340944793,USD,-7.7069090463572385,En attente,Pékin,Afrique du Sud
id_transaction_00000715,Retrait,812.0050061970348,CNY,-4.820784533305583,Rejetée,Tokyo,USA
id_transaction_00000043,Prélèvement,-540.5192925794593,JPY,-5.804645906942807,Complétée,Pékin,Maroc
id_transaction_00000453,Prélèvement,3.9183689385612865,EUR,0.20583147525266288,Complétée,Francfort,France
id_transaction_00000316,Virement,3215.79631471794,MAD,0.5180283464055409,Complétée,Tokyo,Royaume-Uni
id_transaction_00000652,Dépôt,624.6055785389863,USD,-5.504358298933389,En cours,New York,Japon
id_transaction_00000670,Retrait,1213.3845219342645,EUR,2.2358397138649613,Complétée,Paris,Royaume-Uni
id_transaction_00000399,Prélèvement,-735.6684224982984,USD,-9.21213327701787,Complétée,Pékin,USA
id_transaction_00000659,Retrait,2712.908364971298,USD,8.845514331112192,En cours,Pékin,USA
id_transaction_00000341,Virement,303.8627139352402,EUR,6.0495514259138625,Complétée,Paris,Maroc
id_transaction_00000940,Virement International,374.9383985849103,CNY,-1.7065956517749274,Complétée,Francfort,USA
id_transaction_00000914,Prélèvement,76.66487724840073,USD,-7.64742636830642,En cours,Francfort,Royaume-Uni
id_transaction_00000755,Prélèvement,1324.7346880237465,JPY,-0.8376573897079185,Complétée,New York,Japon
id_transaction_00000869,Virement,914.3563099447574,GBP,-6.312796181369895,Complétée,Johannesburg,Royaume-Uni
id_transaction_00000147,Prélèvement,2516.2459718388486,USD,16.343401656567917,En attente,Johannesburg,Royaume-Uni
id_transaction_00000612,Carte,423.4037792363362,GBP,10.197242255346211,Rejetée,Pékin,Japon
id_transaction_00000965,Prélèvement,11719.453492411178,USD,-10.079436502031943,Complétée,New York,Royaume-Uni
id_transaction_00000189,Retrait,-714.9956335825619,USD,-9.98367634541588,Complétée,Paris,France
id_transaction_00000509,Dépôt,30.021771449158905,USD,-10.759570827165923,Complétée,New York,Maroc
id_transaction_00000156,Prélèvement,-115.25613265459481,JPY,-1.4077351309634123,En attente,Paris,France
id_transaction_00000949,Retrait,1211.2469453408876,CNY,-3.9306549283008865,Complétée,Paris,Royaume-Uni
id_transaction_00000831,Retrait,191.78137045560982,EUR,8.0184213423434,Complétée,Tokyo,France
id_transaction_00000522,Retrait,1481.500575974654,CNY,21.731969670870274,Complétée,Londres,Maroc
id_transaction_00000580,Virement International,-95.78699833129701,EUR,-12.291159090772656,Complétée,New York,France
id_transaction_00000203,Virement,345.5141990291026,EUR,-9.034456912206977,Complétée,Tokyo,France
id_transaction_00000599,Carte,-1075.7134256733711,ZAR,-3.5124883142758767,Complétée,Casablanca,UE
id_transaction_00000615,Retrait,-117.14789955278968,USD,-12.01005698649685,Complétée,Paris,Maroc
id_transaction_00000971,Virement International,-291.26098414965827,USD,-3.060433390140539,Complétée,Washington DC,Royaume-Uni
id_transaction_00000317,Prélèvement,-554.1774857086576,EUR,-1.1038732908673907,Complétée,Washington DC,France
id_transaction_00000269,Carte,922.6613695830924,USD,3.4679582638017328,Complétée,Londres,Chine
id_transaction_00000242,Dépôt,5298.556307178327,JPY,41.245471271170395,Complétée,Tokyo,USA
id_transaction_00000164,Virement International,10889.0173986055,EUR,10.442490297026655,Complétée,Francfort,Allemagne
id_transaction_00000521,Dépôt,-468.7319453132759,USD,-8.725197896475908,Complétée,New York,USA
id_transaction_00000807,Dépôt,2886.058816472131,EUR,124.64145809132009,Complétée,New York,Royaume-Uni
id_transaction_00000775,Dépôt,15292.644931699655,USD,8.143109578672302,Complétée,Tokyo,USA
id_transaction_00000989,Retrait,-895.518583405633,USD,-10.202758282325494,Complétée,Johannesburg,Maroc
id_transaction_00000499,Carte,-355.5562841678276,MAD,-7.722449665161936,Complétée,Casablanca,Japon
id_transaction_00000762,Carte,-270.317998120163,CNY,-13.323233763569949,Complétée,Pékin,Maroc
id_transaction_00000377,Dépôt,643.7465665967634,JPY,-2.292905507738597,Complétée,Tokyo,USA
id_transaction_00000504,Carte,1833.3130892660006,MAD,5.354830913871942,En attente,Francfort,Maroc
id_transaction_00000831,Prélèvement,-541.8299421321314,JPY,0.20346084690530297,Complétée,Paris,UE
id_transaction_00000351,Retrait,1355.9440030704359,USD,2.119364745183824,Rejetée,Londres,Chine
id_transaction_00000751,Retrait,896.7032851190636,USD,4.825960448556347,Rejetée,Pékin,USA
id_transaction_00000008,Retrait,-366.23758640271467,MAD,2.5840865714525196,Complétée,Rabat,Maroc
id_transaction_00000575,Virement,999.4877381801276,ZAR,-6.375022795339153,Complétée,Washington DC,France
id_transaction_00000380,Retrait,752.4011293746173,CNY,-11.613096246845181,Complétée,Pékin,Japon
id_transaction_00000908,Carte,225.90852400448466,EUR,3.411276269431,Complétée,New York,Maroc
id_transaction_00000235,Prélèvement,-187.18316169388845,USD,-3.524596507762584,Complétée,Francfort,Maroc
id_transaction_00000100,Virement,915.2454265651141,CNY,-1.4227511148326446,Complétée,Londres,USA
id_transaction_00000256,Retrait,209.42059676148438,USD,-0.6320786641076808,En attente,New York,USA
id_transaction_00000300,Carte,857.148440594538,MAD,11.82646021992834,Complétée,Paris,USA
id_transaction_00000429,Carte,-45.532154550975065,CNY,-2.8427995859563255,En attente,Tokyo,USA
id_transaction_00000449,Retrait,254.89502262334224,MAD,0.3528735693714786,Complétée,Londres,Afrique du Sud
id_transaction_00000077,Carte,2439.2920564431697,GBP,-12.923154277176796,Rejetée,Washington DC,France
id_transaction_00000961,Carte,-660.6481551529324,USD,-7.07971624889436,Complétée,Casablanca,Maroc
id_transaction_00000091,Carte,-442.5679613581176,CNY,-56.3686568265788,Rejetée,New York,Japon
id_transaction_00000193,Prélèvement,-152.56899920812077,CNY,-8.878119710110244,En attente,New York,Maroc
id_transaction_00000551,Carte,1181.115631615682,JPY,4.145057397949232,Complétée,Londres,Royaume-Uni
id_transaction_00000738,Virement International,90.98857593343638,JPY,7.67932853759113,En attente,Washington DC,Japon
id_transaction_00000895,Virement,165.8618994043282,USD,-5.929120180408822,En attente,New York,USA
id_transaction_00000463,Carte,1224.1198061919958,GBP,-3.4939151351756346,Complétée,Casablanca,Afrique du Sud
id_transaction_00000262,Dépôt,161.9168667026944,USD,-5.231890873939281,Complétée,New York,Royaume-Uni
id_transaction_00000822,Retrait,-115.21235143172066,ZAR,-4.571319869865886,Complétée,Londres,Royaume-Uni
id_transaction_00000006,Carte,536.4586379812911,EUR,-1.8450932617298914,Complétée,Johannesburg,USA
id_transaction_00000586,Retrait,897.8624229950519,MAD,-0.27957309370587335,Complétée,Pékin,USA
id_transaction_00000335,Retrait,11007.643923197684,USD,-7.498153448272904,En attente,Rabat,Afrique du Sud
id_transaction_00000235,Prélèvement,680.1561115531371,JPY,13.666300320450205,Complétée,Rabat,Maroc
id_transaction_00000583,Dépôt,44474.97434782515,EUR,3.545964012553991,Rejetée,Tokyo,USA
id_transaction_00000741,Carte,688.0118603745498,JPY,4.458481110611298,Complétée,Paris,Royaume-Uni
id_transaction_00000684,Prélèvement,469.9276697528016,USD,-3.7317596609329664,Complétée,Tokyo,Japon
id_transaction_00000966,Carte,235.73034393037605,GBP,-3.7558257227099707,Complétée,Londres,USA
id_transaction_00000697,Retrait,770.5292460025863,GBP,-2.6922554158451826,Complétée,Johannesburg,Afrique du Sud
id_transaction_00000024,Carte,655.5471545688688,JPY,2.7915852003528863,En attente,Pékin,Japon
id_transaction_00000772,Carte,243.56100854982375,JPY,-1.2254177262554062,Complétée,Londres,Maroc
id_transaction_00000782,Retrait,99615.17122912486,USD,-1.2207365996392499,En attente,Casablanca,Maroc
id_transaction_00000340,Virement,200.59312332175205,GBP,-6.776647624751386,Complétée,Tokyo,Japon
id_transaction_00000941,Virement,459.4554116069899,EUR,-1.9437216230934267,Complétée,New York,Allemagne
id_transaction_00000259,Carte,878.197763511067,EUR,2.0210345287931655,En cours,Francfort,Royaume-Uni
id_transaction_00000318,Virement International,610.1566427175196,USD,15.981015712090176,En attente,Washington DC,Royaume-Uni
id_transaction_00000466,Retrait,2630.762945715861,CNY,12.33811307143174,Complétée,Francfort,USA
id_transaction_00000096,Carte,677.0602642504332,EUR,18.8366673034939,Complétée,Tokyo,Royaume-Uni
id_transaction_00000111,Virement,-452.57183529919655,EUR,6.995237026932695,Complétée,Francfort,Maroc
id_transaction_00000227,Retrait,139.0295840495928,MAD,-3.811770747805311,Complétée,Francfort,Allemagne
id_transaction_00000906,Dépôt,-913.2123338519814,EUR,0.5012109655993475,Complétée,Pékin,Maroc
id_transaction_00000190,Virement International,725.1016788235659,CNY,3.098806808588635,Complétée,Tokyo,USA
id_transaction_00000402,Carte,21008.272761208424,JPY,4.801500628717999,Complétée,Rabat,USA
id_transaction_00000191,Dépôt,-25.4093212792464,JPY,2.122292829467865,Rejetée,Tokyo,Royaume-Uni
id_transaction_00000908,Virement,39984.70937142789,CNY,1.276659482600047,Complétée,Pékin,Royaume-Uni
id_transaction_00000817,Virement International,-33.9967120130662,GBP,-2.0533297368026293,Complétée,Pékin,Japon
id_transaction_00000796,Dépôt,212.18659455038602,USD,10.085567170186394,En attente,Londres,Maroc
id_transaction_00000916,Virement International,6.306168188576748,GBP,-12.919161639960187,En cours,Pékin,Japon
id_transaction_00000412,Carte,5936.224006247615,MAD,2.709375356941074,Complétée,Washington DC,France
id_transaction_00000031,Dépôt,1625.7834346902741,JPY,11.304971089739947,Rejetée,Rabat,Royaume-Uni
id_transaction_00000529,Carte,554.9404012112692,MAD,7.4087527046518264,Complétée,Tokyo,Maroc
id_transaction_00000909,Retrait,-364.0158538601528,JPY,-5.511151995643071,Complétée,Johannesburg,Maroc
id_transaction_00000789,Virement,1843.663883913886,GBP,16.737420031041886,En attente,Francfort,USA
id_transaction_00000868,Prélèvement,677.7220729832957,EUR,1.357262600204248,Complétée,New York,Royaume-Uni
id_transaction_00000208,Virement,-1116.7555156292178,USD,-10.936048599077452,En attente,Casablanca,USA
id_transaction_00000175,Prélèvement,511.6368039944671,EUR,11.984326730356534,Complétée,Rabat,Allemagne
id_transaction_00000763,Dépôt,5163.961484202347,USD,6.19852501090003,Complétée,Casablanca,USA
id_transaction_00000143,Dépôt,35720.03291701735,USD,8.636918578820037,Complétée,Londres,Chine
id_transaction_00000730,Carte,525.8516641465553,EUR,-0.4477053117967964,Complétée,New York,Maroc
id_transaction_00000920,Dépôt,117872.85646035988,JPY,6.014767365539436,En attente,Paris,Maroc
id_transaction_00000652,Dépôt,46.912071743587205,CNY,1.6600330793743447,Complétée,New York,Japon
id_transaction_00000676,Carte,1386.8072490344603,MAD,7.899316434351098,Complétée,Tokyo,Royaume-Uni
id_transaction_00000563,Retrait,-1161.237313221357,JPY,-4.329067809349861,Complétée,Washington DC,UE
id_transaction_00000732,Prélèvement,-94.46299376368984,JPY,1.1302585254439128,Complétée,Washington DC,France
id_transaction_00000147,Carte,770.8907991605388,CNY,4.606585377513737,Complétée,Pékin,Royaume-Uni
id_transaction_00000766,Virement,15160.35584285494,EUR,7.189815330472759,Complétée,Pékin,Maroc
id_transaction_00000510,Prélèvement,1402.7081556282342,EUR,11.806109194838573,Complétée,Pékin,USA
id_transaction_00000555,Virement,909.2293213734613,GBP,5.856578720742437,Complétée,Francfort,Allemagne
id_transaction_00000330,Virement International,1053.950650391022,JPY,9.958160052138451,Complétée,Casablanca,France
id_transaction_00000005,Dépôt,-849.2717834182695,USD,1.36739126139625,Complétée,New York,Allemagne
id_transaction_00000028,Dépôt,262.39078604942523,MAD,-11.521727590300195,Complétée,New York,Royaume-Uni
id_transaction_00000361,Virement International,4457.0682166858005,EUR,4.7053093832834865,Complétée,Paris,USA
id_transaction_00000699,Prélèvement,979.363124239741,USD,7.163372877882532,En attente,Londres,Royaume-Uni
id_transaction_00000614,Retrait,-23.143536542492825,EUR,-5.312445135854648,Complétée,Paris,Royaume-Uni
id_transaction_00000781,Retrait,303.8946498405197,EUR,8.28608211918235,Complétée,Tokyo,France
id_transaction_00000726,Dépôt,78.85451904493027,USD,-1.3267840105295257,Complétée,Londres,Maroc
id_transaction_00000853,Virement,-233.13268163681403,EUR,-9.535812487756406,Complétée,Washington DC,Maroc
id_transaction_00000637,Carte,2085.4401323242328,JPY,17.530674066473168,En cours,Francfort,Royaume-Uni
id_transaction_00000273,Carte,8192.320638851383,JPY,7.598028412159582,En attente,Londres,Royaume-Uni
id_transaction_00000670,Dépôt,-754.6411373678933,JPY,3.756185030761313,En cours,Londres,Japon
id_transaction_00000073,Retrait,4929.270763385488,USD,4.736612663735077,Rejetée,Washington DC,USA
id_transaction_00000086,Virement,5129.686111667891,EUR,11.719285871148987,Complétée,Paris,Afrique du Sud
id_transaction_00000847,Carte,91225.94771821602,USD,3.629050752944852,Complétée,Paris,Japon
id_transaction_00000417,Retrait,247.76745115249113,MAD,7.120410187291012,Complétée,Francfort,UE
id_transaction_00000224,Prélèvement,-1285.5497429446095,JPY,-12.819520086772862,Complétée,New York,Maroc
id_transaction_00000584,Retrait,-833.7966592797944,USD,7.311848949104087,Complétée,Francfort,USA
id_transaction_00000358,Virement International,316.20576712993324,USD,-11.453253461168206,Complétée,Paris,USA
id_transaction_00000006,Carte,1135.9677519835805,GBP,-10.720578475553545,En cours,New York,Royaume-Uni
id_transaction_00000344,Virement,371.6776265253052,USD,9.01394268984004,En attente,Casablanca,Royaume-Uni
id_transaction_00000275,Virement International,97.95733885712474,JPY,-8.119749137589512,Complétée,Washington DC,France
id_transaction_00000425,Retrait,1626.80623528336,ZAR,17.559039428867454,Complétée,Londres,Royaume-Uni
id_transaction_00000847,Carte,63.938283508847576,MAD,-16.65258410088789,En cours,Rabat,Maroc
id_transaction_00000644,Virement,438.0995650892931,JPY,13.463412415865676,Complétée,Paris,USA
id_transaction_00000030,Prélèvement,5.695166577749887,JPY,-1.4782541838505452,Complétée,Londres,UE
id_transaction_00000645,Dépôt,4260.542254474032,USD,-7.9430769450906284,Complétée,Tokyo,USA
id_transaction_00000669,Retrait,688.8673168239709,EUR,282.92730787259717,En cours,Washington DC,Japon
id_transaction_00000365,Carte,274.6837289054705,GBP,9.541604423134952,Complétée,New York,Maroc
id_transaction_00000822,Virement,-910.9051090183715,GBP,-15.869778668774963,Rejetée,Washington DC,Royaume-Uni
id_transaction_00000832,Dépôt,2160.444063970171,JPY,7.561099273867907,Complétée,New York,Royaume-Uni
id_transaction_00000121,Prélèvement,417.4799954241957,EUR,-1.9030877203362664,Complétée,New York,Royaume-Uni
id_transaction_00000623,Retrait,695.9034935404402,USD,9.909702223992223,Complétée,Rabat,Royaume-Uni
id_transaction_00000439,Virement International,17089.984412594225,CNY,6.9932033775672835,En attente,Rabat,Maroc
id_transaction_00000484,Retrait,3260.664696346569,JPY,-8.717234669738168,Complétée,Paris,USA
id_transaction_00000147,Prélèvement,1017.8817357358693,CNY,15.761712296057851,En attente,Rabat,Maroc
id_transaction_00000609,Carte,-387.8597039742999,EUR,-10.42911395440532,Complétée,Johannesburg,Japon
id_transaction_00000466,Virement,535.3885780506616,GBP,-6.201455319230091,Complétée,Washington DC,France
id_transaction_00000134,Prélèvement,-1942.457598618228,MAD,-12.385376910873568,Complétée,Tokyo,UE
id_transaction_00000052,Dépôt,505.646431400432,MAD,6.955380430711964,Complétée,Rabat,UE
id_transaction_00000742,Virement International,8189.22478932411,EUR,-0.723941389464863,Complétée,Tokyo,France
id_transaction_00000741,Virement International,-810.6369042170982,EUR,0.595584622820537,En attente,Tokyo,USA
id_transaction_00000336,Carte,1247.6047928408968,GBP,-8.552439169923524,Complétée,Londres,Royaume-Uni
id_transaction_00000369,Retrait,981.8893898330109,GBP,8.305793510561399,En attente,Londres,Afrique du Sud
id_transaction_00000442,Carte,872.7336268932092,USD,17.79031474354174,Rejetée,Pékin,Chine
id_transaction_00000187,Carte,1296.1396268281455,USD,5.840847690022288,Rejetée,Tokyo,Chine
id_transaction_00000502,Retrait,1395.31319353227,USD,15.531857053405638,Complétée,New York,Chine
id_transaction_00000587,Carte,-272.6505192214038,CNY,-1.803082380173631,Complétée,Tokyo,Maroc
id_transaction_00000622,Prélèvement,908.971859911626,EUR,4.70501831612194,En attente,Francfort,Japon
id_transaction_00000312,Retrait,-407.45658191871576,GBP,-17.65024031671552,Complétée,Londres,Allemagne
id_transaction_00000042,Virement International,-97.1570680228831,CNY,16.432358094794537,Complétée,Tokyo,Maroc
id_transaction_00000279,Carte,1778.0369534210304,MAD,-0.6550578747146529,Complétée,Paris,Chine
id_transaction_00000481,Virement,-680.9147967738894,JPY,-5.6378981839108055,Complétée,New York,Chine
id_transaction_00000458,Prélèvement,486.11824226562146,JPY,6.449053726188307,En attente,Pékin,Maroc
id_transaction_00000848,Dépôt,1279.0414915331767,MAD,6.150037305621017,Complétée,Tokyo,Chine
id_transaction_00000621,Virement International,356.7444255283717,JPY,-6.367505533350758,Complétée,Rabat,France
id_transaction_00000683,Dépôt,-160.98618124434768,USD,0.28222924548733896,En attente,Rabat,USA
id_transaction_00000316,Retrait,3760.3802844173533,USD,-7.415419471009614,Complétée,New York,France
id_transaction_00000931,Prélèvement,1132.96008005259,MAD,7.992774861668155,Complétée,Pékin,Maroc
id_transaction_00000244,Virement,-5210.49694785807,CNY,-4.226369643835562,Complétée,Casablanca,USA
id_transaction_00000665,Prélèvement,7370.732895392731,USD,17.25498567360402,Complétée,Pékin,Japon
id_transaction_00000002,Carte,1019.5280413305763,JPY,0.9933871835720929,Complétée,Paris,USA
id_transaction_00000908,Virement,-381.07829836158487,MAD,-17.38096780322908,Complétée,Paris,Afrique du Sud
id_transaction_00000713,Virement,682.5980470013749,ZAR,4.7706072662863654,Complétée,Pékin,USA
id_transaction_00000179,Retrait,-678.6596960490839,USD,-12.568783672171548,Complétée,Washington DC,USA
id_transaction_00000405,Dépôt,870.7375360377678,USD,5.659405679041368,En attente,Tokyo,Afrique du Sud
id_transaction_00000747,Prélèvement,-1119.8922796008678,EUR,-6.405669092046941,Complétée,New York,France
id_transaction_00000804,Retrait,1014.6732030752638,USD,13.411700548301194,Complétée,Casablanca,Japon
id_transaction_00000302,Retrait,508.6638760556747,GBP,-0.5461492742527376,Complétée,New York,Royaume-Uni
id_transaction_00000245,Prélèvement,654.5729739721842,GBP,-4.38768361210139,Rejetée,Johannesburg,Maroc
id_transaction_00000330,Dépôt,-274.4545688330976,MAD,-1.2185012639686574,Complétée,Francfort,Japon
id_transaction_00000743,Carte,671.845092208097,USD,3.663912042888933,Complétée,Londres,Royaume-Uni
id_transaction_00000099,Retrait,-835.0981787306619,EUR,47.885471481318454,En cours,Johannesburg,Allemagne
id_transaction_00000087,Carte,1505.819477518608,JPY,8.998195874974268,Complétée,Londres,France
id_transaction_00000690,Carte,8231.654669569307,MAD,11.641852861395044,Complétée,Johannesburg,Royaume-Uni
id_transaction_00000549,Retrait,6810.441914197067,JPY,10.719809718276839,Rejetée,Londres,Allemagne
id_transaction_00000151,Retrait,-1661.0069811419116,USD,-10.7548005075999,Complétée,Londres,UE
id_transaction_00000745,Carte,480.8487501516689,CNY,-1.5705563598652272,En attente,Rabat,Maroc
id_transaction_00000294,Dépôt,2023.6214110680542,MAD,-5.7929105199431925,Complétée,Paris,USA
id_transaction_00000306,Virement,-332.44475339438134,EUR,-10.063014977576291,En attente,New York,USA
id_transaction_00000565,Carte,277.39824214404274,JPY,-6.896829612775954,Complétée,Pékin,Japon
id_transaction_00000721,Retrait,715.6301861010439,EUR,17.771217430590017,Complétée,Paris,Maroc
id_transaction_00000437,Retrait,395.01768289489416,EUR,-6.5695756688668245,Complétée,Paris,Royaume-Uni
id_transaction_00000113,Retrait,-169.915382940129,JPY,-5.25219279279822,Complétée,Rabat,USA
id_transaction_00000932,Virement,1222.4440221235864,GBP,9.933907086033912,En attente,Pékin,Royaume-Uni
id_transaction_00000554,Dépôt,-504.2742465679163,USD,-12.596146866589777,Complétée,Washington DC,Royaume-Uni
id_transaction_00000477,Dépôt,-345.2116831500573,USD,0.2731962044351599,Complétée,Pékin,France
id_transaction_00000300,Prélèvement,24260.013306688594,CNY,-2.433437518684954,Complétée,New York,USA
id_transaction_00000224,Virement International,-687.0077803993426,USD,3.6229737316090462,Complétée,New York,Japon
id_transaction_00000559,Dépôt,-343.7716641483619,USD,-3.9737942509981865,Complétée,New York,France
id_transaction_00000156,Carte,-641.1756143330714,CNY,-12.41479054097081,Complétée,Washington DC,Afrique du Sud
id_transaction_00000597,Prélèvement,1352.8141295122887,ZAR,188.5625963035397,Complétée,Casablanca,Japon
id_transaction_00000640,Virement,369.4652860421596,USD,-7.579046442964178,Complétée,Washington DC,Japon
id_transaction_00000158,Carte,817.4039161477459,CNY,-2.951910624349405,Complétée,Londres,Japon
id_transaction_00000789,Prélèvement,30.915589695103677,JPY,7.260931174389633,Complétée,Londres,Royaume-Uni
id_transaction_00000705,Virement,506.9283676709936,USD,16.003427194538713,Complétée,Londres,USA
id_transaction_00000438,Retrait,2113.0419464079705,EUR,-1.065622543557292,En attente,Paris,Afrique du Sud
id_transaction_00000090,Dépôt,26084.879281027177,CNY,5.627535046244333,En cours,Washington DC,USA
id_transaction_00000798,Prélèvement,169.0259347035775,USD,4.830881093318781,En attente,New York,Allemagne
id_transaction_00000834,Retrait,4655.985345986237,USD,16.75740025398051,Complétée,New York,USA
id_transaction_00000841,Carte,437.58388247817857,EUR,-3.345427914835345,En attente,Tokyo,Japon
id_transaction_00000143,Retrait,-544.0293776062799,EUR,-2.0300393530390917,Complétée,Washington DC,France
id_transaction_00000601,Retrait,17751.092682434497,JPY,-1.4810036316928539,Complétée,Londres,France
id_transaction_00000417,Virement,5702.7835895015605,JPY,47.84963099299406,Complétée,Casablanca,Chine
id_transaction_00000844,Carte,1394.866323119486,ZAR,3.4793021789356997,Complétée,Londres,Afrique du Sud
id_transaction_00000204,Retrait,4804.468326941234,GBP,19.985700992104764,Complétée,Casablanca,Maroc
id_transaction_00000286,Virement,1697.7008481888683,JPY,17.329088980257513,Complétée,Francfort,USA
id_transaction_00000851,Virement International,1592.632067527717,EUR,5.422308206874687,En attente,Washington DC,USA
id_transaction_00000014,Virement,6041.713568161327,ZAR,1.5375456039208601,Complétée,Tokyo,Maroc
id_transaction_00000192,Dépôt,466.94300536881894,USD,-0.29014797018921445,Complétée,Londres,Maroc
id_transaction_00000114,Prélèvement,-447.7322101478535,USD,-14.32037686939384,Complétée,Francfort,Afrique du Sud
id_transaction_00000041,Prélèvement,-7.09340217313968,USD,1.0198574463236554,Complétée,Pékin,Maroc
id_transaction_00000137,Prélèvement,75524.71229848055,CNY,-0.7308558474156603,Complétée,Londres,UE
id_transaction_00000179,Retrait,679.8622818694713,JPY,-5.112396373146287,Complétée,Pékin,Allemagne
id_transaction_00000868,Carte,428.89334602846617,GBP,0.07798941630311162,En attente,Tokyo,Royaume-Uni
id_transaction_00000053,Prélèvement,632.9479918466709,EUR,-2.008851517689319,Complétée,Johannesburg,Maroc
id_transaction_00000326,Carte,10382.45340993328,ZAR,-2.344263108923542,Complétée,Casablanca,Japon
id_transaction_00000283,Prélèvement,1639.365601009813,ZAR,6.630436483987643,Rejetée,Rabat,Japon
id_transaction_00000317,Carte,194.88346945371092,USD,3.397979379453694,En cours,Johannesburg,USA
id_transaction_00000188,Virement International,2049.680279811809,USD,21.20036565929955,Complétée,Pékin,Chine
id_transaction_00000002,Prélèvement,65410.28963463103,ZAR,8.153522855569506,Complétée,Londres,Japon
id_transaction_00000644,Carte,-317.935400646654,MAD,-11.721268253844698,En attente,Paris,Maroc
id_transaction_00000597,Carte,83648.67837250198,CNY,-6.395197438865133,Complétée,Johannesburg,USA
id_transaction_00000368,Dépôt,229.54331390264838,USD,11.232614561868717,Complétée,Pékin,Maroc
id_transaction_00000620,Carte,2955.8936320266816,USD,-9.249443990766427,Complétée,Washington DC,Royaume-Uni
id_transaction_00000988,Dépôt,1827.9432119564526,GBP,7.876222976594855,Complétée,Londres,Japon
id_transaction_00000512,Virement International,1189.3684889029255,USD,-0.9334506178671917,Complétée,Tokyo,Royaume-Uni
id_transaction_00000833,Prélèvement,7735.132722975524,GBP,13.23200782152248,En cours,New York,Japon
id_transaction_00000965,Retrait,25324.677887340764,USD,12.472573948779152,Complétée,Pékin,Japon
id_transaction_00000205,Carte,106336.00888950977,JPY,-1.1482638202827955,Complétée,Pékin,Chine
id_transaction_00000545,Carte,4921.004745033889,JPY,0.4370852433154626,Complétée,Londres,Royaume-Uni
id_transaction_00000639,Carte,771.3342630767598,GBP,-7.527607165089186,En attente,Casablanca,Maroc
id_transaction_00000300,Virement International,362.24299074073997,USD,4.322060994870697,Complétée,Washington DC,USA
id_transaction_00000088,Retrait,-431.3202516492304,JPY,-4.7230581231204996,Complétée,Londres,UE
id_transaction_00000886,Carte,-169.63976640001954,USD,-6.690327890469768,Complétée,Casablanca,USA
id_transaction_00000833,Carte,2513.3880760631187,GBP,22.743031887713602,Complétée,Pékin,Chine
id_transaction_00000464,Prélèvement,86.36588267686494,USD,12.755314597695808,Rejetée,Pékin,Afrique du Sud
id_transaction_00000998,Virement,56.78274392700922,USD,-4.051809019262229,Complétée,Casablanca,Allemagne
id_transaction_00000100,Dépôt,207.89700246342719,USD,-3.684210799141021,Complétée,Pékin,USA
id_transaction_00000513,Carte,20000.052384835533,GBP,-0.9876914563192498,Complétée,Francfort,Royaume-Uni
id_transaction_00000188,Prélèvement,829.237698106248,USD,15.746438253934784,Complétée,Pékin,Afrique du Sud
id_transaction_00000131,Prélèvement,2361.853340105252,CNY,-2.3867154454732553,Complétée,Johannesburg,Maroc
id_transaction_00000928,Retrait,598.3696420214786,EUR,4.873668529785488,Complétée,Casablanca,Maroc
id_transaction_00000337,Dépôt,-402.14515699337653,CNY,-13.233393413188448,Complétée,New York,Royaume-Uni
id_transaction_00000684,Carte,1134.007268064253,JPY,2.1074579874603043,Rejetée,Tokyo,Maroc
id_transaction_00000231,Retrait,-105.16059298781659,USD,0.6849805117046577,Complétée,Francfort,UE
id_transaction_00000048,Virement,1053.4176110992655,EUR,14.71645310136757,Complétée,Rabat,Royaume-Uni
id_transaction_00000477,Retrait,-190.70976055705682,USD,-8.094494504592905,Complétée,New York,Japon
id_transaction_00000588,Dépôt,2203.92288285394,GBP,7.426397375122254,En attente,New York,Royaume-Uni
id_transaction_00000566,Retrait,-736.6461644322989,CNY,-12.800258418273067,En attente,Tokyo,Maroc
id_transaction_00000448,Prélèvement,-444.90435347818016,USD,8.724803198396266,En attente,Tokyo,USA
id_transaction_00000625,Prélèvement,-235.52946165049605,JPY,-9.857098521368123,Complétée,Casablanca,Chine
id_transaction_00000172,Virement,3374.9645829752694,USD,3.071729232043582,Complétée,Francfort,Allemagne
id_transaction_00000175,Virement,990.4969098647039,USD,3.2359131588508396,Complétée,New York,France
id_transaction_00000568,Retrait,944.7722419911132,USD,1.2917413590137055,Complétée,Casablanca,Maroc
id_transaction_00000920,Retrait,-22.76678263359645,ZAR,5.119250778827071,Complétée,Pékin,USA
id_transaction_00000020,Carte,1460.586622586322,MAD,-1.2005744832129706,Complétée,Washington DC,Royaume-Uni
id_transaction_00000298,Carte,-423.1058722890755,MAD,-2.7571001936518877,Complétée,New York,UE
id_transaction_00000510,Carte,592.0791783708335,JPY,8.687887589372266,Complétée,Rabat,France
id_transaction_00000551,Dépôt,-47.67708608011321,USD,11.480299374982941,Complétée,Casablanca,USA
id_transaction_00000990,Retrait,-988.1972773102292,EUR,8.455387374889247,Complétée,Johannesburg,Maroc
id_transaction_00000479,Dépôt,-553.0897294197425,CNY,-10.625950768750425,En cours,Pékin,Maroc
id_transaction_00000537,Dépôt,135369.77255734938,EUR,5.839084813916908,Complétée,Tokyo,Allemagne
id_transaction_00000044,Carte,76478.74181770597,USD,4.847657510508952,En cours,Pékin,USA
id_transaction_00000067,Carte,-239.44499718870804,USD,0.822008442322737,Rejetée,Pékin,USA
id_transaction_00000173,Carte,989.0882461154647,CNY,11.44526809229592,Complétée,Pékin,Maroc
id_transaction_00000060,Dépôt,509.5801813721682,MAD,-4.981129405138566,Complétée,Casablanca,France
id_transaction_00000712,Carte,740.0492115468226,EUR,12.330461518934555,Complétée,Rabat,Royaume-Uni
id_transaction_00000929,Dépôt,-759.3971485126862,JPY,-8.361377849624429,Complétée,Rabat,Maroc
id_transaction_00000563,Virement,397.85232352505267,USD,5.145632169635695,Complétée,Tokyo,France
id_transaction_00000270,Dépôt,401.6157621528323,EUR,9.508018266669403,Complétée,Johannesburg,Maroc
id_transaction_00000526,Carte,53.438919158583246,USD,-8.352600862490132,Complétée,Casablanca,USA
id_transaction_00000782,Dépôt,853.1976013646715,USD,13.439212564663869,Complétée,Washington DC,Royaume-Uni
id_transaction_00000647,Carte,30993.305185867615,USD,11.896446620536198,En attente,Londres,USA
id_transaction_00000033,Dépôt,2841.844763845096,GBP,-0.4785986429106819,Complétée,Tokyo,Maroc
id_transaction_00000709,Virement,-1173.9832643233676,MAD,-16.505066979148424,Complétée,Washington DC,Royaume-Uni
id_transaction_00000180,Prélèvement,16575.26982080577,USD,-5.375577709674261,Complétée,New York,Afrique du Sud
id_transaction_00000606,Virement International,1346.006478391962,JPY,10.491908703177932,Complétée,Paris,Japon
id_transaction_00000569,Dépôt,992.7408233451144,CNY,6.524911077341895,Complétée,Casablanca,Maroc
id_transaction_00000960,Dépôt,103865.05106118432,CNY,-1.4489828616059066,Complétée,Tokyo,Maroc
id_transaction_00000106,Dépôt,265.4822397457665,GBP,1.845969813727876,Rejetée,Francfort,Japon
id_transaction_00000031,Carte,111.83230904034173,MAD,-9.775780607455001,Complétée,New York,USA
id_transaction_00000986,Dépôt,-475.2382763285166,USD,-0.6580157734959817,Complétée,Casablanca,Maroc
id_transaction_00000559,Virement International,-742.9336646031479,USD,-9.429281029733694,Complétée,Paris,Afrique du Sud
id_transaction_00000382,Prélèvement,-245.30099704189274,EUR,-9.571778292081099,En attente,New York,Allemagne
id_transaction_00000819,Dépôt,-1098.1712187881985,MAD,-9.604312673255777,Complétée,Rabat,USA
id_transaction_00000665,Carte,49.60784925106208,USD,-11.089834281507148,Complétée,New York,Royaume-Uni
id_transaction_00000527,Retrait,1343.830423871497,GBP,15.481002039460684,Rejetée,Londres,Maroc
id_transaction_00000827,Carte,109.08295663237368,CNY,-7.232879585010925,Complétée,Londres,Maroc
id_transaction_00000862,Retrait,-159.9230833453272,JPY,6.13115708730711,Rejetée,Washington DC,Maroc
id_transaction_00000728,Retrait,2008.5668916943644,JPY,6.287919960251674,En cours,Francfort,Royaume-Uni
id_transaction_00000569,Carte,922.045838880244,JPY,2.611093745697254,En cours,Washington DC,Japon
id_transaction_00000301,Carte,29670.29172971297,MAD,2.4251372185261957,Rejetée,Washington DC,USA
id_transaction_00000016,Dépôt,880.9201349178475,JPY,-6.865829550772619,Complétée,Paris,USA
id_transaction_00000375,Virement International,-61.49557809872067,ZAR,-8.513984982514284,Complétée,Casablanca,USA
id_transaction_00000147,Carte,207.25931017782426,EUR,3.146316084745526,En attente,Tokyo,USA
id_transaction_00000781,Virement International,760.4973458852379,CNY,-13.689435963700511,Complétée,Washington DC,USA
id_transaction_00000322,Carte,-557.5369881033117,GBP,-9.179665038929613,Complétée,New York,Royaume-Uni
id_transaction_00000456,Virement International,-801.0425754620925,JPY,-11.53410837347639,Complétée,New York,USA
id_transaction_00000011,Virement International,-49.371005206327936,JPY,-0.7258209555039556,Complétée,Francfort,France
id_transaction_00000486,Retrait,3263.477991391303,CNY,-10.487355948501783,Rejetée,Pékin,Japon
id_transaction_00000540,Dépôt,1129.143952277721,JPY,13.744681882193483,Complétée,Tokyo,Royaume-Uni
id_transaction_00000526,Dépôt,1550.9909380923805,USD,-4.49092495265871,Complétée,New York,Afrique du Sud
id_transaction_00000613,Virement International,4330.2563314275,GBP,3.896180255485496,En attente,Casablanca,France
id_transaction_00000862,Dépôt,56.06052794543314,GBP,4.375139882190017,Complétée,Rabat,USA
id_transaction_00000586,Retrait,-539.1075320151627,USD,16.532971750918637,En attente,Washington DC,Afrique du Sud
id_transaction_00000719,Dépôt,1451.5333934474916,USD,843.9878793630274,En attente,Pékin,USA
id_transaction_00000762,Retrait,-2574.076621424835,CNY,4.350636060913971,Complétée,Francfort,Royaume-Uni
id_transaction_00000299,Retrait,1864.7801367458433,ZAR,17.23368459327295,Complétée,Paris,Chine
id_transaction_00000073,Retrait,-579.5429559012629,EUR,-16.731605045799892,En attente,Johannesburg,Afrique du Sud
id_transaction_00000189,Retrait,881.2432594581533,JPY,550.3054755371098,Complétée,Casablanca,UE
id_transaction_00000695,Carte,5655.768117092477,JPY,-8.237207233055159,Complétée,Rabat,France
id_transaction_00000072,Retrait,681.1400769472893,EUR,7.2788432984386695,Complétée,Johannesburg,France
id_transaction_00000412,Dépôt,31.6897160390796,JPY,-5.445312566120131,Complétée,Casablanca,Royaume-Uni
id_transaction_00000881,Carte,623.7825418721975,JPY,1.8757462286324467,Complétée,Paris,USA
id_transaction_00000390,Retrait,-566.3230395230644,GBP,-14.024448692080266,Complétée,New York,Maroc
id_transaction_00000145,Virement,318.34092433654644,CNY,-5.444399591093945,En attente,Paris,Royaume-Uni
id_transaction_00000892,Carte,1787.8838962590753,EUR,12.403735531587865,En cours,Tokyo,USA
id_transaction_00000804,Dépôt,1155.3190073467092,JPY,-7.96159199844826,Complétée,Londres,Royaume-Uni
id_transaction_00000813,Retrait,2188.9433129542585,EUR,1.9389692481118992,Complétée,Casablanca,France
id_transaction_00000382,Dépôt,-265.8441842474765,USD,-3.0459600802303415,En attente,Washington DC,Chine
id_transaction_00000312,Carte,-759.8334123338988,EUR,-4.465028932157428,En cours,New York,Japon
id_transaction_00000587,Retrait,444.21726275053624,JPY,0.250500607365411,En attente,Pékin,Japon
id_transaction_00000788,Carte,-555.2972166130404,JPY,-13.34204846515242,En attente,Rabat,Royaume-Uni
id_transaction_00000046,Retrait,1448.6486328011383,EUR,17.275287592462956,Complétée,Washington DC,France
id_transaction_00000693,Carte,-27.782488078115648,USD,-6.777418291924973,Complétée,Londres,Royaume-Uni
id_transaction_00000328,Virement,1178.404834555179,USD,4.717359451027582,Complétée,Paris,USA
id_transaction_00000567,Retrait,90.80725741182505,JPY,-1.5009928741432637,Complétée,Washington DC,USA
id_transaction_00000121,Retrait,6311.426519486991,JPY,-0.014365373530313086,En cours,New York,Royaume-Uni
id_transaction_00000505,Retrait,-65.07491565226269,GBP,-3.05731314014709,Complétée,Johannesburg,Royaume-Uni
id_transaction_00000136,Retrait,-96.16035809665595,GBP,-3.1822318751104843,Complétée,New York,Maroc
id_transaction_00000611,Virement,219.91295456768134,ZAR,-8.856399723565186,Complétée,Tokyo,Royaume-Uni
id_transaction_00000053,Retrait,13919.119142074993,JPY,-0.1840479454801951,Complétée,Paris,USA
id_transaction_00000662,Virement,-490.2994815194743,USD,-12.314038585666012,Complétée,New York,Royaume-Uni
id_transaction_00000801,Dépôt,-175.57845121523712,GBP,-1.319337401383443,Rejetée,Washington DC,Chine
id_transaction_00000701,Virement International,3398.8747646402007,USD,-7.314273663690227,Complétée,Rabat,Afrique du Sud
id_transaction_00000111,Dépôt,2646.332030068861,MAD,-1.283612618456993,Complétée,Rabat,USA
id_transaction_00000922,Carte,460.57241102371665,USD,5.574290300124975,Complétée,Francfort,Maroc
id_transaction_00000638,Carte,559.3865566544741,CNY,-1.787036167625013,Complétée,Pékin,Maroc
id_transaction_00000507,Virement,590.5571905455873,MAD,4.568168834039098,Complétée,Washington DC,UE
id_transaction_00000014,Dépôt,40839.02360446581,USD,-3.323694900106598,En attente,New York,Maroc
id_transaction_00000091,Dépôt,-533.1370274252304,USD,1.2240707180565176,Rejetée,Paris,Maroc
id_transaction_00000652,Dépôt,-4975.883325007082,USD,-8.205985691929115,Complétée,New York,UE
id_transaction_00000177,Retrait,-426.19726792013444,USD,-0.9575171807281846,Complétée,Londres,USA
id_transaction_00000569,Carte,-872.7874963619894,MAD,3.4948992949600477,En attente,Washington DC,USA
id_transaction_00000628,Carte,13141.94148430732,JPY,3.6271611652259987,Complétée,Johannesburg,Maroc
id_transaction_00000582,Prélèvement,-893.4062458549739,USD,-8.423645552480707,Complétée,Londres,France
id_transaction_00000905,Dépôt,-171.59776643025486,EUR,-168.22813983062156,En attente,Washington DC,USA
id_transaction_00000935,Prélèvement,13490.227538174138,JPY,3.060435049495427,Complétée,Londres,Japon
id_transaction_00000353,Virement,2918.019895737113,MAD,4.5624933062487,En cours,Paris,Afrique du Sud
id_transaction_00000641,Retrait,1210.4404572795618,USD,8.222315674117882,Complétée,New York,Japon
id_transaction_00000641,Prélèvement,1267.2530779152657,JPY,3.335710799700438,En attente,Paris,USA
id_transaction_00000324,Dépôt,1623.3590156022046,MAD,0.6336650015747072,Rejetée,Londres,Chine
id_transaction_00000920,Retrait,1530.2332190236948,MAD,6.893103833614899,Complétée,Londres,USA
id_transaction_00000110,Virement,-509.0301028719563,USD,-5.766525441469596,En attente,Rabat,Allemagne
id_transaction_00000097,Retrait,15287.440657208452,JPY,0.9068544885955641,Complétée,Londres,Japon
id_transaction_00000172,Carte,-350.59704453489223,CNY,12.011484480339671,Complétée,Pékin,Maroc
id_transaction_00000915,Carte,358.12928807149495,GBP,13.063067354958868,Complétée,Tokyo,Royaume-Uni
id_transaction_00000728,Retrait,-499.87762081053575,MAD,-20.52384474524231,Complétée,Pékin,Royaume-Uni
id_transaction_00000711,Retrait,-117.69065510178893,USD,2.190374860379224,Complétée,Pékin,Allemagne
id_transaction_00000942,Carte,-3130.610254018724,USD,2.7094156942021104,En attente,Casablanca,USA
id_transaction_00000119,Carte,-1149.9521343186234,USD,-10.004738909768644,Complétée,Paris,Maroc
id_transaction_00000620,Carte,-14.722135095750161,CNY,3.647468094924818,Complétée,Tokyo,Maroc
id_transaction_00000840,Prélèvement,-0.5118572621921658,MAD,-14.513550759786458,Complétée,Pékin,UE
id_transaction_00000761,Virement,1081.7225007239872,USD,8.275897086041695,Rejetée,New York,Japon
id_transaction_00000218,Dépôt,208.8607700194812,USD,4.122484441185554,En attente,New York,Japon
id_transaction_00000919,Retrait,745.9884963699574,ZAR,105.14002719134852,En cours,Washington DC,Royaume-Uni
id_transaction_00000165,Carte,-679.6637609110725,MAD,-1.4262010780902168,Complétée,Paris,France
id_transaction_00000990,Retrait,1070.0181269246968,EUR,-1.7400891077026888,Complétée,Francfort,Allemagne
id_transaction_00000103,Carte,507.67406138172373,JPY,1.9239958563816488,Complétée,Londres,Royaume-Uni
id_transaction_00000226,Retrait,438.1816524627953,MAD,9.466966459866228,En attente,Paris,Japon
id_transaction_00000414,Retrait,-219.0096565674986,MAD,11.045015731926897,Complétée,Francfort,Japon
id_transaction_00000670,Retrait,1001.6266696300921,USD,-2.4053176874448035,Complétée,New York,USA
id_transaction_00000146,Retrait,6549.0489649878955,GBP,18.770089276172605,Complétée,Londres,Chine
id_transaction_00000195,Carte,3968.8283901537416,USD,12.533105896700901,Complétée,Londres,Maroc
id_transaction_00000302,Carte,-256.2074377314535,MAD,-1.739448221282001,En attente,New York,Royaume-Uni
id_transaction_00000206,Dépôt,321.1371160722578,EUR,-6.171165794321779,Complétée,New York,Maroc
id_transaction_00000771,Retrait,14453.93082777059,JPY,-3.005022019492448,Complétée,Francfort,Afrique du Sud
id_transaction_00000331,Retrait,8077.47303842613,MAD,5.26945093814288,Rejetée,Washington DC,Royaume-Uni
id_transaction_00000656,Retrait,3517.8977065207728,GBP,7.432920486478402,Complétée,Pékin,Chine
id_transaction_00000172,Carte,-202.2208156763886,MAD,-4.401743026637477,Complétée,Francfort,Royaume-Uni
id_transaction_00000992,Carte,1562.5755038591374,GBP,2.6130437140366647,En attente,Tokyo,UE
id_transaction_00000111,Dépôt,396.9686957361562,ZAR,-3.48895640803011,Rejetée,Londres,Japon
id_transaction_00000376,Virement International,-610.6355210202881,JPY,-0.1292759580008278,Complétée,Tokyo,USA
id_transaction_00000077,Carte,643.1149711658047,EUR,1.0371754100338881,Complétée,Pékin,Afrique du Sud
id_transaction_00000827,Carte,-549.6186642626452,USD,-0.2146125654979345,Complétée,Rabat,Allemagne
id_transaction_00000449,Carte,700.9432503648683,JPY,36.799219185056316,Complétée,Londres,USA
id_transaction_00000998,Dépôt,-299.4250402651302,CNY,-2.818023989252274,Rejetée,Tokyo,France
id_transaction_00000129,Virement,9500.55702176844,EUR,14.287612396229587,Complétée,Tokyo,Royaume-Uni
id_transaction_00000638,Retrait,-809.2595871150462,USD,-4.403202183210614,Complétée,Pékin,Allemagne
id_transaction_00000995,Virement International,206.81100748807603,EUR,-14.610941443699566,Complétée,Rabat,Maroc
id_transaction_00000510,Carte,1518.2167249768054,GBP,1.9323486759200805,Complétée,Johannesburg,Allemagne
id_transaction_00000102,Carte,466.24254814210127,EUR,8.155959627003284,Complétée,Paris,Royaume-Uni
id_transaction_00000863,Retrait,4643.639713574635,JPY,4.569832683421345,Complétée,Washington DC,Royaume-Uni
id_transaction_00000030,Virement,658.7254739275703,CNY,10.87339847469924,En attente,Pékin,Afrique du Sud
id_transaction_00000436,Virement International,-410.37176877300817,ZAR,9.934241810137916,Complétée,Washington DC,Japon
id_transaction_00000504,Retrait,708.1908814844763,USD,8.61007601066537,Complétée,Casablanca,USA
id_transaction_00000660,Dépôt,256.16829748929024,EUR,7.362636191439659,En attente,Johannesburg,USA
id_transaction_00000902,Carte,1009.0641355127193,JPY,6.655999408907885,Complétée,Pékin,Chine
id_transaction_00000646,Retrait,-449.47045243957746,EUR,-5.452253581522293,Complétée,Tokyo,USA
id_transaction_00000341,Prélèvement,815.7995336868785,EUR,2.9709314275538805,Complétée,Londres,USA
id_transaction_00000014,Carte,7204.816724704605,USD,1.4505333715677882,Complétée,Pékin,USA
id_transaction_00000217,Carte,14008.526863211317,MAD,-1.0531931552342595,Complétée,Tokyo,USA
id_transaction_00000568,Retrait,-31.213604320972365,GBP,3.3705055707451086,Complétée,Pékin,Afrique du Sud
id_transaction_00000894,Carte,496.91868720168213,USD,0.3159426772858458,Complétée,Tokyo,USA
id_transaction_00000356,Carte,-135.23194463147286,CNY,0.4452799708556716,En attente,Tokyo,Maroc
id_transaction_00000836,Virement,79.18320725308604,GBP,-6.527507663735929,Complétée,New York,Maroc
id_transaction_00000001,Retrait,1452.8878629332257,MAD,5.413780806543052,En attente,Rabat,USA
id_transaction_00000164,Virement,204.7234831680646,MAD,-6.709846113971431,Complétée,Washington DC,Royaume-Uni
id_transaction_00000589,Virement,-341.06024772484716,USD,-2.1636709363863167,Complétée,Londres,USA
id_transaction_00000399,Carte,911.5830169476571,ZAR,12.62498716216564,Complétée,Rabat,UE
id_transaction_00000319,Retrait,743.3324742257821,CNY,0.41118070438638377,Complétée,Johannesburg,Afrique du Sud
id_transaction_00000030,Virement,11870.629551410782,JPY,-4.2864315749765405,Complétée,New York,USA
id_transaction_00000618,Retrait,-126.48924862252409,CNY,-0.46422104004219733,Complétée,Pékin,Allemagne
id_transaction_00000794,Dépôt,5985.117017551111,EUR,9.139307890636768,En attente,Pékin,UE
id_transaction_00000839,Carte,5077.596840962391,JPY,11.933893128045511,En attente,Casablanca,Japon
id_transaction_00000087,Retrait,3561.512916734674,JPY,-3.9040834465837433,Rejetée,Pékin,Royaume-Uni
id_transaction_00000278,Carte,-298.8880525341755,GBP,-11.983665895015395,Complétée,Johannesburg,Maroc
id_transaction_00000609,Retrait,594.4543290668489,ZAR,3.8528928624697345,Complétée,Casablanca,USA
id_transaction_00000840,Carte,6389.541470491063,JPY,4.400242185654264,Rejetée,Londres,Maroc
id_transaction_00000421,Virement International,236.19070484375408,JPY,10.38874903931066,En attente,Pékin,USA
id_transaction_00000477,Virement,37.42950790723506,CNY,3.958298134229353,Complétée,New York,Afrique du Sud
id_transaction_00000113,Prélèvement,847.0637397804608,MAD,52.45447097965757,En attente,Francfort,Allemagne
id_transaction_00000731,Virement,3278.2064518494053,CNY,-6.545629867246947,Complétée,Pékin,Royaume-Uni
id_transaction_00000986,Carte,1262.1403910962358,USD,3.164432400519684,En attente,Pékin,USA
id_transaction_00000289,Virement International,8435.256203761788,USD,-3.032631747232787,Complétée,New York,France
id_transaction_00000781,Dépôt,377.5538427742866,JPY,3.6199030889304114,Complétée,Casablanca,Royaume-Uni
id_transaction_00000909,Prélèvement,398.579470216853,JPY,-4.227576254078733,Complétée,Paris,USA
id_transaction_00000047,Carte,565.523815057701,EUR,4.505339791845233,Complétée,Tokyo,Afrique du Sud
id_transaction_00000368,Retrait,6695.147595251985,EUR,12.495915944193456,Complétée,Londres,USA
id_transaction_00000020,Virement,1113.6032826954997,CNY,11.269391120086038,Complétée,Pékin,Japon
id_transaction_00000680,Virement,2342.1023226741804,USD,-10.135568932538806,Complétée,Francfort,Afrique du Sud
id_transaction_00000967,Dépôt,-857.9619587969006,EUR,-6.239509641616883,Complétée,Rabat,Maroc
id_transaction_00000954,Retrait,1328.8522430358764,EUR,13.296831553801688,Complétée,New York,Afrique du Sud
id_transaction_00000300,Retrait,235.35286152997196,EUR,-2.191385891764141,Complétée,Casablanca,UE
id_transaction_00000308,Virement,634.46123116938,CNY,-2.460461980327276,Complétée,New York,Maroc
id_transaction_00000076,Retrait,-783.9426282888417,GBP,0.27762328146938664,Complétée,Francfort,Chine
id_transaction_00000986,Retrait,-414.94475814790815,JPY,0.3207971789618602,Complétée,Tokyo,UE
id_transaction_00000684,Virement International,-451.4233814351562,JPY,-13.624918393737989,Complétée,New York,USA
id_transaction_00000618,Retrait,-842.9366766606089,EUR,-11.01253305684206,Complétée,Washington DC,Maroc
id_transaction_00000543,Carte,2036.2626731751466,MAD,13.935924594896242,Complétée,Pékin,Royaume-Uni
id_transaction_00000258,Virement,-716.4216394961226,EUR,-0.49730761577168003,Complétée,Londres,Maroc
id_transaction_00000084,Carte,1020.9684087239657,GBP,17.809611487920694,Rejetée,Casablanca,Chine
id_transaction_00000364,Dépôt,787.5342832948916,JPY,4.880784674041466,Complétée,Rabat,Chine
id_transaction_00000398,Virement International,422.8220497859621,GBP,-11.234981275983245,Complétée,Johannesburg,Allemagne
id_transaction_00000611,Carte,33244.08587893985,CNY,6.503984432020882,Complétée,Pékin,Chine
id_transaction_00000006,Virement International,497.98970133419306,CNY,2.23291162958092,Complétée,Francfort,Maroc
id_transaction_00000323,Dépôt,3162.7320940095256,USD,2.9402816232581768,Complétée,Francfort,USA
id_transaction_00000286,Retrait,464.0150925401501,JPY,1.7819585891352556,Complétée,Francfort,USA
id_transaction_00000666,Prélèvement,0.5127627097399454,GBP,-11.145330335349218,Complétée,Tokyo,Maroc
id_transaction_00000487,Retrait,187.66365160433725,GBP,0.45907982388596036,En attente,Francfort,USA
id_transaction_00000684,Retrait,13021.065266571533,USD,-5.277038541260596,Complétée,New York,Royaume-Uni
id_transaction_00000987,Retrait,831.9069204246055,EUR,0.8924403065959527,Complétée,Paris,Japon
id_transaction_00000160,Carte,737.462190313145,ZAR,-0.008854451829982679,En attente,Pékin,USA
id_transaction_00000547,Carte,331.27912731999123,EUR,2.227249380516205,En attente,Londres,France
id_transaction_00000165,Carte,1159.559321364067,MAD,-11.08539768387715,En attente,Tokyo,Maroc
id_transaction_00000706,Retrait,-17.812408131350765,USD,-5.909639037122273,En attente,Casablanca,USA
id_transaction_00000398,Retrait,76.70099385400778,USD,-5.257056313986019,Complétée,Pékin,Royaume-Uni
id_transaction_00000123,Retrait,-646.0277041650205,GBP,-10.117996919246643,Complétée,Francfort,Maroc
id_transaction_00000574,Retrait,459.02725098426254,USD,-2.4159572037626003,Complétée,New York,Royaume-Uni
id_transaction_00000044,Virement International,-1278.8314295043529,EUR,-13.8496465450247,Complétée,Washington DC,France
id_transaction_00000608,Retrait,1550.6005845543941,USD,1.704143502840442,Rejetée,Washington DC,UE
id_transaction_00000818,Carte,-6.271420849747301,CNY,-5.511670116486692,Complétée,Tokyo,Afrique du Sud
id_transaction_00000508,Carte,-546.3759892160318,GBP,-2.964690771464057,Rejetée,Londres,Royaume-Uni
id_transaction_00000546,Virement,1433.660435025159,MAD,1.4426390438784025,Complétée,Paris,USA
id_transaction_00000602,Carte,1593.120010133378,ZAR,3.6790662006678647,En cours,Londres,Japon
id_transaction_00000247,Retrait,864.8879620758273,USD,3.1194053691684864,En cours,Casablanca,Allemagne
id_transaction_00000249,Virement International,258.2044340344428,MAD,-9.794028081963024,Complétée,Paris,Afrique du Sud
id_transaction_00000034,Carte,209.0881923752597,EUR,-1.1009750210806368,Rejetée,Tokyo,Royaume-Uni
id_transaction_00000660,Carte,1393.0142728744022,USD,-0.5901875416245588,En cours,New York,Royaume-Uni
id_transaction_00000058,Retrait,6065.334153617692,EUR,14.7120696186403,Complétée,New York,Japon
