id_transaction,type_transaction,montant,devise,frais,statut,ville,pays
id_transaction_00000077,Dépôt,1729.68893480212,JPY,11.485510147374443,Complétée,New York,Maroc
id_transaction_00000620,Retrait,6859.155788791178,CNY,-5.384426852902835,Complétée,Washington DC,Japon
id_transaction_00000578,Retrait,925.7628298630879,JPY,-7.027255761851763,Complétée,Francfort,France
id_transaction_00000058,Virement International,1613.8412642047624,CNY,5.299052546179245,Rejetée,Washington DC,Royaume-Uni
id_transaction_00000305,Retrait,-1413.493418315455,CNY,-7.644597248110014,En attente,Tokyo,USA
id_transaction_00000308,Dépôt,655.146880151718,USD,-13.929559419435396,Complétée,New York,Japon
id_transaction_00000301,Virement,365.5121822662824,MAD,-9.472174821276862,Complétée,Londres,France
id_transaction_00000888,Carte,-22976.954393782828,USD,-7.465569960867401,Complétée,Washington DC,USA
id_transaction_00000317,Virement,-651.5393381838213,JPY,-11.443736874067579,En attente,Pékin,Maroc
id_transaction_00000857,Dépôt,591.7144606549941,USD,11.593694681473657,Complétée,Casablanca,USA
id_transaction_00000121,Retrait,6980.55597606931,USD,6.04068173824178,Complétée,New York,Maroc
id_transaction_00000048,Virement,167.05759905308804,CNY,5.889086732372244,En attente,Tokyo,USA
id_transaction_00000290,Retrait,901.82278493122,CNY,-1.1091567204371575,Complétée,Paris,France
id_transaction_00000918,Carte,526.0447118551966,EUR,5.161138965271201,Complétée,Francfort,Japon
id_transaction_00000819,Retrait,6479.810140419051,JPY,-3.936424112908,Complétée,Johannesburg,Maroc
id_transaction_00000041,Carte,985.6629364008406,CNY,7.16093535482277,Complétée,Tokyo,Royaume-Uni
id_transaction_00000936,Virement,355.2720987566997,GBP,4.738157662258913,En attente,New York,Maroc
id_transaction_00000752,Dépôt,1120.2502091143467,GBP,-5.808307828727314,Complétée,Pékin,Royaume-Uni
id_transaction_00000771,Dépôt,1183.966327296404,USD,13.026665106480603,En attente,New York,Maroc
id_transaction_00000445,Carte,388.89503274894594,MAD,6.901375227005276,Complétée,Washington DC,Royaume-Uni
id_transaction_00000494,Virement,4599.761172661116,CNY,20.096344345333232,Rejetée,Londres,Maroc
id_transaction_00000397,Retrait,-14374.469513824137,USD,-2.7852626170310204,Complétée,Francfort,Maroc
id_transaction_00000845,Retrait,227.08926216549844,GBP,-0.9709246849958477,Complétée,Tokyo,Maroc
id_transaction_00000529,Dépôt,157996.120693304,EUR,15.970204323964484,Complétée,New York,Royaume-Uni
id_transaction_00000922,Carte,-328.2620401370914,MAD,1.0076570533831521,En attente,Paris,Allemagne
id_transaction_00000057,Carte,1401.4606811027334,CNY,10.30181297172377,Complétée,Paris,USA
id_transaction_00000680,Virement International,390.9874442302198,ZAR,0.8550484172413331,Complétée,Casablanca,Maroc
id_transaction_00000627,Virement,-422.3962371186701,CNY,6.628615920588141,Complétée,Washington DC,Maroc
id_transaction_00000789,Virement International,689.5348159545015,JPY,672.6403054083867,Complétée,Paris,Japon
id_transaction_00000982,Virement International,586.23477221902,EUR,2.150970868270679,Complétée,Casablanca,Maroc
id_transaction_00000872,Prélèvement,1103.8718510590966,JPY,6.413227599025277,Complétée,Johannesburg,Maroc
id_transaction_00000469,Retrait,-261.0068817074266,GBP,-0.44762814486264,Complétée,Francfort,Japon
id_transaction_00000566,Dépôt,126.13839458973831,JPY,0.5918725926372268,Complétée,Londres,France
id_transaction_00000263,Virement,6759.538884459738,EUR,2.6844767441179607,Complétée,Tokyo,Maroc
id_transaction_00000164,Retrait,-24.656059726719775,GBP,-0.9611350071217464,Complétée,Francfort,Royaume-Uni
id_transaction_00000056,Virement,-655.9048409498749,GBP,4.6254757427784,Complétée,Francfort,France
id_transaction_00000724,Carte,1938.0585230417928,JPY,17.24189635766875,Complétée,Casablanca,Royaume-Uni
id_transaction_00000515,Retrait,1182.0685990292236,USD,137.95886086992954,Rejetée,Washington DC,Maroc
id_transaction_00000966,Dépôt,1800.3361896049182,MAD,13.524506078938003,Complétée,Pékin,Maroc
id_transaction_00000644,Dépôt,-247.84100475198,ZAR,0.6286486497705592,Complétée,Casablanca,Maroc
id_transaction_00000948,Retrait,751.339463752561,EUR,12.96135732706896,En attente,New York,Royaume-Uni
id_transaction_00000180,Dépôt,461.22994349047445,JPY,9.042168500343656,Complétée,Francfort,Afrique du Sud
id_transaction_00000890,Dépôt,237.13330712711922,MAD,-7.529450151997152,Complétée,Paris,USA
id_transaction_00000449,Prélèvement,668.0724359745963,EUR,0.19374783488136949,En attente,Washington DC,USA
id_transaction_00000558,Retrait,-659.3365765557431,EUR,179.81059828068192,En cours,New York,Japon
id_transaction_00000205,Virement,816.5467951602315,JPY,-1.908850687282576,Complétée,Tokyo,Royaume-Uni
id_transaction_00000812,Virement,4357.295529705427,JPY,4.40310393894539,Complétée,Tokyo,Royaume-Uni
id_transaction_00000743,Carte,-614.0245979987404,MAD,-9.443203147257062,Complétée,Casablanca,Maroc
id_transaction_00000723,Retrait,-267.90929536851,MAD,3.182364693199239,Complétée,Tokyo,UE
id_transaction_00000345,Virement,5507.908584073442,JPY,0.8729210809263135,Complétée,New York,Royaume-Uni
id_transaction_00000551,Retrait,-643.2516417271823,CNY,-9.472341181160886,En attente,New York,UE
id_transaction_00000723,Dépôt,1559.5598253562325,USD,11.637938393280571,En cours,Pékin,USA
id_transaction_00000671,Retrait,32743.610157246494,USD,8.994870180545727,Complétée,Casablanca,Maroc
id_transaction_00000833,Virement,945.7486290685262,USD,12.128148858768283,Complétée,Washington DC,USA
id_transaction_00000576,Carte,27864.345063859782,CNY,6.54235118027421,Complétée,Londres,Japon
id_transaction_00000468,Dépôt,877.7192281643208,CNY,9.971524964267132,En attente,Londres,Chine
id_transaction_00000666,Dépôt,316.93615096122323,USD,-13.89679053095432,Complétée,Londres,Allemagne
id_transaction_00000082,Retrait,847.9026282693246,ZAR,163.34391461132304,Complétée,Pékin,Royaume-Uni
id_transaction_00000881,Retrait,1336.1013928512148,GBP,16.87023334423666,Complétée,Paris,Royaume-Uni
id_transaction_00000722,Prélèvement,-758.6536806377786,USD,-5.2240739637260445,Complétée,Casablanca,Chine
id_transaction_00000207,Dépôt,5707.390212092167,JPY,-6.470092458219715,En cours,Casablanca,USA
id_transaction_00000970,Retrait,594.9657971062212,MAD,0.08498504985997002,Rejetée,Johannesburg,USA
id_transaction_00000908,Retrait,1740.9827870553627,USD,-4.665450501352882,Complétée,Londres,Maroc
id_transaction_00000341,Carte,-535.8616053127391,CNY,-7.191105215097013,Complétée,Rabat,France
id_transaction_00000020,Dépôt,1151.3024382172493,JPY,14.370363410348471,Complétée,New York,Royaume-Uni
id_transaction_00000219,Carte,-643.2973971696555,MAD,-4.342789493278016,En attente,Londres,France
id_transaction_00000972,Retrait,-157.0163353120663,GBP,-15.424108556815078,Complétée,New York,Maroc
id_transaction_00000157,Dépôt,1004.4083063350337,CNY,5.086345329300386,Complétée,Paris,USA
id_transaction_00000125,Prélèvement,-41.32907973468258,CNY,-0.05125217022500106,Complétée,Pékin,Maroc
id_transaction_00000452,Carte,-535.526452503151,MAD,6.613943805605692,Complétée,Francfort,Afrique du Sud
id_transaction_00000304,Virement,-145.83946524761723,MAD,3.5485734074216464,Complétée,Washington DC,Royaume-Uni
id_transaction_00000404,Retrait,-537.2509913882458,CNY,25.606741022439863,En attente,Tokyo,Japon
id_transaction_00000331,Dépôt,787.870365148997,CNY,-4.591493511223889,Complétée,Paris,Maroc
id_transaction_00000559,Carte,1988.1025898472699,JPY,10.646986180128764,Complétée,Johannesburg,USA
id_transaction_00000451,Retrait,807.8048346448587,JPY,8.98119158984054,Complétée,Rabat,Royaume-Uni
id_transaction_00000627,Virement,1464.9478672316718,ZAR,6.35668515654521,Complétée,Francfort,Afrique du Sud
id_transaction_00000356,Virement International,-167.95931841930462,CNY,1.840512508014264,Complétée,Paris,Maroc
id_transaction_00000165,Virement,168.054618660821,MAD,5.8706970752826155,Complétée,Johannesburg,Royaume-Uni
id_transaction_00000626,Virement International,260.9237860465422,CNY,-10.574064523958107,Complétée,Pékin,Maroc
id_transaction_00000598,Retrait,131.64420272521238,CNY,-4.281189234293794,Complétée,Pékin,Chine
id_transaction_00000971,Carte,213.1437039540666,GBP,1.9468981505964589,Complétée,Pékin,USA
id_transaction_00000291,Carte,-2567.423312291672,CNY,-10.074798468638757,Complétée,Johannesburg,Maroc
id_transaction_00000959,Retrait,550.1840707074235,USD,842.9907422847798,Complétée,New York,Royaume-Uni
id_transaction_00000587,Retrait,289.3022443839715,MAD,2.583812478511068,Complétée,Londres,Afrique du Sud
id_transaction_00000300,Virement,-523.2818780272836,USD,1.3861160184028716,En attente,Washington DC,Royaume-Uni
id_transaction_00000376,Dépôt,3309.770428608709,USD,-2.3107551215601276,En cours,New York,Royaume-Uni
id_transaction_00000812,Retrait,5001.156872862563,USD,11.799575059634687,En attente,Paris,USA
id_transaction_00000708,Retrait,32690.018894158562,USD,4.859548578040097,En cours,Francfort,USA
id_transaction_00000073,Retrait,-54.29633471438467,USD,-1.759081694100911,Complétée,Pékin,Afrique du Sud
id_transaction_00000980,Retrait,-435.06089455707513,MAD,-14.236325041242036,En cours,Pékin,Afrique du Sud
id_transaction_00000100,Dépôt,-920.5566428262936,MAD,-10.045088196820604,Complétée,Washington DC,Royaume-Uni
id_transaction_00000766,Carte,1244.0381135189018,CNY,5.472363882246614,Complétée,Rabat,Japon
id_transaction_00000783,Retrait,-269.93484467718497,JPY,6.793839095586568,Complétée,New York,Japon
id_transaction_00000156,Virement,-760.8523419081629,GBP,-15.561555894731136,Complétée,Londres,Royaume-Uni
id_transaction_00000218,Dépôt,300.06656061749135,MAD,21.33798537010749,Complétée,Rabat,Maroc
id_transaction_00000491,Carte,-126.85002757671225,USD,-8.925946172431555,Complétée,Washington DC,Royaume-Uni
id_transaction_00000859,Retrait,964.0994647644052,MAD,1.160543791138326,Complétée,Casablanca,Maroc
id_transaction_00000396,Carte,391.0157587160056,MAD,-0.07315154483777242,Complétée,Johannesburg,Maroc
id_transaction_00000337,Carte,934.1870571535703,EUR,6.269553728838487,En cours,Londres,Royaume-Uni
id_transaction_00000377,Dépôt,1700.270183261639,JPY,10.92301931878168,Complétée,New York,Maroc
id_transaction_00000391,Carte,1504.4662467588964,ZAR,11.128884664423069,Complétée,Paris,USA
id_transaction_00000849,Carte,28355.90981043365,GBP,3.8963686630649947,Complétée,Casablanca,Royaume-Uni
id_transaction_00000471,Virement International,-708.5088899225594,EUR,-11.872976442060029,Complétée,Casablanca,USA
id_transaction_00000576,Virement International,19.950928882463586,JPY,11.253649065518154,Complétée,Paris,USA
id_transaction_00000185,Retrait,1132.4774824866527,JPY,-10.39237748290704,Rejetée,New York,Maroc
id_transaction_00000596,Retrait,226.1815469619835,USD,8.450473244218657,Rejetée,Tokyo,Maroc
id_transaction_00000514,Virement International,683.3523924391716,USD,-3.9937864999525248,Complétée,Londres,USA
id_transaction_00000568,Dépôt,-632.7415159445935,CNY,5.2776938529337105,Complétée,Casablanca,France
id_transaction_00000575,Retrait,829.0334631532119,GBP,-11.78579584548698,Complétée,Washington DC,Maroc
id_transaction_00000586,Carte,-96.52864682735833,GBP,1.5479165392210739,Complétée,Londres,Japon
id_transaction_00000624,Carte,-423.5468587532506,GBP,-4.704213356498745,Complétée,Londres,Royaume-Uni
id_transaction_00000615,Retrait,29555.613683575975,ZAR,10.491969835424472,Complétée,Casablanca,Royaume-Uni
id_transaction_00000441,Dépôt,1288.8268851719554,MAD,6.83135813500315,Complétée,Londres,Royaume-Uni
id_transaction_00000538,Carte,5370.346229709219,USD,-1.4868963793920624,En cours,New York,Japon
id_transaction_00000941,Carte,1332.831620672849,MAD,-10.842874035839614,Complétée,Casablanca,Chine
id_transaction_00000646,Carte,-746.0791405175443,GBP,-6.851292102111953,Complétée,Casablanca,Royaume-Uni
id_transaction_00000429,Retrait,1168.5711306015048,JPY,7.586072548205236,En cours,New York,France
id_transaction_00000301,Virement,24947.964220299415,USD,0.16780771898914004,En attente,Casablanca,UE
id_transaction_00000345,Retrait,17848.89485029643,USD,81.51796230027328,Complétée,Pékin,Japon
id_transaction_00000874,Carte,430.9243462155196,JPY,2.2774853051939496,En cours,Francfort,France
id_transaction_00000413,Retrait,-189.70488278111577,MAD,-1.483606763010659,Complétée,Francfort,Maroc
id_transaction_00000206,Carte,-859.4016681170903,CNY,-12.345041654173276,Complétée,Londres,Maroc
id_transaction_00000424,Retrait,959.129424988957,EUR,-3.3241418670239193,Complétée,New York,Royaume-Uni
id_transaction_00000219,Carte,910.1612304446123,GBP,6.759238745129252,Complétée,Tokyo,UE
id_transaction_00000573,Carte,297.22935543736344,GBP,3.3352910165894674,Complétée,Johannesburg,Afrique du Sud
id_transaction_00000565,Retrait,881.801101381304,JPY,-6.808924448756216,En cours,Paris,Royaume-Uni
id_transaction_00000998,Carte,-801.4512776292942,JPY,-16.789370007939752,Complétée,Tokyo,Chine
id_transaction_00000775,Prélèvement,4873.397760774649,EUR,4.159711849721102,En attente,Pékin,Royaume-Uni
id_transaction_00000451,Virement International,223.30628966683767,USD,8.872809127566054,En cours,Johannesburg,USA
id_transaction_00000686,Virement International,-463.8427711210144,JPY,-1.9010568269327894,Complétée,Paris,France
id_transaction_00000207,Retrait,7231.363208387835,USD,9.752274663137541,Complétée,Francfort,Royaume-Uni
id_transaction_00000631,Retrait,-492.9328582035423,JPY,2.8259056954028883,En attente,Francfort,Royaume-Uni
id_transaction_00000235,Dépôt,694.3613764173209,GBP,-2.064746935469845,Complétée,Francfort,Royaume-Uni
id_transaction_00000699,Prélèvement,-769.0068753173333,JPY,-41.75379321701139,Complétée,Pékin,USA
id_transaction_00000318,Carte,1332.709606159587,CNY,10.727766430922733,Complétée,Tokyo,Maroc
id_transaction_00000447,Retrait,2274.735868909971,EUR,-1.62778666538986,En attente,Casablanca,USA
id_transaction_00000016,Carte,981.776795281211,USD,10.677214572790536,Rejetée,Tokyo,France
id_transaction_00000838,Dépôt,1675.7487649729164,USD,17.00225995557023,Complétée,New York,Japon
id_transaction_00000437,Retrait,904.1109054465751,ZAR,13.716742441189023,Complétée,Rabat,Royaume-Uni
id_transaction_00000461,Carte,-1669.984957674847,USD,-16.984397909088074,Rejetée,Washington DC,Royaume-Uni
id_transaction_00000056,Retrait,-693.8651354013406,USD,1.5655867649748907,Complétée,Casablanca,France
id_transaction_00000215,Retrait,1084.036673196013,USD,2.1315463474747767,Complétée,Pékin,Maroc
id_transaction_00000322,Carte,815.6624609103999,USD,-1.6421276891272196,Complétée,Tokyo,USA
id_transaction_00000353,Dépôt,83.47957362298297,USD,0.5747239953149474,Complétée,Pékin,Japon
id_transaction_00000518,Virement International,2663.937533126697,JPY,2.049532928986271,En attente,Casablanca,USA
id_transaction_00000937,Carte,-69.78950689566273,EUR,-1.9091002271086133,En cours,Pékin,Maroc
id_transaction_00000872,Virement,1598.3469477820772,CNY,-8.841840227209047,En attente,Pékin,USA
id_transaction_00000811,Retrait,1561.4781474435445,USD,6.696005578699042,En attente,Londres,UE
id_transaction_00000304,Retrait,303.90038862592303,GBP,4.769109745470394,Complétée,Johannesburg,Royaume-Uni
id_transaction_00000302,Virement,229.20398039273275,GBP,-10.089296832748357,Complétée,Londres,Maroc
id_transaction_00000594,Prélèvement,-1241.7649587331684,EUR,-9.56657904462132,En attente,Tokyo,France
id_transaction_00000229,Carte,1926.7978841300405,USD,5.175754191562134,Complétée,Pékin,Chine
id_transaction_00000435,Retrait,1001.9207509299813,USD,-5.1221915629442565,Complétée,Paris,USA
id_transaction_00000910,Carte,3398.7620081953078,USD,11.227815680515373,Complétée,Francfort,Royaume-Uni
id_transaction_00000327,Retrait,265.23921718413624,EUR,13.8313573861066,Complétée,Tokyo,UE
id_transaction_00000107,Virement,3330.330021500815,USD,-7.222642439135513,Complétée,Paris,Royaume-Uni
id_transaction_00000509,Retrait,-563.309838472205,EUR,-13.525729820475838,Complétée,Paris,Maroc
id_transaction_00000616,Dépôt,1366.0869240075926,USD,-2.211784018748781,Complétée,Casablanca,USA
id_transaction_00000599,Carte,-421.8644365529366,USD,485.05200829447443,Complétée,Casablanca,UE
id_transaction_00000343,Carte,24969.93073197428,CNY,8.542912967788054,En attente,Paris,Maroc
id_transaction_00000270,Carte,27326.56646736311,EUR,-10.25110988066626,Complétée,Londres,Maroc
id_transaction_00000905,Carte,-589.3251753046076,MAD,3.0050595063524796,Rejetée,Casablanca,Maroc
id_transaction_00000990,Dépôt,-290.244144925558,JPY,4.061624283251646,En attente,Paris,Chine
id_transaction_00000697,Virement International,54.37868639794232,EUR,13.483710326052712,En attente,Francfort,Maroc
id_transaction_00000298,Retrait,-455.03899043505817,MAD,-9.800515115272034,En attente,Francfort,UE
id_transaction_00000329,Dépôt,3070.5324407204052,EUR,-7.004649858815873,Complétée,Francfort,Allemagne
id_transaction_00000145,Virement,-693.132196697628,EUR,-6.520088614209187,En attente,Casablanca,Royaume-Uni
id_transaction_00000433,Dépôt,1853.886290419491,USD,-1.8103691435275326,Complétée,New York,Maroc
id_transaction_00000725,Dépôt,-394.4850301081216,JPY,1.6486629826020032,Complétée,New York,Chine
id_transaction_00000638,Virement,757.8402205006983,CNY,-2.4668858770537945,Complétée,Paris,USA
id_transaction_00000303,Carte,233.0168178016034,EUR,-10.581566753426863,En cours,Washington DC,Japon
id_transaction_00000809,Retrait,131.05425945677587,GBP,-5.0646751384624595,Rejetée,New York,USA
id_transaction_00000298,Dépôt,36479.100424582284,JPY,16.480041247095272,Complétée,Pékin,Chine
id_transaction_00000336,Carte,1427.262182855422,JPY,11.038179443078231,Complétée,Paris,USA
id_transaction_00000643,Carte,1123.6192342153024,USD,22.575246920826384,Complétée,New York,Chine
id_transaction_00000233,Virement International,43.381741288328726,USD,-5.15642161233442,Complétée,New York,USA
id_transaction_00000941,Virement,91.87020047009258,JPY,4.789605897010193,Complétée,New York,Royaume-Uni
id_transaction_00000033,Prélèvement,3212.5338478969416,MAD,-10.295024881377024,Complétée,Pékin,Chine
id_transaction_00000009,Retrait,-648.141899804714,USD,-7.884723710348825,Complétée,Casablanca,USA
id_transaction_00000977,Carte,1401.7232135992253,EUR,13.218473543005846,Complétée,Londres,Afrique du Sud
id_transaction_00000658,Virement,9178.389307749314,EUR,-5.810947539176246,Complétée,Paris,Maroc
id_transaction_00000279,Carte,-763.031434712917,EUR,-7.027684689745516,Complétée,Casablanca,Allemagne
id_transaction_00000802,Virement,-809.7876715027109,GBP,-6.956900563428717,Complétée,Londres,Maroc
id_transaction_00000395,Carte,219.81437907338517,EUR,-2.863482829730155,Rejetée,Rabat,Royaume-Uni
id_transaction_00000503,Dépôt,-385.0564669843329,CNY,6.678409889188445,En attente,Paris,Maroc
id_transaction_00000100,Prélèvement,429.0934172168822,CNY,10.518336874874501,Complétée,Johannesburg,Maroc
id_transaction_00000844,Virement,47604.12258838951,CNY,8.556031847678613,Complétée,Johannesburg,Royaume-Uni
id_transaction_00000910,Virement International,184.6645410619891,USD,-3.2060103146783616,Complétée,Washington DC,USA
id_transaction_00000553,Carte,240.20841592376647,USD,-6.925786254276111,En cours,Pékin,Maroc
id_transaction_00000373,Carte,-182.12892898363862,MAD,-10.12910394692527,Complétée,New York,Royaume-Uni
id_transaction_00000887,Carte,-359.604595651626,CNY,8.488027484785398,En attente,Pékin,Japon
id_transaction_00000684,Virement International,-312.2905261600082,USD,-5.791214851727706,Complétée,Tokyo,Afrique du Sud
id_transaction_00000709,Retrait,195.93164457517346,JPY,-6.070311617883424,En cours,Tokyo,Royaume-Uni
id_transaction_00000522,Prélèvement,1681.6948047238952,USD,15.472345312483515,Complétée,Paris,Japon
id_transaction_00000868,Virement,1098.5133545448846,CNY,5.5409022284234455,Complétée,Francfort,USA
id_transaction_00000580,Carte,689.5667712148751,CNY,5.662223681436789,Complétée,Rabat,Royaume-Uni
id_transaction_00000700,Dépôt,7998.9646217951895,MAD,9.25532186204892,Complétée,New York,Maroc
id_transaction_00000908,Dépôt,50.360259179447894,CNY,1.1983240205836667,Complétée,Tokyo,Allemagne
id_transaction_00000355,Dépôt,791.8911149787845,GBP,2.215126655593845,Rejetée,Pékin,Afrique du Sud
id_transaction_00000452,Retrait,-906.5241995974073,USD,-1.2126821756156891,En attente,Washington DC,USA
id_transaction_00000998,Virement International,980.8473115661926,JPY,-3.6257733822892293,Complétée,Londres,Chine
id_transaction_00000085,Prélèvement,416.0664179004397,EUR,6.4682086637986504,En attente,Pékin,Japon
id_transaction_00000844,Retrait,2144.4127761186783,USD,61.534845305138816,Complétée,New York,France
id_transaction_00000159,Virement,1147.592686039602,CNY,0.5837630493749826,En attente,Paris,Maroc
id_transaction_00000734,Prélèvement,50.05522289629312,USD,-2.5908535546079126,Complétée,Pékin,Maroc
id_transaction_00000554,Retrait,1532.6737415500625,USD,13.485125387234902,Complétée,Pékin,Chine
id_transaction_00000329,Carte,408.1522433080728,MAD,5.052820947095237,Complétée,Washington DC,Royaume-Uni
id_transaction_00000891,Retrait,-835.3888867415614,JPY,2.821575077036357,Complétée,Tokyo,Chine
id_transaction_00000987,Carte,9.731361772636205,MAD,-11.620969278465076,Complétée,Rabat,Royaume-Uni
id_transaction_00000841,Virement,1225.5337145063636,CNY,8.941955961951972,Complétée,Pékin,Chine
id_transaction_00000111,Retrait,1481.7590826115716,USD,3.7052504697332607,Complétée,Pékin,Chine
id_transaction_00000646,Retrait,4755.102712059637,MAD,-2.2440969208007493,En cours,Francfort,Allemagne
id_transaction_00000846,Retrait,-736.1610483535557,USD,-3.2121526022036084,Complétée,Pékin,USA
id_transaction_00000263,Virement,12798.200992009995,ZAR,2.9076823517070505,En attente,Paris,USA
id_transaction_00000876,Prélèvement,-345.2872356294688,EUR,157.73677658929842,Complétée,New York,Chine
id_transaction_00000301,Virement,-572.6122838027806,USD,-9.86565703588364,Complétée,Casablanca,Allemagne
id_transaction_00000190,Retrait,609.7242886253171,USD,5.70245527638706,Complétée,Francfort,Maroc
id_transaction_00000090,Carte,-23.42043051881342,USD,2.1901451133707135,En attente,Casablanca,Maroc
id_transaction_00000299,Dépôt,1206.4389077031303,GBP,-1.3922771910167393,Complétée,Johannesburg,Royaume-Uni
id_transaction_00000291,Retrait,-1316.775238849974,USD,-12.242473770495863,Complétée,Londres,USA
id_transaction_00000091,Carte,491.75942234867927,CNY,-7.698562991452646,Complétée,New York,Afrique du Sud
id_transaction_00000403,Carte,-663.4444243090203,EUR,-7.9173412714655145,En cours,Londres,Royaume-Uni
id_transaction_00000579,Retrait,1019.0005763059231,USD,-5.5916240797844035,Complétée,Tokyo,Allemagne
id_transaction_00000987,Retrait,144.04301794603288,USD,0.2021490090246454,Complétée,Tokyo,Allemagne
id_transaction_00000967,Virement International,898.6459559147647,USD,0.9858373511244762,En attente,Johannesburg,Allemagne
id_transaction_00000245,Retrait,-86.47673354270148,USD,8.736137467663463,Complétée,Casablanca,Maroc
id_transaction_00000959,Prélèvement,-442.7009695648334,GBP,-1.448967829086265,Complétée,New York,Royaume-Uni
id_transaction_00000193,Carte,619.172293941138,EUR,-1.6145770892974687,Complétée,Londres,Japon
id_transaction_00000303,Carte,419.92384916155424,USD,-9.683226386194338,Rejetée,Tokyo,Japon
id_transaction_00000588,Retrait,-588.1932894011244,USD,-10.867796951236148,En attente,Francfort,France
id_transaction_00000710,Dépôt,3771.2054928207926,JPY,-3.631932706670068,En cours,Tokyo,Royaume-Uni
id_transaction_00000596,Retrait,624.1870826941656,USD,145.64561883157336,Complétée,Pékin,Afrique du Sud
id_transaction_00000164,Retrait,-760.4099618772119,USD,-14.917037617298202,Complétée,Washington DC,Royaume-Uni
id_transaction_00000981,Retrait,-1199.3663089414235,USD,-17.545427576771747,Complétée,Washington DC,Japon
id_transaction_00000501,Prélèvement,-1806.4689416728534,GBP,-4.663037280866539,En attente,Washington DC,Japon
id_transaction_00000733,Carte,1788.181138956653,JPY,8.231257016800253,Complétée,Francfort,Royaume-Uni
id_transaction_00000880,Carte,422.6904109521546,JPY,4.153106184777927,En attente,Londres,Japon
id_transaction_00000569,Dépôt,155.52221458046154,GBP,-4.385557011656199,Complétée,Francfort,Royaume-Uni
id_transaction_00000003,Dépôt,908.9767761055296,ZAR,15.081114969318932,En attente,Francfort,Japon
id_transaction_00000198,Retrait,728.0621759531668,EUR,-2.153549039828153,Complétée,New York,Maroc
id_transaction_00000465,Dépôt,-168.28556788560263,USD,6.497460193225762,En cours,Tokyo,Allemagne
id_transaction_00000818,Retrait,40733.3052981693,EUR,10.71373106841807,Complétée,Pékin,UE
id_transaction_00000051,Retrait,2106.800414182714,USD,7.465278486089292,Complétée,Pékin,Chine
id_transaction_00000834,Virement International,-1056.8173541253382,USD,-4.681700655084627,Complétée,New York,Afrique du Sud
id_transaction_00000326,Virement International,955.669972888325,USD,1.3816546171154647,Complétée,Tokyo,Afrique du Sud
id_transaction_00000794,Retrait,874.8896295361777,EUR,7.0681532656185535,En cours,Casablanca,USA
id_transaction_00000444,Prélèvement,230.08159842490846,GBP,-5.133643336406647,Complétée,New York,Allemagne
id_transaction_00000271,Carte,972.934291021312,USD,6.815939029065548,En attente,New York,Japon
id_transaction_00000131,Retrait,-187.8973492524823,EUR,5.858115232156226,Complétée,Pékin,France
id_transaction_00000438,Prélèvement,3221.309391981181,EUR,3.1945134744889763,En attente,Tokyo,USA
id_transaction_00000626,Virement,6036.472395674802,CNY,3.9920026717870716,Complétée,New York,UE
id_transaction_00000294,Dépôt,-1345.2118979553884,GBP,-14.62562120021283,Complétée,Londres,France
id_transaction_00000643,Retrait,-488.8559786008393,ZAR,3.285013435246853,Complétée,Londres,Royaume-Uni
id_transaction_00000322,Carte,2454.1226879057394,MAD,-1.1943815862049334,En attente,Paris,USA
id_transaction_00000891,Dépôt,350.66251857638696,EUR,-7.438894253680746,Complétée,Tokyo,USA
id_transaction_00000252,Carte,2194.7647490022205,CNY,-0.32130437039681414,Complétée,Tokyo,Maroc
id_transaction_00000864,Dépôt,585.5310209972237,EUR,10.045167774735631,Complétée,Washington DC,France
id_transaction_00000795,Virement,995.7197658794012,MAD,1.21316587776706,Complétée,Tokyo,Royaume-Uni
id_transaction_00000006,Carte,279.66822693621793,CNY,9.926224466329469,Rejetée,New York,Japon
id_transaction_00000460,Carte,1654.185654065295,MAD,-4.776564873530096,Complétée,New York,Maroc
id_transaction_00000683,Virement,-1049.0185701969967,GBP,-9.0144035310061,Complétée,Londres,Royaume-Uni
id_transaction_00000730,Prélèvement,4160.91441594608,EUR,6.9545409897610195,Complétée,Tokyo,Maroc
id_transaction_00000915,Carte,1282.865825867948,GBP,7.710510994166107,Complétée,Casablanca,Maroc
id_transaction_00000247,Virement,340.04776883259296,GBP,-7.267243924909878,Complétée,Londres,Maroc
id_transaction_00000751,Carte,73.96666099906815,GBP,-2.854361597896083,En attente,Londres,Royaume-Uni
id_transaction_00000310,Retrait,126.69237609332066,EUR,5.654213916523661,Complétée,Pékin,Royaume-Uni
id_transaction_00000231,Prélèvement,25392.58442466246,USD,657.6003669097806,Complétée,Paris,Maroc
id_transaction_00000437,Retrait,1259.545647180009,CNY,14.549491916556665,Complétée,Tokyo,Chine
id_transaction_00000575,Prélèvement,-533.493083736456,ZAR,-63.68965275567855,Complétée,Johannesburg,Maroc
id_transaction_00000763,Carte,14759.338564705457,GBP,-0.16032662948695364,Complétée,Casablanca,USA
id_transaction_00000575,Prélèvement,-11.254244174086693,ZAR,-7.743858979634417,En attente,New York,France
id_transaction_00000191,Prélèvement,834.0271161434727,GBP,7.600316361648917,En attente,Londres,USA
id_transaction_00000399,Virement,353.3429184615924,USD,-6.757129401249721,En attente,Washington DC,USA
id_transaction_00000945,Retrait,-645.5199813363582,JPY,-9.436059693923738,Complétée,Paris,Maroc
id_transaction_00000067,Virement,-842.983283727223,MAD,-3.623180095807939,Complétée,Casablanca,Afrique du Sud
id_transaction_00000376,Dépôt,8775.448464449219,JPY,-1.3190006729434884,En attente,Pékin,Japon
id_transaction_00000146,Carte,6347.484548764398,JPY,221.20509774313632,Complétée,Tokyo,Maroc
id_transaction_00000694,Virement,482.29863541258624,JPY,7.9287909461528825,Complétée,Pékin,USA
id_transaction_00000839,Prélèvement,-349.22987810742234,USD,2.904105113116519,En cours,Tokyo,Maroc
id_transaction_00000266,Retrait,-82.10565650954447,USD,-2.9964444637853864,Complétée,Paris,Japon
id_transaction_00000683,Carte,112022.78033449987,EUR,1749.515479293732,Complétée,New York,Royaume-Uni
id_transaction_00000666,Retrait,566.5467898466338,EUR,5.389599385836679,Complétée,Pékin,Royaume-Uni
id_transaction_00000611,Carte,3210.983448758966,ZAR,13.73876007162297,Complétée,Londres,Royaume-Uni
id_transaction_00000245,Retrait,-315.80301121849834,ZAR,1.4211014519049865,Complétée,Londres,USA
id_transaction_00000039,Dépôt,694.1566962971203,EUR,-2.8322983688192247,Complétée,Londres,Maroc
id_transaction_00000011,Retrait,14385.064338504299,ZAR,5.226261922985635,Complétée,New York,USA
id_transaction_00000551,Virement International,48.91420138839061,GBP,-8.22495773388383,Complétée,Londres,USA
id_transaction_00000022,Carte,-26.20156399130815,USD,-6.688040943148409,Complétée,Pékin,France
id_transaction_00000028,Retrait,-366.49431237097394,USD,8.80736455222568,Complétée,New York,UE
id_transaction_00000780,Retrait,586.4122197218095,USD,-6.950195057500927,Complétée,Tokyo,Maroc
id_transaction_00000130,Virement,228.1324436726809,CNY,2.8645497936435893,Complétée,Londres,USA
id_transaction_00000584,Virement,587.197126853204,GBP,-12.967636504962009,Complétée,Washington DC,USA
id_transaction_00000038,Retrait,5624.584864549786,USD,0.3992027927365642,Complétée,Casablanca,Allemagne
id_transaction_00000644,Dépôt,83.53825826832087,MAD,-4.500628945170859,Complétée,Tokyo,UE
id_transaction_00000531,Carte,1077.9937418439254,GBP,2.607380212261979,Complétée,Paris,USA
id_transaction_00000647,Virement,689.7727287712869,GBP,2.54765651281292,Complétée,Pékin,Royaume-Uni
id_transaction_00000604,Retrait,-361.5839249955692,USD,5.959231976604308,En cours,Pékin,Japon
id_transaction_00000133,Prélèvement,-480.00706183542127,USD,-0.5174597105181995,Rejetée,Tokyo,France
id_transaction_00000970,Prélèvement,204.43333095227945,USD,0.6498810815952663,En attente,Paris,France
id_transaction_00000213,Retrait,5987.736770085414,JPY,-1.88167740369581,Rejetée,Washington DC,Royaume-Uni
id_transaction_00000538,Carte,1451.1195815354451,JPY,17.76544694738389,En cours,New York,Royaume-Uni
id_transaction_00000248,Carte,213.1718075507126,ZAR,1.4322673569522069,Complétée,Pékin,UE
id_transaction_00000823,Retrait,-1159.3220127970744,USD,-0.09494569181305934,Complétée,Pékin,UE
id_transaction_00000336,Retrait,417.59204932215187,ZAR,0.03760805987591809,En cours,Casablanca,Allemagne
id_transaction_00000938,Carte,1566.8446956769058,CNY,12.44546580611083,Rejetée,Paris,USA
id_transaction_00000699,Carte,-166.43173697186091,MAD,-1.8659047830046545,Complétée,Washington DC,Royaume-Uni
id_transaction_00000278,Carte,24665.129053366352,JPY,-0.3909931271157854,Rejetée,Paris,Chine
id_transaction_00000825,Retrait,463.4307392648309,USD,15.368910553506815,Complétée,Washington DC,USA
id_transaction_00000203,Prélèvement,632.2006529529416,ZAR,0.15473493882547995,En attente,Casablanca,Afrique du Sud
id_transaction_00000961,Prélèvement,-532.8461590709632,JPY,2.3467000364602457,Complétée,Rabat,USA
id_transaction_00000647,Prélèvement,192.2683639784816,GBP,2.597873145757126,En attente,Paris,Japon
id_transaction_00000041,Retrait,-81.07104930905223,CNY,-7.439276079679623,En attente,New York,Royaume-Uni
id_transaction_00000099,Retrait,19095.994858917486,USD,2.5040166072115806,En attente,Paris,Royaume-Uni
id_transaction_00000620,Retrait,398.7359029262139,CNY,15.367602724298063,Rejetée,Washington DC,Maroc
id_transaction_00000272,Retrait,149.81081663536372,JPY,-11.96892801275952,Complétée,Washington DC,Maroc
id_transaction_00000300,Virement International,832.4082173620236,JPY,-1.3476962496858835,Complétée,Tokyo,Maroc
id_transaction_00000540,Carte,134613.47591342626,CNY,3.462876645808145,Rejetée,Rabat,Royaume-Uni
id_transaction_00000432,Dépôt,1461.4729310557527,EUR,5.791517975736892,Complétée,Washington DC,Royaume-Uni
id_transaction_00000100,Carte,880.8692310203412,CNY,-2.327791977153076,Complétée,Tokyo,France
id_transaction_00000895,Retrait,5089.72914536999,JPY,14.971651167798282,En cours,Rabat,USA
id_transaction_00000125,Prélèvement,1806.7154737824285,MAD,-5.362352098894253,En cours,Londres,France
id_transaction_00000695,Carte,4511.673748001843,EUR,1.4756960556525924,Complétée,New York,Maroc
id_transaction_00000117,Retrait,18750.568856267448,GBP,-9.574014128835678,Complétée,Londres,Chine
id_transaction_00000091,Carte,644.0491834931545,MAD,-11.1488008430503,Complétée,Pékin,USA
id_transaction_00000923,Virement International,14966.434569921388,MAD,6.576001976574212,En attente,Casablanca,Maroc
id_transaction_00000491,Retrait,-711.6093437376613,GBP,-0.8182869859827235,En attente,Tokyo,Maroc
id_transaction_00000659,Dépôt,10396.224376400725,USD,3.5048583392221024,Complétée,Paris,USA
id_transaction_00000356,Virement,43.928871088596566,CNY,-5.194072061026861,Complétée,New York,Allemagne
id_transaction_00000697,Prélèvement,-622.7509583082616,CNY,-251.41575446551508,Complétée,Londres,Maroc
id_transaction_00000671,Retrait,2296.8101472526528,MAD,19.182712899122052,Complétée,Casablanca,Chine
id_transaction_00000846,Carte,-556.9824259469061,CNY,-4.604985698685529,En attente,Tokyo,Royaume-Uni
id_transaction_00000016,Carte,4603.856306929949,GBP,-0.30853474604591113,Complétée,Casablanca,Royaume-Uni
id_transaction_00000096,Carte,6064.213234874759,ZAR,16.92380824206863,Complétée,Tokyo,USA
id_transaction_00000654,Retrait,499.39860702210854,MAD,-1.5132799546136964,Complétée,Johannesburg,France
id_transaction_00000560,Retrait,-359.67257074213614,GBP,5.97150483881658,En attente,Pékin,UE
id_transaction_00000548,Dépôt,265.4082452209885,GBP,290.1055753140115,En attente,Tokyo,USA
id_transaction_00000320,Carte,-676.3418073989895,EUR,-8.590518546509717,Complétée,Johannesburg,France
id_transaction_00000327,Prélèvement,74.36239525321685,USD,4.646828747937727,Complétée,Pékin,Maroc
id_transaction_00000073,Prélèvement,-221.26150563649378,EUR,15.939069971452358,Rejetée,Pékin,France
id_transaction_00000490,Carte,874.5184375413589,CNY,7.1586345024207425,Complétée,Tokyo,Maroc
id_transaction_00000944,Prélèvement,-624.837437453191,USD,-3.245485711255202,En attente,Paris,USA
id_transaction_00000534,Dépôt,464.36774149410485,GBP,-8.458067015954295,Complétée,Paris,UE
id_transaction_00000701,Prélèvement,754.7027016803781,EUR,1.5129964971793965,En attente,Tokyo,France
id_transaction_00000129,Dépôt,3951.6636907546463,CNY,72.14814241033645,Complétée,Francfort,Royaume-Uni
id_transaction_00000911,Virement,-392.96882945601396,USD,-4.678914628111191,En attente,Tokyo,Royaume-Uni
id_transaction_00000794,Prélèvement,6089.90953967896,CNY,8.79467384860289,Rejetée,Francfort,Royaume-Uni
id_transaction_00000827,Carte,-897.6560478717047,USD,0.6120762990345119,Rejetée,Casablanca,Maroc
id_transaction_00000410,Dépôt,-155.3164548168661,JPY,-1.7299672111445252,Complétée,New York,Royaume-Uni
id_transaction_00000171,Carte,694.1076504886486,MAD,6.511383187646109,Complétée,Paris,Royaume-Uni
id_transaction_00000790,Virement International,1004.373505875826,JPY,1.5782351270006911,Complétée,New York,Royaume-Uni
id_transaction_00000557,Retrait,-496.4540143441932,JPY,4.229739151309484,Complétée,New York,USA
id_transaction_00000197,Carte,827.6289026839238,USD,-0.11356998148008035,Complétée,Londres,Royaume-Uni
id_transaction_00000609,Virement,9522.886321108543,EUR,-4.2013124379302385,En attente,New York,Maroc
id_transaction_00000915,Carte,144.94515888244445,JPY,12.73652194380881,Complétée,Londres,UE
id_transaction_00000774,Dépôt,1360.558799448611,EUR,4.184702035643028,Rejetée,Pékin,Maroc
id_transaction_00000647,Dépôt,17.51601933338725,JPY,13.81003926891994,Complétée,Tokyo,Royaume-Uni
id_transaction_00000393,Virement,412.8107434887455,CNY,-0.04640919348071115,Rejetée,Pékin,USA
id_transaction_00000531,Retrait,-904.7656731670573,MAD,-2.8630288476370014,Complétée,Washington DC,Maroc
id_transaction_00000177,Retrait,362.7364004773088,EUR,-11.98032065831132,Complétée,Johannesburg,Afrique du Sud
id_transaction_00000918,Carte,3418.1216744563117,EUR,-6.923769892308287,En attente,Washington DC,Maroc
id_transaction_00000130,Prélèvement,5740.578747872494,USD,12.896793156295551,En cours,Pékin,USA
id_transaction_00000383,Retrait,-757.8164566870081,EUR,-4.073218333734709,Complétée,Tokyo,Afrique du Sud
id_transaction_00000469,Carte,-149.4262738674853,USD,-0.5762874717966646,Complétée,New York,Afrique du Sud
id_transaction_00000998,Virement International,692.6929479500475,MAD,2.8660252354463376,Complétée,Pékin,Japon
id_transaction_00000333,Virement International,1210.752693657725,EUR,-8.76041107265058,Complétée,Paris,Maroc
id_transaction_00000787,Carte,-75.29874088279405,CNY,-3.2311968002525964,Rejetée,Washington DC,Japon
id_transaction_00000004,Retrait,-580.8001079738182,GBP,-0.2025384457224133,Complétée,Johannesburg,Royaume-Uni
id_transaction_00000377,Carte,8717.230190864815,CNY,-15.980754741771484,En attente,Francfort,France
id_transaction_00000212,Carte,-172.50342999379427,GBP,-11.779049250672173,Complétée,Londres,Chine
id_transaction_00000986,Carte,-279.605578738463,JPY,-2.2444206210570155,Complétée,Washington DC,France
id_transaction_00000753,Dépôt,1484.8181165252804,ZAR,3.776595559574657,Rejetée,Washington DC,Chine
id_transaction_00000735,Prélèvement,280.3425003496865,USD,-5.389070899303877,En attente,Johannesburg,Maroc
id_transaction_00000472,Retrait,-142.0779188381349,EUR,-5.956078498964724,Complétée,Pékin,Maroc
id_transaction_00000016,Retrait,1000.2306641124002,USD,7.785890060653123,Complétée,Rabat,USA
id_transaction_00000606,Retrait,73198.66432003769,USD,6.652394986511003,Complétée,Johannesburg,USA
id_transaction_00000099,Dépôt,15.49434104353395,JPY,-8.317689338876253,Rejetée,Tokyo,Maroc
id_transaction_00000265,Retrait,1265.6789668215845,USD,6.242456296840408,En cours,Pékin,Maroc
id_transaction_00000039,Retrait,5208.125935133066,MAD,23.5356826180233,Complétée,Francfort,Maroc
id_transaction_00000560,Carte,401.6987613772962,USD,-1.372402696799588,En attente,Washington DC,USA
id_transaction_00000615,Retrait,870.9228804189538,USD,10.203580466710775,Complétée,New York,Maroc
id_transaction_00000576,Virement,554.7996993546452,MAD,7.683773653648926,Complétée,Washington DC,Royaume-Uni
id_transaction_00000809,Virement,1240.6749723665553,USD,-2.43543083078933,Complétée,New York,Maroc
id_transaction_00000015,Retrait,-206.90080001152216,USD,-8.404994204278331,Complétée,Washington DC,Allemagne
id_transaction_00000062,Virement International,174.43119312515626,USD,7.240121907992815,Complétée,Londres,USA
id_transaction_00000788,Virement International,1635.7223529355238,JPY,12.390894252226673,Complétée,Washington DC,Maroc
id_transaction_00000984,Carte,119233.36058386767,EUR,12.876639558297068,Complétée,Paris,Japon
id_transaction_00000133,Carte,3103.1150902562254,MAD,-7.87505178721191,En attente,Rabat,Japon
id_transaction_00000730,Retrait,-851.1409139514507,USD,-5.627404483033524,En attente,Washington DC,Royaume-Uni
id_transaction_00000729,Retrait,13.367409751916966,GBP,-15.766240686496733,Complétée,Casablanca,Maroc
id_transaction_00000067,Prélèvement,459.1240554200806,EUR,3.070219967071642,En cours,Casablanca,Chine
id_transaction_00000043,Prélèvement,24808.45834710007,USD,5.3805995964047675,Complétée,Tokyo,Japon
id_transaction_00000551,Prélèvement,45334.66519280204,EUR,10.012607337193577,Complétée,Pékin,USA
id_transaction_00000646,Prélèvement,34407.2369163133,USD,7.547929032868575,Rejetée,Paris,Maroc
id_transaction_00000134,Dépôt,257.56116748173656,JPY,-11.65042499961731,Complétée,New York,Maroc
id_transaction_00000730,Dépôt,981.3326986162533,JPY,6.155677569625757,Complétée,Londres,USA
id_transaction_00000625,Virement International,1602.054553835133,GBP,-4.389308126390577,Complétée,Paris,USA
id_transaction_00000093,Dépôt,806.3377959317875,GBP,3.997805474910429,Complétée,Francfort,Royaume-Uni
id_transaction_00000377,Carte,6963.212535573368,USD,23.866131473440095,Complétée,Casablanca,Chine
id_transaction_00000401,Carte,165.63803838586568,EUR,6.471910421760207,En attente,New York,Maroc
id_transaction_00000637,Virement International,-320.04100262456313,JPY,-20.870248114837914,Complétée,New York,Chine
id_transaction_00000576,Prélèvement,-256.2893484897221,USD,396.25796817429824,Complétée,Pékin,Royaume-Uni
id_transaction_00000867,Carte,-741.942105282351,MAD,-6.423879486339852,Complétée,Rabat,USA
id_transaction_00000756,Prélèvement,1211.1093693319622,USD,-0.5519823929573704,Complétée,Francfort,Chine
id_transaction_00000150,Virement,-100.25036045316472,MAD,-2.1402597913816646,Complétée,Casablanca,Chine
id_transaction_00000912,Retrait,6224.342283863732,MAD,21.095873613108115,Complétée,Francfort,Royaume-Uni
id_transaction_00000396,Retrait,-568.3800989249485,USD,6.320022720206163,Complétée,Johannesburg,USA
id_transaction_00000981,Carte,1573.647856415399,JPY,12.393346056180093,Complétée,Rabat,USA
id_transaction_00000410,Prélèvement,-160.2378745959129,GBP,0.2050718319268121,Complétée,Johannesburg,Maroc
id_transaction_00000542,Virement,1254.266119449761,ZAR,-4.472153344299207,Complétée,Casablanca,USA
id_transaction_00000083,Prélèvement,-136.80969448284657,USD,-9.499753481809943,Complétée,Pékin,Royaume-Uni
id_transaction_00000518,Carte,19457.234996274346,ZAR,554.1004773917052,Complétée,Londres,USA
id_transaction_00000190,Retrait,-57.98073171874927,ZAR,2.0494164269590547,Complétée,Casablanca,USA
id_transaction_00000597,Carte,-869.256662674284,USD,-9.256800905878652,Rejetée,Tokyo,France
id_transaction_00000795,Retrait,389.3680857652858,EUR,9.86833473427659,Complétée,Rabat,Maroc
id_transaction_00000420,Carte,6506.0226000241,USD,-0.32409290279018954,Complétée,Casablanca,Maroc
id_transaction_00000740,Virement International,1169.5291699673571,USD,-7.461090270014432,Complétée,Casablanca,France
id_transaction_00000723,Carte,818.9191877553363,GBP,-9.09664444162517,Complétée,Londres,Royaume-Uni
id_transaction_00000715,Prélèvement,3350.5986295518087,JPY,-4.044638507393549,En attente,Francfort,USA
id_transaction_00000062,Carte,15724.840922947842,USD,-9.62111401937435,Complétée,New York,Japon
id_transaction_00000535,Prélèvement,-1232.0926762643617,GBP,-6.597176377095379,Complétée,Tokyo,Royaume-Uni
id_transaction_00000875,Dépôt,-19.48070111296545,CNY,-4.207575987780587,En attente,Tokyo,USA
id_transaction_00000990,Dépôt,1627.1663948745368,CNY,1.5138854201741578,En attente,Casablanca,Maroc
id_transaction_00000323,Prélèvement,1237.3575092363055,EUR,6.855046880537169,En attente,New York,Maroc
id_transaction_00000479,Dépôt,-125.68655415964349,JPY,-8.766715711387949,Complétée,Johannesburg,Afrique du Sud
id_transaction_00000455,Retrait,14088.954040995159,USD,-6.645407715279018,Complétée,Pékin,Allemagne
id_transaction_00000635,Dépôt,1975.5426821781816,EUR,4.514091161060642,Complétée,New York,Maroc
id_transaction_00000391,Virement International,5109.602984190349,USD,3.7359485033628115,Rejetée,Francfort,Afrique du Sud
id_transaction_00000834,Retrait,342.5584919508665,JPY,-1.0004918793672744,Complétée,Tokyo,Japon
id_transaction_00000837,Prélèvement,210.67765205856918,USD,-5.545112461847675,Complétée,Pékin,Japon
id_transaction_00000648,Retrait,701.57575548525,GBP,10.785123510696337,Complétée,Washington DC,Royaume-Uni
id_transaction_00000251,Virement,1498.7111256562066,CNY,14.312162505139028,Complétée,Tokyo,Maroc
id_transaction_00000940,Virement International,1203.127947884501,MAD,6.500130720339956,Complétée,Casablanca,Chine
id_transaction_00000927,Carte,-288.8542169074161,GBP,-10.270387583853669,En attente,Francfort,Chine
id_transaction_00000470,Prélèvement,-1458.8900947642778,USD,-12.77910265229853,Complétée,New York,Royaume-Uni
id_transaction_00000566,Retrait,-433.2939293056937,EUR,3.0250176815956316,Complétée,Casablanca,USA
id_transaction_00000136,Retrait,-1251.7401822271186,EUR,-0.8280350738858182,Complétée,New York,Allemagne
id_transaction_00000552,Prélèvement,854.8635476636114,USD,-13.951047905177983,Complétée,Washington DC,Allemagne
id_transaction_00000945,Prélèvement,-455.4420409147799,USD,2.047551642897609,Complétée,Washington DC,Japon
id_transaction_00000190,Carte,1646.7869725229575,CNY,-3.589483877708271,Complétée,Londres,Japon
id_transaction_00000601,Carte,1144.5112776371034,CNY,7.871007694447461,En attente,New York,Royaume-Uni
id_transaction_00000167,Dépôt,281.46120543408153,MAD,-1.1215354992773987,Complétée,Rabat,Royaume-Uni
id_transaction_00000977,Carte,1273.8350486382838,USD,6.459428920702418,Complétée,New York,Allemagne
id_transaction_00000936,Retrait,-163.4372329419108,MAD,-5.43228839110331,Complétée,Pékin,Royaume-Uni
id_transaction_00000680,Virement International,906.776450297052,ZAR,-3.639588267839158,Complétée,Casablanca,Royaume-Uni
id_transaction_00000125,Carte,-6.910109431929243,GBP,15.592599456602358,En attente,Paris,Maroc
id_transaction_00000946,Carte,1152.1836369418352,CNY,15.220674877328516,Complétée,Tokyo,USA
id_transaction_00000217,Retrait,1783.2981325220635,EUR,11.853656052294566,En cours,Washington DC,USA
id_transaction_00000797,Retrait,1538.2933769939905,USD,-0.03647620558603304,Complétée,Paris,Royaume-Uni
id_transaction_00000380,Carte,504.8476321502408,ZAR,46.567138191432996,Complétée,New York,USA
id_transaction_00000374,Dépôt,460.4861610952876,USD,9.818284962300398,Complétée,Casablanca,Japon
id_transaction_00000317,Virement,1704.3655038739194,MAD,8.95101831641745,Complétée,Washington DC,USA
id_transaction_00000319,Retrait,7822.086227244284,USD,7.0466424816384965,Complétée,Johannesburg,Royaume-Uni
id_transaction_00000885,Carte,-210.64941721813977,USD,12.222890812720674,En attente,Pékin,Maroc
id_transaction_00000205,Carte,1126.6623969518423,EUR,3.431481353809253,Complétée,Paris,Maroc
id_transaction_00000788,Virement,938.3795640884795,JPY,-6.171468449050548,Complétée,Paris,USA
id_transaction_00000738,Virement International,3093.172979654232,USD,-5.84536298964198,Complétée,New York,Japon
id_transaction_00000845,Dépôt,433.0491315110773,GBP,7.700486808985609,Complétée,Londres,Royaume-Uni
id_transaction_00000973,Retrait,6691.111782859076,MAD,-5.4013374353308015,Complétée,Tokyo,Royaume-Uni
id_transaction_00000410,Dépôt,547.2397350814033,EUR,-3.717799461026508,Complétée,Tokyo,Royaume-Uni
id_transaction_00000341,Retrait,3521.0474660982354,EUR,12.74864466873117,Complétée,Tokyo,USA
id_transaction_00000683,Retrait,610.2726087638725,USD,-1.94314387325523,Complétée,New York,USA
id_transaction_00000440,Carte,-726.4301586597875,ZAR,3.405447034127274,En attente,Casablanca,USA
id_transaction_00000879,Retrait,1250.5857095947827,GBP,-4.744295064701098,Complétée,Casablanca,Japon
id_transaction_00000160,Prélèvement,604.8066624447156,EUR,-0.6706676431096987,Complétée,Tokyo,Maroc
id_transaction_00000552,Prélèvement,-399.4808895791108,CNY,4.145251943807584,En attente,Tokyo,USA
id_transaction_00000741,Dépôt,-857.1484254813191,USD,-11.283664591924083,Complétée,Paris,Afrique du Sud
id_transaction_00000643,Virement International,-60.287278283696025,JPY,-4.018217350872814,Complétée,Paris,USA
id_transaction_00000870,Carte,574.7212493251893,JPY,10.988214855380004,En attente,Rabat,Maroc
id_transaction_00000978,Prélèvement,1035.2704684137875,GBP,15.400458801393054,Complétée,Francfort,France
id_transaction_00000975,Retrait,137.21516010745665,JPY,0.7089218035686438,Rejetée,Washington DC,Maroc
id_transaction_00000379,Carte,3912.116436960224,USD,-10.639325702558864,Complétée,Tokyo,USA
id_transaction_00000657,Carte,-572.4070423848508,MAD,-9.838718760687257,Complétée,Paris,Royaume-Uni
id_transaction_00000674,Retrait,-58.583294508544725,USD,2.134598450045855,Complétée,New York,Maroc
id_transaction_00000295,Virement,-224.85357884195935,MAD,-7.801576839879401,En attente,Washington DC,Royaume-Uni
id_transaction_00000629,Carte,-973.4434310137195,USD,-10.78712744000353,Complétée,Paris,UE
id_transaction_00000205,Dépôt,1229.411778582381,GBP,0.6636533750062137,Complétée,Tokyo,France
id_transaction_00000399,Retrait,5094.791078085118,EUR,1.1669476445053224,Complétée,Francfort,Royaume-Uni
id_transaction_00000433,Virement International,772.5684793627963,MAD,9.839878174596485,Complétée,Francfort,Royaume-Uni
id_transaction_00000526,Dépôt,-1284.9831806298566,USD,-6.442323385771183,Complétée,New York,Japon
id_transaction_00000354,Retrait,1682.2581153828382,JPY,8.139301841447278,Complétée,Francfort,Royaume-Uni
id_transaction_00000432,Virement,28.847691440518588,USD,-3.111664718160502,Complétée,Tokyo,USA
id_transaction_00000348,Virement International,5362.983131601786,USD,-3.1972343297120416,Complétée,Johannesburg,Japon
id_transaction_00000386,Retrait,741.7309369637487,EUR,2.3103862293058683,Complétée,Francfort,Maroc
id_transaction_00000092,Carte,-206.40685800986535,GBP,-10.35897021342522,Complétée,Pékin,Chine
id_transaction_00000862,Virement,324.8063773930293,CNY,-5.9126635800740095,Complétée,Tokyo,France
id_transaction_00000131,Retrait,35129.340649515,JPY,-4.743081439282094,En attente,Francfort,USA
id_transaction_00000850,Retrait,666.4189689950689,USD,9.403384664251348,Complétée,Casablanca,Royaume-Uni
id_transaction_00000365,Retrait,-385.5918288873826,JPY,8.505697961081209,Rejetée,New York,Japon
id_transaction_00000526,Virement,1999.1509444778712,MAD,-14.952285869352039,Complétée,Washington DC,USA
id_transaction_00000963,Prélèvement,-700.8321176563708,USD,-11.984349373575068,Rejetée,Washington DC,France
id_transaction_00000693,Carte,1880.8279872140915,JPY,6.465675934781163,Complétée,Londres,France
id_transaction_00000071,Virement,1057.7788944548033,USD,20.19709630063803,En attente,Washington DC,USA
id_transaction_00000397,Carte,960.9267003177129,JPY,-1.1917498930998107,En attente,Tokyo,USA
id_transaction_00000335,Virement,3689.670993214692,GBP,4.504399319835203,Complétée,Paris,USA
id_transaction_00000084,Carte,1357.3093114088715,EUR,3.996371247265696,Rejetée,Washington DC,Maroc
id_transaction_00000977,Retrait,-621.9477993231225,USD,-6.745352925363091,En attente,New York,UE
id_transaction_00000802,Carte,3432.8337566253495,USD,-8.333930473096213,Complétée,Casablanca,Afrique du Sud
id_transaction_00000499,Carte,115409.0482482728,JPY,-1.488845095021503,En attente,Tokyo,Chine
id_transaction_00000466,Retrait,182.38787876234642,EUR,-10.36968038258533,Complétée,Rabat,USA
id_transaction_00000206,Dépôt,12348.529251020538,CNY,-5.371196231282945,Complétée,Casablanca,USA
id_transaction_00000199,Retrait,346.896793254351,CNY,0.878732653019461,Complétée,Francfort,Royaume-Uni
id_transaction_00000252,Virement International,-406.5535236243759,JPY,-6.400940863535909,En cours,Paris,USA
id_transaction_00000700,Retrait,39.02591606932958,USD,-8.353894661347223,En cours,Francfort,Japon
id_transaction_00000416,Carte,411.99394642041995,ZAR,18.385652629717708,Complétée,Casablanca,USA
id_transaction_00000226,Virement,3861.791105570579,GBP,12.874612673565496,Complétée,Francfort,Royaume-Uni
id_transaction_00000741,Prélèvement,440.48380421168594,MAD,10.392398433995469,En attente,Washington DC,France
id_transaction_00000180,Carte,300.85003547192184,USD,-4.439067770737702,Complétée,Pékin,Chine
id_transaction_00000758,Retrait,1089.3630402540043,USD,5.610177622170042,Complétée,Pékin,UE
id_transaction_00000058,Retrait,898.1692012366766,EUR,2.6495436738925946,Complétée,Paris,Royaume-Uni
id_transaction_00000290,Carte,742.2401888448455,USD,-6.031900523697156,Complétée,New York,Maroc
id_transaction_00000348,Virement,882.089105181643,CNY,-3.511107326804873,En attente,Washington DC,USA
id_transaction_00000448,Virement,633.3870428014352,USD,3.3409340991916405,Complétée,Casablanca,Chine
id_transaction_00000144,Carte,579.546948486321,MAD,-3.9569798766959225,Complétée,Pékin,France
id_transaction_00000765,Virement,1557.4802366248055,CNY,3.5441101270692847,En attente,New York,Royaume-Uni
id_transaction_00000805,Dépôt,1440.6124751475372,JPY,3.623681262200142,Complétée,Francfort,France
id_transaction_00000356,Dépôt,7618.9823149634885,ZAR,10.8254642793205,Complétée,Paris,France
id_transaction_00000750,Virement,-228.80921813516488,MAD,12.585881565571965,Complétée,Tokyo,Royaume-Uni
id_transaction_00000243,Dépôt,1433.0770724887193,CNY,-1.3022980403705535,Complétée,Francfort,Maroc
id_transaction_00000512,Dépôt,1152.9103820154328,MAD,16.317479579699256,En cours,Casablanca,UE
id_transaction_00000574,Retrait,2256.1658431909304,JPY,20.056827859869376,Complétée,Casablanca,USA
id_transaction_00000551,Retrait,5758.865880769581,USD,1.5910638792621818,En attente,Johannesburg,Maroc
id_transaction_00000890,Prélèvement,-187.44176904734923,GBP,-1.0785720570598967,Complétée,Paris,USA
id_transaction_00000805,Carte,-317.49379481946744,EUR,-5.1249294858548415,Complétée,Londres,Maroc
id_transaction_00000794,Retrait,15909.990067634302,USD,8.325337790430439,Complétée,Pékin,Afrique du Sud
id_transaction_00000985,Carte,826.2430082199098,EUR,223.6565887483775,En attente,Francfort,USA
id_transaction_00000256,Carte,7.838781960488689,MAD,-0.819373336068768,Complétée,Tokyo,Royaume-Uni
id_transaction_00000912,Dépôt,436.98377173686805,USD,1.76804223407775,Complétée,New York,Royaume-Uni
id_transaction_00000901,Virement International,-357.0456973696886,MAD,-4.161665670629493,Complétée,Francfort,Chine
id_transaction_00000143,Retrait,-224.5864011228814,USD,10.844805620174391,Complétée,Pékin,Maroc
id_transaction_00000704,Dépôt,173.15938924636055,CNY,0.6318901620891122,Complétée,Tokyo,France
id_transaction_00000029,Retrait,1388.1364794774768,ZAR,7.286686891374268,Complétée,Londres,Chine
id_transaction_00000844,Virement,543.3156833017835,GBP,4.494059138564754,Complétée,New York,Royaume-Uni
id_transaction_00000198,Retrait,196.06103337929085,EUR,-6.681102934250174,En cours,Casablanca,Royaume-Uni
id_transaction_00000787,Retrait,78072.83130071986,USD,16.357613400636364,Complétée,New York,Royaume-Uni
id_transaction_00000511,Retrait,305.08370427470254,GBP,-5.95160482111961,Complétée,New York,Maroc
id_transaction_00000703,Virement,31.175489898796798,GBP,5.1188929265652465,Complétée,Rabat,Royaume-Uni
id_transaction_00000174,Dépôt,-1358.6911891357495,MAD,-9.879871786456015,Complétée,Tokyo,Allemagne
id_transaction_00000229,Prélèvement,3983.295752598068,ZAR,5.938939703612138,Complétée,Casablanca,Japon
id_transaction_00000967,Carte,869.6482313413242,CNY,4.7199182990479445,En attente,Francfort,Royaume-Uni
id_transaction_00000995,Carte,1198.8378525650955,CNY,4.448441141285176,En attente,Paris,Royaume-Uni
id_transaction_00000530,Retrait,-3153.974162932076,CNY,-10.732431116206357,Complétée,Paris,Maroc
id_transaction_00000016,Retrait,-451.9430270017896,CNY,5.3041382237360795,Rejetée,Pékin,Japon
id_transaction_00000751,Virement International,1760.4231984190033,CNY,20.431060431992073,Complétée,Johannesburg,Chine
id_transaction_00000960,Retrait,394.59900801545297,USD,-11.541823062556066,Rejetée,Pékin,Japon
id_transaction_00000610,Carte,12568.282123652582,GBP,12.799077268874214,En attente,Johannesburg,Maroc
id_transaction_00000188,Virement International,-466.18071164860555,JPY,5.452046226218676,Complétée,Pékin,Royaume-Uni
id_transaction_00000898,Virement,-177.00712813178473,GBP,4.468259764637662,Complétée,Casablanca,Royaume-Uni
id_transaction_00000370,Virement,1117.683396137434,JPY,-1.4229455354199994,En cours,Londres,USA
id_transaction_00000979,Prélèvement,312.9420724511177,ZAR,-6.850038389973906,Complétée,Johannesburg,France
id_transaction_00000951,Retrait,708.9578657987261,ZAR,5.662352679245957,Complétée,Londres,Japon
id_transaction_00000009,Virement International,14112.408341431586,JPY,697.7669565674748,Rejetée,Casablanca,UE
id_transaction_00000732,Virement International,1426.2181690791926,CNY,-3.904835072565784,Complétée,Casablanca,Japon
id_transaction_00000250,Carte,401.8942526665687,JPY,4.877722299248633,Complétée,Washington DC,Royaume-Uni
id_transaction_00000114,Virement International,1228.0670640640774,GBP,8.900438648123918,Complétée,Londres,Royaume-Uni
id_transaction_00000325,Virement,454.3852086146821,MAD,-13.80609633345722,En attente,Francfort,UE
id_transaction_00000217,Virement,-302.453260869018,USD,-8.846751852459697,En cours,Johannesburg,Maroc
id_transaction_00000586,Retrait,162.20357371172815,GBP,-2.1149194730231047,Complétée,New York,Royaume-Uni
id_transaction_00000032,Carte,231.10761150632743,USD,-13.605169671601832,Complétée,Rabat,Japon
id_transaction_00000510,Carte,-334.17393750206236,EUR,3.737705303824838,Complétée,Paris,Maroc
id_transaction_00000233,Retrait,-447.0194781623908,ZAR,1.7568347390595238,Complétée,Pékin,Maroc
id_transaction_00000908,Dépôt,65.96696834276827,CNY,9.544652015950138,Complétée,Tokyo,Chine
id_transaction_00000401,Virement,489.9236013500058,USD,7.841794748487427,En attente,Washington DC,Royaume-Uni
id_transaction_00000338,Dépôt,-840.392643090947,USD,-6.862164622484182,Complétée,Casablanca,USA
id_transaction_00000010,Dépôt,-74.87420624861147,JPY,450.8552296689087,En cours,Londres,Maroc
id_transaction_00000620,Prélèvement,1179.945267785111,JPY,-1.5127322698147818,En attente,Pékin,Chine
id_transaction_00000459,Retrait,-318.7104560351472,EUR,1.198376383860416,Complétée,Casablanca,USA
id_transaction_00000741,Carte,1213.4320580453957,JPY,-2.157829299253887,Complétée,Casablanca,USA
id_transaction_00000841,Virement,7238.765667524058,USD,2.4676003283816517,Complétée,Francfort,Royaume-Uni
id_transaction_00000409,Carte,3152.927242305967,USD,-0.5702654444285455,Complétée,New York,Japon
id_transaction_00000834,Virement International,-299.5858423869862,USD,-8.259054494933178,Complétée,Washington DC,USA
id_transaction_00000805,Retrait,583.194251452826,USD,3.3265834295875125,Complétée,Londres,France
id_transaction_00000099,Retrait,-108.3707514763272,GBP,-11.05611132911287,En attente,Casablanca,Royaume-Uni
id_transaction_00000459,Virement International,-135.06498441269878,MAD,1.2220087574457823,Complétée,Paris,Japon
id_transaction_00000552,Virement,630.102947853429,USD,0.15245801318388086,Complétée,Johannesburg,Royaume-Uni
id_transaction_00000722,Carte,-479.67895428008876,JPY,-3.661222067938275,En attente,Londres,Japon
id_transaction_00000750,Carte,896.3108025207252,MAD,2.188918710310015,Complétée,Tokyo,UE
id_transaction_00000433,Carte,1270.318769981348,GBP,-0.34496705956345686,Complétée,Londres,Royaume-Uni
id_transaction_00000918,Dépôt,3370.776032780676,CNY,-6.633700388982734,Complétée,Paris,Maroc
id_transaction_00000996,Retrait,3247.1893450574667,JPY,0.7301797906767407,Complétée,Casablanca,Maroc
id_transaction_00000708,Retrait,-707.7006211925756,USD,-13.235061020700606,En attente,Francfort,Allemagne
id_transaction_00000488,Virement International,2353.0168074357516,USD,-6.5766710181373,Complétée,New York,France
id_transaction_00000334,Prélèvement,1461.9506921987345,EUR,5.41809526495097,Complétée,Rabat,Royaume-Uni
id_transaction_00000637,Virement International,57.875261569075064,GBP,-3.3404741985297006,Complétée,Casablanca,Maroc
id_transaction_00000359,Carte,-47.959360772596085,JPY,4.334050932536229,Complétée,Washington DC,Maroc
id_transaction_00000242,Dépôt,2105.842569285457,CNY,11.292194450213213,Complétée,Pékin,Allemagne
id_transaction_00000656,Dépôt,643.391632880996,USD,3.699357596763055,Complétée,New York,USA
id_transaction_00000442,Carte,373.4229818141141,ZAR,6.180118003777317,Complétée,Johannesburg,Afrique du Sud
id_transaction_00000974,Retrait,12190.439852169433,USD,-1.914677291895364,En cours,Casablanca,USA
id_transaction_00000425,Dépôt,546.5117125715946,JPY,9.127294903107787,Complétée,Pékin,Maroc
id_transaction_00000094,Retrait,-948.804551053959,EUR,-9.38031710675956,En attente,Rabat,Royaume-Uni
id_transaction_00000346,Prélèvement,891.5988048599359,JPY,-11.05563129065234,En cours,New York,France
id_transaction_00000876,Prélèvement,1108.2020393109528,GBP,-10.802770279941786,Complétée,Casablanca,USA
id_transaction_00000745,Retrait,-183.20350666996694,CNY,-2.7114088502035614,Complétée,Tokyo,France
id_transaction_00000648,Carte,-740.9322338921298,ZAR,4.880693539391143,En attente,Londres,USA
id_transaction_00000422,Virement,814.8491598559478,CNY,2.871165104453534,Complétée,New York,Maroc
id_transaction_00000886,Virement International,760.0118427046125,USD,0.5158812015168408,En cours,Casablanca,USA
id_transaction_00000103,Virement,277.1447291214056,USD,4.383966601910125,Complétée,Johannesburg,Royaume-Uni
id_transaction_00000240,Carte,-434.0033322149699,CNY,-3.8395478375976504,En cours,New York,USA
id_transaction_00000423,Prélèvement,1587.4315347247802,JPY,1.0916003968515469,En attente,Tokyo,Royaume-Uni
id_transaction_00000965,Dépôt,1096.6839876971653,EUR,-12.052665160166839,Rejetée,New York,USA
id_transaction_00000573,Dépôt,3022.0205194925256,GBP,15.917026284651033,En attente,Washington DC,Allemagne
id_transaction_00000680,Retrait,7060.875863020659,GBP,8.399468155619289,En attente,Rabat,Royaume-Uni
id_transaction_00000224,Virement International,-527.9702237630721,JPY,-7.547992263890136,Complétée,Washington DC,Royaume-Uni
id_transaction_00000894,Virement International,-48.8635533489832,USD,-11.617136988124638,Complétée,Washington DC,Royaume-Uni
id_transaction_00000181,Virement International,1636.1913655759681,USD,-1.6171381295602787,Complétée,Paris,Maroc
id_transaction_00000843,Retrait,989.7655969888966,EUR,7.962604093665006,Complétée,Washington DC,Chine
id_transaction_00000268,Retrait,-148.78209762535585,EUR,4.523793149236838,Complétée,New York,France
id_transaction_00000752,Dépôt,-29.635389947340116,USD,7.873253552881803,En attente,New York,USA
id_transaction_00000408,Prélèvement,841.4096909792073,MAD,-7.455651504408375,En attente,Washington DC,USA
id_transaction_00000412,Virement,405.3721501718864,GBP,-6.293828148087086,Complétée,Londres,Royaume-Uni
id_transaction_00000886,Carte,738.9062709214722,MAD,4.676761375775565,En attente,Londres,France
id_transaction_00000882,Carte,411.4692951425728,MAD,-6.718177136356384,Complétée,Johannesburg,Maroc
id_transaction_00000660,Carte,35888.72473199707,JPY,16.005636974925913,Complétée,Johannesburg,France
id_transaction_00000066,Carte,1098.9260825716608,CNY,-1.516521968016237,Complétée,Tokyo,Maroc
id_transaction_00000072,Carte,289.45248830199114,EUR,11.447012866742234,Complétée,Tokyo,Royaume-Uni
id_transaction_00000908,Carte,1064.116603890168,GBP,-13.694530985690779,Complétée,Tokyo,Maroc
id_transaction_00000991,Carte,-52.66291961235413,GBP,-2.5167898335894705,Complétée,Rabat,France
id_transaction_00000085,Retrait,1141.27533816324,EUR,5.73840191424921,Complétée,Tokyo,Royaume-Uni
id_transaction_00000981,Dépôt,-263.9460688784138,EUR,4.285376510836176,Complétée,Tokyo,Japon
id_transaction_00000990,Prélèvement,-840.7648028404714,CNY,-9.681215035066394,En attente,Londres,France
id_transaction_00000497,Prélèvement,-58.73360616939374,USD,-5.022733406496548,En attente,Francfort,Maroc
id_transaction_00000963,Virement,34700.91372617449,EUR,1.9965826323453792,En attente,Tokyo,UE
id_transaction_00000825,Prélèvement,5712.224300400651,JPY,4.837933412001784,Complétée,Tokyo,Japon
id_transaction_00000428,Retrait,7846.561764805816,USD,9.610801616461666,Complétée,Francfort,Royaume-Uni
id_transaction_00000318,Virement International,530.6903215431928,CNY,-9.633957804155482,En attente,Rabat,USA
id_transaction_00000173,Virement International,573.5227044775954,JPY,14.795168385046875,En attente,Tokyo,USA
id_transaction_00000065,Virement International,526.841778824465,MAD,3.6969765709229434,Complétée,Pékin,Royaume-Uni
id_transaction_00000240,Carte,205.71055425742563,GBP,-12.820329838497514,Complétée,Rabat,USA
id_transaction_00000684,Carte,346.50345724409794,CNY,11.531637934976342,Complétée,Tokyo,Maroc
id_transaction_00000740,Retrait,116.1119138987404,CNY,-7.233562061402618,Complétée,Casablanca,Allemagne
id_transaction_00000819,Virement,1234.184125426602,MAD,-0.9961216933338317,Complétée,Johannesburg,USA
id_transaction_00000096,Virement,-526.9988302999392,GBP,-13.448156006121263,Complétée,Londres,USA
id_transaction_00000749,Carte,852.4442313767822,GBP,-12.105216844495256,Complétée,Johannesburg,Allemagne
id_transaction_00000227,Carte,281.2456090408035,ZAR,5.450088303170955,Complétée,Pékin,Chine
id_transaction_00000751,Carte,1194.997492212402,GBP,3.98909889007645,Rejetée,Londres,Royaume-Uni
id_transaction_00000259,Prélèvement,1720.1968869696548,USD,8.640434184080041,Complétée,Paris,Chine
id_transaction_00000749,Carte,668.3025486884559,CNY,11.094668144300584,Complétée,Francfort,France
id_transaction_00000964,Virement,429.79205627444696,GBP,-2.12594031425579,Complétée,Pékin,Royaume-Uni
id_transaction_00000575,Dépôt,-1191.4615336666334,JPY,0.2940808839721756,Complétée,Johannesburg,USA
id_transaction_00000871,Virement International,174.62288597720988,ZAR,5.054561728528521,En attente,Washington DC,USA
id_transaction_00000011,Virement International,509.38977434390495,JPY,-16.25240640203308,En attente,Paris,Royaume-Uni
id_transaction_00000209,Prélèvement,18166.791619911826,EUR,-7.015860109796033,Complétée,Tokyo,Allemagne
id_transaction_00000922,Retrait,4822.700549967468,GBP,-3.4262036558734215,Rejetée,Rabat,Maroc
id_transaction_00000153,Retrait,1925.0974229820172,ZAR,8.664414309953099,Complétée,Casablanca,Royaume-Uni
id_transaction_00000132,Carte,-1015.5992905049633,GBP,-4.487516579372143,Complétée,Francfort,Japon
id_transaction_00000140,Retrait,6377.883410646211,CNY,4.910582823464018,Complétée,Tokyo,Maroc
id_transaction_00000279,Retrait,90.39301968770832,CNY,-8.362563414340105,Complétée,Paris,Japon
id_transaction_00000705,Retrait,364.4134709941018,MAD,2.142470730039767,Complétée,Casablanca,Maroc
id_transaction_00000832,Carte,40318.91430307302,MAD,5.275379073920063,En attente,Pékin,USA
id_transaction_00000646,Carte,-1056.196677818566,JPY,-8.787951650800572,Complétée,Tokyo,Japon
id_transaction_00000889,Retrait,-289.2138345559579,USD,0.034541926953175484,Complétée,Casablanca,Royaume-Uni
id_transaction_00000939,Virement International,-606.8649938471393,EUR,0.24197616656108067,Complétée,Londres,Chine
id_transaction_00000882,Retrait,201.00447925543344,ZAR,-0.15236991684105838,Complétée,Paris,Japon
id_transaction_00000306,Dépôt,1013.0026261925444,USD,1093.7544667891812,Complétée,Londres,Chine
id_transaction_00000910,Virement,645.1954695866547,USD,-3.9915536697018714,Complétée,New York,Afrique du Sud
id_transaction_00000807,Dépôt,-117.45181324048622,USD,4.683578999245676,Complétée,Francfort,Allemagne
id_transaction_00000735,Carte,4005.9013259359726,USD,-4.9115398630492235,En cours,Francfort,Royaume-Uni
id_transaction_00000269,Retrait,23069.13128954298,MAD,-2.5292187208285153,Complétée,New York,Japon
id_transaction_00000357,Prélèvement,23.471194688785488,ZAR,1.3534498521393434,En attente,Washington DC,Japon
id_transaction_00000313,Virement International,7485.09881359616,MAD,5.272784038240439,En attente,New York,USA
id_transaction_00000535,Virement,-224.93355409081698,MAD,6.0348425438937925,Complétée,New York,Maroc
id_transaction_00000309,Retrait,4114.573658772802,JPY,-8.897740154745463,En attente,Rabat,Chine
id_transaction_00000016,Virement International,12362.476219145534,USD,1.2706341981860052,Complétée,Pékin,USA
id_transaction_00000850,Retrait,1086.0141444509218,CNY,-9.836109115277608,Complétée,Casablanca,USA
id_transaction_00000787,Retrait,-25.03433568598234,MAD,5.413022509880419,Complétée,Francfort,Royaume-Uni
id_transaction_00000006,Dépôt,1509.9572869575654,USD,0.6860698682946307,Complétée,Washington DC,Royaume-Uni
id_transaction_00000039,Prélèvement,-626.0112852007022,GBP,-11.622047611207314,Rejetée,Johannesburg,Royaume-Uni
id_transaction_00000769,Virement International,-230.52771823089768,USD,-6.262687782567103,Complétée,Paris,Maroc
id_transaction_00000322,Carte,9944.6803376601,GBP,-5.016449813286678,En attente,Londres,Royaume-Uni
id_transaction_00000231,Virement International,368.11024558114894,JPY,-1.3608251512562024,Complétée,Casablanca,France
id_transaction_00000317,Prélèvement,1328.7790298747389,JPY,13.920093347378486,Complétée,Paris,Japon
id_transaction_00000602,Dépôt,-275.5357443900157,EUR,5.2341402570919495,Complétée,Casablanca,Chine
id_transaction_00000512,Virement,862.7347078562223,GBP,3.9007963664542062,En attente,Londres,Royaume-Uni
id_transaction_00000991,Retrait,11128.794708794296,ZAR,2.522458251764966,Complétée,New York,Royaume-Uni
id_transaction_00000433,Carte,-19479.300406678274,CNY,-8.642669363647709,En attente,Francfort,USA
id_transaction_00000882,Dépôt,-870.6813524414453,USD,-6.32156615332836,En attente,Casablanca,Afrique du Sud
id_transaction_00000521,Carte,832.9613859516535,CNY,0.03562627270326768,En attente,Londres,USA
id_transaction_00000738,Carte,1115.7331172512331,USD,2.6209493161157815,En cours,New York,USA
id_transaction_00000730,Prélèvement,394.69986257208046,CNY,4.163998372696687,En attente,Washington DC,Maroc
id_transaction_00000780,Retrait,610.0297603980894,JPY,10.053277317997875,Complétée,Pékin,Japon
id_transaction_00000153,Carte,-44.290138162012795,GBP,-8.667712539201368,Complétée,Casablanca,Royaume-Uni
id_transaction_00000340,Retrait,767.8434170134833,GBP,-2.837717091065758,Complétée,Washington DC,France
id_transaction_00000649,Carte,516.037582184495,MAD,-3.7084853118570456,Complétée,Francfort,USA
id_transaction_00000205,Dépôt,2015.5520584148214,USD,-12.72908043994168,En attente,Washington DC,USA
id_transaction_00000605,Retrait,-594.1832265055422,USD,-11.060903696374368,Complétée,New York,Royaume-Uni
id_transaction_00000696,Carte,-453.7792834900804,JPY,6.63919255086544,Complétée,Francfort,Japon
id_transaction_00000754,Dépôt,563.0127432133065,USD,8.476293350495753,Complétée,New York,Royaume-Uni
id_transaction_00000448,Dépôt,91.23725018254635,GBP,-6.530056176899039,Complétée,Francfort,Chine
id_transaction_00000427,Retrait,54.67346448121947,MAD,-6.430359504473029,Complétée,Rabat,Allemagne
id_transaction_00000796,Dépôt,-255.8002839717807,EUR,2.4956710533909754,Complétée,Casablanca,Afrique du Sud
id_transaction_00000368,Carte,-891.2658821280455,CNY,9.532573887502712,Complétée,Pékin,Maroc
id_transaction_00000416,Retrait,44.78506303159378,ZAR,8.795260367410878,Complétée,Casablanca,USA
id_transaction_00000963,Prélèvement,-466.3466235153063,USD,0.012136457512495369,Complétée,Francfort,Allemagne
id_transaction_00000917,Dépôt,486.8369383307145,USD,-11.656446024817452,Complétée,Rabat,USA
id_transaction_00000677,Dépôt,3225.875857784051,USD,3.3780257139664345,Complétée,Tokyo,Allemagne
id_transaction_00000347,Virement,1432.4621998590708,GBP,10.619820412801818,Complétée,Francfort,Royaume-Uni
id_transaction_00000536,Dépôt,568.5274063043353,GBP,-1.9107999039960042,Rejetée,Paris,Japon
id_transaction_00000477,Virement,11193.869118203449,MAD,3.520367515006552,Complétée,Washington DC,Royaume-Uni
id_transaction_00000142,Retrait,793.9758908754325,USD,15.19828143390355,Complétée,Tokyo,Chine
id_transaction_00000650,Carte,775.8480645738751,CNY,-4.613033107533258,Complétée,Pékin,USA
id_transaction_00000368,Carte,250.76787784123866,GBP,4.698032453702849,En cours,Londres,Royaume-Uni
id_transaction_00000396,Virement,-866.7124742638695,CNY,-1.815246695066996,Complétée,Johannesburg,USA
id_transaction_00000895,Carte,685.4922722887475,EUR,-2.141154727384282,Complétée,Tokyo,France
id_transaction_00000462,Virement,723.6520016299103,GBP,-6.221981723715667,Complétée,New York,Royaume-Uni
id_transaction_00000799,Carte,86.06758196646001,EUR,-3.0907760299515816,Complétée,Rabat,Maroc
id_transaction_00000184,Carte,763.4228683597844,MAD,-10.084473398279599,Complétée,Francfort,Royaume-Uni
id_transaction_00000347,Prélèvement,-795.328022636655,USD,-18.176643076490514,Complétée,Tokyo,France
id_transaction_00000317,Retrait,-1726.5277434860072,JPY,-16.329645492283657,Complétée,Tokyo,USA
id_transaction_00000500,Carte,-307.17691029646096,MAD,-1.9562662607337051,Complétée,New York,Japon
id_transaction_00000711,Carte,14885.787777003447,EUR,14.4657607821572,En attente,Francfort,Royaume-Uni
id_transaction_00000474,Carte,1685.712756006155,GBP,-10.68959344606985,Complétée,Tokyo,Maroc
id_transaction_00000677,Carte,747.9455867107696,EUR,-3.8419460255643534,Complétée,Rabat,Royaume-Uni
id_transaction_00000006,Carte,3522.275711548508,JPY,0.7819978880466838,En attente,Tokyo,Royaume-Uni
id_transaction_00000179,Carte,908.7828767727476,USD,-6.077679556843386,Complétée,Paris,Allemagne
id_transaction_00000501,Virement International,1213.4387936181456,MAD,-2.4394725742367624,Rejetée,Londres,Maroc
id_transaction_00000325,Retrait,-121.1242875068798,CNY,-15.60952967574493,Complétée,Paris,France
id_transaction_00000783,Retrait,95705.73216781442,CNY,4.540759414622975,Complétée,New York,Maroc
id_transaction_00000707,Retrait,676.7512408178919,USD,0.5111649990215223,En cours,Johannesburg,USA
id_transaction_00000020,Virement International,3991.1780961164295,USD,2.260549919108576,Complétée,Paris,Chine
id_transaction_00000781,Virement International,2015.9068793179613,USD,5.611617831504883,Complétée,Paris,Maroc
id_transaction_00000809,Carte,11678.292970001448,EUR,4.749515419838049,Complétée,Tokyo,Japon
id_transaction_00000705,Virement,1160.7796987578156,MAD,-9.875074408354635,En attente,Paris,Maroc
id_transaction_00000156,Virement International,-532.2085248506426,JPY,-5.465963239434738,Complétée,Washington DC,Japon
id_transaction_00000725,Virement International,759.2310001429809,JPY,4.462584487389258,Complétée,Paris,France
id_transaction_00000635,Carte,691.2518644181762,USD,-1.8153213565812125,Complétée,Rabat,Royaume-Uni
id_transaction_00000980,Dépôt,879.0187291827863,USD,11.960028165609085,Complétée,Francfort,France
id_transaction_00000741,Retrait,647.4740867508024,USD,-0.5430866489179111,Complétée,Tokyo,Afrique du Sud
id_transaction_00000779,Virement International,519.6061962509397,USD,-6.488745810758041,Complétée,Paris,Afrique du Sud
id_transaction_00000367,Carte,-346.9582868424362,USD,-1.802138839024174,Complétée,New York,France
id_transaction_00000849,Virement,69658.07313993546,USD,-6.9723339502599755,Complétée,Tokyo,Royaume-Uni
id_transaction_00000992,Prélèvement,813.3585079280638,USD,7.373271448543558,Complétée,Johannesburg,Maroc
id_transaction_00000030,Virement,7459.845391653685,JPY,-0.3530866245054609,Complétée,Pékin,Afrique du Sud
id_transaction_00000864,Retrait,1268.21618739812,USD,12.520322241998333,Complétée,Washington DC,Japon
id_transaction_00000810,Dépôt,1237.8221089152935,JPY,24.89140944302378,Complétée,Pékin,France
id_transaction_00000534,Retrait,10135.949423255552,GBP,-7.236949389161688,En cours,Tokyo,Maroc
id_transaction_00000726,Virement International,-191.98851291463768,CNY,7.183568191123017,Complétée,Paris,Maroc
id_transaction_00000168,Retrait,323.2815056587609,JPY,-0.26194946876294356,En cours,Francfort,Japon
id_transaction_00000723,Retrait,11900.408399830321,EUR,11.853358408405677,Complétée,Pékin,Afrique du Sud
id_transaction_00000903,Carte,2312.6813614119046,ZAR,-12.853249052174995,Complétée,Paris,Maroc
id_transaction_00000984,Dépôt,-15.126230750553873,USD,0.3283795818686981,En attente,Rabat,UE
id_transaction_00000054,Dépôt,5445.616049526729,JPY,1.027277498018373,En cours,New York,USA
id_transaction_00000878,Retrait,-1327.8615270739938,MAD,-8.579048734023758,Complétée,Pékin,UE
id_transaction_00000999,Retrait,1052.0197474925392,GBP,8.764315925730212,Complétée,Pékin,Royaume-Uni
id_transaction_00000632,Prélèvement,1897.5963117054462,GBP,4.226735779156242,Complétée,New York,France
id_transaction_00000927,Retrait,-83.46523574012372,EUR,-4.577225645748782,En attente,Paris,Royaume-Uni
id_transaction_00000526,Dépôt,-89.71604080293992,EUR,6.859155518697005,En attente,Washington DC,Royaume-Uni
id_transaction_00000058,Virement International,-898.7964073031479,USD,-4.030191253850728,Complétée,Francfort,UE
id_transaction_00000849,Dépôt,17011.691099299424,JPY,2.9234424452985044,Complétée,Paris,USA
id_transaction_00000438,Prélèvement,-693.0578731362504,JPY,-5.626114692848341,Complétée,Tokyo,Maroc
id_transaction_00000066,Retrait,-457.9908745477808,JPY,-6.304413046250187,Rejetée,New York,Japon
id_transaction_00000980,Dépôt,569.4470732784624,CNY,-3.4379891512718386,Complétée,Pékin,USA
id_transaction_00000297,Virement International,-1016.48916031171,MAD,-7.877265576271017,Complétée,Rabat,Japon
id_transaction_00000440,Retrait,-0.07137403046391455,JPY,-7.82000370245514,Complétée,Paris,Allemagne
id_transaction_00000667,Virement,1564.0618936896944,MAD,-8.126368457071361,Complétée,Francfort,Royaume-Uni
id_transaction_00000616,Virement,-788.7405550669101,USD,-0.9491741323275198,En attente,Londres,USA
id_transaction_00000745,Virement,-173.9520039470857,GBP,7.198028097036536,Complétée,Johannesburg,Royaume-Uni
id_transaction_00000905,Retrait,312.2468568258234,ZAR,3.13077496485684,Complétée,Rabat,Maroc
id_transaction_00000413,Retrait,1160.0212113298796,JPY,77.57708181148391,Rejetée,Tokyo,Chine
id_transaction_00000438,Retrait,235.41735270354252,ZAR,3.769261193241893,Complétée,Pékin,USA
id_transaction_00000585,Retrait,2235.046029021657,JPY,23.631970917162747,Complétée,Casablanca,USA
id_transaction_00000135,Virement,-664.8061713101396,USD,-0.07420682771655951,Complétée,Pékin,Maroc
id_transaction_00000297,Retrait,1236.440445145141,USD,-8.701120810851165,Complétée,New York,Maroc
id_transaction_00000405,Virement International,612.1957405920709,CNY,8.399718697613304,Complétée,Francfort,USA
id_transaction_00000332,Dépôt,7112.083420052806,CNY,1.9525100407203775,En attente,Johannesburg,Royaume-Uni
id_transaction_00000065,Carte,-66.93048852447419,CNY,-5.39374801724813,Rejetée,New York,USA
id_transaction_00000020,Dépôt,6889.2317253242745,USD,186.74369923297306,Complétée,Tokyo,Maroc
id_transaction_00000588,Carte,1379.996655939829,CNY,11.112740740496786,Complétée,Francfort,USA
id_transaction_00000777,Retrait,1762.284848790765,USD,1.1939771169875248,En cours,Casablanca,USA
id_transaction_00000375,Dépôt,-802.1324221011713,CNY,-7.841346873841201,Complétée,Pékin,France
id_transaction_00000222,Virement,316.8945955741716,ZAR,7.106328098704466,En attente,Pékin,Maroc
id_transaction_00000756,Carte,1353.7713550465342,MAD,-0.4931982259858634,Complétée,Londres,Chine
id_transaction_00000442,Retrait,-21.868771334298458,MAD,3.906948299846222,Complétée,Francfort,Maroc
id_transaction_00000809,Carte,942.4478887395863,GBP,-8.579383458127761,Complétée,Washington DC,France
id_transaction_00000326,Dépôt,5579.12757017705,CNY,5.556786277666438,Complétée,New York,USA
id_transaction_00000623,Virement,14.451643413704232,EUR,-0.9713736562491206,En attente,Francfort,Royaume-Uni
id_transaction_00000555,Virement International,440.6099171661254,JPY,3.6887456400646,Complétée,New York,USA
id_transaction_00000828,Virement International,390.4187867265295,MAD,143.367846289627,Complétée,Casablanca,Maroc
id_transaction_00000481,Dépôt,24085.88370870913,USD,3.4231587245811,Rejetée,New York,USA
id_transaction_00000631,Retrait,9850.519376410268,USD,-8.916862521896586,Complétée,New York,Allemagne
id_transaction_00000874,Dépôt,30068.638556744216,GBP,5.564163987764167,En attente,Tokyo,Maroc
id_transaction_00000132,Retrait,343.82829291184896,USD,4.874983781300813,Complétée,Pékin,France
id_transaction_00000730,Retrait,6365.80298659935,MAD,5.265352236517674,Complétée,Pékin,USA
id_transaction_00000872,Virement,831.1947303817778,JPY,-2.3012796233465194,Complétée,Paris,Chine
id_transaction_00000142,Dépôt,1638.4239369712313,USD,0.23267304123935428,Complétée,Londres,Chine
id_transaction_00000175,Dépôt,478.8927431698057,CNY,-7.672561743313877,Complétée,Francfort,Maroc
id_transaction_00000585,Virement International,599.8867910731976,MAD,-1.7113404160575634,En attente,Casablanca,Maroc
id_transaction_00000992,Prélèvement,-752.1270654839119,CNY,-3.137790736212289,En attente,Pékin,Royaume-Uni
id_transaction_00000917,Virement International,-661.1849106227579,USD,3.913935414975283,Complétée,Paris,France
id_transaction_00000145,Dépôt,816.4817233338376,CNY,21.441618558343446,Complétée,New York,Japon
id_transaction_00000333,Retrait,616.7144873157309,EUR,9.71802106279994,Complétée,New York,Maroc
id_transaction_00000477,Retrait,44.3677284924197,CNY,3.5591367589732625,Complétée,Francfort,Royaume-Uni
id_transaction_00000624,Carte,-692.4798526057849,EUR,-0.11975085247240536,En attente,Pékin,Allemagne
id_transaction_00000070,Dépôt,1998.9916109521328,CNY,4.970755901297091,Complétée,New York,Allemagne
id_transaction_00000215,Dépôt,504.89481986967814,CNY,-9.293755849995712,En cours,Pékin,Maroc
id_transaction_00000384,Dépôt,1169.3191239326457,EUR,-5.769018835394022,Complétée,Casablanca,Maroc
id_transaction_00000417,Retrait,-4.066536425839502,JPY,206.25921997259098,Complétée,Washington DC,Royaume-Uni
id_transaction_00000532,Carte,1804.8998111142696,EUR,0.0697751464873706,En attente,Tokyo,Maroc
id_transaction_00000322,Carte,804.9302934881948,MAD,13.26161687437505,Complétée,Paris,Maroc
id_transaction_00000591,Retrait,422.16267979495734,MAD,-7.201588894294534,Complétée,Rabat,Royaume-Uni
id_transaction_00000054,Virement,991.2125064040947,EUR,-7.294374616357662,Complétée,Johannesburg,Afrique du Sud
id_transaction_00000121,Retrait,172.34773337490765,CNY,-10.645118233460465,En attente,Rabat,Chine
id_transaction_00000667,Carte,1182.646774400442,MAD,15.34953062918585,Complétée,Francfort,Royaume-Uni
id_transaction_00000624,Carte,816.682379212059,USD,-11.74307342466772,Complétée,Tokyo,USA
id_transaction_00000394,Retrait,-671.4794206569746,GBP,-19.786549765258034,Complétée,Londres,France
id_transaction_00000910,Retrait,2657.4507839351213,JPY,-2.2374179723243257,Complétée,Paris,Maroc
id_transaction_00000076,Retrait,966.9373473728269,JPY,10.341098958553134,Complétée,Washington DC,UE
id_transaction_00000612,Prélèvement,-221.74786044125995,EUR,7.984015663015433,En attente,Johannesburg,Chine
id_transaction_00000291,Prélèvement,-684.8705909078477,USD,-2.0072430380877497,Complétée,Tokyo,France
id_transaction_00000876,Retrait,-645.6947191259725,USD,-7.467204496836348,Complétée,Pékin,France
id_transaction_00000468,Carte,11766.020655720322,CNY,271.1198820118958,En attente,Casablanca,Maroc
id_transaction_00000353,Virement,107622.06294957775,EUR,13.690749210394063,Complétée,New York,Japon
id_transaction_00000596,Prélèvement,-1031.742213195474,CNY,-9.873786622505406,Complétée,New York,France
id_transaction_00000724,Dépôt,11114.031679581718,ZAR,-10.014732528825874,Rejetée,Pékin,Maroc
id_transaction_00000493,Prélèvement,-666.8562628781445,EUR,-0.2031918592428017,Complétée,Casablanca,Royaume-Uni
id_transaction_00000948,Retrait,1312.7445943252217,JPY,-0.42863205087650247,Complétée,Pékin,Japon
id_transaction_00000446,Virement,952.9698985499581,GBP,4.130949127724312,Complétée,Pékin,Maroc
id_transaction_00000663,Carte,3959.4284663911667,USD,-9.175642336673725,Complétée,Casablanca,Royaume-Uni
id_transaction_00000432,Retrait,-11.99837012219399,CNY,-0.9179480814455836,Complétée,Casablanca,Royaume-Uni
id_transaction_00000127,Carte,1112.8031431050415,MAD,-6.250454318083389,Complétée,Casablanca,Royaume-Uni
id_transaction_00000427,Dépôt,13163.965286452894,ZAR,1.6449882831758003,Complétée,Washington DC,Maroc
id_transaction_00000908,Carte,-529.1049742204833,USD,-0.04590610515673088,Complétée,Rabat,Allemagne
id_transaction_00000023,Retrait,201.08623517294905,MAD,6.278594474056982,Complétée,New York,Royaume-Uni
id_transaction_00000836,Carte,26360.135083498513,CNY,1.7289907545547822,Complétée,Paris,Royaume-Uni
id_transaction_00000972,Retrait,-398.65914970362724,CNY,10.53237323954714,Complétée,Francfort,Royaume-Uni
id_transaction_00000217,Dépôt,82.85711379644368,USD,-10.22473482387242,Complétée,Casablanca,USA
id_transaction_00000570,Carte,35215.23687395637,USD,7.349645463779039,Rejetée,Rabat,Maroc
id_transaction_00000968,Retrait,-1348.0739744314465,JPY,-22.74244621497067,Complétée,Pékin,Royaume-Uni
id_transaction_00000934,Virement,-932.0459815300352,CNY,-15.781686099343705,En attente,New York,USA
id_transaction_00000868,Carte,573.0293818389501,USD,0.2365043294118152,En cours,Washington DC,Allemagne
id_transaction_00000186,Carte,90.2808762724419,USD,11.026243121399418,Complétée,Pékin,USA
id_transaction_00000662,Virement,3794.935519330098,JPY,0.661750759103672,Complétée,Paris,USA
id_transaction_00000920,Retrait,1761.6225598356768,ZAR,0.2426912134119963,En attente,Johannesburg,Maroc
id_transaction_00000012,Virement International,-293.985562037167,EUR,-3.358168476314943,Complétée,Pékin,Japon
id_transaction_00000504,Prélèvement,-325.9316093860143,EUR,-3.7567707671113917,Complétée,New York,France
id_transaction_00000406,Retrait,17964.69688958874,ZAR,7.460167930495395,Complétée,Rabat,Japon
id_transaction_00000610,Carte,14765.879199344101,EUR,4.5634374111176434,En cours,Pékin,Japon
id_transaction_00000892,Dépôt,-503.4134868227093,USD,-7.743537283714104,Complétée,New York,Royaume-Uni
id_transaction_00000943,Retrait,1305.7723474845936,EUR,4.718950705867063,Complétée,Washington DC,Japon
id_transaction_00000632,Carte,-752.971489529691,EUR,-6.571413644934911,En attente,Tokyo,Chine
id_transaction_00000097,Carte,1012.5844013190413,USD,7.570630141862192,Complétée,Tokyo,Maroc
id_transaction_00000121,Dépôt,-964.3186654470627,GBP,-8.186733042941107,Complétée,Londres,Royaume-Uni
id_transaction_00000228,Carte,-473.39172293015974,MAD,-10.507208896107446,Complétée,Johannesburg,Royaume-Uni
id_transaction_00000921,Retrait,688.250431264535,EUR,9.913016393489041,En attente,Tokyo,Afrique du Sud
id_transaction_00000445,Retrait,201.52499580130163,JPY,7.248596490940338,Complétée,Washington DC,USA
id_transaction_00000685,Virement International,-945.2913692120809,USD,-1.4003090662608386,En attente,Paris,Royaume-Uni
id_transaction_00000345,Dépôt,914.8486858460717,JPY,-4.207301393755148,En cours,Pékin,Japon
id_transaction_00000891,Carte,-261.03483046331974,MAD,19.06903097259018,Complétée,Francfort,Royaume-Uni
id_transaction_00000280,Virement,3567.146795713792,CNY,12.060585199242539,Complétée,Tokyo,Royaume-Uni
id_transaction_00000158,Virement International,262.0804464704846,JPY,0.32700059873364573,Complétée,Pékin,USA
id_transaction_00000375,Carte,1735.6982843952453,GBP,1.9080969625255113,Complétée,Johannesburg,Maroc
id_transaction_00000283,Carte,-894.8190128841642,JPY,-7.681550187891122,En attente,Washington DC,Japon
id_transaction_00000933,Carte,-742.4018274776234,USD,-6.168535103384634,Complétée,Casablanca,USA
id_transaction_00000877,Carte,7221.374764702965,USD,-2.200821804342694,En attente,Paris,USA
id_transaction_00000145,Carte,743.5792710307635,EUR,13.580465134385008,Complétée,Paris,Maroc
id_transaction_00000454,Carte,1739.4211406422878,EUR,10.543871112736428,En attente,Tokyo,Royaume-Uni
id_transaction_00000378,Carte,5162.248422461317,USD,-8.868137114900751,En attente,Tokyo,Allemagne
id_transaction_00000500,Virement,-28.98296843512037,GBP,-0.7203766779740324,Complétée,Tokyo,Afrique du Sud
id_transaction_00000935,Virement International,982.7906404350935,MAD,232.47297725400506,Complétée,Rabat,USA
id_transaction_00000562,Dépôt,1096.054405968925,JPY,67.09219880068846,En cours,Londres,USA
id_transaction_00000909,Carte,6182.0349226341405,USD,5.948239947700933,Complétée,New York,Afrique du Sud
id_transaction_00000158,Dépôt,1330.714483058851,JPY,16.97791128242398,Complétée,Londres,UE
id_transaction_00000101,Retrait,6533.329089454972,GBP,2.455992717798985,En attente,Casablanca,Maroc
id_transaction_00000032,Virement,-1747.0289433595617,GBP,12.793683600827084,Complétée,Tokyo,Maroc
id_transaction_00000870,Retrait,7341.778352458737,JPY,-1.2513493237198396,En cours,Francfort,USA
id_transaction_00000474,Carte,153.40573503966328,USD,-4.763764181971935,Complétée,Johannesburg,USA
id_transaction_00000792,Retrait,632.1348843431599,GBP,-3.5803811859817563,Complétée,Paris,UE
id_transaction_00000951,Carte,-714.3957805059418,USD,0.7893282457075435,En attente,Tokyo,USA
id_transaction_00000515,Prélèvement,-1163.628288975155,USD,-16.150363654375123,En attente,Tokyo,USA
id_transaction_00000861,Retrait,-102.3771756142171,USD,-10.304194718357937,Complétée,Francfort,UE
id_transaction_00000540,Carte,6686.364288048075,JPY,5.869828320918373,En cours,Francfort,Afrique du Sud
id_transaction_00000395,Prélèvement,586.7332204155578,USD,-5.290994732495149,Complétée,Johannesburg,Allemagne
id_transaction_00000452,Carte,384.93407564363406,EUR,-1.9855150341988832,En attente,Pékin,France
id_transaction_00000154,Retrait,-133.66700785239925,JPY,-0.5913305142012506,Complétée,Casablanca,USA
id_transaction_00000307,Carte,748.5892597204522,USD,1.6204188825328214,Complétée,New York,Allemagne
id_transaction_00000639,Retrait,-487.2226409191851,USD,1.650867000523344,Complétée,Francfort,UE
id_transaction_00000772,Carte,4974.418795267213,CNY,1.2185054287434847,Complétée,Londres,Maroc
id_transaction_00000380,Virement International,512.8824543023483,JPY,8.677305196629106,Rejetée,Casablanca,Royaume-Uni
id_transaction_00000944,Prélèvement,879.8653209991055,JPY,-10.43665025758526,Complétée,Paris,USA
id_transaction_00000685,Carte,555.638907202562,USD,-9.824292552671935,Rejetée,Tokyo,Maroc
id_transaction_00000237,Prélèvement,3852.559042312254,JPY,0.9115767040987386,Complétée,Rabat,USA
id_transaction_00000194,Retrait,335.7423733112943,EUR,5.54764309209014,Complétée,New York,Japon
id_transaction_00000290,Retrait,-146.17183092365372,EUR,2.4407347103635346,Complétée,Casablanca,USA
id_transaction_00000059,Retrait,-465.34557804799874,EUR,-2.982455201007622,Complétée,Paris,Afrique du Sud
id_transaction_00000998,Retrait,380.1274896379349,GBP,-5.215633705031704,En attente,Tokyo,Royaume-Uni
id_transaction_00000728,Virement International,729.1047187422438,JPY,-11.692231438906454,Complétée,Tokyo,Royaume-Uni
id_transaction_00000364,Carte,8593.604499637713,USD,19.72098232990152,En attente,Washington DC,Royaume-Uni
id_transaction_00000899,Virement,1097.9471019116372,USD,-5.298411777685939,Complétée,Londres,Maroc
id_transaction_00000391,Carte,1267.2063826693475,GBP,6.807549254583,Rejetée,Pékin,USA
id_transaction_00000643,Retrait,-226.6273570864671,USD,14.45764021504722,Complétée,Francfort,Royaume-Uni
id_transaction_00000019,Carte,1505.3491487317638,ZAR,223.14429158614604,Complétée,Casablanca,UE
id_transaction_00000409,Prélèvement,-961.2520443364632,USD,0.5970337577139144,Complétée,Johannesburg,Chine
id_transaction_00000973,Carte,105774.53500174092,ZAR,4.144611433199887,En attente,Washington DC,Afrique du Sud
id_transaction_00000876,Retrait,-1070.547009113095,USD,-7.182000519034546,Rejetée,Washington DC,UE
id_transaction_00000431,Dépôt,3186.987361835199,ZAR,-10.135497778612507,Complétée,Tokyo,France
id_transaction_00000477,Dépôt,54.21498101197005,EUR,12.55043488425887,En attente,New York,Maroc
id_transaction_00000726,Dépôt,-1049.3581359680416,GBP,-12.035997102389079,Complétée,New York,USA
id_transaction_00000060,Dépôt,7751.067296135423,USD,-8.690321448741187,Complétée,Pékin,Afrique du Sud
id_transaction_00000952,Retrait,4352.733844848208,EUR,-3.8301605301659363,Complétée,Paris,Royaume-Uni
id_transaction_00000915,Dépôt,-304.8180662672322,USD,-1.213326569624293,Complétée,New York,Chine
id_transaction_00000556,Carte,75714.93581109539,USD,7.75928751172872,Rejetée,Londres,Japon
id_transaction_00000853,Dépôt,5537.669229157478,USD,6.774444264016957,Complétée,Paris,Japon
id_transaction_00000926,Carte,429.3256106033585,CNY,11.401301981018374,En attente,Londres,Royaume-Uni
id_transaction_00000397,Retrait,-642.6747825023634,USD,-7.356683408100959,Complétée,New York,France
id_transaction_00000736,Carte,97149.98159067311,USD,104.12748450826872,En cours,Pékin,Royaume-Uni
id_transaction_00000377,Dépôt,47778.15357317895,CNY,54.67145128279001,En attente,Francfort,Maroc
id_transaction_00000085,Retrait,641.6929524016305,USD,9.266526601105213,Complétée,Casablanca,Japon
id_transaction_00000229,Prélèvement,1111.4112021571125,EUR,8.263390530784505,Complétée,Rabat,Royaume-Uni
id_transaction_00000096,Carte,1735.6174974588178,CNY,2.310327101395281,Complétée,Rabat,Chine
id_transaction_00000973,Virement,101802.11612462487,CNY,1.5958850588529927,Complétée,New York,Royaume-Uni
id_transaction_00000002,Carte,-206.36683167524836,EUR,0.6342081766177294,Complétée,Londres,France
id_transaction_00000605,Retrait,-273.4778333639906,ZAR,-14.311373392296954,Complétée,Francfort,UE
id_transaction_00000411,Carte,592.3378979137859,GBP,-5.881764737036256,Complétée,Londres,Maroc
id_transaction_00000842,Dépôt,862.8005538863804,USD,4.717735389289599,Complétée,New York,France
id_transaction_00000636,Retrait,203.9014529661694,JPY,5.1423634813402295,Complétée,Francfort,UE
id_transaction_00000006,Retrait,32790.27515503138,CNY,-0.10971564344416951,Complétée,Washington DC,Chine
id_transaction_00000269,Carte,939.2225945674827,GBP,3.604209388967371,Complétée,Casablanca,Maroc
id_transaction_00000634,Retrait,16060.75859682197,MAD,-5.04609594635436,Complétée,New York,Royaume-Uni
id_transaction_00000194,Virement,1379.8687574779578,MAD,10.884977523494587,Complétée,Francfort,Royaume-Uni
id_transaction_00000122,Prélèvement,2048.040825920417,GBP,18.362530610174147,Complétée,Casablanca,Chine
id_transaction_00000827,Virement,717.3492087843177,MAD,-1.2028494045186173,En cours,Francfort,Royaume-Uni
id_transaction_00000573,Prélèvement,-606.053086359463,USD,-11.48971333430509,En attente,Pékin,UE
id_transaction_00000044,Carte,1590.3382185876835,MAD,2.8625627450890647,Complétée,Washington DC,Maroc
id_transaction_00000926,Retrait,352.41598364962744,CNY,589.1562509306301,Complétée,Casablanca,Royaume-Uni
id_transaction_00000378,Virement International,3616.3869541634485,ZAR,-2.472115189552853,Complétée,Paris,Japon
id_transaction_00000380,Retrait,1354.0547910446635,JPY,-2.333166102924676,Complétée,Pékin,Chine
id_transaction_00000845,Carte,18376.36634584915,EUR,0.17456784307162465,En cours,New York,USA
id_transaction_00000251,Carte,4587.408471392576,EUR,1.5285433795339447,Complétée,Johannesburg,Allemagne
id_transaction_00000768,Dépôt,-131.17105233650375,CNY,8.347974009047608,En cours,Pékin,Japon
id_transaction_00000616,Retrait,818.3643546276132,MAD,3.130904495067745,En attente,Pékin,Japon
id_transaction_00000800,Carte,478.4688477800498,MAD,1.4749186238451668,Complétée,Francfort,Maroc
id_transaction_00000919,Dépôt,2361.0644144713115,EUR,19.622548389125342,En attente,New York,UE
id_transaction_00000824,Carte,-265.5819614324904,JPY,6.1140061724713854,Complétée,New York,Japon
id_transaction_00000800,Dépôt,699.6026004163275,MAD,6.333225406393719,Rejetée,Paris,Maroc
id_transaction_00000696,Prélèvement,49.648030426432,EUR,-3.073326782236486,En cours,Francfort,Royaume-Uni
id_transaction_00000268,Carte,1500.7209586284653,JPY,2.183311079399995,En cours,Casablanca,USA
id_transaction_00000330,Virement International,-543.3161036781821,USD,-3.9974323870494155,Complétée,Paris,USA
id_transaction_00000255,Virement International,6104.148742142672,MAD,1.5602204060051057,Complétée,Rabat,Maroc
id_transaction_00000614,Virement,1261.539763815851,GBP,5.215932378005776,En attente,Tokyo,Royaume-Uni
id_transaction_00000181,Carte,754.9579373063909,GBP,-5.797516483961146,En attente,Paris,Afrique du Sud
id_transaction_00000676,Prélèvement,-139.475161912947,JPY,2.9182958116574698,Complétée,Francfort,Royaume-Uni
id_transaction_00000647,Dépôt,2189.9579526112757,USD,-19.410340115562988,Complétée,Tokyo,Afrique du Sud
id_transaction_00000356,Virement,10574.867003642295,USD,0.4516687917030273,En attente,Washington DC,USA
id_transaction_00000430,Prélèvement,891.5502622839108,MAD,0.6392265327578288,En attente,Washington DC,France
id_transaction_00000343,Virement International,546.8909272529214,EUR,6.088836911659239,En attente,Casablanca,Maroc
id_transaction_00000127,Carte,1438.382690885826,CNY,118.62397174534419,Complétée,New York,Royaume-Uni
id_transaction_00000912,Virement,14918.94041797793,MAD,-8.289436219295286,Complétée,Washington DC,Royaume-Uni
id_transaction_00000234,Carte,744.7495380858643,GBP,2.1073838270300764,Complétée,Londres,Maroc
id_transaction_00000397,Retrait,109357.49941487548,CNY,10.594781747004053,Complétée,New York,Royaume-Uni
id_transaction_00000614,Retrait,778.6100365032021,JPY,-0.8077712374099697,Complétée,Francfort,Japon
id_transaction_00000014,Prélèvement,557.5092383340315,EUR,7.693345610530228,En attente,Johannesburg,Maroc
id_transaction_00000234,Virement,358.65343369750855,EUR,1.0859461651306397,Complétée,Casablanca,Allemagne
id_transaction_00000134,Carte,-283.0773406789483,USD,-0.30552824211774343,En attente,Pékin,UE
id_transaction_00000177,Prélèvement,688.204366140556,USD,7.257276894135942,En attente,Francfort,USA
id_transaction_00000945,Dépôt,-534.8672179978049,CNY,4.12777413430517,Complétée,Paris,Maroc
id_transaction_00000538,Virement,-715.2961794838835,GBP,-12.296394416279572,Complétée,Paris,Chine
id_transaction_00000538,Retrait,265.38128357489495,JPY,-8.459008051683814,Complétée,Washington DC,Japon
id_transaction_00000471,Retrait,45.7979925266842,EUR,1.0303586634607562,Rejetée,Londres,Japon
id_transaction_00000851,Retrait,-753.4586876646022,GBP,-6.980169901664756,Complétée,Washington DC,Royaume-Uni
id_transaction_00000127,Virement,1201.2477166223948,GBP,3.2235442764193616,Complétée,Johannesburg,Chine
id_transaction_00000548,Retrait,666.3093223869425,GBP,0.9018982668699795,Complétée,Pékin,USA
id_transaction_00000120,Prélèvement,-535.359611591933,EUR,-1.4345185712074926,Complétée,Casablanca,Royaume-Uni
id_transaction_00000100,Carte,786.0545863502732,GBP,-8.925269709047718,En attente,Tokyo,USA
id_transaction_00000415,Dépôt,-97.42203926123273,USD,7.938245398838993,Complétée,Pékin,Royaume-Uni
id_transaction_00000559,Prélèvement,1566.2580360646427,EUR,-6.056518780028969,Complétée,New York,France
id_transaction_00000401,Prélèvement,-1375.5596016327304,EUR,3.989189461007286,En attente,Londres,Afrique du Sud
id_transaction_00000948,Retrait,784.3437121616191,USD,2.4184515054159332,Complétée,Paris,Allemagne
id_transaction_00000325,Retrait,-851.6285074822398,USD,-549.4836762556636,Complétée,Paris,Maroc
id_transaction_00000051,Virement,-5.2992623696295595,USD,-8.397156248537598,Complétée,Paris,Chine
id_transaction_00000804,Dépôt,502.63359325758717,GBP,-6.869233915387279,Complétée,New York,Royaume-Uni
id_transaction_00000597,Prélèvement,3862.410598963435,GBP,-8.396834552617285,Complétée,Tokyo,France
id_transaction_00000639,Retrait,819.5739318788492,GBP,-1.362583454970193,En attente,New York,USA
id_transaction_00000210,Carte,1110.2584901723683,CNY,0.11699680043513361,Complétée,Pékin,USA
id_transaction_00000996,Virement International,1442.6433664621863,JPY,-0.0030383699809419795,Complétée,Pékin,Japon
id_transaction_00000464,Prélèvement,1540.0629745381707,USD,9.871539667464017,Complétée,Tokyo,Maroc
id_transaction_00000085,Virement International,722.2874868503334,USD,10.168417900018895,Complétée,Francfort,USA
id_transaction_00000293,Prélèvement,1035.0418946004966,JPY,1.4198938394938394,Complétée,Tokyo,UE
id_transaction_00000716,Prélèvement,5640.795520721508,JPY,0.742236873596668,Complétée,Londres,UE
id_transaction_00000320,Virement,1157.5072168662746,USD,-7.518363167678046,Complétée,New York,UE
id_transaction_00000857,Dépôt,73.40915686835802,GBP,-725.2336811081125,Complétée,Tokyo,Maroc
id_transaction_00000830,Carte,360.2930230745598,MAD,-0.09951457561589727,Complétée,Tokyo,Maroc
id_transaction_00000247,Retrait,147.62473617615024,JPY,-13.768729498302001,En attente,Londres,Royaume-Uni
id_transaction_00000085,Carte,-386.9383240743442,JPY,4.83690355913539,Complétée,Francfort,Japon
id_transaction_00000053,Prélèvement,1843.3131738849443,EUR,2.442928205521127,Complétée,Rabat,France
id_transaction_00000014,Virement,1578.7877112157946,GBP,-1.0754969046253695,En attente,Pékin,Royaume-Uni
id_transaction_00000620,Retrait,-2803.2307947716763,JPY,-8.425942521481826,En attente,New York,Allemagne
id_transaction_00000440,Prélèvement,1042.5226286254172,ZAR,11.796459820481118,Complétée,Paris,Afrique du Sud
id_transaction_00000887,Retrait,1068.8106400236247,JPY,494.1504337784285,En attente,New York,Royaume-Uni
id_transaction_00000196,Prélèvement,434.5632926201432,USD,10.217489556050456,En attente,Pékin,Chine
id_transaction_00000447,Retrait,202.6494687037411,USD,3.6161690110516274,Complétée,Tokyo,Allemagne
id_transaction_00000457,Carte,173911.53384049123,USD,17.679259499275112,Rejetée,Londres,Maroc
id_transaction_00000369,Dépôt,14.953327453004533,ZAR,2574.026890247487,Complétée,Londres,Royaume-Uni
id_transaction_00000649,Carte,-13.378117360834494,JPY,-6.552908613257039,En attente,Pékin,France
id_transaction_00000981,Retrait,1082.364780166894,USD,4.6912322429013225,Rejetée,Pékin,Chine
id_transaction_00000338,Virement International,1383.2614732141028,EUR,4.58065854034719,Complétée,Washington DC,France
id_transaction_00000757,Carte,19106.893133800753,USD,-0.5943249921137053,Complétée,Londres,Royaume-Uni
id_transaction_00000149,Dépôt,4683.864665288216,MAD,-1.580279894652909,Complétée,Rabat,USA
id_transaction_00000728,Carte,520.6506503555597,GBP,-2.074864823356105,Complétée,Francfort,Royaume-Uni
id_transaction_00000226,Dépôt,5.199792299129058,EUR,-0.6086113976963698,Complétée,Pékin,Chine
id_transaction_00000582,Carte,-5034.637194436014,JPY,-8.534258840669892,Complétée,Pékin,Chine
id_transaction_00000179,Carte,-24.625981910474707,MAD,-10.076892999708711,Complétée,Rabat,France
