id_transaction,type_transaction,montant,devise,frais,statut,ville,pays
id_transaction_00000280,Retrait,-564.7720771219373,EUR,-2.377732512819879,Complétée,Casablanca,Maroc
id_transaction_00000160,Dépôt,-468.211138440996,USD,-2.3759631852581524,Complétée,Pékin,Chine
id_transaction_00000259,Carte,1161.4692820507244,CNY,12.239536822802961,En attente,Londres,France
id_transaction_00000130,Carte,387.81971210799577,CNY,-3.47793155812552,Complétée,Pékin,Royaume-Uni
id_transaction_00000673,Retrait,535.6147945883353,USD,14.372238466631671,Complétée,New York,Maroc
id_transaction_00000513,Retrait,957.5866304375439,USD,16.895425842818753,Rejetée,Londres,Maroc
id_transaction_00000917,Virement,356.0047664890945,JPY,-2.3966724853993586,Complétée,Casablanca,USA
id_transaction_00000572,Virement,141.07673364329327,MAD,-0.4647436706417096,Complétée,Pékin,Japon
id_transaction_00000311,Carte,-607.2948317771078,CNY,-6.406334531583043,En cours,Tokyo,Royaume-Uni
id_transaction_00000709,Retrait,4109.788087653921,EUR,7.388577309499865,Rejetée,Washington DC,Afrique du Sud
id_transaction_00000404,Dépôt,358.4289242833934,USD,-7.488157824879724,Complétée,Washington DC,France
id_transaction_00000027,Virement International,-3869.1277446885542,USD,-14.714192805936644,Complétée,Londres,Maroc
id_transaction_00000732,Dépôt,35.831590047800034,JPY,-8.382453442160884,En attente,Pékin,Japon
id_transaction_00000674,Dépôt,30873.544894714738,MAD,-8.826664397547631,Complétée,Rabat,Royaume-Uni
id_transaction_00000196,Dépôt,-35.62993356415569,EUR,1.328651957197824,Complétée,Tokyo,Maroc
id_transaction_00000442,Retrait,93.14341727075828,EUR,-3.857647993413196,En cours,Tokyo,USA
id_transaction_00000809,Virement,782.2253745317864,JPY,-3.843244835261321,Complétée,Tokyo,Japon
id_transaction_00000314,Dépôt,516.957780658749,GBP,-13.452790030842543,Complétée,Londres,France
id_transaction_00000370,Retrait,5840.734099849401,CNY,9.687150781549505,Rejetée,Pékin,USA
id_transaction_00000518,Retrait,-1021.3613794415322,USD,-11.638465126991061,Complétée,Pékin,France
id_transaction_00000234,Carte,-388.5694165650817,EUR,121.96364930529225,Complétée,Tokyo,Royaume-Uni
id_transaction_00000131,Carte,-959.0003501082207,USD,-12.691879964670488,Complétée,Pékin,Maroc
id_transaction_00000216,Carte,304.2711838413125,MAD,-5.156067847038872,Complétée,Pékin,Maroc
id_transaction_00000917,Carte,12154.379333521752,GBP,-5.845081380440708,En attente,Francfort,Maroc
id_transaction_00000320,Dépôt,42437.55679808621,EUR,6.073587673193579,Rejetée,Johannesburg,Maroc
id_transaction_00000696,Carte,891.7289098025351,USD,11.067120049890772,Complétée,Londres,Royaume-Uni
id_transaction_00000646,Dépôt,647.4331313716681,EUR,13.330580562563345,Complétée,Francfort,Maroc
id_transaction_00000181,Prélèvement,-770.8686031094713,USD,-4.2902989411961405,Complétée,Paris,UE
id_transaction_00000393,Retrait,806.5747797040557,EUR,17.497646618654272,Complétée,Francfort,Allemagne
id_transaction_00000292,Prélèvement,-207.90989719797903,JPY,-0.8836102989979953,Complétée,Pékin,Maroc
id_transaction_00000829,Prélèvement,12867.739511031301,MAD,-1.2952778536982823,En attente,Pékin,Maroc
id_transaction_00000174,Dépôt,6039.5916073395365,USD,-8.03362883473513,En attente,New York,USA
id_transaction_00000559,Virement,-94.07782739092454,USD,0.2978254846147079,Rejetée,Pékin,Maroc
id_transaction_00000275,Prélèvement,774.3175992174092,EUR,19.15458805704202,Complétée,Pékin,Japon
id_transaction_00000139,Retrait,915.5609533092759,USD,-10.256195883144741,Complétée,Pékin,Afrique du Sud
id_transaction_00000983,Carte,77.1734129910156,EUR,280.5819097229587,Complétée,Rabat,Maroc
id_transaction_00000164,Retrait,14071.501571587462,JPY,15.837081340865108,Complétée,Paris,USA
id_transaction_00000235,Dépôt,541.4956657374498,JPY,16.430484040679314,Complétée,Londres,USA
id_transaction_00000574,Dépôt,117.90833760335533,JPY,9.494545621483297,Complétée,Johannesburg,USA
id_transaction_00000934,Virement,-87.90080394685117,EUR,0.8571449526472419,Complétée,Casablanca,USA
id_transaction_00000009,Prélèvement,583.2381197736236,JPY,0.598304506707553,Complétée,Francfort,Japon
id_transaction_00000241,Carte,884.6105320013858,GBP,6.713033414780207,En cours,Paris,USA
id_transaction_00000199,Retrait,2351.968679744574,USD,20.718552359283212,Complétée,Washington DC,Japon
id_transaction_00000174,Prélèvement,-574.3725909017886,JPY,3.2488110607026783,Complétée,Rabat,UE
id_transaction_00000858,Prélèvement,1165.9676381827408,USD,17.08206760234344,Complétée,Tokyo,Maroc
id_transaction_00000683,Dépôt,-44.56989669226152,JPY,-5.444545907618449,En attente,New York,Royaume-Uni
id_transaction_00000773,Prélèvement,591.5848105571063,EUR,7.743945071641288,Complétée,Londres,Allemagne
id_transaction_00000020,Retrait,352.12222170879096,ZAR,56.59266979666221,Complétée,Rabat,Maroc
id_transaction_00000127,Retrait,27930.848321981477,CNY,12.90143068860475,Rejetée,Londres,Maroc
id_transaction_00000991,Retrait,715.2682651963032,USD,-16.174748405568515,Complétée,Rabat,Allemagne
id_transaction_00000059,Retrait,415.64849545028204,CNY,4.575724804765568,Complétée,Francfort,Royaume-Uni
id_transaction_00000861,Prélèvement,771.2013903557029,ZAR,7.554647566980053,En attente,New York,Royaume-Uni
id_transaction_00000183,Retrait,-197.47839180766016,JPY,-5.228485507156642,En attente,Londres,Maroc
id_transaction_00000815,Dépôt,-175.98320494324048,GBP,-10.916198657975716,En attente,Tokyo,Maroc
id_transaction_00000314,Virement International,1072.651542318953,EUR,6.797052547201791,En attente,Casablanca,USA
id_transaction_00000618,Carte,408.3600105657838,MAD,-13.402348912271702,Complétée,Paris,USA
id_transaction_00000398,Carte,202.93261437545885,JPY,-11.343903906796825,Complétée,Paris,USA
id_transaction_00000558,Retrait,1079.1352665842746,CNY,6.027928148578494,Complétée,Pékin,Chine
id_transaction_00000766,Carte,515.1956396645743,GBP,-9.479991731490095,Complétée,Tokyo,Afrique du Sud
id_transaction_00000397,Retrait,-899.3112528064422,USD,-2.746184078972699,Complétée,Johannesburg,UE
id_transaction_00000761,Retrait,1355.4379615183086,JPY,6.84735524132094,Complétée,Francfort,Allemagne
id_transaction_00000170,Dépôt,-671.0412213263511,CNY,0.26913642196415744,Complétée,Pékin,Maroc
id_transaction_00000546,Carte,821.0013700693737,GBP,3.9648028307489405,Complétée,Londres,Maroc
id_transaction_00000970,Virement,1023.368092001764,CNY,1.4285488126770516,Complétée,Casablanca,Maroc
id_transaction_00000918,Dépôt,5058.435820626418,USD,3.630754563775144,Rejetée,Tokyo,Chine
id_transaction_00000835,Retrait,932.2543348762413,JPY,14.142407276010882,Complétée,Rabat,Chine
id_transaction_00000653,Carte,-412.889479414682,GBP,-15.455722947787734,Complétée,Londres,Royaume-Uni
id_transaction_00000982,Carte,501.26519294286794,USD,11.356363766804055,Complétée,Washington DC,Royaume-Uni
id_transaction_00000973,Virement,839.8670899787353,USD,2.74624085756627,Complétée,Pékin,Allemagne
id_transaction_00000318,Dépôt,1110.2643741209772,MAD,9.284736494314135,Complétée,Londres,Maroc
id_transaction_00000825,Retrait,1014.297907800494,EUR,11.62451535540928,Complétée,Casablanca,Japon
id_transaction_00000876,Carte,1421.5741077987252,USD,17.146944950609367,En attente,Francfort,Maroc
id_transaction_00000492,Dépôt,1433.5715564330112,USD,7.423877674288455,Complétée,Pékin,Royaume-Uni
id_transaction_00000474,Prélèvement,-171.48504236216513,MAD,1.85527218742362,En attente,New York,Japon
id_transaction_00000190,Carte,653.540689382985,CNY,0.14035132294913844,Rejetée,Pékin,Maroc
id_transaction_00000990,Retrait,-678.0129262243441,JPY,1.8099887263415493,Complétée,Francfort,UE
id_transaction_00000081,Carte,-317.91883268609695,USD,1.3694825354202846,Complétée,Pékin,Maroc
id_transaction_00000998,Prélèvement,-809.1443655665989,GBP,5.58243203803345,En attente,Pékin,Allemagne
id_transaction_00000445,Prélèvement,226.42065979460375,ZAR,7.853280345119009,Complétée,Francfort,Maroc
id_transaction_00000057,Virement,1954.2469689136474,USD,1.9721813453803838,Rejetée,Tokyo,Maroc
id_transaction_00000157,Carte,601.0286158175056,CNY,3.773266733371191,Complétée,Tokyo,Royaume-Uni
id_transaction_00000980,Retrait,2332.5096313509353,USD,3.2022824598487887,Complétée,Casablanca,France
id_transaction_00000566,Virement,-135.89640501222834,MAD,-0.13333874697575787,Complétée,Paris,Chine
id_transaction_00000753,Retrait,4989.575055688966,EUR,42.42523279720971,Complétée,Casablanca,USA
id_transaction_00000815,Virement International,1148.7139653515137,CNY,-2.1026549413321334,Complétée,Pékin,Japon
id_transaction_00000976,Retrait,944.4438247542749,ZAR,4.901830608669379,Complétée,Francfort,Royaume-Uni
id_transaction_00000810,Virement International,-600.2038220790281,USD,-5.397777734679852,Complétée,Rabat,Japon
id_transaction_00000374,Prélèvement,-1342.9934944890133,GBP,-17.148607140636727,Complétée,Washington DC,Maroc
id_transaction_00000443,Prélèvement,-1091.7685536570048,JPY,-0.9310804906038195,Complétée,Francfort,Royaume-Uni
id_transaction_00000289,Retrait,2087.1068152229564,EUR,5.013331488848984,Complétée,New York,France
id_transaction_00000786,Carte,4486.816381604804,EUR,6.969465149989446,Complétée,Londres,Maroc
id_transaction_00000105,Carte,2693.9125160514423,EUR,8.446488874887853,Rejetée,Pékin,Japon
id_transaction_00000149,Retrait,18392.606182499832,USD,-2.414468984318158,Complétée,Casablanca,Maroc
id_transaction_00000027,Carte,2509.5822451983154,JPY,18.072257666749454,Complétée,Pékin,Chine
id_transaction_00000413,Virement,2735.8189089942166,CNY,-2.969365383988369,Complétée,Tokyo,USA
id_transaction_00000935,Prélèvement,1582.8444680913876,JPY,2.250682072132342,Complétée,Paris,UE
id_transaction_00000081,Virement,-395.7978474313338,GBP,1596.4862676372165,Complétée,Pékin,Japon
id_transaction_00000370,Prélèvement,1152.2350440717883,GBP,-3.575434484851944,Complétée,Washington DC,Chine
id_transaction_00000990,Dépôt,160.98106725762761,EUR,6.268578869939779,Complétée,Tokyo,Maroc
id_transaction_00000373,Virement International,65566.34060241774,MAD,8.79346222751984,Complétée,Casablanca,Royaume-Uni
id_transaction_00000710,Retrait,94.49235119957757,EUR,-3.8412364906373044,En attente,New York,Afrique du Sud
id_transaction_00000463,Retrait,635.4644250521336,USD,-1.926276384050234,Complétée,Tokyo,Japon
id_transaction_00000746,Carte,452.1866550070088,GBP,-7.283060139907993,Complétée,Tokyo,Maroc
id_transaction_00000015,Virement International,-277.88382698691987,JPY,-10.142831643861282,Complétée,Washington DC,France
id_transaction_00000947,Carte,251.11311465485747,MAD,80.07187450712263,Complétée,Casablanca,USA
id_transaction_00000963,Virement,3635.1246320181035,USD,-1.9208326076042992,En attente,Tokyo,Chine
id_transaction_00000768,Prélèvement,-186.90501357752373,EUR,-12.913643703084027,En attente,Pékin,France
id_transaction_00000977,Carte,1662.2429351445426,GBP,2.864397213569235,Complétée,Tokyo,USA
id_transaction_00000896,Virement International,2121.9764919491518,ZAR,2.6928977110787637,Complétée,Londres,USA
id_transaction_00000125,Virement International,-314.6139116568296,GBP,1.2944712645804817,Complétée,Paris,Japon
id_transaction_00000613,Carte,-188.37410393057053,JPY,12.667736140436265,Complétée,Washington DC,Japon
id_transaction_00000726,Retrait,321.3310541152281,USD,1.4585028618553784,Complétée,Pékin,France
id_transaction_00000588,Dépôt,1445.5403595280163,JPY,14.097677512735583,Complétée,Johannesburg,Maroc
id_transaction_00000858,Retrait,12196.586684349026,GBP,1.7944756671561928,Complétée,New York,Royaume-Uni
id_transaction_00000341,Dépôt,920.918598199347,JPY,11.370701282953497,Rejetée,New York,Royaume-Uni
id_transaction_00000775,Prélèvement,-749.5262053579467,ZAR,-11.728614145109187,Complétée,Johannesburg,USA
id_transaction_00000965,Virement International,-549.4824818204957,EUR,-1.1011514026444233,En attente,New York,Afrique du Sud
id_transaction_00000036,Retrait,-9.47736911452165,MAD,-10.203337535415653,Complétée,Tokyo,Royaume-Uni
id_transaction_00000596,Dépôt,-137.09607245528048,ZAR,6.822632759519619,En attente,New York,USA
id_transaction_00000362,Prélèvement,-278.4193437307224,EUR,-3.848110360785072,Complétée,Londres,Afrique du Sud
id_transaction_00000415,Virement International,3026.3628174398164,EUR,-2.73917090747626,Complétée,Tokyo,France
id_transaction_00000027,Carte,-522.1231272531775,EUR,-3.349778326019403,Complétée,New York,Royaume-Uni
id_transaction_00000374,Dépôt,13175.469016511786,USD,-2.833355656033963,Complétée,Casablanca,Afrique du Sud
id_transaction_00000995,Retrait,667.1299009567796,ZAR,-3.99383861268728,Complétée,Londres,Maroc
id_transaction_00000139,Virement,4026.8149403712478,GBP,-8.29154177421298,En attente,Casablanca,Royaume-Uni
id_transaction_00000356,Virement International,-1045.2502107943883,USD,0.9238111707504286,Complétée,Johannesburg,Royaume-Uni
id_transaction_00000902,Retrait,9409.325564102703,GBP,-7.71342614470553,Rejetée,Londres,Maroc
id_transaction_00000300,Carte,46.88656172955183,CNY,-9.804910624015015,Complétée,Francfort,Maroc
id_transaction_00000384,Dépôt,260.3462106832412,USD,-1.6183517549792823,Rejetée,Casablanca,Maroc
id_transaction_00000416,Virement,1219.0153833327754,USD,-1.8520247565362817,Rejetée,Rabat,USA
id_transaction_00000684,Carte,1743.609092685739,USD,8.763784275618915,Rejetée,Francfort,Chine
id_transaction_00000186,Retrait,1579.684632646692,EUR,-0.6066802200065098,Complétée,Casablanca,USA
id_transaction_00000442,Prélèvement,576.3968682099242,EUR,1.0006303526190363,Rejetée,Pékin,Allemagne
id_transaction_00000309,Retrait,774.5612024318627,USD,-0.9962670076903599,Complétée,Francfort,USA
id_transaction_00000651,Dépôt,105.71664124459323,CNY,-7.6696534518473625,Complétée,Johannesburg,Royaume-Uni
id_transaction_00000141,Retrait,1994.0339529789849,USD,1.92688836370254,Complétée,Pékin,Maroc
id_transaction_00000825,Prélèvement,-28.42813530739727,EUR,3.4209940417528193,Complétée,Paris,Maroc
id_transaction_00000662,Virement International,-514.1520027157821,JPY,-6.409050406798154,Complétée,Paris,USA
id_transaction_00000373,Virement,261.26412602135144,ZAR,-0.5194349835990053,Complétée,Pékin,Royaume-Uni
id_transaction_00000548,Virement International,-189.93753101230368,CNY,-0.1902027601051426,Complétée,Johannesburg,USA
id_transaction_00000773,Prélèvement,1471.4700694240814,ZAR,22.730286315394125,Complétée,Casablanca,Japon
id_transaction_00000439,Virement,-871.4344978634073,MAD,-12.46515549477547,Complétée,Pékin,Japon
id_transaction_00000643,Dépôt,6775.45889859134,USD,15.80692009345773,Complétée,Francfort,Japon
id_transaction_00000919,Prélèvement,720.2242338183344,MAD,-1.5664710221108358,Complétée,Rabat,Maroc
id_transaction_00000103,Retrait,5403.7790251472325,MAD,3.753117018773615,Complétée,Rabat,Japon
id_transaction_00000517,Prélèvement,-613.6564641087908,JPY,-4.686196380625213,Complétée,Paris,Royaume-Uni
id_transaction_00000279,Carte,113.14121663454404,ZAR,-3.625155044648003,Complétée,Paris,USA
id_transaction_00000433,Retrait,-743.1700698729904,USD,-9.312024370031235,Complétée,Rabat,USA
id_transaction_00000749,Retrait,58.47631466153001,GBP,0.6185928962988152,Complétée,Casablanca,France
id_transaction_00000759,Prélèvement,4550.493764399114,USD,-5.840885303124963,Complétée,Washington DC,USA
id_transaction_00000405,Virement International,706.9276906225591,JPY,-15.493107821966522,Complétée,Rabat,Afrique du Sud
id_transaction_00000411,Retrait,4704.412443879804,USD,-2.34895926805934,Complétée,Francfort,USA
id_transaction_00000992,Virement,-662.621136026008,USD,-5.724886364232451,Rejetée,Washington DC,Royaume-Uni
id_transaction_00000950,Virement,1084.6157776117484,CNY,0.42368725964357257,En attente,Londres,Chine
id_transaction_00000712,Carte,-368.4072150319357,EUR,-6.72712950288649,Complétée,New York,France
id_transaction_00000819,Retrait,1006.399055184501,USD,162.9484705906923,Complétée,Casablanca,USA
id_transaction_00000204,Prélèvement,-12085.18149913843,USD,-38.961147528435276,Complétée,Tokyo,Maroc
id_transaction_00000105,Virement International,578.7412636614006,JPY,22.341685660998714,Complétée,Francfort,Allemagne
id_transaction_00000793,Carte,12202.935204556572,USD,-1.9642760882823316,En attente,Washington DC,Afrique du Sud
id_transaction_00000038,Virement,198.87003818730224,USD,2.2899357390444792,En cours,New York,France
id_transaction_00000915,Carte,863.6570168006953,CNY,8.189850191991559,Complétée,Londres,Royaume-Uni
id_transaction_00000503,Prélèvement,349.0451488473726,GBP,3.5452835404982492,Complétée,Pékin,Japon
id_transaction_00000837,Prélèvement,-750.1661621895604,USD,-4.8299944570055375,Complétée,Johannesburg,Chine
id_transaction_00000726,Carte,3501.7378735369875,USD,-6.126015120496537,Complétée,Johannesburg,Allemagne
id_transaction_00000496,Carte,683.3016433824183,JPY,486.03911435113787,En cours,Paris,Maroc
id_transaction_00000201,Virement,5348.544233929592,USD,4.629555067524936,Complétée,New York,Royaume-Uni
id_transaction_00000384,Dépôt,704.3850119094849,JPY,59.120633889589655,Complétée,New York,Japon
id_transaction_00000841,Prélèvement,-1495.4190396925933,GBP,-18.107152749030803,Complétée,Londres,France
id_transaction_00000197,Virement International,836.1362020383212,USD,6.458270915606086,Complétée,Londres,USA
id_transaction_00000580,Virement International,3203.0473551040923,USD,6.744040491959375,Complétée,Pékin,Maroc
id_transaction_00000422,Retrait,1769.778367025931,EUR,13.412475224146686,Complétée,Francfort,Japon
id_transaction_00000361,Retrait,75.77380742581943,GBP,-5.110375000338583,Complétée,New York,UE
id_transaction_00000458,Dépôt,975.4266851998915,EUR,14.964799345345988,Complétée,Casablanca,Chine
id_transaction_00000776,Carte,460.3921292093335,EUR,2.485164825413994,Complétée,Tokyo,Maroc
id_transaction_00000701,Prélèvement,1487.7436777100152,GBP,0.03542884561198445,Complétée,Francfort,Royaume-Uni
id_transaction_00000683,Carte,1094.0869606527647,CNY,4.39275586560213,Complétée,Pékin,Japon
id_transaction_00000599,Retrait,5672.064861843329,MAD,-4.374776690737767,Complétée,Pékin,Chine
id_transaction_00000972,Dépôt,873.3589593811753,JPY,1.731766008222475,Complétée,Casablanca,Maroc
id_transaction_00000174,Retrait,-244.8322940829538,USD,7.045058304610347,Complétée,Tokyo,USA
id_transaction_00000501,Virement,623.4468471199743,EUR,-1.1108979872955542,Complétée,Paris,USA
id_transaction_00000962,Virement,-32.2066367793189,GBP,34.94291280606895,Complétée,Casablanca,USA
id_transaction_00000435,Virement,1070.4232677545824,JPY,-7.893975725103773,Complétée,Rabat,USA
id_transaction_00000843,Carte,1286.2714708069575,MAD,11.86930640849264,Complétée,Londres,France
id_transaction_00000748,Prélèvement,5130.443371307916,JPY,-9.448748142668581,En attente,Tokyo,France
id_transaction_00000293,Retrait,547.2388641021683,EUR,-5.6111763769972525,Complétée,Washington DC,Japon
id_transaction_00000714,Retrait,5083.248029935106,EUR,4.9529632231436995,Complétée,Tokyo,Japon
id_transaction_00000279,Virement International,108723.94887172952,JPY,-14.954677042142908,Complétée,Londres,USA
id_transaction_00000168,Carte,485.58649492639665,EUR,10.12955332482346,Complétée,Francfort,Japon
id_transaction_00000344,Retrait,-329.7332595504902,GBP,-13.843178552907236,Complétée,Paris,Maroc
id_transaction_00000506,Retrait,1376.386234105148,USD,11.110746426224434,Complétée,Pékin,USA
id_transaction_00000463,Virement International,202.16022998995274,USD,-2.8451035701332783,Rejetée,Pékin,Maroc
id_transaction_00000077,Carte,526.832710962875,CNY,-4.639019323152385,En cours,Francfort,Maroc
id_transaction_00000701,Carte,47410.12101519971,EUR,371.1395593624669,Complétée,Casablanca,Maroc
id_transaction_00000124,Virement International,513.8367862500243,JPY,-2.864218421024579,En attente,Paris,UE
id_transaction_00000221,Carte,1725.967414727255,JPY,9.544372411084817,Complétée,Londres,Royaume-Uni
id_transaction_00000345,Carte,-34.65157226714359,CNY,1.4842097231511806,En attente,Francfort,Maroc
id_transaction_00000403,Dépôt,1370.7343143642468,EUR,3.975127791593253,Complétée,Johannesburg,France
id_transaction_00000868,Virement International,-946.4085452440414,JPY,-8.865643720976326,Complétée,Casablanca,USA
id_transaction_00000389,Virement,5204.099337500093,EUR,16.56930535089054,Complétée,Pékin,USA
id_transaction_00000827,Carte,391.32285833357844,CNY,-6.861571339042357,Rejetée,Washington DC,Maroc
id_transaction_00000268,Carte,-262.68674903531837,MAD,-5.50249827516983,Complétée,Casablanca,USA
id_transaction_00000488,Carte,278.83702241971514,ZAR,2.3255863615407013,Complétée,Tokyo,Maroc
id_transaction_00000358,Dépôt,33848.82920237973,USD,6.2755223281263826,Complétée,Tokyo,USA
id_transaction_00000910,Carte,618.9227680678872,JPY,-2.6687460583788765,Complétée,Johannesburg,Royaume-Uni
id_transaction_00000861,Virement International,2639.8897236291778,ZAR,578.0592559226153,Complétée,Paris,Maroc
id_transaction_00000407,Carte,4074.3657299665765,CNY,-4.61674213121264,Complétée,Londres,Royaume-Uni
id_transaction_00000401,Virement International,6381.956547281983,MAD,0.7655883896067452,Complétée,Washington DC,Japon
id_transaction_00000175,Virement International,2460.002209663432,CNY,4.863845717732678,En attente,Paris,USA
id_transaction_00000317,Carte,630.9161134222223,MAD,-7.005513727611233,Complétée,Londres,USA
id_transaction_00000888,Retrait,1240.5674354636867,EUR,7.576528150943274,Complétée,New York,Japon
id_transaction_00000745,Virement,-907.307384125426,GBP,-9.517090987795708,Complétée,New York,USA
id_transaction_00000616,Dépôt,270.03701597711006,USD,9.223723255221884,Complétée,Paris,USA
id_transaction_00000886,Carte,-71.35517916831247,MAD,0.9402266821982233,En attente,Rabat,Maroc
id_transaction_00000132,Retrait,-378.81421687311285,ZAR,-8.937325789799669,Complétée,Tokyo,Japon
id_transaction_00000389,Retrait,-361.37759969236936,USD,1.8788236359449204,Complétée,Francfort,Royaume-Uni
id_transaction_00000112,Virement International,37413.856052795665,EUR,18.866094963942803,Complétée,Tokyo,France
id_transaction_00000638,Carte,-820.352610911816,CNY,-2.6367408218955575,Complétée,Washington DC,Maroc
id_transaction_00000189,Carte,69519.12681459426,EUR,1.1084450867350872,Complétée,New York,Afrique du Sud
id_transaction_00000701,Carte,-1243.859644438,ZAR,-6.472848420153867,En attente,Londres,France
id_transaction_00000323,Dépôt,1290.7685107925745,JPY,14.90128694986345,En attente,New York,Japon
id_transaction_00000810,Carte,744.9985413715742,JPY,-1.324757626881941,Complétée,Pékin,Royaume-Uni
id_transaction_00000337,Dépôt,-271.0975438904894,MAD,-1.0380042973891568,Complétée,Paris,USA
id_transaction_00000036,Retrait,-722.5296615124826,EUR,-17.954881342412925,Complétée,New York,France
id_transaction_00000006,Retrait,5671.245884275295,ZAR,11.765731345999296,Complétée,Pékin,Afrique du Sud
id_transaction_00000605,Prélèvement,-878.778130249795,USD,-10.855197695441174,Complétée,Tokyo,USA
id_transaction_00000490,Retrait,209.88281576389684,USD,0.6746952617663968,Rejetée,Tokyo,Japon
id_transaction_00000393,Virement,4557.666129598824,USD,1.63227127264364,Rejetée,Londres,USA
id_transaction_00000179,Carte,1057.4214058666137,JPY,-6.758795004425926,Complétée,Londres,USA
id_transaction_00000517,Dépôt,34.90204229813037,CNY,2.641581950406819,Complétée,Paris,Allemagne
id_transaction_00000647,Prélèvement,170.77939009927087,USD,-5.347593171110879,Complétée,Washington DC,France
id_transaction_00000681,Dépôt,278.0770252944386,USD,-2.247236713069732,Complétée,New York,UE
id_transaction_00000203,Prélèvement,-408.1876625333937,MAD,2.7921178526321597,Complétée,Washington DC,Japon
id_transaction_00000938,Retrait,637.6327772525733,CNY,7.238604625677067,Complétée,Pékin,Royaume-Uni
id_transaction_00000440,Dépôt,1444.9477839667811,MAD,1.9157825887338835,Complétée,Londres,Maroc
id_transaction_00000443,Carte,237.81974569451606,JPY,52.04526406871876,Complétée,Pékin,USA
id_transaction_00000934,Prélèvement,1224.3255695320918,CNY,9.220104426660347,En cours,Pékin,France
id_transaction_00000911,Prélèvement,272.98874524907984,JPY,9.274649423093138,En attente,Londres,Royaume-Uni
id_transaction_00000250,Virement,-537.6709739055018,USD,-5.442319090375652,En attente,Pékin,Japon
id_transaction_00000428,Retrait,1734.6356837220465,USD,-1.9647325757954253,Complétée,Paris,USA
id_transaction_00000681,Prélèvement,-261.81716336719785,CNY,-16.20036181470055,Complétée,New York,Afrique du Sud
id_transaction_00000472,Virement,112.54697653521538,USD,2.0285214752002845,Complétée,New York,Maroc
id_transaction_00000429,Carte,1258.819056947164,GBP,13.40062609108179,En cours,Tokyo,UE
id_transaction_00000947,Dépôt,1615.137049045159,USD,-0.810475086609368,Complétée,New York,USA
id_transaction_00000766,Retrait,870.6282958866177,USD,17.781326298964494,Complétée,Francfort,Royaume-Uni
id_transaction_00000002,Prélèvement,219.50146526692808,CNY,4.7688733904167915,Complétée,Washington DC,Maroc
id_transaction_00000979,Carte,510.26392781423516,GBP,-39.6291789403687,Complétée,Tokyo,Maroc
id_transaction_00000096,Retrait,170.96674741024412,CNY,-5.164630370226294,Complétée,Paris,Japon
id_transaction_00000822,Prélèvement,718.2015490635874,JPY,7.989621039047508,En attente,Washington DC,Royaume-Uni
id_transaction_00000624,Dépôt,-41.14899993909427,USD,-2.108649409080911,Rejetée,Washington DC,Japon
id_transaction_00000787,Dépôt,920.0905872733722,MAD,-4.476137964172007,En attente,Tokyo,Maroc
id_transaction_00000011,Retrait,2093.3718498900225,JPY,7.465112877831249,Complétée,Paris,UE
id_transaction_00000427,Prélèvement,-18.177832308125062,USD,-1.820466988054271,En attente,Francfort,Allemagne
id_transaction_00000328,Prélèvement,888.7272443877647,EUR,6.807627047872142,Complétée,Francfort,France
id_transaction_00000083,Virement,-59.47091912437469,USD,-3.389673630978211,Complétée,Washington DC,USA
id_transaction_00000397,Prélèvement,-203.1548925180798,CNY,5.964704565379554,Complétée,New York,Chine
id_transaction_00000529,Prélèvement,-257.83163980868835,EUR,0.8956627777229604,Complétée,Pékin,Maroc
id_transaction_00000012,Retrait,16242.793102061944,USD,7.1247168788971145,Complétée,Casablanca,Chine
id_transaction_00000281,Prélèvement,897.4680435974909,CNY,-6.285073208648263,Complétée,Londres,Royaume-Uni
id_transaction_00000624,Prélèvement,837.3314565199166,USD,3.2290893971018755,En attente,New York,UE
id_transaction_00000614,Virement,4278.145601692012,CNY,-8.702153043866502,En attente,Casablanca,USA
id_transaction_00000283,Virement International,1305.9065169969558,JPY,1.064583451469045,Complétée,Pékin,USA
id_transaction_00000819,Virement International,5100.011933851751,JPY,-11.406592520203045,En cours,New York,Japon
id_transaction_00000680,Retrait,5837.584671624607,ZAR,13.707844191729624,Rejetée,Casablanca,USA
id_transaction_00000604,Carte,8719.591726996512,JPY,8.174654820054613,Complétée,Londres,Japon
id_transaction_00000466,Retrait,378.8175562237448,GBP,1.1500375631613444,Complétée,Londres,Royaume-Uni
id_transaction_00000983,Carte,-941.8638143065401,USD,-13.819359024452343,Complétée,Pékin,Chine
id_transaction_00000528,Virement,319.14949307048903,GBP,-5.26349223672825,Complétée,New York,Japon
id_transaction_00000227,Carte,1041.9260272046072,JPY,3.1149066371239718,Complétée,Washington DC,Afrique du Sud
id_transaction_00000494,Retrait,4693.82885028944,USD,15.194142480162437,Complétée,Casablanca,Japon
id_transaction_00000978,Virement International,2549.219010448045,MAD,-3.567546420712408,Complétée,Rabat,Royaume-Uni
id_transaction_00000700,Virement,-802.9686395870484,GBP,-2.251055975226481,Complétée,Pékin,UE
id_transaction_00000822,Virement International,564.4105487547506,CNY,-9.635473082135281,En cours,Washington DC,USA
id_transaction_00000034,Dépôt,1549.7244955746528,EUR,-0.4567403571849278,Complétée,Paris,Royaume-Uni
id_transaction_00000336,Virement International,139019.38344456593,USD,-1.7958417165466276,Rejetée,Johannesburg,Japon
id_transaction_00000254,Virement,-550.7759440495992,USD,8.058500795667808,Complétée,Pékin,Allemagne
id_transaction_00000772,Carte,-212.97427370211346,EUR,-7.243091676686933,En cours,Tokyo,UE
id_transaction_00000675,Prélèvement,165.22485501293704,CNY,-4.755282834390575,Complétée,Londres,UE
id_transaction_00000787,Prélèvement,-304.33728572956943,MAD,-15.534635658558326,Complétée,Washington DC,France
id_transaction_00000415,Dépôt,-623.340359634063,USD,-5.680071416679186,Complétée,Pékin,Royaume-Uni
id_transaction_00000501,Carte,1113.9560099305386,MAD,355.22096965174717,Complétée,Francfort,Allemagne
id_transaction_00000389,Dépôt,238.8435140423074,CNY,-1.2134999446841501,Complétée,Pékin,Afrique du Sud
id_transaction_00000763,Retrait,1794.9726607662383,EUR,4.8571373618897065,Complétée,Johannesburg,Japon
id_transaction_00000278,Virement International,-438.4402939884732,USD,-8.119465524052288,Complétée,Washington DC,USA
id_transaction_00000211,Virement,4135.109048777704,EUR,9.542240799799746,Complétée,Washington DC,USA
id_transaction_00000662,Virement International,786.9314108235905,EUR,4.705705114363031,Complétée,Washington DC,France
id_transaction_00000125,Dépôt,7831.806685065224,EUR,9.607294028545471,Complétée,Rabat,Afrique du Sud
id_transaction_00000214,Prélèvement,-602.8015079695596,MAD,-7.712277660204969,En cours,Washington DC,Royaume-Uni
id_transaction_00000442,Carte,-680.7197748456491,MAD,-7.857873625934338,Complétée,Pékin,Allemagne
id_transaction_00000497,Retrait,822.7053151343368,EUR,7.591941494415012,Complétée,Washington DC,Maroc
id_transaction_00000143,Retrait,-721.0579587389465,MAD,110.98631890452191,En attente,Tokyo,France
id_transaction_00000625,Carte,625.7494258906287,CNY,-6.635752828997696,Complétée,Pékin,Royaume-Uni
id_transaction_00000341,Dépôt,4597.013154526697,USD,7.5759519043570425,Complétée,Paris,Japon
id_transaction_00000008,Dépôt,-106.33266006666963,GBP,4.555247944959309,En cours,Casablanca,Japon
id_transaction_00000387,Carte,3818.838354145606,MAD,-4.676741927939102,Rejetée,Londres,France
id_transaction_00000386,Prélèvement,1202.735194314845,MAD,-8.962445130119509,En attente,Washington DC,France
id_transaction_00000371,Virement,-118.56099076440296,GBP,-17.70580050930806,Complétée,Washington DC,Maroc
id_transaction_00000646,Dépôt,-396.11101285401435,CNY,-11.841229764914534,Rejetée,Francfort,Chine
id_transaction_00000214,Prélèvement,687.7081595928885,JPY,-15.857079196182386,Complétée,Francfort,USA
id_transaction_00000388,Retrait,-576.1586802559596,JPY,-7.217967325527213,Complétée,Washington DC,Japon
id_transaction_00000370,Prélèvement,464.80351693883404,EUR,-9.312926321209684,Complétée,Francfort,USA
id_transaction_00000951,Dépôt,5796.54288824599,USD,9.40881691576556,En attente,Casablanca,USA
id_transaction_00000365,Dépôt,5.846755674810083,JPY,-6.3949579207188565,Complétée,Londres,Royaume-Uni
id_transaction_00000289,Prélèvement,507.2529622767454,CNY,-8.617404708971343,En attente,Paris,Royaume-Uni
id_transaction_00000564,Dépôt,-571.6039608200881,USD,-2.9199595049367923,Complétée,New York,Japon
id_transaction_00000087,Carte,10472.618310884265,USD,-7.231160866931989,Complétée,Casablanca,USA
id_transaction_00000526,Virement,22055.526063866895,JPY,6.218102237041284,En cours,New York,USA
id_transaction_00000819,Carte,948.9043610324028,MAD,-2.6828375422901978,Complétée,Pékin,USA
id_transaction_00000537,Prélèvement,-620.3184875010428,MAD,-0.007918928024333916,Complétée,Casablanca,USA
id_transaction_00000210,Virement,484.3228951881163,JPY,-11.069594497062724,Complétée,Paris,Royaume-Uni
id_transaction_00000774,Virement International,704.376147276383,EUR,1.7770592404423127,Complétée,New York,Japon
id_transaction_00000013,Prélèvement,-580.3778572407404,GBP,-5.644009404228794,Complétée,New York,Maroc
id_transaction_00000591,Carte,4738.468808078789,USD,18.301222984238933,En attente,Washington DC,Allemagne
id_transaction_00000331,Virement,945.5215551044416,GBP,5.319748364029397,En attente,Francfort,France
id_transaction_00000615,Retrait,367.53852513381594,USD,-1.467964424156392,Complétée,Tokyo,USA
id_transaction_00000729,Carte,137.93667930564482,MAD,8.593778504496756,Complétée,Tokyo,France
id_transaction_00000804,Prélèvement,27645.799396208095,GBP,10.36373392446033,En attente,Washington DC,USA
id_transaction_00000943,Carte,1046.0678237929512,EUR,40.96261212644175,Rejetée,Londres,Japon
id_transaction_00000771,Prélèvement,355.7666310887268,JPY,8.914019026367452,Complétée,Francfort,Chine
id_transaction_00000602,Retrait,1466.2593684084845,EUR,3.413680094592567,En cours,Casablanca,Maroc
id_transaction_00000508,Prélèvement,-571.0000044635168,GBP,8.431554818250664,Complétée,Londres,Allemagne
id_transaction_00000754,Carte,2992.7953689299593,EUR,13.655789582717329,Complétée,Tokyo,Maroc
id_transaction_00000180,Prélèvement,2159.931076555911,JPY,16.31537202044561,En attente,Pékin,Japon
id_transaction_00000637,Virement,980.511539393593,CNY,-0.6667777281106382,Complétée,Pékin,Maroc
id_transaction_00000065,Carte,8108.791883723727,JPY,-5.449140847788665,En cours,Washington DC,Japon
id_transaction_00000985,Dépôt,-1192.0347541337596,JPY,-9.466322160296695,Complétée,Pékin,UE
id_transaction_00000697,Dépôt,1819.1533669382547,JPY,-0.6099152182332181,Complétée,New York,Japon
id_transaction_00000195,Retrait,-372.9253133599432,USD,-6.252510766770256,Complétée,Londres,Maroc
id_transaction_00000722,Prélèvement,-411.9094922897648,JPY,-6.768720476060785,Complétée,Casablanca,Allemagne
id_transaction_00000519,Dépôt,466.2249216998351,CNY,0.46519906154775725,Complétée,Francfort,USA
id_transaction_00000769,Carte,87.75801717573512,USD,15.451120396918629,Complétée,Casablanca,Maroc
id_transaction_00000889,Dépôt,666.8047160206575,GBP,4.867192332417719,Complétée,Londres,USA
id_transaction_00000327,Dépôt,4148.686492625444,CNY,-3.183924536822043,Complétée,Francfort,Japon
id_transaction_00000254,Retrait,1073.276595728103,CNY,5.032750466403269,En attente,Tokyo,Japon
id_transaction_00000871,Carte,619.2568950574876,EUR,10.371184542278318,En cours,Paris,Japon
id_transaction_00000401,Dépôt,1139.9166105568015,GBP,-3.540928839268365,Complétée,Londres,Royaume-Uni
id_transaction_00000299,Retrait,68.14720356356088,CNY,1.3469292462031364,Complétée,Paris,Afrique du Sud
id_transaction_00000464,Retrait,418.40420358727806,CNY,-0.41908339440064246,En attente,Washington DC,Japon
id_transaction_00000883,Retrait,241.24793931816234,GBP,-7.126240895014775,Complétée,Paris,Royaume-Uni
id_transaction_00000821,Dépôt,133.68210058392884,EUR,0.5034052123829218,Complétée,Rabat,Royaume-Uni
id_transaction_00000243,Retrait,-559.2131392531346,USD,-4.579052597969132,Complétée,Washington DC,Japon
id_transaction_00000966,Dépôt,25004.626734094563,USD,-3.841107210968395,En attente,Pékin,USA
id_transaction_00000631,Retrait,-267.80547464371034,USD,-0.20049803172316416,Complétée,Rabat,USA
id_transaction_00000977,Carte,-279.03088728418425,USD,55.887546858532346,Complétée,Tokyo,USA
id_transaction_00000286,Carte,7750.910210973319,GBP,-2.0748227323011106,En attente,Pékin,Royaume-Uni
id_transaction_00000817,Dépôt,1293.6560256557348,CNY,2.1281479958679714,Complétée,New York,USA
id_transaction_00000783,Retrait,5414.604847912711,JPY,10.71255001345829,Complétée,Tokyo,Chine
id_transaction_00000812,Dépôt,28757.822975666022,EUR,-2.466187867058471,Complétée,New York,Royaume-Uni
id_transaction_00000556,Virement,1695.727867315793,ZAR,8.032614295762297,Rejetée,Casablanca,Chine
id_transaction_00000125,Retrait,-896.9966932325343,JPY,-9.371948001991516,Complétée,New York,Royaume-Uni
id_transaction_00000544,Retrait,1091.9564293136434,GBP,1.549732968677675,En attente,Tokyo,Royaume-Uni
id_transaction_00000162,Dépôt,783.048701524987,USD,11.73662939014261,Complétée,Casablanca,USA
id_transaction_00000364,Prélèvement,3270.7052901299144,USD,4.6231115658873865,En attente,Washington DC,Japon
id_transaction_00000925,Dépôt,523.8413908459057,JPY,5.218919578456248,En cours,New York,UE
id_transaction_00000512,Prélèvement,-11.947621065440671,EUR,4.4988728645312435,En attente,Pékin,USA
id_transaction_00000244,Virement International,1597.322759024043,MAD,-14.48208869834616,Complétée,Rabat,Afrique du Sud
id_transaction_00000087,Retrait,704.9471225525929,USD,7.010551656858793,Complétée,Pékin,Chine
id_transaction_00000316,Prélèvement,359.56689736397374,GBP,-0.9087281360658706,Complétée,Paris,Maroc
id_transaction_00000047,Retrait,6733.162527698216,EUR,2.414709911277329,Complétée,Paris,Japon
id_transaction_00000694,Retrait,-86.50065643901996,USD,-5.741723788398166,Complétée,Casablanca,Royaume-Uni
id_transaction_00000075,Virement International,95410.0211989649,EUR,-7.010212893250958,Complétée,Paris,Japon
id_transaction_00000944,Retrait,-564.4056464802693,JPY,-5.036158448703792,Complétée,New York,Chine
id_transaction_00000235,Dépôt,5636.208299195661,USD,-4.970300980157282,Complétée,Francfort,Maroc
id_transaction_00000070,Virement International,-161.9674845156643,GBP,-7.070740832500802,Complétée,Londres,Royaume-Uni
id_transaction_00000839,Dépôt,1308.4035563981215,MAD,1.3221163187419758,Rejetée,Pékin,Japon
id_transaction_00000501,Prélèvement,1195.4677435788697,MAD,12.072486946126178,Complétée,Casablanca,Royaume-Uni
id_transaction_00000133,Prélèvement,1805.110167714639,GBP,-7.697825395822268,En attente,Washington DC,Royaume-Uni
id_transaction_00000397,Carte,534.1811240575076,EUR,6.682260970178434,Complétée,New York,Afrique du Sud
id_transaction_00000562,Carte,114.5336221047317,ZAR,-6.665393951225499,Complétée,Johannesburg,Royaume-Uni
id_transaction_00000037,Carte,-129.5657795413074,EUR,-3.507338173046926,Complétée,Francfort,Allemagne
id_transaction_00000783,Virement International,219.33607598776828,USD,0.49303628141865996,Complétée,New York,Afrique du Sud
id_transaction_00000804,Dépôt,1330.595100838388,EUR,-0.07806317008842267,En attente,Francfort,UE
id_transaction_00000559,Retrait,509.94282680297005,GBP,9.795249630286767,En attente,New York,Royaume-Uni
id_transaction_00000530,Virement International,-205.43592906899107,USD,-2.957574877750072,Complétée,New York,Afrique du Sud
id_transaction_00000683,Dépôt,39839.008079357234,USD,-8.10693642001564,Complétée,Francfort,France
id_transaction_00000343,Retrait,-894.7189378142102,EUR,0.8585610159974086,Complétée,Washington DC,Royaume-Uni
id_transaction_00000416,Virement International,-4.135363140490426,JPY,1.5847206570577366,Complétée,Washington DC,USA
id_transaction_00000895,Virement,584.3521118926031,MAD,6.1055144273972735,Complétée,Washington DC,Royaume-Uni
id_transaction_00000810,Carte,-806.5357060109253,GBP,-7.912595003930915,En attente,Washington DC,Maroc
id_transaction_00000149,Prélèvement,-587.1181526335685,USD,-9.115669598482615,Complétée,Paris,Afrique du Sud
id_transaction_00000171,Virement,494.43972061964064,USD,16.778809568452992,En attente,Pékin,Chine
id_transaction_00000350,Virement International,-96.74763036210538,JPY,-9.486634100835396,En attente,Johannesburg,Chine
id_transaction_00000156,Carte,403.4439715028993,MAD,-3.438961254208613,Complétée,Johannesburg,Royaume-Uni
id_transaction_00000464,Carte,1185.2080727140487,EUR,12.24455517894306,En cours,Pékin,Maroc
id_transaction_00000113,Retrait,833.8109197422773,MAD,171.09115367243913,Complétée,Casablanca,Maroc
id_transaction_00000723,Prélèvement,2619.57237715079,GBP,-3.8444133631214017,Complétée,Pékin,Maroc
id_transaction_00000184,Dépôt,-555.516555703176,GBP,-13.447059634355455,Complétée,Londres,Maroc
id_transaction_00000511,Retrait,-1184.335142856523,GBP,-6.986559724680089,En attente,Francfort,Royaume-Uni
id_transaction_00000091,Carte,-58.83967208511001,MAD,9.121485335350592,Complétée,Tokyo,USA
id_transaction_00000356,Dépôt,-431.64882372682143,USD,-2.600787544670566,Complétée,New York,USA
id_transaction_00000455,Virement International,861.5792861583029,EUR,-9.5634031743052,En cours,Londres,Royaume-Uni
id_transaction_00000147,Carte,1736.9426821314664,GBP,18.183429162501305,Rejetée,Pékin,France
id_transaction_00000786,Retrait,584.8077985507539,USD,16.600675212877043,Rejetée,Washington DC,Royaume-Uni
id_transaction_00000044,Prélèvement,534.4937088273649,CNY,4.028697052230356,Complétée,Tokyo,USA
id_transaction_00000753,Virement International,-26.37092106476024,EUR,10.731942464878959,Complétée,Paris,Royaume-Uni
id_transaction_00000050,Carte,640.1238155671354,GBP,3.403124008758777,Complétée,Francfort,Royaume-Uni
id_transaction_00000742,Virement,-265.4575468875589,GBP,-6.220451413216229,En attente,Washington DC,Royaume-Uni
id_transaction_00000581,Virement International,1449.8203901984855,USD,2.8897918995404956,Complétée,Paris,USA
id_transaction_00000640,Virement,865.7174052787661,USD,-2.8192085517999717,En attente,Pékin,USA
id_transaction_00000544,Carte,55.96352021375981,JPY,-3.936264062462871,En attente,Pékin,USA
id_transaction_00000195,Retrait,-1187.6160635690953,USD,0.08965465154440189,Complétée,Casablanca,USA
id_transaction_00000883,Prélèvement,4671.486844331631,MAD,-5.4632944661145,Complétée,Francfort,Allemagne
id_transaction_00000882,Virement International,14157.410855982618,GBP,22.602449768368444,Complétée,Casablanca,USA
id_transaction_00000340,Carte,714.7961363857071,CNY,0.4284019588869272,Complétée,Paris,Maroc
id_transaction_00000216,Retrait,4285.836581154711,JPY,4.715188191471958,Complétée,Londres,Japon
id_transaction_00000875,Virement,8429.54429509069,USD,2.3168038624825362,Complétée,New York,USA
id_transaction_00000786,Carte,3644.819537750368,GBP,-9.80903855390839,En attente,Paris,Afrique du Sud
id_transaction_00000248,Retrait,-165.39666524911013,USD,0.6990875292196082,Complétée,Francfort,Allemagne
id_transaction_00000615,Prélèvement,543.1712555895435,JPY,17.1618562079251,En attente,New York,Maroc
id_transaction_00000436,Virement,101.52537303570716,GBP,-1.6622587383462406,Complétée,Tokyo,Royaume-Uni
id_transaction_00000717,Virement International,13391.51228986152,EUR,-1.1007635636376891,En cours,Londres,Allemagne
id_transaction_00000134,Retrait,30938.70697102402,USD,-4.890078435841988,Complétée,Pékin,Chine
id_transaction_00000232,Virement International,-446.41823151899473,MAD,-2.74113515670933,Complétée,Paris,Maroc
id_transaction_00000612,Retrait,146.26016333129098,MAD,1.3022986975574655,Complétée,Rabat,Royaume-Uni
id_transaction_00000716,Dépôt,1954.6419676742198,JPY,8.676048979071119,Complétée,New York,Maroc
id_transaction_00000882,Retrait,407.69340176958235,JPY,17.661433937485008,En cours,Paris,Japon
id_transaction_00000787,Prélèvement,-102.77550345097632,EUR,-37.38471738468131,En cours,Washington DC,Chine
id_transaction_00000705,Dépôt,501.8615911351897,EUR,4.273062497101387,Complétée,Rabat,France
id_transaction_00000948,Virement International,-602.8944124212818,JPY,-8.588464102158802,Complétée,Tokyo,Royaume-Uni
id_transaction_00000453,Retrait,1522.1703513402235,MAD,11.180389584300496,Rejetée,Pékin,Chine
id_transaction_00000036,Virement International,8565.382149842186,USD,1.3033587407341387,Complétée,Pékin,Maroc
id_transaction_00000364,Dépôt,725.7215257124005,JPY,2.6345374611611283,Complétée,Francfort,Royaume-Uni
id_transaction_00000146,Virement International,1082.7634951055356,CNY,-1.0217315948779504,Complétée,New York,Maroc
id_transaction_00000807,Dépôt,1157.8167435312628,USD,16.401103482125283,Rejetée,Pékin,Chine
id_transaction_00000775,Prélèvement,1003.2662396520493,USD,1.0606932859279903,En cours,Tokyo,Royaume-Uni
id_transaction_00000586,Carte,118.9971390673523,GBP,14.515750925138818,Complétée,Londres,Royaume-Uni
id_transaction_00000723,Dépôt,998.6896115194568,JPY,-9.095482928940921,Complétée,Londres,France
id_transaction_00000075,Virement,-73.88396092381652,USD,3.1394301885820464,Complétée,Pékin,Royaume-Uni
id_transaction_00000498,Prélèvement,321.1100576506937,JPY,-1.6992467540065093,En cours,Pékin,Japon
id_transaction_00000307,Carte,230.66379965570144,GBP,5.9067523230991705,Rejetée,Washington DC,Chine
id_transaction_00000005,Prélèvement,10934.182713676073,JPY,26.55096584571072,Complétée,Paris,USA
id_transaction_00000552,Dépôt,140.110430569911,GBP,3.557222367597002,Complétée,Rabat,Afrique du Sud
id_transaction_00000948,Carte,1075.2008017640242,USD,-7.663536218521519,Complétée,New York,Japon
id_transaction_00000114,Retrait,1653.6826291564453,USD,1.9727593457605739,Complétée,Francfort,Allemagne
id_transaction_00000130,Carte,274.75253626502735,GBP,-9.850649570442204,Complétée,Londres,Royaume-Uni
id_transaction_00000688,Carte,-595.2692021257991,JPY,-1.7979883603513391,Complétée,Francfort,UE
id_transaction_00000729,Carte,541.9457490958561,USD,11.972294701636008,Complétée,Rabat,Maroc
id_transaction_00000316,Retrait,4032.6633198908676,USD,0.8361204706775665,Complétée,Washington DC,Afrique du Sud
id_transaction_00000413,Virement,-949.8331581752774,USD,-0.15821957131729647,Complétée,Paris,USA
id_transaction_00000767,Prélèvement,195.2625002616437,ZAR,5.750087412074266,Complétée,Washington DC,Afrique du Sud
id_transaction_00000031,Carte,-201.35301067692615,EUR,1.0767800862796388,Complétée,New York,France
id_transaction_00000696,Virement International,993.2534623676804,USD,2.6117576819813912,Complétée,Casablanca,Afrique du Sud
id_transaction_00000548,Carte,5336.3300065192725,MAD,0.10812059867120638,Complétée,Pékin,USA
id_transaction_00000337,Carte,1853.1987261010663,GBP,-7.357796816722357,En cours,Londres,USA
id_transaction_00000302,Dépôt,442.43499064394825,USD,14.293099265898494,Complétée,New York,USA
id_transaction_00000047,Retrait,219.9722198658425,MAD,7.079236115994758,Rejetée,Pékin,UE
id_transaction_00000298,Virement International,586.7407047014772,ZAR,-3.983143476046812,En attente,Pékin,USA
id_transaction_00000988,Prélèvement,270.9588023340421,GBP,-4.144029518586863,Complétée,Washington DC,UE
id_transaction_00000834,Dépôt,225.21181803694398,USD,-4.520402721506417,Complétée,Londres,Allemagne
id_transaction_00000910,Virement International,-68.6104332727424,GBP,2.066798529419755,Complétée,Tokyo,UE
id_transaction_00000704,Carte,-789.02832660612,GBP,13.621663758796679,Complétée,Pékin,Maroc
id_transaction_00000286,Retrait,2998.106131720764,USD,255.8729671272248,Complétée,Londres,Japon
id_transaction_00000212,Virement International,-564.3756847945889,MAD,-2.797703029201789,Complétée,Paris,Maroc
id_transaction_00000229,Retrait,1310.8863644406779,GBP,-5.566042740027602,Complétée,Tokyo,France
id_transaction_00000613,Retrait,1227.6197291290346,EUR,-2.415551325732298,En attente,Pékin,Maroc
id_transaction_00000858,Carte,-852.9934287187931,GBP,-16.449380513390906,Complétée,New York,Japon
id_transaction_00000572,Carte,1023.5195649682595,JPY,9.695481803934456,Complétée,Johannesburg,Royaume-Uni
id_transaction_00000839,Retrait,-881.783434422258,JPY,-10.854064243460254,Complétée,Washington DC,USA
id_transaction_00000514,Virement,87.30212728909623,USD,11.32673316734,Complétée,Casablanca,Allemagne
id_transaction_00000586,Virement,279.118580973716,GBP,1.5203706996892095,Complétée,New York,France
id_transaction_00000656,Retrait,-351.3033506291108,JPY,-4.114163910732423,En attente,Paris,Chine
id_transaction_00000785,Dépôt,235.38321031753458,MAD,-4.532288433702438,Complétée,Francfort,USA
id_transaction_00000023,Virement,851.811621785728,EUR,5.203465874235161,Complétée,Paris,Royaume-Uni
id_transaction_00000355,Prélèvement,-97.77952784942238,JPY,-2.05237918047734,Complétée,Casablanca,Maroc
id_transaction_00000808,Virement International,7608.331062313866,JPY,3.6794615559344184,Complétée,Tokyo,USA
id_transaction_00000434,Virement,-1224.1408294006987,USD,-11.915316034712436,Complétée,Tokyo,Maroc
id_transaction_00000216,Virement International,2123.422569003359,JPY,4.394894053614543,Rejetée,New York,Japon
id_transaction_00000960,Retrait,-1045.933987559064,USD,-6.164667737165034,Complétée,Pékin,Afrique du Sud
id_transaction_00000992,Carte,5216.079661483536,EUR,8.00864669698894,Complétée,Tokyo,Maroc
id_transaction_00000342,Retrait,2607.6835065039736,CNY,1.4522403141730056,Complétée,Casablanca,Maroc
id_transaction_00000911,Retrait,-403.76092024957984,JPY,-11.354699260234899,Rejetée,Rabat,Royaume-Uni
id_transaction_00000654,Carte,630.7318056674244,JPY,-3.2908819162345777,Complétée,Washington DC,Allemagne
id_transaction_00000042,Carte,958.3694665738687,MAD,6.2550321895944405,Complétée,New York,Maroc
id_transaction_00000216,Virement,344.9463979883266,EUR,-4.841644659727186,Complétée,Washington DC,Allemagne
id_transaction_00000303,Virement International,1177.1508567180576,JPY,-9.125446749257016,En cours,Johannesburg,France
id_transaction_00000989,Virement International,6090.402087531991,EUR,-4.435436916160451,En attente,Pékin,Royaume-Uni
id_transaction_00000479,Virement,-739.6938949710483,USD,-7.387680463600366,En cours,New York,Japon
id_transaction_00000895,Prélèvement,81.75116371906637,CNY,-2.028157281580059,Complétée,Paris,Chine
id_transaction_00000217,Carte,1454.7487391012232,GBP,10.531379589998881,En attente,Washington DC,USA
id_transaction_00000147,Virement,6223.035807626192,CNY,2.3137397338957455,En attente,Francfort,Royaume-Uni
id_transaction_00000691,Retrait,871.3689379177854,GBP,7.340571960194826,En attente,Londres,France
id_transaction_00000142,Retrait,1019.9433242297749,JPY,-2.3750607329957143,En cours,Washington DC,USA
id_transaction_00000682,Prélèvement,-82.00880361862403,USD,-10.702628644934407,Complétée,Pékin,Chine
id_transaction_00000849,Dépôt,-708.600245966753,USD,-5.891414612477697,Complétée,Paris,USA
id_transaction_00000546,Carte,2098.748338991758,GBP,-11.913237538330097,Complétée,Londres,Royaume-Uni
id_transaction_00000655,Virement International,1353.6486437498843,USD,13.864775679436157,En attente,Johannesburg,UE
id_transaction_00000778,Prélèvement,-706.1178390167337,EUR,-10.675521003350074,Complétée,New York,Royaume-Uni
id_transaction_00000473,Retrait,-574.0392961812348,EUR,-1.8250208393374692,Complétée,Tokyo,USA
id_transaction_00000361,Retrait,4361.435923312133,EUR,2.7262957105068066,En attente,Johannesburg,Maroc
id_transaction_00000462,Virement,-839.6504139420625,JPY,-4.66849508766414,En attente,Casablanca,USA
id_transaction_00000967,Dépôt,-105.44600320554514,GBP,-7.25429290815531,Complétée,Londres,Royaume-Uni
id_transaction_00000050,Prélèvement,523.2710204163867,MAD,-0.22354188216459203,Complétée,Rabat,Maroc
id_transaction_00000813,Retrait,-306.68467154308576,GBP,-8.19214475001181,Complétée,Washington DC,Royaume-Uni
id_transaction_00000753,Retrait,696.6668778071858,CNY,11.387225529626694,Complétée,Londres,Maroc
id_transaction_00000864,Retrait,4886.929320167092,USD,16.113851072980424,Complétée,Paris,Japon
id_transaction_00000678,Prélèvement,667.316038896824,USD,-1.1498241958215152,En attente,Francfort,Allemagne
id_transaction_00000159,Retrait,1572.6310171912987,EUR,15.393038749698334,Rejetée,Francfort,Royaume-Uni
id_transaction_00000875,Carte,-895.5791261400053,EUR,-2.5271948426008706,En attente,Rabat,Maroc
id_transaction_00000839,Virement,822.3046646862845,USD,1.2442025189015204,Complétée,New York,Maroc
id_transaction_00000625,Retrait,1517.4542116892949,MAD,-5.465726727792389,Complétée,Pékin,Maroc
id_transaction_00000173,Retrait,-298.056557691261,USD,0.47037926781599015,En attente,Paris,Afrique du Sud
id_transaction_00000364,Retrait,2033.1412679189264,GBP,1.6103578676792027,Complétée,Casablanca,Afrique du Sud
id_transaction_00000094,Retrait,90.70332055646077,USD,13.90928897442863,En attente,Casablanca,USA
id_transaction_00000123,Retrait,1167.4437350798548,EUR,4.420748672051315,En attente,Tokyo,USA
id_transaction_00000157,Retrait,2287.2343305728846,EUR,13.576756611789616,Complétée,Casablanca,Royaume-Uni
id_transaction_00000736,Virement,-547.9211450889263,GBP,-8.036737559796855,Complétée,Johannesburg,Allemagne
id_transaction_00000826,Prélèvement,421.39277528088394,GBP,-7.915778891590844,Complétée,Francfort,Japon
id_transaction_00000030,Carte,701.0816392877463,USD,21.83390318221884,Complétée,Paris,Japon
id_transaction_00000925,Retrait,1417.7963031101913,USD,12.062834565264795,Complétée,Johannesburg,Chine
id_transaction_00000855,Dépôt,1634.329250681948,GBP,81.04524066950401,Complétée,Paris,Chine
id_transaction_00000262,Carte,4671.253572052696,MAD,-5.410902126494277,Complétée,Pékin,Allemagne
id_transaction_00000601,Carte,8449.911805324107,JPY,21.838950100146256,Complétée,Londres,USA
id_transaction_00000249,Carte,26729.43737947828,EUR,5.730190024582412,En cours,Rabat,USA
id_transaction_00000882,Retrait,-417.2126332348255,MAD,-16.9680024409998,En attente,Washington DC,Royaume-Uni
id_transaction_00000594,Carte,-1149.8025581513507,GBP,-9.371975060526871,En attente,Paris,France
id_transaction_00000226,Virement International,846.714264201232,CNY,9.734183526833782,En attente,Tokyo,France
id_transaction_00000623,Retrait,-1502.8433591502871,MAD,-3.4328420165468154,Complétée,Francfort,Maroc
id_transaction_00000935,Retrait,-343.7273022726645,GBP,-12.219746605134869,Complétée,Londres,Royaume-Uni
id_transaction_00000549,Retrait,97.79676899639804,MAD,6.8229283990725555,Complétée,Francfort,USA
id_transaction_00000383,Carte,5523.591672921022,CNY,-12.618609459605093,En attente,Johannesburg,Japon
id_transaction_00000638,Retrait,817.7873018518533,CNY,-2.6940948951652333,En cours,New York,Maroc
id_transaction_00000057,Carte,1798.7675095979573,MAD,-0.3360938643034581,Complétée,Rabat,USA
id_transaction_00000684,Dépôt,-114.52222619617692,JPY,-8.75462355258886,Complétée,Washington DC,France
id_transaction_00000235,Retrait,-702.170174022301,GBP,-15.470258392112449,En attente,Londres,Royaume-Uni
id_transaction_00000258,Retrait,9028.912064037304,CNY,-8.025118424282464,Complétée,Francfort,Maroc
id_transaction_00000825,Retrait,895.0910444899881,CNY,-7.8419161052516,Complétée,Pékin,France
id_transaction_00000336,Virement International,-793.3381489953681,JPY,-2.8619890983618435,Complétée,Rabat,Maroc
id_transaction_00000083,Dépôt,-464.61194256089846,USD,5.131507457592418,Complétée,Francfort,Royaume-Uni
id_transaction_00000546,Carte,-1660.9978455374921,GBP,-16.179955670372102,Complétée,Pékin,USA
id_transaction_00000685,Prélèvement,-107.43756496896503,USD,-13.764754900108965,Complétée,Washington DC,USA
id_transaction_00000660,Virement,2749.0686608310734,USD,-0.29254415381996424,Complétée,Tokyo,USA
id_transaction_00000271,Virement International,1507.5500551930645,JPY,18.212659395858925,En attente,Pékin,USA
id_transaction_00000841,Prélèvement,-185.2113654226265,MAD,2.123817628043434,Complétée,Pékin,Chine
id_transaction_00000343,Virement International,-269.55184607495994,EUR,0.015233657642495402,Complétée,Tokyo,Japon
id_transaction_00000435,Retrait,1401.6090959643598,ZAR,2.6095965067410267,Complétée,Paris,Japon
id_transaction_00000977,Dépôt,831.7094984646957,USD,-0.9031230105757899,Complétée,Rabat,USA
id_transaction_00000565,Carte,8734.922761974116,JPY,9.614534191088486,En attente,Pékin,Chine
id_transaction_00000445,Virement International,268.7199792433821,CNY,-13.150536169264104,Complétée,Pékin,France
id_transaction_00000414,Prélèvement,314.7707223874238,EUR,-5.450667149616197,Complétée,Washington DC,USA
id_transaction_00000624,Carte,342.4987237546855,JPY,-3.9718520494605896,Complétée,Londres,Maroc
id_transaction_00000709,Virement,308.3991705700098,JPY,1.9390559356418282,Rejetée,Casablanca,USA
id_transaction_00000311,Dépôt,150.11393676420175,JPY,-1.3770021467256957,Complétée,Washington DC,Royaume-Uni
id_transaction_00000921,Dépôt,1441.4952997000282,USD,2.1494450675271337,Complétée,Washington DC,Maroc
id_transaction_00000105,Retrait,2878.924162361886,EUR,3.203858941407691,Rejetée,Londres,Chine
id_transaction_00000601,Carte,1338.6277745750492,JPY,20.46725673495126,En attente,Pékin,Japon
id_transaction_00000401,Prélèvement,331.0015268827357,GBP,9.508383556896677,Complétée,Paris,Chine
id_transaction_00000308,Carte,-617.414062079075,USD,-0.057187008979203036,En attente,Washington DC,USA
id_transaction_00000028,Retrait,-569.6028763503666,JPY,-12.285823548468134,Complétée,Londres,Royaume-Uni
id_transaction_00000241,Retrait,-868.4090643930712,JPY,-14.341175863568903,Complétée,Rabat,Royaume-Uni
id_transaction_00000216,Retrait,-3414.6612244091866,USD,-4.736510223863097,En attente,Francfort,Royaume-Uni
id_transaction_00000876,Retrait,610.233017918873,USD,-0.7809547256226796,Complétée,Casablanca,Maroc
id_transaction_00000535,Retrait,589.3956236052883,CNY,4.3901928210033665,En cours,Johannesburg,Royaume-Uni
id_transaction_00000559,Prélèvement,817.024169201331,JPY,-6.657070946184356,En attente,Pékin,USA
id_transaction_00000971,Dépôt,-1358.6513005858878,USD,-18.694759911439476,En cours,Casablanca,USA
id_transaction_00000255,Virement,77.24301390943089,USD,1.1093563079673157,Complétée,Washington DC,Maroc
id_transaction_00000892,Prélèvement,509.9575802234545,EUR,0.3936317409576695,En attente,Pékin,Maroc
id_transaction_00000198,Dépôt,5602.217233985579,EUR,9.798448550466336,En attente,New York,Chine
id_transaction_00000529,Virement International,3707.0173054337647,JPY,-5.217630023640006,Complétée,Johannesburg,Japon
id_transaction_00000677,Retrait,97.80408522197115,MAD,-1.335672238309165,Complétée,Pékin,Maroc
id_transaction_00000702,Dépôt,-723.2441553287248,JPY,-3.705427697362098,Rejetée,New York,Japon
id_transaction_00000652,Retrait,-655.6743604892273,MAD,-8.220880914557235,Complétée,Londres,UE
id_transaction_00000806,Retrait,97.38200547447286,EUR,-7.1208542421434755,En attente,Tokyo,Afrique du Sud
id_transaction_00000527,Dépôt,5466.727443229487,USD,0.4294567406817258,Complétée,Washington DC,USA
id_transaction_00000660,Virement International,-6.902019002591771,USD,2.2491768158323064,En attente,Johannesburg,Afrique du Sud
id_transaction_00000979,Retrait,-538.964923681769,EUR,2.5154292961229046,Complétée,Tokyo,USA
id_transaction_00000178,Virement,1196.1399847074567,EUR,14.393659807119864,Complétée,Francfort,USA
id_transaction_00000463,Carte,1291.3911254598665,EUR,4.679555607999305,Complétée,New York,Japon
id_transaction_00000114,Retrait,-61.80146600601631,EUR,10.277398656575086,Complétée,Paris,USA
id_transaction_00000667,Virement International,1207.139175007987,EUR,4.637356318863546,Rejetée,Paris,USA
id_transaction_00000488,Carte,1476.5738528998218,EUR,10.359160029817613,Complétée,Tokyo,Royaume-Uni
id_transaction_00000096,Virement,1350.599364803606,USD,10.217619336803356,En attente,Washington DC,France
id_transaction_00000652,Virement,424.0499224399044,USD,2.701943780314632,Rejetée,Tokyo,Maroc
id_transaction_00000634,Retrait,-478.74990976286597,GBP,-8.207149208949318,Complétée,Washington DC,Royaume-Uni
id_transaction_00000730,Carte,908.0159118135919,MAD,-9.015992969416125,Complétée,Washington DC,USA
id_transaction_00000597,Dépôt,86622.68726525774,CNY,4.380543133468421,Complétée,Johannesburg,Japon
id_transaction_00000985,Virement,-1128.103175044083,USD,3.9214451607038576,Complétée,Rabat,Royaume-Uni
id_transaction_00000669,Dépôt,-269.2577260648825,USD,1.647354902851256,Complétée,Pékin,Maroc
id_transaction_00000188,Prélèvement,-60.79376238633529,USD,-14.857450713777876,En attente,Paris,USA
id_transaction_00000001,Carte,30201.766832571117,USD,14.90168881922185,Complétée,Rabat,Royaume-Uni
id_transaction_00000358,Carte,-495.26553414553587,JPY,-6.010001149084384,En cours,Francfort,USA
id_transaction_00000424,Virement International,1668.7079236787667,JPY,12.663273987522878,En attente,Londres,USA
id_transaction_00000256,Virement,1093.1414255953612,USD,5.180448620392285,Complétée,Londres,Afrique du Sud
id_transaction_00000471,Virement,4040.9369792799644,GBP,-10.367059713327944,Complétée,Londres,Maroc
id_transaction_00000353,Carte,1506.3511232435885,JPY,3.650871707913498,En attente,Washington DC,Japon
id_transaction_00000047,Carte,-567.3003169348063,ZAR,-0.5319224976646488,Complétée,Tokyo,USA
id_transaction_00000523,Carte,-621.6450082308842,USD,-3.3152105460213095,Complétée,Londres,France
id_transaction_00000403,Retrait,-490.2709134005696,USD,-3.697250006677483,Complétée,Rabat,UE
id_transaction_00000460,Carte,-1735.9747658645065,EUR,-0.33287540184835507,Complétée,Washington DC,Royaume-Uni
id_transaction_00000937,Retrait,-711.6677961218699,USD,0.8782030072441156,Rejetée,Londres,USA
id_transaction_00000694,Prélèvement,213.55259967220928,MAD,-0.6132935264805024,Complétée,New York,Japon
id_transaction_00000615,Virement,-106.8502927035156,CNY,9.793565988086993,Complétée,Rabat,France
id_transaction_00000255,Dépôt,1391.3041341793241,GBP,8.017381342526248,Complétée,Pékin,Royaume-Uni
id_transaction_00000686,Carte,515.4738207546532,MAD,3.440362691684056,Complétée,Tokyo,France
id_transaction_00000215,Retrait,1605.147343032968,JPY,3.5234273843794446,Complétée,Paris,Japon
id_transaction_00000175,Prélèvement,-911.4668712697854,MAD,-11.79602798052251,Complétée,New York,Afrique du Sud
id_transaction_00000641,Dépôt,-602.3287984753088,USD,-11.668093221035175,Complétée,New York,Royaume-Uni
id_transaction_00000530,Dépôt,5036.0737441640895,MAD,15.57806301010967,Complétée,Pékin,Chine
id_transaction_00000444,Carte,8455.567900710743,EUR,5.226017080821984,Complétée,Londres,Chine
id_transaction_00000976,Retrait,4165.1793350415155,CNY,6.452950030008215,Complétée,Washington DC,France
id_transaction_00000975,Virement,-286.20744649822484,USD,-3.226907521315078,En attente,Rabat,Royaume-Uni
id_transaction_00000093,Carte,8626.867983414439,USD,1.7621813052117816,En cours,New York,Chine
id_transaction_00000810,Virement,10.165612664061427,USD,-2.6645494799791427,Rejetée,Francfort,USA
id_transaction_00000039,Dépôt,798.2803863848551,MAD,14.889943410542475,Complétée,Pékin,Afrique du Sud
id_transaction_00000853,Dépôt,127.26468687102403,USD,6.12651372989655,Rejetée,Washington DC,USA
id_transaction_00000537,Prélèvement,338.43418302447685,EUR,-1.2413857697018917,En attente,Francfort,Maroc
id_transaction_00000494,Carte,6436.335603626712,MAD,-18.343291584892885,Complétée,Casablanca,France
id_transaction_00000738,Retrait,-279.7459418809401,USD,1.9367116142038396,Complétée,Francfort,Chine
id_transaction_00000423,Carte,-34.615842763418755,USD,1.3568063632331486,Complétée,Tokyo,Maroc
id_transaction_00000439,Retrait,178.68261696653252,ZAR,-1.7977779050763676,Rejetée,New York,France
id_transaction_00000998,Carte,2844.9958580800985,JPY,3.8759253132504345,Complétée,Londres,UE
id_transaction_00000134,Prélèvement,1292.0554344777636,CNY,-1.4068432014647225,Complétée,Pékin,Maroc
id_transaction_00000504,Virement International,3238.4961657795075,EUR,-14.028074535817634,Complétée,Paris,Japon
id_transaction_00000575,Prélèvement,1337.7262917118373,USD,-2.392805620263747,Rejetée,Casablanca,Maroc
id_transaction_00000282,Retrait,8416.613954720426,MAD,1.534724751610257,Complétée,Londres,Chine
id_transaction_00000506,Carte,-5.789410772840995,EUR,0.7508164336396819,Complétée,Tokyo,USA
id_transaction_00000299,Carte,678.0131929537863,EUR,-12.286023982063345,Complétée,Rabat,USA
id_transaction_00000209,Prélèvement,33134.58383269804,USD,11.62785608235746,Complétée,Pékin,Maroc
id_transaction_00000266,Virement International,868.1565729485465,GBP,-5.284193018441658,Complétée,Casablanca,Royaume-Uni
id_transaction_00000742,Dépôt,9391.082901942293,USD,-2.275034848389569,En cours,New York,Allemagne
id_transaction_00000088,Retrait,92.56435156521093,EUR,-10.16680249968056,Complétée,New York,Maroc
id_transaction_00000375,Retrait,-163.28057281019403,MAD,-6.731922872315965,Complétée,Paris,Maroc
id_transaction_00000914,Retrait,1105.4091100535943,MAD,2.637721348821058,Complétée,Casablanca,Chine
id_transaction_00000288,Dépôt,276.35633807307147,JPY,-5.996246393613018,En attente,Pékin,Japon
id_transaction_00000841,Prélèvement,650.0105524786676,ZAR,7.661592419292887,Complétée,Washington DC,USA
id_transaction_00000751,Retrait,801.8667691926526,GBP,16.792267682203445,Complétée,Washington DC,Maroc
id_transaction_00000260,Virement International,-140.44922637906689,USD,-3.517180464739771,Complétée,Tokyo,Maroc
id_transaction_00000320,Prélèvement,142.6135668257209,CNY,-0.08654902742567483,En attente,Washington DC,Japon
id_transaction_00000145,Virement International,-346.02235191171064,EUR,5.620736463965766,Rejetée,Casablanca,France
id_transaction_00000971,Retrait,18247.895678490626,USD,8.981121438082216,Rejetée,Casablanca,Royaume-Uni
id_transaction_00000422,Virement,760.9048480366048,MAD,-2.154262583427104,Complétée,Washington DC,Maroc
id_transaction_00000531,Carte,2249.854379263177,EUR,18.606003311285008,Complétée,Casablanca,Chine
id_transaction_00000216,Retrait,376.4649493735926,EUR,-3.5143363120237234,Complétée,New York,Maroc
id_transaction_00000259,Carte,1292.3628286045055,USD,-5.278601923303243,Complétée,Casablanca,Chine
id_transaction_00000749,Virement International,1614.621197076971,EUR,529.3417535677194,Complétée,Tokyo,Japon
id_transaction_00000334,Prélèvement,-89.89929483396202,EUR,4.451706580364157,En attente,Pékin,USA
id_transaction_00000867,Virement International,1232.4508380389698,USD,8.837063048570112,En attente,Rabat,Royaume-Uni
id_transaction_00000821,Carte,650.8475054581207,USD,8.735722069037388,Complétée,Tokyo,Maroc
id_transaction_00000496,Virement,595.5023299924644,MAD,6.267748323229622,Complétée,Tokyo,USA
id_transaction_00000317,Retrait,991.4419029794723,EUR,-7.932953044196512,En attente,Casablanca,USA
id_transaction_00000123,Virement International,8946.065785230745,JPY,13.072786379990657,Complétée,Tokyo,Japon
id_transaction_00000795,Virement International,1673.7568935279905,EUR,-0.1980296919981379,En attente,Paris,USA
id_transaction_00000481,Prélèvement,152.93413247218723,CNY,0.9177009526004163,En attente,Paris,Maroc
id_transaction_00000718,Virement,715.2813879501091,USD,4.358808552852211,Complétée,Francfort,Royaume-Uni
id_transaction_00000016,Prélèvement,886.3167222572654,GBP,16.825100709434988,En attente,Rabat,Japon
id_transaction_00000676,Prélèvement,1562.6979828946583,MAD,9.646668206156729,Rejetée,Johannesburg,USA
id_transaction_00000999,Carte,1687.7040969224217,CNY,10.640789775532811,Complétée,Paris,France
id_transaction_00000037,Carte,64994.243937798696,CNY,3.7729150976825925,En attente,Washington DC,UE
id_transaction_00000741,Carte,-58.38428543091794,USD,-10.480044130948478,Complétée,Johannesburg,Allemagne
id_transaction_00000705,Dépôt,138.12024301817274,USD,-5.520381962702545,Complétée,Londres,Chine
id_transaction_00000615,Virement International,-746.6319994256684,USD,1.1852249335106348,Complétée,Francfort,Maroc
id_transaction_00000013,Virement,-4.8805729738678,GBP,-6.343504612492198,Complétée,Johannesburg,Maroc
id_transaction_00000622,Carte,-34.749663884087056,JPY,-4.464885622136852,En attente,Casablanca,Maroc
id_transaction_00000481,Virement International,6382.354210199948,JPY,4.070321723302844,Complétée,Casablanca,Japon
id_transaction_00000718,Prélèvement,1291.5225078386773,JPY,13.464157026671884,Complétée,Paris,Chine
id_transaction_00000187,Virement,403.4896253311284,USD,-23.615315603097315,Complétée,Paris,Afrique du Sud
id_transaction_00000328,Virement,-468.19116398387575,USD,-6.429075727295701,En attente,Washington DC,USA
id_transaction_00000780,Dépôt,31981.906554698475,EUR,17.607413074903693,Complétée,Tokyo,Maroc
id_transaction_00000450,Carte,685.5001304569556,MAD,5.389901351574964,Complétée,Paris,USA
id_transaction_00000208,Carte,741.937146136384,EUR,8.585548450535391,Complétée,Washington DC,UE
id_transaction_00000184,Carte,1212.3245595604897,GBP,-7.263362528338615,Complétée,Francfort,USA
id_transaction_00000048,Dépôt,203.09829398103025,CNY,29.433498662816973,Complétée,Casablanca,Chine
id_transaction_00000255,Virement,1133.7901813287285,CNY,1.7573155291460365,Rejetée,Tokyo,Chine
id_transaction_00000174,Carte,1001.2096834826119,JPY,-11.870527143526548,Complétée,Paris,Maroc
id_transaction_00000858,Virement,304.7778034296106,GBP,10.024951541238645,Complétée,Tokyo,Royaume-Uni
id_transaction_00000963,Dépôt,-379.85366284713234,USD,-14.011604907299134,Complétée,Johannesburg,France
id_transaction_00000173,Carte,1162.1452393573804,GBP,9.133157335225718,Complétée,Paris,Royaume-Uni
id_transaction_00000379,Carte,440.59205483364974,USD,-0.8425008675361969,Complétée,Washington DC,Afrique du Sud
id_transaction_00000995,Carte,13393.208822432607,MAD,12.203249823641944,Complétée,Paris,UE
id_transaction_00000484,Retrait,16756.91929066307,JPY,7.0856575073013355,Complétée,Washington DC,USA
id_transaction_00000769,Retrait,26980.12088040062,JPY,4.862342841581585,En attente,Pékin,USA
id_transaction_00000260,Virement International,449.1982919855113,EUR,-2.087774751223656,En attente,Washington DC,USA
id_transaction_00000246,Virement International,-833.9718615916673,USD,-5.758353763792836,Complétée,Paris,USA
id_transaction_00000194,Carte,3453.790179840584,JPY,3.774702589538885,Complétée,Johannesburg,USA
id_transaction_00000559,Retrait,-3349.1213374003964,GBP,-0.7280602998464527,Complétée,New York,Maroc
id_transaction_00000511,Prélèvement,9284.39816177844,JPY,11.665422348939915,En attente,Washington DC,Japon
id_transaction_00000123,Virement,-313.1128853985033,CNY,-5.767624819739329,En attente,Londres,Chine
id_transaction_00000891,Virement,46.38356154385207,CNY,0.8741853158281074,Complétée,Francfort,Royaume-Uni
id_transaction_00000103,Retrait,16464.402240834846,JPY,-9.842790569173975,Complétée,Francfort,USA
id_transaction_00000883,Carte,1566.5282011780387,MAD,9.579114568310745,En attente,New York,Royaume-Uni
id_transaction_00000156,Retrait,-189.63017211785575,GBP,-9.970772430556185,Rejetée,Paris,USA
id_transaction_00000024,Carte,1137.8041181653898,ZAR,7.645632142648216,Complétée,Pékin,Japon
id_transaction_00000501,Dépôt,-738.7317340722088,EUR,1.4240337954029259,Complétée,Pékin,Chine
id_transaction_00000353,Retrait,1371.0066792485459,MAD,2.5890981629587806,Complétée,New York,Maroc
id_transaction_00000883,Virement International,378.79220105046227,USD,-6.086760200874429,Complétée,Pékin,Japon
id_transaction_00000826,Prélèvement,9797.644924784665,CNY,10.277828085552827,Complétée,Francfort,Maroc
id_transaction_00000047,Virement International,1791.873058575277,USD,3.0927389320356107,Complétée,Johannesburg,Japon
id_transaction_00000769,Prélèvement,420.44047077931583,USD,2.979467142747942,En attente,Washington DC,Afrique du Sud
id_transaction_00000699,Carte,223.09425461087568,GBP,4.531247102671301,Complétée,Londres,Maroc
id_transaction_00000251,Dépôt,3604.29170519947,USD,5.100452064955592,Complétée,New York,Maroc
id_transaction_00000411,Retrait,-51.94016168814301,EUR,3.1544736067996233,Complétée,Casablanca,France
id_transaction_00000667,Retrait,-136.646840721015,MAD,2.7730856805988835,Complétée,Tokyo,France
id_transaction_00000647,Carte,537.5969594535654,JPY,1.906941713391113,Complétée,Londres,France
id_transaction_00000180,Carte,1151.662442967673,GBP,-8.61002674833162,En attente,Pékin,Afrique du Sud
id_transaction_00000502,Carte,-656.4919196643833,USD,-0.32807251182310715,En attente,Washington DC,Maroc
id_transaction_00000795,Virement,-794.1708202700776,USD,-4.1730763552048655,Complétée,Francfort,UE
id_transaction_00000941,Carte,1324.7616303147458,JPY,-3.8837604821973057,Complétée,Londres,Maroc
id_transaction_00000174,Carte,547.7244059929819,EUR,-0.1261161223723235,Complétée,New York,Maroc
id_transaction_00000481,Retrait,1031.2801835021273,USD,-6.17287048204905,Complétée,Pékin,Japon
id_transaction_00000834,Dépôt,500.69396121166113,EUR,-0.541028195895092,Complétée,New York,USA
id_transaction_00000797,Dépôt,-169.47218999522545,EUR,-0.05815560432806155,Complétée,Paris,Allemagne
id_transaction_00000260,Virement International,3844.6947180676034,CNY,8.459461438253909,En attente,Francfort,Chine
id_transaction_00000048,Virement International,4055.050553752313,USD,-2.364294442428946,Complétée,New York,Japon
id_transaction_00000955,Carte,867.7063734595756,USD,0.8280825824256111,Complétée,Londres,Afrique du Sud
id_transaction_00000562,Carte,1932.4774429453296,CNY,22.12977924679766,En attente,Pékin,Chine
id_transaction_00000051,Prélèvement,1047.8555764154053,CNY,1.7012256907781556,Complétée,New York,Chine
id_transaction_00000574,Virement International,373.70219840172774,USD,-3.340666614781104,Complétée,Francfort,USA
id_transaction_00000551,Prélèvement,1570.5669899555355,CNY,20.81341858206463,En cours,New York,USA
id_transaction_00000749,Retrait,1371.0134922416723,USD,13.96577517023104,Complétée,Johannesburg,Allemagne
id_transaction_00000927,Retrait,11212.57155053166,GBP,10.315727071903328,Complétée,Johannesburg,Chine
id_transaction_00000624,Dépôt,307.3391307758586,USD,6.0427183941111196,Complétée,New York,USA
id_transaction_00000831,Dépôt,-169.75098077076882,EUR,4.341627886154698,Complétée,Johannesburg,France
id_transaction_00000672,Carte,163984.85871518496,USD,20.711561235482247,Complétée,Paris,USA
id_transaction_00000836,Virement,-665.2104605158844,MAD,-11.03130266086561,Complétée,Casablanca,USA
id_transaction_00000401,Carte,1558.1686586120677,JPY,-5.009972801657429,En cours,Casablanca,UE
id_transaction_00000323,Carte,128.03054858981545,MAD,-10.78744011641206,Complétée,Paris,Royaume-Uni
id_transaction_00000937,Retrait,-1271.7882710332465,MAD,-10.535149339279883,Complétée,Rabat,USA
id_transaction_00000883,Retrait,-82.1312439439564,USD,-2.3405465689843394,En attente,Francfort,Japon
id_transaction_00000018,Dépôt,-490.79783648258785,EUR,-4.412394067886999,Rejetée,Washington DC,Afrique du Sud
id_transaction_00000740,Prélèvement,-1203.6857465834983,EUR,-15.474555688393778,En attente,Londres,Chine
id_transaction_00000595,Carte,1074.300170524953,CNY,10.245512176996929,En attente,Pékin,Chine
id_transaction_00000735,Dépôt,122.61398679327715,JPY,-0.4296988586870132,Complétée,Pékin,Japon
id_transaction_00000912,Virement,-151.69778771209508,USD,2.53595570060848,Complétée,New York,Allemagne
id_transaction_00000972,Dépôt,-285.7164464708726,USD,7.737072203661497,Complétée,Pékin,UE
id_transaction_00000035,Retrait,-678.4076927237874,GBP,-11.558652469377972,En cours,Washington DC,Royaume-Uni
id_transaction_00000119,Virement,173228.58995679626,ZAR,5.495856343787199,Complétée,Washington DC,Royaume-Uni
id_transaction_00000494,Retrait,185.64185718391929,USD,3.1385149586779133,Complétée,Casablanca,Japon
id_transaction_00000226,Prélèvement,3778.660549183205,USD,1.2801846084558237,En attente,Pékin,France
id_transaction_00000345,Prélèvement,-48.35315951733389,ZAR,-4.891308095948609,Complétée,Londres,Royaume-Uni
id_transaction_00000027,Retrait,1257.6002279609443,EUR,-10.130822665004207,Complétée,Pékin,Japon
id_transaction_00000242,Dépôt,667.1289525571683,EUR,1.4948938359439121,En cours,Londres,Japon
id_transaction_00000970,Dépôt,899.1460528363482,USD,-8.745159078222986,En attente,Tokyo,USA
id_transaction_00000804,Retrait,-1307.5893111859336,GBP,-14.816397904806724,En attente,Tokyo,Maroc
id_transaction_00000644,Carte,9137.073490135992,USD,9.288443263115571,Complétée,Tokyo,USA
id_transaction_00000380,Carte,-514.7870820636804,USD,-5.570587571799014,En attente,Washington DC,Japon
id_transaction_00000292,Dépôt,242.78184988137954,MAD,8.105065779049259,Rejetée,Rabat,Royaume-Uni
id_transaction_00000396,Virement International,30038.56272202038,USD,13.980329655747301,Complétée,Washington DC,France
id_transaction_00000985,Dépôt,17068.757151203325,JPY,7.991812529869147,En attente,Pékin,France
id_transaction_00000958,Dépôt,867.5771201411169,JPY,-1.8154010289353089,Complétée,New York,Maroc
id_transaction_00000972,Virement International,33062.54355751604,JPY,12.042502581366575,Complétée,Pékin,USA
id_transaction_00000517,Virement International,1663.3467174513798,ZAR,13.36490682007921,En attente,Pékin,USA
id_transaction_00000272,Virement International,-913.319231196375,USD,-5.007528513963828,Complétée,Paris,Afrique du Sud
id_transaction_00000001,Prélèvement,-523.2859038868583,USD,-10.555632650542488,Complétée,Johannesburg,Maroc
id_transaction_00000198,Dépôt,949.2882112587687,USD,6.814004218516776,Rejetée,Tokyo,USA
id_transaction_00000908,Retrait,122.62103204753276,USD,2.668189009087113,En attente,New York,Maroc
id_transaction_00000351,Carte,-187.3686455018061,JPY,4.253013876198397,En cours,New York,Japon
id_transaction_00000621,Retrait,-1497.0035267203325,USD,-20.108718708856653,Complétée,New York,France
id_transaction_00000089,Retrait,1397.9616802620192,EUR,-2.5913501288400482,Complétée,Pékin,Japon
id_transaction_00000221,Carte,683.4649810216026,MAD,-2.936421116111487,Complétée,Casablanca,Maroc
id_transaction_00000887,Retrait,-662.7851123832978,JPY,-5.527349034472086,En attente,Casablanca,USA
id_transaction_00000159,Carte,478.7249205138829,ZAR,2.0561089047031555,Complétée,Francfort,Royaume-Uni
id_transaction_00000390,Virement International,308.5187560189611,USD,-1.6877418656413887,Complétée,New York,Royaume-Uni
id_transaction_00000507,Retrait,93.54387416786949,USD,4.71345700892882,Complétée,Pékin,USA
id_transaction_00000124,Prélèvement,-230.79489594997574,GBP,-9.807728720363684,Complétée,Johannesburg,USA
id_transaction_00000789,Virement,2601.379222182095,USD,-0.38950941742723444,En cours,Francfort,France
id_transaction_00000812,Virement International,-647.1578868202222,USD,-6.278019950432781,Complétée,Johannesburg,Maroc
id_transaction_00000394,Retrait,764.4064168220175,GBP,-10.289808597061654,Complétée,Londres,Royaume-Uni
id_transaction_00000506,Dépôt,1366.5758292303194,GBP,2.2673250757107013,Complétée,Pékin,Chine
id_transaction_00000819,Carte,63594.412026304955,EUR,-4.952001392914503,Complétée,Tokyo,Maroc
id_transaction_00000787,Virement,-121.84929062200752,ZAR,-2.3821159955471476,Complétée,Casablanca,Maroc
id_transaction_00000856,Virement,28272.376648163747,USD,9.343287907773203,Complétée,New York,Chine
id_transaction_00000266,Retrait,409.45268304860247,MAD,5.0147901913147575,Complétée,Francfort,Royaume-Uni
id_transaction_00000529,Carte,633.8971388203272,MAD,-15.718784024158584,Complétée,Rabat,Maroc
id_transaction_00000029,Prélèvement,-368.34868522735076,ZAR,15.42002713329352,Complétée,Casablanca,Japon
id_transaction_00000706,Virement International,947.6033890267851,GBP,3.910506246703214,Complétée,Johannesburg,UE
id_transaction_00000021,Dépôt,88182.8123971332,GBP,-5.834444369542852,Complétée,Paris,Chine
id_transaction_00000875,Carte,1745.6190464181393,GBP,-10.53700535437154,En attente,Paris,Maroc
id_transaction_00000341,Retrait,1207.5560063147143,JPY,2.347760580720907,Rejetée,Francfort,Royaume-Uni
id_transaction_00000146,Virement International,-405.6384417985107,USD,5.920084038413645,Complétée,Paris,Afrique du Sud
id_transaction_00000927,Prélèvement,865.4341628315779,USD,2.4122125086809976,En attente,Pékin,Allemagne
id_transaction_00000643,Dépôt,-289.30666158730367,CNY,-10.627934059175036,En attente,Tokyo,Japon
id_transaction_00000695,Dépôt,271.41976325533744,MAD,5.6966340584271435,Complétée,Paris,Allemagne
id_transaction_00000237,Virement International,1396.1113201929409,EUR,4.4984476947674015,En cours,Washington DC,Afrique du Sud
id_transaction_00000650,Virement,1552.896872919463,CNY,10.579505199461046,Complétée,Tokyo,Chine
id_transaction_00000255,Carte,1176.5354421457737,CNY,24.35976133606211,En attente,Londres,Maroc
id_transaction_00000684,Retrait,-26.96272248308287,JPY,-2.9650565627753176,Complétée,Casablanca,Allemagne
id_transaction_00000612,Virement,736.7298129071619,CNY,1.7278986420028755,En attente,New York,Royaume-Uni
id_transaction_00000175,Retrait,-445.7766488594759,GBP,-8.15526095982105,Complétée,Washington DC,Royaume-Uni
id_transaction_00000693,Carte,6041.470954892869,USD,3.9586931136829158,Rejetée,Pékin,Chine
id_transaction_00000662,Virement,13657.19418973276,CNY,4.759769508615805,Rejetée,Casablanca,USA
id_transaction_00000085,Dépôt,310.52239536110494,GBP,-2.4639014208210996,Complétée,New York,Chine
id_transaction_00000066,Carte,713.9695964468846,CNY,-3.6859074695244827,En attente,Pékin,Chine
id_transaction_00000286,Retrait,-253.88095541957478,GBP,-44.79763912054939,Complétée,Londres,Royaume-Uni
id_transaction_00000001,Carte,1343.7616745772225,GBP,10.100560104192176,Complétée,Londres,Royaume-Uni
id_transaction_00000508,Retrait,1318.802583940526,ZAR,11.09416806248053,Complétée,Casablanca,Royaume-Uni
id_transaction_00000585,Prélèvement,11752.161573516274,USD,9.262572797897677,Complétée,Francfort,Maroc
id_transaction_00000212,Carte,-13.971815517528114,CNY,-3.469673694002819,Complétée,Tokyo,Maroc
id_transaction_00000108,Retrait,1470.09903197779,GBP,18.424142895174086,Rejetée,Pékin,USA
id_transaction_00000512,Carte,-9.068783077884689,MAD,-3.9667139342473527,Complétée,Pékin,Allemagne
id_transaction_00000230,Carte,504.8172882014518,JPY,14.323886868290906,Complétée,Casablanca,Japon
id_transaction_00000682,Retrait,1440.3558265996544,ZAR,17.68616844530204,Complétée,Pékin,USA
id_transaction_00000803,Retrait,8363.363633897345,USD,4.850282658204481,Complétée,Washington DC,France
id_transaction_00000937,Retrait,891.3939505438882,MAD,10.8410424794243,Complétée,Tokyo,USA
id_transaction_00000916,Dépôt,6619.854675419841,CNY,10.083538782202858,En attente,New York,Japon
id_transaction_00000665,Retrait,562.035369026094,EUR,5.584666277582818,En cours,Tokyo,France
id_transaction_00000176,Retrait,-633.4948162073084,USD,-10.134295177041238,En attente,Londres,France
id_transaction_00000826,Carte,2869.8720492499706,USD,8.89178142006276,Complétée,Casablanca,USA
id_transaction_00000867,Virement International,-842.506916151017,USD,-7.0552352895752675,Complétée,New York,USA
id_transaction_00000392,Carte,971.8850900798617,JPY,-0.7145846481564178,En cours,Tokyo,Maroc
id_transaction_00000519,Retrait,-147.2295093963237,JPY,8.413176811363758,Complétée,Pékin,Royaume-Uni
id_transaction_00000118,Retrait,306.6701316255347,EUR,7.59999316247664,Complétée,Washington DC,Maroc
id_transaction_00000569,Retrait,1352.351465342712,CNY,-1.1653106975555056,Complétée,Casablanca,Maroc
id_transaction_00000281,Dépôt,-211.06818403427792,CNY,5.9280845959084925,Rejetée,Casablanca,Maroc
id_transaction_00000322,Retrait,-446.0960853326477,GBP,-10.287052635127502,En cours,Pékin,Japon
id_transaction_00000723,Dépôt,607.474423453468,USD,9.741556476633622,Complétée,Washington DC,Maroc
id_transaction_00000756,Carte,-104.83960810711608,USD,-4.631643366848615,Rejetée,New York,Maroc
id_transaction_00000674,Dépôt,-111.24215710774536,ZAR,-5.711200758351432,Complétée,Pékin,France
id_transaction_00000172,Carte,-8.067389218883136,EUR,-7.000107031380412,En cours,Washington DC,USA
id_transaction_00000395,Carte,-1086.82015287677,MAD,-1.6448821478094091,Complétée,Londres,France
id_transaction_00000243,Retrait,3568.780522667559,GBP,-6.90438696148339,Complétée,Londres,Royaume-Uni
id_transaction_00000923,Prélèvement,1501.9023935728674,USD,11.961954332459063,Complétée,Johannesburg,Chine
id_transaction_00000657,Prélèvement,1936.3486166078442,CNY,18.529390576019466,Complétée,Johannesburg,Maroc
id_transaction_00000428,Carte,-309.024392739335,JPY,-0.6471337325279798,Complétée,New York,Japon
id_transaction_00000714,Virement,962.913152336288,USD,14.000726780563966,Complétée,Pékin,Royaume-Uni
id_transaction_00000596,Carte,593.9060573160286,MAD,-2.503568231481366,Complétée,Rabat,Chine
id_transaction_00000477,Retrait,1019.3844652424772,MAD,13.457653958675259,Complétée,Francfort,USA
id_transaction_00000291,Virement,3095.8899295312635,JPY,-5.601787065229584,Complétée,Paris,France
id_transaction_00000499,Retrait,101032.33832695875,JPY,0.7936019910414336,Complétée,New York,USA
id_transaction_00000384,Carte,342.03612732793795,MAD,2.330729237051826,Complétée,Francfort,Maroc
id_transaction_00000845,Carte,-1009.297581544641,MAD,-6.186365676014618,Complétée,Londres,Royaume-Uni
id_transaction_00000103,Retrait,1074.1111486758864,JPY,2.3339870345999896,En attente,New York,UE
id_transaction_00000406,Dépôt,519.1971214981764,USD,4.693565791033568,Complétée,Washington DC,France
id_transaction_00000502,Carte,25089.019823423034,MAD,2.67193386027164,Complétée,Pékin,Afrique du Sud
id_transaction_00000210,Retrait,8548.306718705271,USD,-1.843367528475123,En attente,Paris,Royaume-Uni
id_transaction_00000834,Virement,9235.637916763744,USD,7.180181489718934,Complétée,New York,Japon
id_transaction_00000515,Virement International,1468.777156470535,USD,7.46305943564831,Complétée,Paris,USA
id_transaction_00000786,Virement International,452.3064001354865,EUR,-1.0286054650257173,Complétée,Francfort,Royaume-Uni
id_transaction_00000842,Retrait,-155.2259891070015,USD,-2.2174683155089703,Complétée,Casablanca,Maroc
id_transaction_00000441,Dépôt,1730.3912924571405,ZAR,8.741390581651954,Complétée,Casablanca,Maroc
id_transaction_00000564,Virement,660.185641582233,GBP,-8.237571020030469,Complétée,Londres,Maroc
id_transaction_00000953,Retrait,809.8787329786176,CNY,8.87701146843165,Complétée,New York,USA
id_transaction_00000927,Virement International,1033.821662199367,JPY,-9.225870995633642,Complétée,Pékin,USA
id_transaction_00000795,Prélèvement,5468.515084277382,GBP,10.429963698409946,En attente,Londres,USA
id_transaction_00000782,Retrait,-243.875145969085,USD,-2.6756595141616977,En cours,New York,Royaume-Uni
id_transaction_00000174,Virement International,-544.6668569858476,JPY,3.307622536751533,En attente,Rabat,USA
id_transaction_00000985,Carte,1231.897127506705,EUR,8.294202185208343,En cours,Tokyo,USA
id_transaction_00000432,Virement,-518.6673618659734,CNY,-9.90112275838828,Complétée,Johannesburg,USA
id_transaction_00000020,Carte,-289.82638457431335,GBP,2.3111366025779403,Complétée,New York,UE
id_transaction_00000675,Carte,9389.596037825662,CNY,-1.091330156479076,En attente,Tokyo,USA
id_transaction_00000336,Prélèvement,-470.9407486529732,EUR,2.474357195418214,Complétée,Paris,France
id_transaction_00000886,Virement,470.3024630048179,MAD,7.985342032331744,En attente,Pékin,USA
id_transaction_00000014,Carte,1193.1950684286135,EUR,4.581637595824298,Complétée,Washington DC,Maroc
id_transaction_00000047,Prélèvement,-652.7388120759325,EUR,-9.191946607476176,Complétée,Pékin,France
id_transaction_00000828,Carte,112.08953824104776,USD,13.223131118674566,En cours,Johannesburg,Royaume-Uni
id_transaction_00000491,Retrait,-337.2908044369684,USD,-6.3793521609957144,Complétée,Rabat,Afrique du Sud
id_transaction_00000105,Carte,13425.478557518454,GBP,1.3332952519728845,Rejetée,Francfort,Afrique du Sud
id_transaction_00000047,Virement,-215.44661600319625,EUR,0.6418497074351555,Rejetée,New York,USA
id_transaction_00000071,Dépôt,11858.358651677909,MAD,222.53627684926005,Complétée,Rabat,Maroc
id_transaction_00000256,Retrait,601.86135906399,CNY,98.67603697307936,Complétée,Paris,Maroc
id_transaction_00000618,Retrait,-202.3469334696016,JPY,4.316576567986234,En attente,Francfort,Allemagne
id_transaction_00000006,Retrait,-536.1108989248605,EUR,0.6360110768066534,Complétée,Paris,USA
id_transaction_00000204,Carte,46655.1259592883,ZAR,192.77148502771882,Complétée,Rabat,Royaume-Uni
id_transaction_00000058,Dépôt,10233.416738687316,USD,1.292699181056821,En attente,New York,Maroc
id_transaction_00000343,Prélèvement,1339.4513725395673,ZAR,15.710238944471673,En attente,Francfort,USA
id_transaction_00000365,Retrait,40840.08416761456,JPY,-4.507691222898123,Complétée,New York,France
id_transaction_00000973,Dépôt,648.4712805543822,CNY,3.737319970238044,En attente,Washington DC,USA
id_transaction_00000556,Prélèvement,1094.9176038715382,USD,-8.376194903150417,Complétée,Johannesburg,France
id_transaction_00000705,Dépôt,-282.90151900406386,MAD,-8.864779852180966,Complétée,Johannesburg,Royaume-Uni
id_transaction_00000696,Prélèvement,-42.08470260869046,USD,4.312477325151174,Complétée,Paris,USA
id_transaction_00000068,Prélèvement,2489.1305707403344,USD,-2.0355131945243086,Complétée,Rabat,Maroc
id_transaction_00000262,Dépôt,1701.269927542533,EUR,3.8277276729649903,Complétée,New York,Japon
id_transaction_00000812,Dépôt,-49.8638246125264,JPY,9.796301906661625,Complétée,New York,Royaume-Uni
id_transaction_00000188,Carte,2794.2700878285937,CNY,-8.109630247535275,Complétée,Londres,Afrique du Sud
id_transaction_00000607,Virement,-154.20578209652626,MAD,2.0691884495006545,En cours,Paris,Maroc
id_transaction_00000777,Carte,64.40133478030674,JPY,12.255059903668077,Complétée,Casablanca,Japon
id_transaction_00000639,Dépôt,169.11798753115897,JPY,0.7091117144001062,Complétée,Pékin,Maroc
id_transaction_00000096,Prélèvement,647.6731345386173,ZAR,1.8377532890341879,Complétée,Francfort,Royaume-Uni
id_transaction_00000498,Carte,741.2844149426585,JPY,12.315273663257429,En cours,Washington DC,Royaume-Uni
id_transaction_00000175,Carte,295.0445040266258,JPY,0.8047430924312469,Complétée,Washington DC,Maroc
id_transaction_00000159,Dépôt,9734.319604034923,USD,-9.52421539993749,Complétée,New York,Royaume-Uni
id_transaction_00000032,Retrait,585.5898024180321,GBP,9.990176312469508,Complétée,Francfort,Royaume-Uni
id_transaction_00000215,Dépôt,118.3999182835309,JPY,-10.198013016958868,Complétée,Pékin,Royaume-Uni
id_transaction_00000157,Dépôt,18.132866182634984,EUR,3.9965252053210176,En attente,Francfort,Japon
id_transaction_00000569,Carte,571.6179599888005,GBP,-2.0123480817577777,Rejetée,Londres,Maroc
id_transaction_00000149,Carte,897.6459556225391,GBP,-5.795466048282136,Complétée,Francfort,Royaume-Uni
id_transaction_00000699,Virement International,7335.398456613546,CNY,9.138006074435872,Complétée,Londres,Japon
id_transaction_00000097,Carte,-262.9563267860658,CNY,1.846792343094224,Complétée,Rabat,Maroc
id_transaction_00000545,Dépôt,-309.9040430563921,USD,2.8287247939195335,Complétée,Washington DC,France
id_transaction_00000638,Prélèvement,6545.4448577865205,CNY,6.507071485200125,Complétée,Londres,USA
id_transaction_00000035,Prélèvement,5967.768456198322,USD,-5.093335138241705,En attente,Francfort,USA
id_transaction_00000866,Carte,359.9777382690744,USD,11.048871072130783,En cours,Pékin,Chine
id_transaction_00000739,Retrait,472.7274591166304,EUR,8.806599146433967,Complétée,Pékin,Royaume-Uni
id_transaction_00000058,Dépôt,215.1731629917516,EUR,5.323551630645715,En attente,New York,Chine
id_transaction_00000273,Prélèvement,-267.13509160415765,MAD,0.9589146095317238,Complétée,Washington DC,Allemagne
id_transaction_00000766,Carte,-150.1531350716474,ZAR,-0.4175380513815643,Complétée,Londres,USA
id_transaction_00000686,Virement,-901.822924658754,JPY,28.109700943382478,En attente,Washington DC,Royaume-Uni
id_transaction_00000840,Virement,-722.7832718278058,USD,-4.314054330900567,Complétée,Tokyo,USA
id_transaction_00000497,Carte,-911.5830018344383,ZAR,-12.507124285276735,En attente,Londres,Royaume-Uni
id_transaction_00000192,Virement International,-437.8571637131629,JPY,-12.074400179231539,En attente,Pékin,Japon
id_transaction_00000993,Retrait,261.2510419777339,USD,-2.983862244846006,En cours,New York,Allemagne
id_transaction_00000756,Retrait,1007.8798747245778,GBP,-8.392240614615044,Complétée,Johannesburg,Royaume-Uni
id_transaction_00000830,Dépôt,297.88273502674156,CNY,4.150255517970036,En attente,Washington DC,USA
id_transaction_00000156,Virement,14431.935567806668,MAD,-3.1155897090387237,Complétée,Washington DC,Allemagne
id_transaction_00000983,Retrait,14387.759341937885,USD,-2.809473993164553,Complétée,Londres,Royaume-Uni
id_transaction_00000270,Virement International,1126.103112152474,USD,-6.725011921953084,Complétée,Paris,Japon
id_transaction_00000618,Retrait,366.2225142200757,EUR,9.253006352940242,En attente,Paris,Royaume-Uni
id_transaction_00000864,Retrait,-489.3709789448865,EUR,8.445316588897862,Complétée,Londres,Maroc
id_transaction_00000313,Virement,1599.3501052454976,USD,90.167082322767,Complétée,Johannesburg,Allemagne
id_transaction_00000611,Dépôt,-5.694377260766771,JPY,1.5235833996784502,Complétée,Washington DC,Japon
id_transaction_00000978,Virement,587.2232078425156,USD,-3.4143209501813283,Complétée,Francfort,Maroc
id_transaction_00000750,Retrait,1144.1714021845528,CNY,1.88664455483006,En cours,Casablanca,Royaume-Uni
id_transaction_00000689,Virement International,486.62074889642145,USD,-0.11247210646231132,Complétée,Londres,USA
id_transaction_00000853,Retrait,873.7240153501571,USD,-3.6232679623490887,Rejetée,Francfort,Chine
id_transaction_00000777,Carte,1643.5346882808503,ZAR,-1.5900560432593345,En attente,Londres,Royaume-Uni
id_transaction_00000173,Dépôt,446.7347635104083,CNY,7.971820531456803,Complétée,Tokyo,Maroc
id_transaction_00000936,Retrait,1538.4503855174012,CNY,10.684783446429698,En attente,Casablanca,Royaume-Uni
id_transaction_00000705,Dépôt,94.65137265277554,USD,5.557559105764724,Complétée,New York,Japon
id_transaction_00000159,Retrait,94.50601589601837,CNY,-6.871616068666365,Rejetée,Rabat,UE
id_transaction_00000411,Retrait,715.9974490117586,CNY,-3.1794678958325227,Complétée,Francfort,USA
id_transaction_00000990,Carte,34.68236197999539,MAD,15.574372025453854,Complétée,Londres,Chine
id_transaction_00000171,Dépôt,-486.6200007090133,GBP,-6.3335641083377,Complétée,Londres,Royaume-Uni
id_transaction_00000624,Retrait,-121.01094407577864,GBP,-1.984678223938876,Complétée,Casablanca,Chine
id_transaction_00000928,Carte,1026.5097334571292,JPY,-6.061011499065626,En attente,Londres,UE
id_transaction_00000044,Dépôt,-633.3488787977279,JPY,-4.35928417599592,Complétée,Rabat,Royaume-Uni
id_transaction_00000010,Prélèvement,-314.7020160452129,EUR,-8.675475332343897,En attente,Pékin,Royaume-Uni
id_transaction_00000630,Carte,50711.355278083065,USD,-5.610275427986777,Complétée,Paris,Maroc
id_transaction_00000450,Retrait,1082.35661231718,CNY,7.555267157331249,Rejetée,Washington DC,France
id_transaction_00000189,Retrait,398.80532481000864,EUR,4.005539455723646,Complétée,Francfort,Chine
id_transaction_00000551,Carte,-687.6447178362752,MAD,6.45192355945874,En attente,Tokyo,Allemagne
id_transaction_00000383,Carte,993.798076005714,GBP,446.593385494853,Complétée,Paris,Maroc
id_transaction_00000140,Retrait,1409.513174455762,JPY,-4.477613155432761,Rejetée,Pékin,Chine
id_transaction_00000324,Carte,-244.23956368096572,GBP,-9.651077839690444,En attente,Londres,Chine
id_transaction_00000052,Virement International,156.3594985767163,USD,-4.283793868863563,Complétée,Paris,USA
id_transaction_00000146,Prélèvement,17341.07733011613,GBP,-2.258103220434106,Complétée,Tokyo,USA
id_transaction_00000451,Carte,-378.18269886253063,CNY,-2.9461546725789285,Complétée,Pékin,USA
id_transaction_00000357,Retrait,5313.416685445414,GBP,-1.9445684550331936,Complétée,Francfort,Afrique du Sud
id_transaction_00001000,Prélèvement,958.4711195281283,GBP,-0.5079516418453691,Complétée,Francfort,Royaume-Uni
id_transaction_00000137,Carte,1373.9478793493204,ZAR,9.953061522560267,Complétée,Tokyo,Maroc
id_transaction_00000424,Virement International,389.8429339666042,GBP,-1.976900899360695,Complétée,Washington DC,Royaume-Uni
id_transaction_00000808,Virement International,-268.2412739426643,JPY,-17.661555201548808,En attente,Rabat,USA
id_transaction_00000423,Carte,578.96030526143,MAD,1.075135027546943,Complétée,Pékin,Maroc
id_transaction_00000771,Retrait,858.8283079224296,USD,6.861126657834909,Complétée,Francfort,Maroc
id_transaction_00000263,Virement,13.585773923652596,CNY,-8.507225531557737,Complétée,Washington DC,USA
id_transaction_00000651,Virement International,255.41577143033973,USD,-11.145018661108665,En attente,Washington DC,Japon
id_transaction_00000099,Prélèvement,842.3894845531834,EUR,-10.679691024298442,Complétée,Tokyo,UE
id_transaction_00000039,Virement,-164.59002234703144,JPY,-13.395247549993371,Complétée,Francfort,USA
id_transaction_00000807,Carte,-1049.6702949258283,USD,-13.466495680083082,Complétée,Londres,USA
id_transaction_00000492,Virement International,-447.28309454415273,EUR,-18.18276231415231,En attente,New York,Afrique du Sud
id_transaction_00000358,Carte,-19.965042987944287,USD,1.0941133330515065,En cours,Francfort,USA
id_transaction_00000634,Virement International,542.8861066655854,EUR,-6.082434843889772,Complétée,Londres,France
id_transaction_00000721,Virement,-550.7454404212837,USD,-9.296453686187256,Complétée,New York,USA
id_transaction_00000265,Virement,664.1149874727075,JPY,-4.946938440299468,En attente,Francfort,Afrique du Sud
id_transaction_00000918,Carte,1037.7529140739953,MAD,-3.8760768603248854,Complétée,Francfort,Maroc
id_transaction_00000315,Virement,44.769153144236384,EUR,2.052867392384603,Complétée,New York,Allemagne
id_transaction_00000242,Retrait,-234.96220255235505,GBP,-12.229567851300217,Complétée,Londres,Maroc
id_transaction_00000917,Carte,1381.7414015431734,ZAR,-1.5375599792535892,Complétée,Londres,Royaume-Uni
id_transaction_00000098,Prélèvement,840.3836000201229,USD,70.75315727563179,Complétée,Washington DC,USA
id_transaction_00000451,Virement,1564.5061357863028,ZAR,13.594097625363297,Complétée,Pékin,USA
id_transaction_00000312,Retrait,11121.19339639683,USD,18.635459032437243,Complétée,Casablanca,USA
id_transaction_00000740,Virement,-1122.5581728430388,GBP,-15.500834537061912,Complétée,Washington DC,Royaume-Uni
id_transaction_00000966,Dépôt,1119.4694246179974,EUR,-7.004654869655753,Complétée,Paris,Maroc
id_transaction_00000549,Carte,120.48686195071906,USD,-0.7735677454711718,Complétée,Johannesburg,France
id_transaction_00000166,Prélèvement,-240.81239587730715,USD,-11.641784307327757,Rejetée,Pékin,Afrique du Sud
id_transaction_00000553,Carte,428.83503396868986,EUR,12.043973763955425,Rejetée,Casablanca,Maroc
id_transaction_00000524,Dépôt,656.9644119798921,JPY,-4.58129144122764,Complétée,Tokyo,Royaume-Uni
id_transaction_00000739,Prélèvement,863.4183297801454,USD,6.038646836166398,En cours,Johannesburg,USA
id_transaction_00000179,Prélèvement,-1579.4800730997995,USD,-13.33675300956694,Complétée,Washington DC,Royaume-Uni
id_transaction_00000528,Retrait,-485.9649469039947,EUR,-4.515847868055242,Complétée,New York,Royaume-Uni
id_transaction_00000215,Carte,164.93494523726912,USD,-5.845294842219608,Rejetée,Pékin,France
id_transaction_00000013,Retrait,402.1869549160027,USD,15.429192961602528,Complétée,Rabat,Maroc
id_transaction_00000203,Retrait,1078.3438754963536,ZAR,7.6805499298119475,Complétée,Londres,Royaume-Uni
id_transaction_00000644,Dépôt,1175.5125641323116,USD,156.9627124286958,Complétée,New York,USA
id_transaction_00000062,Dépôt,-326.3739894169653,EUR,-8.834534422663598,Complétée,Londres,Maroc
id_transaction_00000661,Carte,-204.3995024896526,GBP,-0.501030669802728,En attente,New York,Royaume-Uni
id_transaction_00000424,Carte,31214.367015312622,JPY,-7.783064793025697,Complétée,Casablanca,France
id_transaction_00000882,Retrait,914.316498178456,EUR,4.134211810841359,Complétée,Francfort,Royaume-Uni
id_transaction_00000273,Virement,18410.760840800755,EUR,5.584832042429608,Complétée,Francfort,Royaume-Uni
id_transaction_00000517,Dépôt,6875.882829729568,MAD,-5.033850455854934,Complétée,Pékin,Chine
id_transaction_00000735,Prélèvement,-833.0685980597974,USD,-0.7794274216271706,Complétée,Tokyo,Allemagne
id_transaction_00000941,Retrait,891.7904590018012,CNY,3.1341424997983816,Complétée,New York,USA
id_transaction_00000449,Virement,208.37919592295995,USD,-4.0156648290377985,Complétée,Casablanca,USA
id_transaction_00000968,Retrait,-293.40281886373907,CNY,-4.248536597297941,Complétée,Pékin,UE
id_transaction_00000461,Virement,59.188001471910866,MAD,8.578902573602177,Complétée,New York,Maroc
id_transaction_00000330,Retrait,-1059.7298341175642,USD,-14.264668355940849,Complétée,Pékin,Afrique du Sud
id_transaction_00000082,Retrait,602.4450699921234,JPY,-9.693174907692647,En attente,Paris,Royaume-Uni
id_transaction_00000057,Carte,886.0135053529568,GBP,8.915327607202187,Complétée,Casablanca,Maroc
id_transaction_00000646,Dépôt,-410.42859532931163,USD,7.715485505457254,En attente,Casablanca,Maroc
id_transaction_00000929,Dépôt,169.77935109685694,CNY,11.159195234858878,En attente,Paris,Maroc
id_transaction_00000618,Retrait,2879.7953358646278,JPY,-9.437527870008658,Complétée,Pékin,Chine
id_transaction_00000088,Dépôt,364.2376783518585,USD,3.2871097868046313,Complétée,Paris,Maroc
id_transaction_00000317,Retrait,-897.9269764757802,CNY,44.51414760306478,Complétée,Londres,Afrique du Sud
id_transaction_00000750,Retrait,461.25361416572287,MAD,-3.5161071428374155,En attente,New York,UE
id_transaction_00000072,Virement International,-996.2962228891191,USD,1.6627279090619589,En cours,Casablanca,Maroc
id_transaction_00000092,Virement,3415.2611778694854,MAD,7.7292868617395065,Complétée,Rabat,Afrique du Sud
id_transaction_00000217,Carte,-211.5790810983741,USD,-4.242228952056647,Complétée,Rabat,Japon
id_transaction_00000853,Carte,-1073.936318352677,USD,-10.047153665019255,Complétée,Pékin,Maroc
id_transaction_00000274,Prélèvement,-66.30078989273818,USD,-3.118229920571644,En attente,Pékin,USA
id_transaction_00000764,Prélèvement,-495.32390910936806,MAD,4.622617622346188,En attente,New York,Maroc
id_transaction_00000998,Virement International,469.69874737722967,USD,10.088888855943031,Complétée,Pékin,USA
id_transaction_00000919,Virement,1237.429277925261,MAD,-5.339215046831051,Complétée,Pékin,Maroc
id_transaction_00000198,Carte,464.77111582266735,USD,-3.443524125003594,Complétée,New York,France
id_transaction_00000930,Virement International,1878.2879795040044,CNY,2.6288709528825147,Complétée,Londres,France
id_transaction_00000188,Carte,1196.7779286092832,EUR,0.5831612475053616,Complétée,New York,Afrique du Sud
id_transaction_00000416,Retrait,9331.278367159319,MAD,-5.107964786356168,Complétée,Pékin,France
id_transaction_00000081,Retrait,-615.6082317987233,MAD,-2.623740197826173,Complétée,Rabat,France
id_transaction_00000060,Prélèvement,-781.536124517353,CNY,-5.461882411436238,Complétée,Pékin,USA
id_transaction_00000892,Retrait,805.6379544390011,JPY,10.342651817832033,Complétée,New York,Royaume-Uni
id_transaction_00000024,Dépôt,42915.4288983421,JPY,15.76290487594936,En attente,Paris,Japon
id_transaction_00000465,Virement,4232.018659354044,EUR,7.052926074848367,En attente,Washington DC,USA
id_transaction_00000138,Virement International,1472.8287196101435,JPY,-4.87218773313344,Complétée,Paris,USA
id_transaction_00000984,Dépôt,734.4690992050648,JPY,1.45928380125072,Complétée,Rabat,USA
id_transaction_00000190,Virement International,68.32000584376436,ZAR,-8.221676635930223,En attente,Casablanca,USA
