id_transaction,type_transaction,montant,devise,frais,statut,ville,pays
id_transaction_00000862,Carte,451.28648224172946,MAD,1.6309203502119165,Complétée,Johannesburg,Afrique du Sud
id_transaction_00000203,Carte,845.2492384179482,GBP,3.1173581905353984,Complétée,Washington DC,Maroc
id_transaction_00000443,Retrait,-1679.277484042931,MAD,-5.033092816865037,En attente,Francfort,Royaume-Uni
id_transaction_00000715,Virement International,20283.46053184144,USD,-14.45068877132038,En attente,Washington DC,Royaume-Uni
id_transaction_00000837,Dépôt,1790.895394061653,USD,28.262744605530603,Complétée,Pékin,Chine
id_transaction_00000875,Prélèvement,190.76687319789664,USD,3.4605192961864675,Complétée,Rabat,Maroc
id_transaction_00000508,Virement International,2276.6334730003928,CNY,-3.1250937690396503,En attente,Washington DC,Maroc
id_transaction_00000904,Retrait,412.5777565434107,EUR,4.544822203597905,Complétée,Casablanca,Maroc
id_transaction_00000704,Virement,-813.2857563711842,USD,-10.458712985578128,En attente,Johannesburg,Royaume-Uni
id_transaction_00000539,Carte,1276.8615659938898,EUR,-2.6730298253925273,Complétée,Washington DC,Chine
id_transaction_00000223,Dépôt,130.86891507558994,MAD,-11.481671938465219,En attente,Pékin,Royaume-Uni
id_transaction_00000649,Retrait,5417.420651335977,MAD,-0.8905979152110444,Complétée,Casablanca,Allemagne
id_transaction_00000315,Dépôt,5200.139889193621,EUR,-5.008025589279952,En cours,Francfort,Royaume-Uni
id_transaction_00000544,Retrait,999.9142083237211,MAD,6.035478356839101,Complétée,Pékin,Royaume-Uni
id_transaction_00000038,Carte,8.794691348334538,EUR,-1.257438997426343,Complétée,Paris,USA
id_transaction_00000893,Virement,1345.5486142857242,JPY,7.837004636103874,En attente,Tokyo,Maroc
id_transaction_00000367,Retrait,-66.80142875695662,JPY,1.837126432965165,Complétée,Washington DC,Royaume-Uni
id_transaction_00000714,Prélèvement,3272.971859713044,GBP,86.42114976493727,Complétée,Londres,Maroc
id_transaction_00000014,Carte,4300.654230706204,CNY,6.29978919931159,Complétée,Tokyo,USA
id_transaction_00000020,Carte,5787.646479331081,CNY,0.12868608770784817,En attente,Tokyo,Japon
id_transaction_00000856,Retrait,1898.0868472105399,USD,6.91886556360739,En cours,Paris,Royaume-Uni
id_transaction_00000919,Virement,70.64594621300807,EUR,-9.648361964475335,En cours,Tokyo,Allemagne
id_transaction_00000585,Dépôt,982.9517909486434,GBP,-3.101606459268818,Complétée,Tokyo,Royaume-Uni
id_transaction_00000908,Carte,1195.4320527853329,MAD,1.0582612747920974,Complétée,Paris,Royaume-Uni
id_transaction_00000978,Retrait,174.49760045304356,USD,6.228571572709647,Complétée,New York,Maroc
id_transaction_00000912,Retrait,186.75729125740992,USD,6.379113425307346,En attente,Francfort,USA
id_transaction_00000950,Dépôt,-82.38227951454758,USD,-6.241663300597428,Complétée,Tokyo,USA
id_transaction_00000535,Virement,63.128969603781854,MAD,-0.4680518271306706,Complétée,Casablanca,Japon
id_transaction_00000463,Dépôt,-1343.4694749633372,USD,-2.7751036402577425,Complétée,Paris,Maroc
id_transaction_00000772,Dépôt,1154.7426900645255,EUR,1.2877672619046558,Complétée,Washington DC,Maroc
id_transaction_00000031,Carte,325.35812338324206,MAD,13.79837102717472,Complétée,Rabat,Maroc
id_transaction_00000802,Dépôt,-638.3808935845124,EUR,-9.15540756306918,Complétée,Tokyo,Afrique du Sud
id_transaction_00000564,Dépôt,1350.26243132536,EUR,5.862324275020162,En attente,Casablanca,Japon
id_transaction_00000132,Virement,48492.63757619599,EUR,-4.193637835569603,Complétée,Washington DC,Maroc
id_transaction_00000048,Retrait,308.89338354298417,ZAR,4.31455469409454,Complétée,Rabat,Maroc
id_transaction_00000739,Retrait,-309.28243485399355,CNY,0.48025663538799623,Rejetée,Pékin,Chine
id_transaction_00000786,Retrait,801.3692658536797,JPY,11.246157859897135,Complétée,Paris,France
id_transaction_00000908,Carte,1517.3105194706313,CNY,-4.020645603878797,Complétée,Tokyo,France
id_transaction_00000839,Retrait,36885.62888682776,USD,2.117163483224417,En cours,Casablanca,Maroc
id_transaction_00000720,Retrait,1064.16998523972,USD,81.79746126150908,En cours,Francfort,Japon
id_transaction_00000922,Virement International,3370.800805337354,MAD,-9.362578733583373,Complétée,Londres,Royaume-Uni
id_transaction_00000245,Carte,1763.6914627857518,CNY,-5.604856705740244,En attente,Tokyo,USA
id_transaction_00000924,Virement,3940.768814999859,USD,-9.751021045438566,Complétée,New York,Maroc
id_transaction_00000853,Virement,1155.0257389607725,USD,3.0460687210166726,En attente,Tokyo,Royaume-Uni
id_transaction_00000216,Retrait,800.966757316593,EUR,6.016934303245662,Complétée,New York,Royaume-Uni
id_transaction_00000576,Carte,2661.150573164328,USD,-9.174376598519967,Rejetée,Rabat,Japon
id_transaction_00000797,Virement International,1258.501478563027,USD,-0.47229300200533864,En cours,Francfort,Japon
id_transaction_00000322,Carte,1806.66592474151,CNY,7.830050091434035,En attente,New York,Royaume-Uni
id_transaction_00000265,Retrait,10753.839886956437,GBP,-9.999800225982643,En attente,Francfort,Maroc
id_transaction_00000186,Dépôt,100.08210237820151,CNY,-4.590237794749892,En attente,New York,Japon
id_transaction_00000368,Retrait,-1047.7611084429354,JPY,-12.524239309971819,Complétée,Francfort,Allemagne
id_transaction_00000712,Dépôt,1195.331019194085,EUR,8.05714586456418,Complétée,New York,Royaume-Uni
id_transaction_00000548,Dépôt,3104.216206732514,CNY,7.36653362269854,Complétée,Johannesburg,Maroc
id_transaction_00000081,Carte,69.47155652286199,MAD,-0.9305468361565703,Complétée,Francfort,UE
id_transaction_00000509,Dépôt,30254.349317509634,ZAR,-2.5025800938569747,Rejetée,Francfort,Japon
id_transaction_00000179,Retrait,-12.39615601631823,GBP,2.3936839260556892,Complétée,Pékin,UE
id_transaction_00000793,Virement International,475.32481113178846,JPY,3.9931337436190475,Complétée,Paris,Japon
id_transaction_00000029,Retrait,1010.9648057542043,USD,3.878485476616266,Complétée,Casablanca,Maroc
id_transaction_00000169,Retrait,-279.8362914602401,MAD,-16.13324462100814,Complétée,Johannesburg,Royaume-Uni
id_transaction_00000574,Dépôt,194.56248457301047,USD,159.44649837143857,Rejetée,Pékin,Maroc
id_transaction_00000240,Carte,93.65354013109004,MAD,-10.335371161925057,Complétée,Francfort,Royaume-Uni
id_transaction_00000477,Retrait,5716.307354341649,JPY,-3.6874858840867715,En attente,Casablanca,UE
id_transaction_00000954,Dépôt,597.8120895030332,USD,-5.102027943266013,Complétée,New York,Japon
id_transaction_00000637,Dépôt,504.4834805709042,CNY,0.9219867239500186,Complétée,Johannesburg,Maroc
id_transaction_00000612,Prélèvement,-353.4631468705246,EUR,-15.213332588091014,Complétée,Johannesburg,Royaume-Uni
id_transaction_00000253,Carte,-61.321149990612184,USD,-7.287610984687261,Complétée,Rabat,Afrique du Sud
id_transaction_00000190,Retrait,586.5505021916699,USD,-4.251897969807914,En cours,Pékin,Afrique du Sud
id_transaction_00000436,Dépôt,-90.24327356646381,JPY,-8.715235344625938,En attente,Paris,USA
id_transaction_00000607,Prélèvement,-1074.1930443209362,GBP,-3.216868804698927,Complétée,Casablanca,Maroc
id_transaction_00000919,Retrait,-509.7877386757515,JPY,-6.065426049000153,Complétée,New York,USA
id_transaction_00000524,Virement,45664.551640556994,USD,-8.905009881243775,En attente,Casablanca,USA
id_transaction_00000945,Carte,-450.69872671172243,JPY,-8.978924780317772,Complétée,Paris,Royaume-Uni
id_transaction_00000060,Retrait,3959.863249228074,USD,0.526918077437144,Complétée,Francfort,Maroc
id_transaction_00000596,Retrait,-54.136113245351964,JPY,5.064696715905872,Complétée,New York,Royaume-Uni
id_transaction_00000749,Dépôt,-178.88600453730317,CNY,-2.528174461797465,En attente,Paris,Japon
id_transaction_00000328,Virement International,575.79150860903,ZAR,0.40547886968661384,Complétée,Paris,Royaume-Uni
id_transaction_00000631,Dépôt,1178.6509539318665,CNY,12.363380732612036,Complétée,Londres,Maroc
id_transaction_00000215,Virement,375.35222985205075,USD,11.231277669788657,En cours,Johannesburg,Japon
id_transaction_00000165,Retrait,334.7316502969323,GBP,-4.174131638083652,Complétée,Tokyo,Maroc
id_transaction_00000308,Carte,1633.0600210306688,USD,9.892026486314538,Rejetée,Francfort,Chine
id_transaction_00000797,Virement,24969.071718112587,MAD,3.2617952742714547,Complétée,Francfort,Royaume-Uni
id_transaction_00000803,Retrait,450.12710136858306,USD,7.861886212071395,Complétée,Johannesburg,UE
id_transaction_00000049,Dépôt,572.3256596497949,JPY,2.9056750092510106,Complétée,Francfort,Afrique du Sud
id_transaction_00000188,Carte,35.30969929025008,JPY,-0.09721159360692155,En attente,New York,Japon
id_transaction_00000298,Virement International,193.36597201029798,JPY,3.20181314075557,Complétée,Paris,Royaume-Uni
id_transaction_00000316,Retrait,41951.87276138387,EUR,4.492949550708765,Complétée,Paris,UE
id_transaction_00000311,Carte,1394.083835374855,JPY,4.498824948374888,Complétée,Londres,Japon
id_transaction_00000317,Retrait,-199.40596562995643,USD,0.9700076068586858,Complétée,Washington DC,Chine
id_transaction_00000665,Retrait,2446.8402800251633,USD,2.1820533585900446,Complétée,New York,Maroc
id_transaction_00000063,Carte,36.26766031807148,EUR,-10.901882688437759,Complétée,New York,Maroc
id_transaction_00000646,Virement International,-1431.3706515744616,JPY,-11.800760217705445,Complétée,Johannesburg,France
id_transaction_00000871,Prélèvement,3354.017269329056,JPY,-13.383704579245158,En cours,Johannesburg,Royaume-Uni
id_transaction_00000401,Prélèvement,1065.0283449532576,ZAR,8.029247261904743,Complétée,Pékin,USA
id_transaction_00000665,Virement International,-109.75669234508257,USD,-4.852683539983441,Complétée,Pékin,Royaume-Uni
id_transaction_00000668,Carte,55.645438597175655,MAD,1.3194067070767148,Complétée,Tokyo,USA
id_transaction_00000124,Virement,504.3466061841402,USD,12.40513455808244,Complétée,Tokyo,UE
id_transaction_00000434,Virement,1319.8218231962956,JPY,4.69075226707629,Complétée,Pékin,USA
id_transaction_00001000,Retrait,1989.8696325190276,USD,11.671762564640431,En attente,Pékin,Chine
id_transaction_00000792,Retrait,1211.4297348496511,EUR,0.08950432634799377,En attente,Pékin,Japon
id_transaction_00000742,Retrait,-4705.983726614537,USD,-3.327679519979397,En attente,Casablanca,UE
id_transaction_00000567,Retrait,-395.77284064974526,USD,7.413515758500026,Complétée,Francfort,Japon
id_transaction_00000107,Virement International,91341.44622925378,EUR,3.2386042304085434,Complétée,Casablanca,Japon
id_transaction_00000593,Retrait,4004.703785833022,USD,7.873849091201573,Complétée,Pékin,Maroc
id_transaction_00000719,Prélèvement,153.6376284221809,GBP,-8.575708508159565,Complétée,Tokyo,Afrique du Sud
id_transaction_00000034,Dépôt,137.11821044106563,USD,4.400603091396641,Rejetée,Johannesburg,USA
id_transaction_00000381,Prélèvement,1533.8269180570655,GBP,1.1662393622882448,Complétée,Paris,Chine
id_transaction_00000140,Retrait,-453.4680535768108,GBP,-7.31797266568985,Complétée,Casablanca,Royaume-Uni
id_transaction_00000558,Prélèvement,3433.731264775923,EUR,-7.1843235444030435,Complétée,Casablanca,France
id_transaction_00000959,Dépôt,760.9357387668024,EUR,1.592822182976172,En cours,Tokyo,USA
id_transaction_00000608,Dépôt,905.3985534499975,JPY,2.7830256836693934,Rejetée,Tokyo,Japon
id_transaction_00000770,Dépôt,1013.595975957544,CNY,-8.962299815762982,Complétée,New York,Royaume-Uni
id_transaction_00000368,Retrait,-356.40744378635657,MAD,-4.463060674252454,Complétée,Francfort,USA
id_transaction_00000195,Dépôt,-365.45014375399194,USD,8.269415815198549,Complétée,Londres,Maroc
id_transaction_00000476,Dépôt,1301.6477392191564,EUR,2.1923882158431205,Complétée,New York,Chine
id_transaction_00000314,Carte,20585.493632368056,MAD,-2.4459034861391133,En attente,Londres,Royaume-Uni
id_transaction_00000153,Dépôt,14699.554669459441,USD,165.31140891123906,En attente,Washington DC,Afrique du Sud
id_transaction_00000698,Prélèvement,12438.80728541921,CNY,18.8929489793898,Rejetée,Tokyo,Maroc
id_transaction_00000916,Retrait,4321.814753677981,MAD,0.669403313768834,En attente,Casablanca,Maroc
id_transaction_00000652,Virement,226.78809690116537,MAD,-2.706958222221898,Complétée,Paris,Maroc
id_transaction_00000892,Carte,27289.75123969176,USD,-3.903003109505554,En cours,Pékin,Japon
id_transaction_00000127,Virement International,1009.4112884806549,USD,6.198659364044321,Rejetée,Casablanca,Maroc
id_transaction_00000003,Virement,-1159.8360840966043,MAD,-10.732398044663146,Complétée,New York,Allemagne
id_transaction_00000340,Virement,343.36760296187106,GBP,-5.045027635291885,Complétée,New York,Maroc
id_transaction_00000827,Dépôt,243.02775635203196,USD,0.01350842547171549,En attente,New York,Allemagne
id_transaction_00000760,Prélèvement,-261.51994654206294,JPY,3.9762458352415395,Complétée,Johannesburg,USA
id_transaction_00000205,Virement International,60.609517003638246,JPY,-4.67884146984894,Complétée,Casablanca,USA
id_transaction_00000299,Retrait,280.20416949209084,GBP,-2.2331191727910342,Complétée,Paris,Maroc
id_transaction_00000010,Carte,-47.13340148659677,EUR,4.124144407166893,En attente,Paris,Maroc
id_transaction_00000018,Virement,-366.88474332933686,GBP,3.229977693741652,Complétée,Johannesburg,Maroc
id_transaction_00000932,Dépôt,-267.0840715760868,ZAR,3.13719961320934,Complétée,Pékin,UE
id_transaction_00000032,Prélèvement,780.6116629155587,GBP,1.1685333247854368,Complétée,Londres,Royaume-Uni
id_transaction_00000322,Carte,989.7981909673758,JPY,-11.68099914023082,Complétée,Londres,Royaume-Uni
id_transaction_00000379,Retrait,1519.9623222042906,USD,1.6914766007070843,En cours,New York,Maroc
id_transaction_00000855,Carte,-510.77190650099624,EUR,-0.7107643838316928,En attente,Casablanca,France
id_transaction_00000967,Retrait,5074.154686322636,ZAR,-2.8525717258908463,Complétée,Washington DC,Maroc
id_transaction_00000960,Prélèvement,162.11877904443747,CNY,-5.993798097247514,Complétée,Pékin,Afrique du Sud
id_transaction_00000330,Retrait,-271.3058047031002,MAD,-10.551146946681662,En attente,Pékin,Maroc
id_transaction_00000158,Retrait,340.867282872254,EUR,10.19999721511239,Complétée,Casablanca,Royaume-Uni
id_transaction_00000977,Prélèvement,3992.1345377059793,MAD,4.413866909830737,Complétée,Francfort,Maroc
id_transaction_00000162,Retrait,0.005117301454106382,USD,-5.197513505856636,Complétée,Pékin,Royaume-Uni
id_transaction_00000882,Virement,-1564.2559754368222,GBP,-5.295491460203713,En attente,Tokyo,Allemagne
id_transaction_00000481,Dépôt,1524.2927535398194,JPY,15.639265408407397,Complétée,Pékin,Chine
id_transaction_00000566,Virement International,775.9086266633416,CNY,3.7287143538276526,En attente,New York,Japon
id_transaction_00000592,Carte,599.6793431745393,MAD,13.825022682329951,Complétée,Francfort,Maroc
id_transaction_00000440,Carte,526.1099965876256,USD,-5.587707607333976,En attente,Casablanca,Maroc
id_transaction_00000465,Virement,8937.054469190225,EUR,-3.5434623199118347,Complétée,Casablanca,Royaume-Uni
id_transaction_00000566,Dépôt,3324.933407304442,CNY,3.8420948783407236,Rejetée,New York,USA
id_transaction_00000308,Virement International,40809.85016139803,USD,6.0928763375932276,Complétée,Johannesburg,Japon
id_transaction_00000842,Retrait,816.1411898080872,EUR,5.121773376552675,Complétée,Casablanca,USA
id_transaction_00000923,Virement International,-657.7634719269555,EUR,-11.06544953031376,Complétée,Tokyo,Royaume-Uni
id_transaction_00000322,Dépôt,533.8103675523064,JPY,1.568913461571408,Complétée,Paris,USA
id_transaction_00000570,Carte,604.773836205107,JPY,3.353169693282304,Complétée,Londres,Chine
id_transaction_00000894,Prélèvement,1180.7069294484807,USD,-8.44658918612453,Complétée,Pékin,Maroc
id_transaction_00000193,Carte,4103.822400093053,ZAR,-12.257606506934305,Complétée,Casablanca,USA
id_transaction_00000267,Dépôt,207.1260503548851,USD,6.801399325526937,Complétée,New York,Maroc
id_transaction_00000529,Virement International,955.1837554826652,EUR,-8.793017609919534,Complétée,Londres,Allemagne
id_transaction_00000270,Virement International,314.5344934638258,MAD,629.2617410028082,Complétée,Francfort,Japon
id_transaction_00000594,Carte,-646.1032664524213,EUR,-7.970383015934222,Complétée,Tokyo,USA
id_transaction_00000979,Dépôt,4181.291721478848,JPY,-4.081227660199349,Complétée,Londres,UE
id_transaction_00000471,Prélèvement,-1230.8689697944264,EUR,-5.221807059764207,En attente,New York,UE
id_transaction_00000923,Virement International,1634.0688859559964,USD,6.871060272084572,Complétée,Johannesburg,Afrique du Sud
id_transaction_00000566,Carte,247.79894189060616,EUR,9.341188365863365,En attente,Londres,USA
id_transaction_00000987,Prélèvement,-690.8229791296943,GBP,0.27332748844002275,En attente,Washington DC,USA
id_transaction_00000276,Dépôt,936.0607463938677,MAD,-2.6276471496808265,Complétée,Londres,Allemagne
id_transaction_00000965,Carte,-1279.4754950502538,CNY,-8.16282833020825,Complétée,Rabat,USA
id_transaction_00000538,Retrait,1412.9018643323325,JPY,1.2279746634072426,Complétée,Pékin,Japon
id_transaction_00000680,Retrait,85.35481127080902,USD,-7.760608213018238,Complétée,Paris,Royaume-Uni
id_transaction_00000036,Virement,26469.078253251988,EUR,-5.434131378011275,Complétée,Francfort,Maroc
id_transaction_00000024,Virement,654.3724551972169,EUR,4.885454432314645,Complétée,Tokyo,Maroc
id_transaction_00000181,Carte,473.7887836051531,CNY,-1.1955671509206072,En attente,Tokyo,USA
id_transaction_00000468,Carte,1545.9565232739265,JPY,17.657843169626798,Complétée,Londres,Royaume-Uni
id_transaction_00000112,Virement International,91.79939953584261,CNY,-1.0797611293634874,Rejetée,Francfort,Afrique du Sud
id_transaction_00000400,Retrait,-137.73084212167294,CNY,3.2101931441003515,En attente,New York,UE
id_transaction_00000761,Prélèvement,983.2449432040154,USD,5.602687199492756,En attente,Pékin,USA
id_transaction_00000806,Carte,201.12086143630972,USD,6.180982248385669,Complétée,Pékin,Chine
id_transaction_00000590,Virement,716.3630860945681,JPY,676.4234578266421,Complétée,New York,USA
id_transaction_00000211,Carte,457.52406656557594,USD,-6.053569399675436,Rejetée,Rabat,USA
id_transaction_00000787,Virement,-6.955903584590715,GBP,4.689375851996676,Complétée,Londres,Royaume-Uni
id_transaction_00000426,Retrait,2006.2564293953092,JPY,5.331495777044724,Rejetée,Casablanca,USA
id_transaction_00000002,Retrait,21157.243975493624,CNY,10.3378148540956,Complétée,Tokyo,UE
id_transaction_00000453,Carte,6169.2736161887005,JPY,406.44568782637066,Complétée,Johannesburg,Japon
id_transaction_00000777,Virement International,-641.3045966802125,USD,-17.523822839543936,Complétée,Francfort,USA
id_transaction_00000078,Carte,1062.4056522811377,USD,1.7668962549971305,Complétée,Pékin,Maroc
id_transaction_00000335,Carte,581.9268121477519,EUR,94.28847682644007,Complétée,Tokyo,Maroc
id_transaction_00000553,Virement International,921.8560041172249,CNY,5.729654083939467,Complétée,Francfort,USA
id_transaction_00000075,Virement,197.29153348725836,USD,-10.84781472396157,En attente,Casablanca,Japon
id_transaction_00000199,Dépôt,-607.227476049609,CNY,-2.779283682885871,Complétée,New York,Japon
id_transaction_00000795,Retrait,11931.030250300431,MAD,12.818612028147484,Complétée,Francfort,Chine
id_transaction_00000887,Retrait,-32.391710189187336,GBP,2.247107840045739,Complétée,Londres,Afrique du Sud
id_transaction_00000424,Virement,-1343.5749215160417,USD,-6.490293158113071,Complétée,New York,Royaume-Uni
id_transaction_00000039,Carte,219.11228280482828,ZAR,-1.6602378666225244,Complétée,Francfort,Japon
id_transaction_00000326,Dépôt,140.06328156066195,EUR,12.14793816870747,Complétée,Washington DC,Maroc
id_transaction_00000646,Retrait,685.2744887698351,ZAR,5.024421135176776,Complétée,Casablanca,Japon
id_transaction_00000863,Virement,-871.2807409958069,USD,0.09029453579711344,Complétée,Francfort,France
id_transaction_00000319,Retrait,5174.377823588388,JPY,4.946847837565061,Complétée,Londres,Maroc
id_transaction_00000842,Virement International,3140.6214195507328,ZAR,118.68131961142184,Complétée,Washington DC,Maroc
id_transaction_00000915,Virement International,598.3661000392567,USD,-1.3687613194585886,Complétée,Tokyo,France
id_transaction_00000684,Carte,3995.0599648829875,JPY,7.626798149332204,En attente,Johannesburg,Allemagne
id_transaction_00000422,Retrait,9614.166039004502,MAD,-25.947869051272676,En attente,Rabat,Allemagne
id_transaction_00000474,Retrait,-784.2297342542878,GBP,-5.523468640068798,Complétée,Londres,Allemagne
id_transaction_00000782,Prélèvement,1401.5670566999554,ZAR,15.090457179191727,Complétée,Londres,USA
id_transaction_00000041,Retrait,-906.5071671145914,USD,1.1490326392233543,Complétée,Casablanca,Japon
id_transaction_00000310,Carte,558.195269967171,EUR,1.0933990378265728,Complétée,New York,Royaume-Uni
id_transaction_00000555,Carte,1433.0439365676052,JPY,11.187398246041042,Complétée,Tokyo,USA
id_transaction_00000434,Retrait,181.65944247406878,USD,0.19272261704186455,Complétée,Johannesburg,Maroc
id_transaction_00000435,Carte,1532.8608665999068,JPY,2033.1917698904786,Complétée,Londres,Royaume-Uni
id_transaction_00000088,Carte,-265.2001241359118,JPY,2.802491794436302,En attente,Casablanca,Maroc
id_transaction_00000404,Dépôt,5450.774042958452,EUR,16.23068682213294,En cours,New York,France
id_transaction_00000135,Prélèvement,-368.1772042295156,JPY,-9.361158661561301,Complétée,Washington DC,Japon
id_transaction_00000792,Prélèvement,-473.5046792593788,GBP,4.2674459093150805,Rejetée,Londres,Maroc
id_transaction_00000131,Carte,2957.295790292053,GBP,-1.138243643774202,Complétée,Londres,Royaume-Uni
id_transaction_00000211,Dépôt,-388.8881562548655,CNY,91.47637506650743,En attente,New York,France
id_transaction_00000326,Retrait,4981.890733041919,EUR,-9.025043548407886,Complétée,Londres,UE
id_transaction_00000236,Virement,-776.9089408789483,CNY,-12.12310153419595,En attente,Pékin,Royaume-Uni
id_transaction_00000669,Virement,553.0630441806383,USD,-111.18810577566103,Complétée,Washington DC,Maroc
id_transaction_00000344,Dépôt,17.81052644534691,JPY,4.617281453686681,Rejetée,Washington DC,Japon
id_transaction_00000551,Prélèvement,-1094.5140350461506,EUR,2.7860745291945492,En attente,Londres,USA
id_transaction_00000601,Carte,774.7266691313989,CNY,11.2863688477684,Rejetée,Pékin,Afrique du Sud
id_transaction_00000717,Dépôt,682.3461017413606,USD,6.417951818864405,Complétée,Tokyo,Maroc
id_transaction_00000268,Prélèvement,-849.4924792963917,USD,-11.340072618624362,Complétée,Washington DC,USA
id_transaction_00000873,Carte,-460.8383843772681,CNY,-9.577354354699875,Rejetée,Casablanca,Afrique du Sud
id_transaction_00000744,Carte,203.96987322384402,JPY,0.7406749948059854,Complétée,Tokyo,Maroc
id_transaction_00000140,Dépôt,608.6062996794041,USD,14.91674338655816,Complétée,New York,France
id_transaction_00000702,Prélèvement,-25.82835906670209,USD,-7.680258393369987,Complétée,Tokyo,France
id_transaction_00000551,Prélèvement,797.447885077047,USD,8.246163263276106,Complétée,Washington DC,Maroc
id_transaction_00000217,Virement,3967.421245819638,USD,0.8024255789866173,Complétée,New York,Chine
id_transaction_00000460,Carte,444.915244339748,MAD,-1.2359961103266635,Rejetée,Londres,Maroc
id_transaction_00000637,Prélèvement,124081.80462185197,MAD,6.869283302992027,Complétée,Tokyo,USA
id_transaction_00000857,Prélèvement,2323.3791171969438,CNY,11.304434929872759,En cours,Johannesburg,Japon
id_transaction_00000383,Retrait,571.8507824158354,USD,0.6096555622883493,Complétée,Londres,Maroc
id_transaction_00000293,Retrait,1203.695361823395,MAD,0.6997890468028469,Complétée,Casablanca,Afrique du Sud
id_transaction_00000201,Prélèvement,1679.5568410286364,GBP,70.58173503592013,En cours,Washington DC,USA
id_transaction_00000040,Virement,9492.73249304135,USD,-5.439466920315797,Complétée,Pékin,Maroc
id_transaction_00000793,Carte,25392.755801276253,CNY,7.5641563872788655,Complétée,Pékin,Japon
id_transaction_00000110,Virement International,335.4929829237023,CNY,-2.2312786913030074,Rejetée,New York,Japon
id_transaction_00000680,Retrait,6839.614451566082,MAD,-8.271007352383595,Complétée,Paris,Maroc
id_transaction_00000148,Prélèvement,3919.230038882005,GBP,-3.875394383933192,Complétée,New York,Japon
id_transaction_00000356,Dépôt,61111.488571830705,USD,-4.420974630097988,Complétée,New York,Allemagne
id_transaction_00000502,Virement International,87.91556764178085,GBP,-13.949019517194447,En attente,Washington DC,Maroc
id_transaction_00000558,Prélèvement,220.3292439317736,USD,-3.9954039990658776,Complétée,Francfort,USA
id_transaction_00000476,Prélèvement,475.56741755889533,USD,-1.2354123474806116,Complétée,Washington DC,Maroc
id_transaction_00000209,Virement,1163.18209381509,USD,3.9598725401197363,Complétée,Tokyo,USA
id_transaction_00000208,Carte,1053.9240177815284,JPY,17.40215003221591,En attente,Londres,France
id_transaction_00000437,Virement,702.9574575883955,JPY,12.622894635431635,Complétée,Londres,USA
id_transaction_00000868,Virement International,14.562161001065533,JPY,6.138040227508656,En attente,Casablanca,USA
id_transaction_00000347,Dépôt,73637.12857361995,USD,9.346936300290032,Complétée,Tokyo,Maroc
id_transaction_00000460,Retrait,-1444.819656816242,USD,-13.999294275881265,Complétée,Pékin,Maroc
id_transaction_00000723,Retrait,225.13594606803747,GBP,-11.467846029067555,Complétée,New York,Maroc
id_transaction_00000056,Carte,204.76859989243223,GBP,-2.750358609676959,Complétée,Tokyo,Royaume-Uni
id_transaction_00000568,Retrait,5179.0533236634565,GBP,4.955528334713913,Complétée,Francfort,Maroc
id_transaction_00000585,Virement International,-68.9591346482066,MAD,-4.699601379472937,Complétée,Casablanca,France
id_transaction_00000423,Prélèvement,-876.1171919117161,USD,-15.380604444974495,En attente,Casablanca,France
id_transaction_00000518,Retrait,1689.2604787498994,GBP,10.648840190884467,Complétée,Paris,Maroc
id_transaction_00000196,Retrait,6473.805897857368,GBP,-9.580397938843156,En cours,Pékin,Afrique du Sud
id_transaction_00000604,Prélèvement,-767.6059949881283,EUR,5.037107704856664,Complétée,Johannesburg,France
id_transaction_00000985,Dépôt,773.6448548563753,JPY,10.024252529075346,En attente,Casablanca,Japon
id_transaction_00000325,Retrait,1563.1986604690646,USD,10.747539706174303,Complétée,Londres,Royaume-Uni
id_transaction_00000607,Retrait,6067.348056170325,USD,-6.573777759190427,Complétée,Francfort,UE
id_transaction_00000757,Dépôt,374.5360255334823,EUR,0.22923510399749425,En cours,Pékin,Japon
id_transaction_00000054,Carte,1282.8698517275225,EUR,11.85644759119187,Complétée,New York,Chine
id_transaction_00000197,Virement,33163.74525294968,JPY,-9.040080076720628,En attente,Tokyo,USA
id_transaction_00000231,Dépôt,959.2169874347053,USD,6.101760055616975,En attente,Pékin,UE
id_transaction_00000677,Retrait,8213.73877045339,JPY,684.9066855577876,Rejetée,New York,USA
id_transaction_00000756,Carte,-290.98954830987634,CNY,-5.968978405152515,Complétée,Paris,Maroc
id_transaction_00000828,Virement,7430.776451438419,ZAR,6.973829716796166,Complétée,Londres,USA
id_transaction_00000510,Dépôt,699.9042882682015,MAD,-44.85100991648835,Complétée,Casablanca,Maroc
id_transaction_00000693,Prélèvement,907.3515675634012,USD,4.583257099273604,Complétée,Paris,USA
id_transaction_00000257,Carte,2581.465494811875,MAD,-1.6355574758761975,Rejetée,Casablanca,Allemagne
id_transaction_00000241,Carte,582.95108372799,JPY,9.285237578302162,Complétée,Tokyo,Maroc
id_transaction_00000916,Retrait,72274.41568345632,USD,6.301510923894454,Complétée,Paris,Afrique du Sud
id_transaction_00000322,Carte,18.125356406120773,MAD,-7.589057098877,Complétée,Casablanca,Maroc
id_transaction_00000369,Carte,-855.7850526522947,EUR,-8.370025557089814,Complétée,Paris,Royaume-Uni
id_transaction_00000839,Carte,378.6429297259216,CNY,-2.3593031448242003,En cours,Washington DC,Japon
id_transaction_00000989,Retrait,318.7490168182836,CNY,-0.14557571904738786,Complétée,New York,Afrique du Sud
id_transaction_00000283,Carte,507.38645919958736,CNY,9.629309654643466,Complétée,Londres,Royaume-Uni
id_transaction_00000099,Virement International,315.1534306632373,EUR,-4.06217043396667,Complétée,Francfort,Allemagne
id_transaction_00000587,Prélèvement,-807.8472071877383,USD,-3.7957350580204414,Complétée,Rabat,Maroc
id_transaction_00000646,Retrait,496.8429507184344,EUR,0.21725518801172328,En cours,New York,Royaume-Uni
id_transaction_00000669,Retrait,-844.275971752562,JPY,-11.066583984462653,Complétée,Paris,Maroc
id_transaction_00000142,Virement International,-836.2128718079617,USD,-8.781606925344164,Complétée,Paris,Maroc
id_transaction_00000230,Virement,1487.5005777280085,CNY,-2.972910052119679,Complétée,Londres,Maroc
id_transaction_00000257,Retrait,6480.079642604619,CNY,944.5613744711391,Complétée,Pékin,USA
id_transaction_00000938,Virement,938.6520838135315,CNY,5.993104314662517,Complétée,New York,Maroc
id_transaction_00000147,Virement International,-105.17321250917553,EUR,-0.14107197616299327,Complétée,Londres,Royaume-Uni
id_transaction_00000942,Retrait,3737.9519488025576,GBP,-4.181021542919036,Complétée,Londres,Afrique du Sud
id_transaction_00000416,Retrait,-465.5213997228832,USD,-10.244064639794587,Complétée,Tokyo,USA
id_transaction_00000659,Retrait,14521.18351612881,MAD,-6.172881505896787,Complétée,Casablanca,France
id_transaction_00000329,Carte,314.531145032545,CNY,1.8922684709696913,En attente,New York,Maroc
id_transaction_00000921,Retrait,84.55409102752759,JPY,0.39236700497188703,En cours,Casablanca,USA
id_transaction_00000289,Virement,167.72773047641732,GBP,-2.1132628893586842,En attente,Londres,Royaume-Uni
id_transaction_00000699,Carte,-249.8065532689177,GBP,-1.1250851782485887,Complétée,Rabat,Maroc
id_transaction_00000664,Virement International,-303.6636510342064,JPY,-7.559374887762179,En attente,Washington DC,Royaume-Uni
id_transaction_00000466,Dépôt,567.5407610270447,CNY,-13.5882911585491,En attente,Tokyo,Royaume-Uni
id_transaction_00000575,Virement,28.873898237941887,GBP,-4.634971566697096,En attente,Londres,Royaume-Uni
id_transaction_00000934,Retrait,63.10895643647336,USD,-16.789732792747085,Complétée,Johannesburg,Allemagne
id_transaction_00000964,Carte,90292.47457034461,USD,14.659870697439455,Complétée,Pékin,Chine
id_transaction_00000100,Retrait,207.2444648206428,CNY,-0.5564445458707592,Rejetée,Londres,Japon
id_transaction_00000554,Retrait,571.2858749616287,EUR,1.9718055323893626,Complétée,Casablanca,Allemagne
id_transaction_00000527,Prélèvement,-734.2983915169003,GBP,-14.990821232367338,Complétée,Paris,Japon
id_transaction_00000244,Retrait,938.6921122476815,MAD,-13.524998237853318,Complétée,Tokyo,USA
id_transaction_00000936,Prélèvement,1824.6811818157307,USD,1.4170060924708343,Complétée,Paris,Maroc
id_transaction_00000834,Prélèvement,1886.9619769479968,GBP,2.7790588522781703,En attente,Washington DC,Royaume-Uni
id_transaction_00000016,Carte,3970.8714791530365,EUR,5.059854710011809,Complétée,Francfort,Allemagne
id_transaction_00000044,Prélèvement,-936.9748723754079,USD,-2.6841223216355017,En attente,Tokyo,Japon
id_transaction_00000137,Prélèvement,1291.7321622180639,EUR,43.367758758456745,En cours,Pékin,Afrique du Sud
id_transaction_00000532,Retrait,2484.358082470875,GBP,-0.5542703424467064,Complétée,Casablanca,Royaume-Uni
id_transaction_00000931,Carte,1358.192600483621,JPY,9.88341535798028,Complétée,Washington DC,Chine
id_transaction_00000196,Carte,4880.097143707494,EUR,-4.9933979455014414,En attente,Londres,Royaume-Uni
id_transaction_00000565,Virement International,-442.98169584978757,JPY,-14.207506698922575,Complétée,Paris,USA
id_transaction_00000237,Retrait,273.50469399273834,EUR,5.625567821825084,Complétée,Tokyo,Chine
id_transaction_00000784,Dépôt,505.543002616288,CNY,23.92077969317442,En attente,New York,Maroc
id_transaction_00000077,Dépôt,1944.0596861007934,JPY,9.162553928467364,En cours,Londres,Maroc
id_transaction_00000049,Carte,2740.269638043435,JPY,-1.619980277940373,Complétée,Paris,Maroc
id_transaction_00000302,Carte,1155.2017928967862,JPY,6.0437825085951955,Complétée,Londres,Allemagne
id_transaction_00000691,Virement International,-414.20624517709246,USD,-7.447088981220955,En attente,Londres,France
id_transaction_00000353,Carte,25.890349191257258,USD,-9.88848942888212,Rejetée,Pékin,Afrique du Sud
id_transaction_00000948,Virement,692.8030784355267,MAD,-11.104039010399763,Complétée,Pékin,Chine
id_transaction_00000367,Carte,495.57422429960195,CNY,5.8806397716795615,En attente,Rabat,France
id_transaction_00000748,Prélèvement,11854.380952640277,ZAR,7.075755711884913,Complétée,Tokyo,France
id_transaction_00000691,Retrait,89073.93404984282,MAD,-1.877085470029522,Complétée,New York,Chine
id_transaction_00000494,Carte,1121.3050617432768,GBP,2.3641400141215634,En attente,Londres,Royaume-Uni
id_transaction_00000216,Retrait,1346.6430287270127,EUR,2.283594270633992,Complétée,Casablanca,Maroc
id_transaction_00000472,Virement,1811.1645174519447,EUR,7.539764119825653,En attente,Johannesburg,USA
id_transaction_00000082,Retrait,12146.10354383376,EUR,3.6758348353000696,Complétée,Londres,Allemagne
id_transaction_00000998,Retrait,157.47245321795918,EUR,16.411995043689057,Complétée,New York,Japon
id_transaction_00000788,Carte,5519.314437201134,MAD,16.166392735629078,En attente,Francfort,Royaume-Uni
id_transaction_00000940,Retrait,-257.4691576062186,GBP,1.1145700868627468,Complétée,Casablanca,Japon
id_transaction_00000105,Carte,-89.29591913021409,GBP,-1.0422965828306037,Complétée,Francfort,UE
id_transaction_00000707,Retrait,11416.986249418176,EUR,14.742667811285237,Complétée,Rabat,Japon
id_transaction_00000756,Retrait,-1334.519679447424,CNY,-8.839756719986827,Complétée,New York,Maroc
id_transaction_00000409,Dépôt,1858.4627441385246,GBP,-0.3838847496616209,Complétée,Johannesburg,Afrique du Sud
id_transaction_00000817,Virement,1095.5611994608444,JPY,8.432846111687812,En attente,Londres,Royaume-Uni
id_transaction_00000671,Retrait,-361.945168472016,USD,-8.781722174661407,En cours,Casablanca,Royaume-Uni
id_transaction_00000749,Carte,11203.375497686318,CNY,9.454311834290579,Complétée,Pékin,Maroc
id_transaction_00000912,Carte,1213.3838251508764,JPY,-7.050655381924693,Rejetée,Londres,Maroc
id_transaction_00000959,Virement,742.7144080056055,EUR,-3.3230434909221627,Complétée,Pékin,USA
id_transaction_00000930,Carte,6929.306510813893,EUR,4.879314744162587,Complétée,Pékin,USA
id_transaction_00000809,Retrait,-1131.7798687209925,CNY,8.296339308417283,Complétée,Paris,Maroc
id_transaction_00000561,Virement,897.7436214274121,CNY,10.149836202490855,Complétée,Pékin,Japon
id_transaction_00000175,Carte,3741.0292052603163,USD,7.954151808954951,En cours,New York,France
id_transaction_00000219,Retrait,-245.8603592616373,USD,-2.262951709102264,Complétée,New York,USA
id_transaction_00000650,Carte,-5.011684381360851,EUR,-0.9924046523106407,En attente,Francfort,USA
id_transaction_00000221,Retrait,-85.60954790625033,USD,0.06336177252460118,Rejetée,Francfort,USA
id_transaction_00000806,Dépôt,-1332.956252365691,USD,-10.114434212091766,Complétée,Tokyo,Maroc
id_transaction_00000971,Prélèvement,1482.223991972065,MAD,-5.709387836482748,Complétée,Paris,France
id_transaction_00000964,Retrait,2537.2412741711582,CNY,82.48362174774421,Complétée,Casablanca,USA
id_transaction_00000816,Carte,-1451.6260505248656,MAD,-13.240865577617921,Complétée,Washington DC,Royaume-Uni
id_transaction_00000382,Carte,-843.6723250774966,JPY,-3.2486926487785803,En attente,Pékin,Maroc
id_transaction_00000142,Retrait,821.3205742814162,CNY,4.029942621753596,Complétée,New York,Japon
id_transaction_00000544,Virement International,6392.524780577827,JPY,6.72117101874578,Complétée,Londres,USA
id_transaction_00000684,Virement International,43616.93699799238,MAD,4.073671595033808,En attente,Paris,Maroc
id_transaction_00000964,Carte,-659.7516271938124,JPY,-11.281692325347205,Complétée,New York,Maroc
id_transaction_00000354,Prélèvement,4186.913797991472,USD,-5.339994733516423,Complétée,Tokyo,USA
id_transaction_00000520,Dépôt,933.4494732272719,EUR,15.591511102180363,Complétée,New York,Japon
id_transaction_00000720,Virement,874.8016799885472,CNY,16.139111718984886,En attente,Washington DC,USA
id_transaction_00000655,Virement International,673.8081689803039,JPY,-1.269522320351598,Complétée,Johannesburg,Chine
id_transaction_00000832,Dépôt,-97.54866028689253,EUR,-3.367479618980478,Complétée,Tokyo,Royaume-Uni
id_transaction_00000790,Virement International,10272.808251487862,GBP,11.692746959891064,Complétée,Washington DC,Afrique du Sud
id_transaction_00000468,Prélèvement,45.4074841479449,EUR,-2.336106964850412,En cours,Pékin,Japon
id_transaction_00000505,Retrait,-118.01431098547641,GBP,0.6626847796573561,Rejetée,Washington DC,Maroc
id_transaction_00000673,Prélèvement,751.3077794635049,USD,-13.579622405556218,En attente,Paris,USA
id_transaction_00000258,Retrait,965.4511471165879,JPY,-1.287350203923693,Complétée,Francfort,Royaume-Uni
id_transaction_00000264,Carte,473.86706044450267,USD,0.7030210385256268,En attente,Rabat,Royaume-Uni
id_transaction_00000875,Virement,-343.6731080091598,USD,6.569602507692111,En attente,Rabat,USA
id_transaction_00000861,Virement International,1188.164679469734,JPY,8.2820075547337,Complétée,Pékin,France
id_transaction_00000845,Prélèvement,-194.22410370458147,JPY,0.5205888855843632,Complétée,Londres,France
id_transaction_00000433,Retrait,119.01560382713211,EUR,-10.594419557719778,Complétée,Casablanca,Chine
id_transaction_00000247,Virement,6247.44305587602,MAD,17.431090639028454,Complétée,Tokyo,USA
id_transaction_00000345,Dépôt,1271.8457320657803,CNY,10.948597652034554,Complétée,Tokyo,Maroc
id_transaction_00000229,Virement,1268.9667005272831,USD,12.239225148562408,Complétée,New York,Maroc
id_transaction_00000258,Retrait,-650.6017000048142,GBP,-2.9496301911198897,Complétée,Paris,Maroc
id_transaction_00000175,Virement,5.485899300245478,CNY,6.295607778702493,Complétée,Johannesburg,Maroc
id_transaction_00000181,Retrait,2859.9204556501663,EUR,0.763708322483664,En attente,Londres,Royaume-Uni
id_transaction_00000224,Virement International,1538.5837034056226,USD,-2.272880187241049,En cours,Francfort,Royaume-Uni
id_transaction_00000158,Retrait,-633.6875155242557,GBP,-7.286866373881051,Complétée,Johannesburg,Royaume-Uni
id_transaction_00000108,Retrait,-839.4720373947556,USD,-1.2435955500890952,Rejetée,Pékin,Chine
id_transaction_00000025,Dépôt,887.8182130378505,USD,-2.4087461040908913,Complétée,Francfort,Allemagne
id_transaction_00000547,Virement International,-492.48939428732126,JPY,-2.9168437646992347,En attente,Johannesburg,Royaume-Uni
id_transaction_00000970,Retrait,-1089.1974229555904,GBP,-13.622236592234064,Complétée,Paris,USA
id_transaction_00000827,Virement,504.41242318165723,GBP,-3.4493517317843603,Complétée,Tokyo,USA
id_transaction_00000304,Retrait,442.8415105242891,USD,12.200771963321145,Complétée,Pékin,Royaume-Uni
id_transaction_00000696,Virement,5496.9417574534,JPY,7.5905612585699895,Complétée,New York,Allemagne
id_transaction_00000244,Prélèvement,1262.776167227522,CNY,-3.437865884610784,En attente,Pékin,Royaume-Uni
id_transaction_00000531,Dépôt,-26.66686045368391,USD,17.828804206292673,Complétée,Tokyo,Royaume-Uni
id_transaction_00000124,Virement,1091.4965909878065,USD,-6.239162891497169,En attente,Londres,Royaume-Uni
id_transaction_00000532,Carte,98047.98955583705,USD,2.3396382598169683,Complétée,Paris,France
id_transaction_00000856,Virement International,16443.387449917176,USD,-7.5281192729249495,En attente,Londres,Maroc
id_transaction_00000409,Virement,103442.31010022471,GBP,5.549845544124018,En attente,Washington DC,USA
id_transaction_00000638,Retrait,1593.0041892502309,ZAR,5.197136686297099,Complétée,Casablanca,Japon
id_transaction_00000536,Carte,125196.31687895017,EUR,-7.525954590096668,En cours,Johannesburg,Royaume-Uni
id_transaction_00000729,Retrait,847.6005339604744,ZAR,-7.4216088604297346,En attente,Casablanca,UE
id_transaction_00000242,Prélèvement,166374.94186773995,USD,4.515664063699061,Complétée,Londres,Afrique du Sud
id_transaction_00000345,Dépôt,422.2634762863025,GBP,2.9679572435429407,Complétée,Washington DC,Maroc
id_transaction_00000300,Dépôt,579.8170681797035,JPY,22.913049684851476,Complétée,Londres,Japon
id_transaction_00000101,Virement International,29076.632789958298,MAD,-7.5058230397936585,Complétée,Washington DC,Afrique du Sud
id_transaction_00000583,Retrait,2092.0177675061705,CNY,10.544078060423484,Rejetée,Washington DC,Royaume-Uni
id_transaction_00000751,Virement,879.5427490006882,CNY,0.6455872929018556,Complétée,Washington DC,UE
id_transaction_00000986,Carte,1076.8345652577486,EUR,14.746812778034204,Complétée,Johannesburg,Afrique du Sud
id_transaction_00000505,Retrait,-240.1003606752323,ZAR,-7.147700317886058,Rejetée,Francfort,USA
id_transaction_00000815,Dépôt,300.92242352388877,JPY,6.0093984385142125,Complétée,Rabat,Maroc
id_transaction_00000526,Prélèvement,1287.6564439210074,USD,-1.004120998118709,Complétée,Londres,USA
id_transaction_00000330,Virement International,623.8240198388726,USD,-7.1599878994404795,Complétée,Rabat,Royaume-Uni
id_transaction_00000389,Dépôt,-234.4116662555241,USD,-8.91879770825835,Complétée,Washington DC,France
id_transaction_00000144,Dépôt,-889.7908691162014,USD,1.6455292033408764,Complétée,Francfort,Maroc
id_transaction_00000683,Carte,369.51565767457777,CNY,6.910424678558063,Complétée,Casablanca,USA
id_transaction_00000890,Carte,2042.4002869748515,USD,16.08141791077133,Complétée,Londres,Maroc
id_transaction_00000738,Virement,1161.0069055517774,EUR,3.8246875964096247,Complétée,Washington DC,USA
id_transaction_00000694,Carte,-338.1681321427325,MAD,-4.599413644738658,Complétée,Tokyo,Allemagne
id_transaction_00000938,Carte,-179.06124555936435,EUR,-2.192278823430806,Complétée,Londres,Maroc
id_transaction_00000982,Virement International,1779.7273499201174,EUR,21.02767207366561,Complétée,Londres,Royaume-Uni
id_transaction_00000913,Dépôt,1775.7762784291217,JPY,22.345566055402003,En attente,Washington DC,Japon
id_transaction_00000565,Carte,258.1990146080923,EUR,-2.723873314405756,En cours,Casablanca,Japon
id_transaction_00000205,Carte,1021.4176791684193,MAD,11.169386281007391,Complétée,Francfort,Japon
id_transaction_00000199,Retrait,-91.95523164038798,EUR,-6.980530682136137,Rejetée,Pékin,Maroc
id_transaction_00000542,Carte,-737.4978659934628,MAD,-8.89432677061902,Complétée,Washington DC,Royaume-Uni
id_transaction_00000421,Prélèvement,883.5633439897229,EUR,6.970975041316371,Complétée,Tokyo,USA
id_transaction_00000787,Carte,97.26291679068885,USD,-2.3088630284213343,Complétée,New York,Allemagne
id_transaction_00000787,Prélèvement,472.4897543671066,ZAR,8.290890020047478,Complétée,Londres,USA
id_transaction_00000444,Dépôt,1727.2190699530834,ZAR,4.333836092776362,Complétée,Londres,Royaume-Uni
id_transaction_00000271,Carte,515.0826930129024,JPY,13.418360956670064,Complétée,New York,Japon
id_transaction_00000029,Retrait,412.84956980752776,ZAR,-0.10906924509961424,Complétée,Francfort,Royaume-Uni
id_transaction_00000424,Virement International,18533.252960409256,MAD,-1.495529555421796,Complétée,New York,USA
id_transaction_00000399,Virement International,6587.507586074242,GBP,10.873814374409303,Complétée,Paris,Chine
id_transaction_00000624,Virement,417.7749622196404,GBP,-7.602332818055813,En attente,Rabat,USA
id_transaction_00000477,Prélèvement,-19.520379055888498,GBP,-6.434317065810473,En attente,Londres,Maroc
id_transaction_00000004,Prélèvement,-807.7721868429725,USD,-1.7176420482910029,Complétée,Pékin,Maroc
id_transaction_00000025,Dépôt,10619.37256821516,JPY,2.4765329020942315,En attente,Francfort,Royaume-Uni
id_transaction_00000368,Retrait,11429.837056053419,USD,-0.7425832170714655,En attente,Casablanca,Chine
id_transaction_00000352,Carte,1392.9936790542704,CNY,-4.106208701338493,Complétée,Pékin,France
id_transaction_00000691,Virement,-758.0266530090297,CNY,-4.212409443929105,Complétée,Johannesburg,Japon
id_transaction_00000424,Carte,7.040190777559246,JPY,9.543891370456311,En cours,Pékin,Allemagne
id_transaction_00000013,Dépôt,31291.695309206647,CNY,9.191182359955363,Complétée,Tokyo,Chine
id_transaction_00000885,Virement,142.83756332984217,CNY,-1.1930892905998096,Complétée,Washington DC,Chine
id_transaction_00000993,Retrait,7.2773293905803484,EUR,-3.74701666620044,Complétée,Pékin,Royaume-Uni
id_transaction_00000432,Virement,817.5437760577761,EUR,3.151224202408259,Complétée,Casablanca,Royaume-Uni
id_transaction_00000629,Dépôt,3834.356230780064,ZAR,0.977638113828375,Complétée,Casablanca,Japon
id_transaction_00000585,Virement,-28.78093347105596,CNY,-4.441995103395761,Complétée,New York,Maroc
id_transaction_00000091,Virement,396.4352306323292,USD,-2.4575702246323674,En attente,Francfort,USA
id_transaction_00000570,Retrait,813.4493607398106,CNY,-4.026312863783393,Complétée,Johannesburg,Maroc
id_transaction_00000813,Retrait,14517.333603790157,CNY,-0.2816651193558899,Complétée,New York,USA
id_transaction_00000934,Carte,1378.281020398024,CNY,6.296398739777596,En attente,Francfort,Royaume-Uni
id_transaction_00000066,Prélèvement,1375.0939280694897,USD,3.429300385751361,En attente,Johannesburg,Chine
id_transaction_00000816,Prélèvement,-646.8739088794576,USD,-4.48688521354723,Complétée,Tokyo,Royaume-Uni
id_transaction_00000778,Retrait,1354.560268682409,EUR,4.991331631237737,En cours,New York,Maroc
id_transaction_00000149,Retrait,508.0589664607185,USD,-1.5868270580404822,Complétée,Pékin,Maroc
id_transaction_00000665,Prélèvement,208.60766345382032,CNY,-7.776865381925815,Complétée,Pékin,Allemagne
id_transaction_00000339,Retrait,352.821124479513,GBP,-8.301970334171816,Complétée,Tokyo,Royaume-Uni
id_transaction_00000587,Carte,1555.986642722617,JPY,11.691936707082423,Complétée,Pékin,Japon
id_transaction_00000460,Carte,581.4946903166785,USD,4.316910540464254,Complétée,Johannesburg,Maroc
id_transaction_00000494,Dépôt,581.759274453146,JPY,3.8609158434730464,Complétée,Rabat,Japon
id_transaction_00000752,Dépôt,6100.293942979195,MAD,4.02385557873803,Complétée,New York,Royaume-Uni
id_transaction_00000184,Prélèvement,-149.8759701240093,ZAR,-5.4420555201979495,Complétée,Casablanca,Royaume-Uni
id_transaction_00000760,Dépôt,63.19264786339983,USD,-13.164299944247254,Complétée,New York,France
id_transaction_00000088,Carte,2807.5951356147925,MAD,-12.003378539104414,Complétée,Tokyo,Royaume-Uni
id_transaction_00000852,Retrait,404.9617786278179,USD,13.06190534119063,Complétée,Casablanca,USA
id_transaction_00000566,Carte,1017.3157927841278,EUR,17.069844159539485,Complétée,Tokyo,USA
id_transaction_00000609,Virement,-637.1340384220229,EUR,0.49788226466687835,Complétée,Washington DC,Allemagne
id_transaction_00000692,Carte,882.5756535373503,ZAR,9.365321071810778,Complétée,Casablanca,Royaume-Uni
id_transaction_00000285,Retrait,-99.29437364494243,USD,4.774440558794779,Complétée,New York,Royaume-Uni
id_transaction_00000133,Retrait,-1057.1258771765415,GBP,-12.657028571135168,Complétée,Johannesburg,Maroc
id_transaction_00000709,Carte,189.5427215607968,EUR,-8.27193034908954,Complétée,Londres,Maroc
id_transaction_00000680,Dépôt,4306.960063296534,USD,-1.6764574542309996,Complétée,Paris,Chine
id_transaction_00000944,Prélèvement,-197.87625512216084,USD,-7.044613311197051,Complétée,Johannesburg,UE
id_transaction_00000565,Dépôt,-163.80327648169657,USD,-4.605822508945535,En attente,New York,Japon
id_transaction_00000600,Carte,1045.719161127675,USD,4.3548684041833505,En attente,New York,Maroc
id_transaction_00000711,Retrait,3050.1851462722248,MAD,15.881981472696339,Complétée,Casablanca,Royaume-Uni
id_transaction_00000394,Virement International,-1327.0684327377912,USD,-6.373758059353372,Complétée,Rabat,USA
id_transaction_00000500,Retrait,4700.084536219874,GBP,4.994623439861589,En attente,Londres,France
id_transaction_00000488,Dépôt,1423.4691263527304,EUR,-3.408359052891771,Complétée,Paris,Japon
id_transaction_00000549,Carte,-308.5025794021615,MAD,-10.063314625801134,Complétée,Francfort,Royaume-Uni
id_transaction_00000194,Carte,492.7695308388033,USD,9.965990491619364,En attente,New York,Royaume-Uni
id_transaction_00000819,Retrait,1166.089884957132,ZAR,17.7228387737139,Complétée,Londres,Japon
id_transaction_00000734,Retrait,37761.46039511775,JPY,-5.054213506960413,Complétée,Pékin,Royaume-Uni
id_transaction_00000131,Prélèvement,-113.90994714913893,CNY,5.251878628310778,Complétée,Paris,Allemagne
id_transaction_00000254,Virement International,-199.61097478675686,USD,4.709719486097619,Complétée,Paris,Maroc
id_transaction_00000205,Virement International,6870.887709868881,GBP,14.00664558463055,Complétée,Londres,Royaume-Uni
id_transaction_00000606,Retrait,894.5095787527713,USD,-8.096856614512468,Complétée,Pékin,Royaume-Uni
id_transaction_00000272,Retrait,-232.05615130248214,GBP,-8.244727501547484,Complétée,Francfort,Royaume-Uni
id_transaction_00000576,Retrait,1847.7029049525122,ZAR,11.875457715529672,Complétée,Pékin,Royaume-Uni
id_transaction_00000442,Virement International,-939.5404288097187,USD,1.2255960177160743,En attente,Washington DC,Royaume-Uni
id_transaction_00000587,Carte,9362.689776685876,EUR,5.4163612011749,Complétée,Londres,Royaume-Uni
id_transaction_00000982,Retrait,6805.856245718096,EUR,12.5218931403008,Rejetée,Francfort,Maroc
id_transaction_00000697,Virement,16321.918263009677,USD,5.249912985437867,Complétée,Francfort,USA
id_transaction_00000809,Carte,195.49367750567933,JPY,-6.0632463336522315,Complétée,Francfort,Royaume-Uni
id_transaction_00000940,Retrait,1557.187510181504,USD,-13.498067980000744,Rejetée,Pékin,Maroc
id_transaction_00000879,Retrait,228.2203545101231,EUR,5.035784999717016,Complétée,Casablanca,France
id_transaction_00000244,Carte,714.6886769032151,USD,9.348848436788348,Complétée,Pékin,Chine
id_transaction_00000550,Dépôt,330.25070407206675,USD,1.2602434700682643,Complétée,New York,USA
id_transaction_00000601,Retrait,-363.92240746579546,JPY,-2.4506347211540724,Complétée,Casablanca,Japon
id_transaction_00000966,Carte,880.3090171764559,MAD,10.493165421819906,Complétée,Paris,France
id_transaction_00000435,Retrait,290.187468968132,EUR,14.69332506881615,Complétée,Washington DC,France
id_transaction_00000039,Retrait,-276.20349513676956,USD,-4.888470958408395,En attente,Tokyo,Royaume-Uni
id_transaction_00000442,Retrait,1226.5992511472418,USD,-0.6450427090459394,Complétée,New York,Maroc
id_transaction_00000338,Prélèvement,1107.3260059690665,EUR,2.6278647762345546,Complétée,New York,Royaume-Uni
id_transaction_00000361,Retrait,-1203.6838884944636,CNY,8.038873085314759,Complétée,Londres,Maroc
id_transaction_00000537,Retrait,157.2489599462848,GBP,-7.093910956107213,Complétée,Londres,Maroc
id_transaction_00000235,Prélèvement,-685.129794328153,USD,-14.431140482779437,En attente,New York,France
id_transaction_00000944,Carte,8876.104465419337,MAD,-12.148316080473514,Complétée,Paris,USA
id_transaction_00000107,Carte,410.9850814950924,USD,8.19378570563353,Complétée,Casablanca,Maroc
id_transaction_00000217,Virement International,2536.258135023711,JPY,-0.12327146857228932,Complétée,New York,France
id_transaction_00000669,Dépôt,1853.1871047306279,MAD,-6.034815830339503,En attente,Johannesburg,Maroc
id_transaction_00000643,Retrait,938.6983424884515,GBP,-0.31840910711398873,Complétée,Pékin,USA
id_transaction_00000356,Virement,214.7889028071345,EUR,-5.648537199144614,Complétée,Pékin,UE
id_transaction_00000080,Virement International,1946.5117442632504,GBP,0.4895447281900811,Rejetée,Tokyo,Maroc
id_transaction_00000825,Carte,1453.6633828439776,JPY,2.7997042642109027,Complétée,Francfort,USA
id_transaction_00000398,Prélèvement,-1110.1421122333672,CNY,-15.835171804225805,Complétée,Johannesburg,Maroc
id_transaction_00000804,Retrait,394.68518173319893,GBP,-10.542375972555224,En cours,Francfort,USA
id_transaction_00000134,Carte,-1039.5804069465303,JPY,-3.274546578224869,En attente,Washington DC,Japon
id_transaction_00000006,Dépôt,1435.7357656358818,USD,23.78278717587939,En cours,Pékin,Maroc
id_transaction_00000622,Carte,29618.733851669727,USD,-2.2861759497793823,En attente,Pékin,Maroc
id_transaction_00000725,Retrait,297.9930300305206,GBP,-1.7851586059218718,Complétée,Washington DC,Royaume-Uni
id_transaction_00000855,Virement,-925.7901054325624,MAD,2.084853086592389,En attente,Johannesburg,Royaume-Uni
id_transaction_00000977,Retrait,135.71947585510435,USD,-6.187355817974962,Complétée,Pékin,USA
id_transaction_00000466,Carte,37367.49915008845,JPY,-3.2536774322914814,Complétée,Pékin,Royaume-Uni
id_transaction_00000136,Dépôt,640.0680535410079,ZAR,0.8459141572235724,Complétée,Tokyo,Maroc
id_transaction_00000509,Virement International,-1209.1559607009062,MAD,-9.867065081889997,Complétée,Paris,Maroc
id_transaction_00000343,Carte,176.6424739168994,MAD,8.152746175388062,Complétée,Tokyo,Royaume-Uni
id_transaction_00000174,Retrait,450.47922126193845,USD,1.9173732798538783,Complétée,Casablanca,Chine
id_transaction_00000765,Retrait,-6696.4290365792585,GBP,-8.223210955101564,Complétée,Rabat,USA
id_transaction_00000892,Dépôt,2281.113320771162,USD,9.954653466390232,Complétée,New York,Japon
id_transaction_00000069,Retrait,1459.5743511644314,JPY,2.340085978360271,Complétée,Paris,Maroc
id_transaction_00000417,Virement,921.7983646469688,MAD,3.848429206304382,Complétée,Pékin,Maroc
id_transaction_00000787,Virement,364.53423710379366,GBP,-6.42877607907086,Complétée,Tokyo,Royaume-Uni
id_transaction_00000566,Carte,-50.31746930824869,EUR,1.679173235007041,Complétée,Paris,Japon
id_transaction_00000044,Retrait,767.9234696827174,ZAR,11.716132549612327,Complétée,Pékin,Chine
id_transaction_00000163,Dépôt,569.410714734179,GBP,-2.799186237806352,En attente,Londres,Royaume-Uni
id_transaction_00000538,Retrait,660.0452203744736,MAD,4.842014271318033,Complétée,Francfort,Royaume-Uni
id_transaction_00000578,Dépôt,-591.0531206862655,EUR,-6.695495068554313,En attente,Rabat,France
id_transaction_00000659,Retrait,1847.457946881471,GBP,1.2707760049546173,Complétée,New York,Royaume-Uni
id_transaction_00000958,Virement,98.28989808410228,CNY,13.533217925153856,Complétée,Tokyo,USA
id_transaction_00000783,Virement,12914.709640342922,JPY,8.602553236753106,Complétée,Paris,USA
id_transaction_00000935,Prélèvement,492.38157249371284,CNY,-6.4000860142523335,Complétée,Pékin,Royaume-Uni
id_transaction_00000583,Carte,4871.07904946959,MAD,-7.792202560631375,Complétée,Rabat,USA
id_transaction_00000361,Virement,359.5765125685107,JPY,2.8897753637688908,Complétée,Casablanca,Chine
id_transaction_00000293,Virement,809.2536795694677,CNY,-3.750630483922097,Complétée,Francfort,USA
id_transaction_00000538,Dépôt,-830.4647185391512,USD,-1.9151818834713081,Complétée,New York,Maroc
id_transaction_00000290,Virement,-571.760659661993,USD,-5.223644033664317,Complétée,Pékin,USA
id_transaction_00000149,Prélèvement,-34.30565802523097,USD,-0.07771291238079048,Complétée,Washington DC,Maroc
id_transaction_00000584,Virement,1041.5520480762368,CNY,-5.229684100056006,Complétée,Pékin,Royaume-Uni
id_transaction_00000240,Carte,-177.23962152221975,JPY,-4.537320319110216,Complétée,Casablanca,Royaume-Uni
id_transaction_00000985,Carte,605.1209891730427,ZAR,10.05700838937273,Complétée,Washington DC,USA
id_transaction_00000280,Virement International,1010.425766383274,GBP,14.177557315603064,Complétée,Paris,Japon
id_transaction_00000586,Dépôt,701.9593753830277,USD,-2.58197133983613,En attente,New York,USA
id_transaction_00000314,Carte,279.35403569354963,USD,0.09108524633022164,Complétée,Casablanca,USA
id_transaction_00000085,Virement,7973.846583375691,EUR,-2.660206083970917,En cours,Francfort,Allemagne
id_transaction_00000631,Dépôt,115.35660070623823,GBP,-11.653166931199799,En attente,Washington DC,Japon
id_transaction_00000753,Dépôt,16.716112004058402,CNY,-7.735531965921369,Complétée,Tokyo,Maroc
id_transaction_00000008,Prélèvement,2452.3422195646285,USD,-9.320022672648136,Complétée,New York,Maroc
id_transaction_00000001,Virement International,-363.41576852240325,MAD,-9.170392980815144,Complétée,Pékin,Maroc
id_transaction_00000138,Virement,-752.0434514773618,EUR,-8.59682418741506,Complétée,Johannesburg,Allemagne
id_transaction_00000677,Dépôt,-2033.7603693528908,GBP,7.916354041570029,En cours,Tokyo,Royaume-Uni
id_transaction_00000858,Prélèvement,-366.7893614255686,GBP,-9.154091716516618,Complétée,Casablanca,Royaume-Uni
id_transaction_00000834,Virement International,-533.5811881248393,CNY,-8.999281818415394,En cours,Paris,Japon
id_transaction_00000970,Prélèvement,-323.12597236437784,USD,-2.864181841893454,Complétée,Paris,USA
id_transaction_00000935,Carte,1207.9221272748764,USD,2.057262149501602,Rejetée,Washington DC,France
id_transaction_00000897,Retrait,3848.3020125660796,ZAR,7.784204664659391,Complétée,Casablanca,Royaume-Uni
id_transaction_00000806,Carte,150.12115621430434,USD,-4.539365743949346,Complétée,Johannesburg,Maroc
id_transaction_00000060,Virement,3301.6602936860754,GBP,2.25577208328273,Complétée,Paris,UE
id_transaction_00000460,Carte,505.8820409610185,EUR,44.36350121263449,En cours,Francfort,USA
id_transaction_00000244,Carte,1227.6983882314928,USD,3.9717117767758694,En attente,Londres,France
id_transaction_00000547,Carte,2456.363389325311,EUR,-8.618975106189822,En cours,Tokyo,Japon
id_transaction_00000922,Retrait,1115.820292595099,MAD,-5.2414605759426385,Complétée,Casablanca,Royaume-Uni
id_transaction_00000755,Retrait,952.5540737081244,EUR,7.75079864788754,Complétée,New York,Japon
id_transaction_00000298,Retrait,10567.216023843808,USD,-7.109786299015915,Complétée,Tokyo,USA
id_transaction_00000715,Dépôt,-696.1197716038874,EUR,-12.693172761359598,Complétée,Paris,Chine
id_transaction_00000749,Virement International,471.52608358652316,USD,0.12034855123105181,Complétée,Casablanca,USA
id_transaction_00000497,Retrait,-28.608369943738523,EUR,2.2770060183594008,Complétée,Francfort,Royaume-Uni
id_transaction_00000529,Retrait,1617.6690824564735,CNY,16.04043324922255,Complétée,New York,Royaume-Uni
id_transaction_00000699,Prélèvement,739.6376061155046,ZAR,4.260836110429005,Complétée,Casablanca,Royaume-Uni
id_transaction_00000463,Virement,881.645447714481,MAD,3.196557646618136,Complétée,Casablanca,USA
id_transaction_00000604,Dépôt,5054.555325409412,CNY,-5.359760492508173,Complétée,Pékin,Maroc
id_transaction_00000491,Retrait,898.851816695706,USD,3.457692305597011,Complétée,Francfort,USA
id_transaction_00000359,Dépôt,538.5064488784133,USD,-12.744750338415287,Complétée,New York,Afrique du Sud
id_transaction_00000265,Dépôt,-693.271785636341,USD,1.1980644590778686,Complétée,Tokyo,Afrique du Sud
id_transaction_00000424,Retrait,4520.344079724344,USD,-8.204938426394136,Complétée,New York,Royaume-Uni
id_transaction_00000507,Virement International,-409.65942388942756,USD,-15.543937781712074,En attente,Washington DC,France
id_transaction_00000852,Virement International,-1392.188259764996,JPY,-10.57790583381033,Complétée,Londres,Afrique du Sud
id_transaction_00000614,Dépôt,1052.9864183127095,CNY,10.986413959527031,Complétée,Francfort,Japon
id_transaction_00000961,Virement,132.44954883598575,USD,3.2673509177177174,En attente,Tokyo,Maroc
id_transaction_00000117,Prélèvement,610.3870264026968,USD,-7.473592315515728,En attente,Paris,Royaume-Uni
id_transaction_00000963,Retrait,16599.92213394735,CNY,8.157328337916583,Complétée,Tokyo,Japon
id_transaction_00000792,Dépôt,-308.1631684718694,USD,-0.5403011230284633,Complétée,New York,Japon
id_transaction_00000399,Retrait,-5.586259705074951,EUR,3.0785554992124866,En cours,Casablanca,France
id_transaction_00000613,Retrait,557.157314335398,EUR,5.925300886448501,Complétée,Tokyo,USA
id_transaction_00000337,Virement International,6748.295832548398,EUR,0.2591257660513362,En cours,New York,Chine
id_transaction_00000246,Prélèvement,3183.6908288040936,JPY,-10.72215689011583,Complétée,Washington DC,Royaume-Uni
id_transaction_00000270,Carte,483.227179116749,GBP,-3.7145073392251637,Complétée,Francfort,UE
id_transaction_00000160,Dépôt,166.89941672957502,JPY,-11.439999789684865,En cours,Rabat,USA
id_transaction_00000081,Virement International,34.44224268248149,JPY,-10.302239488636651,En attente,Tokyo,Japon
id_transaction_00000318,Carte,5384.046810520218,JPY,6.538027577083511,Complétée,Londres,France
id_transaction_00000390,Prélèvement,793.1861643256048,USD,-6.330351157806464,Complétée,Tokyo,France
id_transaction_00000436,Retrait,7185.654315843161,CNY,19.09412225220669,En attente,Pékin,Afrique du Sud
id_transaction_00000598,Retrait,5094.018426775941,CNY,6.793721340849382,En attente,Tokyo,USA
id_transaction_00000466,Carte,4606.772448955113,JPY,0.22294299235982784,Complétée,Rabat,Japon
id_transaction_00000253,Virement International,27097.30473876634,ZAR,8.574442174482746,Complétée,Francfort,France
id_transaction_00000497,Carte,-172.34688599264223,GBP,-5.550243561885082,Complétée,Casablanca,Royaume-Uni
id_transaction_00000420,Carte,1034.0889560490095,JPY,9.407132521939804,Complétée,Francfort,UE
id_transaction_00000799,Retrait,866.1708951337355,MAD,-0.21732142553721268,Rejetée,Londres,Afrique du Sud
id_transaction_00000549,Dépôt,-312.3839725543655,CNY,7.102484158161307,Complétée,Londres,Japon
id_transaction_00000030,Virement International,226.1573530943475,JPY,1.987870786129526,Complétée,Rabat,Japon
id_transaction_00000314,Virement,528.6248039651831,CNY,-7.789928641493703,En cours,Londres,Japon
id_transaction_00000783,Prélèvement,1153.1229009487474,USD,11.493942388724976,Complétée,Francfort,Royaume-Uni
id_transaction_00000693,Carte,605.7597750214627,MAD,-8.981823050104527,Complétée,Johannesburg,USA
id_transaction_00000830,Virement,-373.72252650318296,USD,14.639302201898886,Complétée,Casablanca,Allemagne
id_transaction_00000816,Carte,2315.8427183327804,GBP,-5.218793540660207,Rejetée,Pékin,Maroc
id_transaction_00000616,Retrait,3367.6526236297436,GBP,-5.270862180024165,En cours,Washington DC,Japon
id_transaction_00000752,Retrait,5.225611994670203,EUR,-2.9124728090716685,En attente,Washington DC,USA
id_transaction_00000971,Carte,-323.3933049242088,MAD,1.722805123264572,Complétée,Pékin,Maroc
id_transaction_00000474,Prélèvement,477.5413250571013,CNY,-14.285517458514715,Complétée,Washington DC,Japon
id_transaction_00000830,Carte,121755.23279134574,MAD,-3.7561885075173036,Complétée,Francfort,Royaume-Uni
id_transaction_00000233,Retrait,-483.3589770331847,JPY,-9.579234421822953,Complétée,Casablanca,Japon
id_transaction_00000460,Virement International,223.4523044967945,MAD,-10.40992744850373,Complétée,Londres,Maroc
id_transaction_00000927,Retrait,-38.24352934204455,GBP,-2.209917981977365,Complétée,Tokyo,UE
id_transaction_00000864,Carte,943.8262424114511,CNY,1.7952039927327914,Complétée,Francfort,USA
id_transaction_00000226,Carte,13040.685249818212,JPY,5.6531449477884514,Complétée,Londres,Chine
id_transaction_00000374,Carte,1296.6699564067267,EUR,-7.880757129499597,Complétée,Londres,Japon
id_transaction_00000545,Carte,-478.8613661555214,MAD,-10.262597732175788,Complétée,Pékin,Maroc
id_transaction_00000261,Retrait,691.1165336001674,JPY,-12.158644423634744,Complétée,Pékin,Chine
id_transaction_00000427,Retrait,863.6572103516363,GBP,-3.376062185527421,Complétée,Tokyo,Royaume-Uni
id_transaction_00000832,Carte,285.10443415327666,USD,15.460884519509339,Complétée,Tokyo,USA
id_transaction_00000448,Carte,1178.1052081874968,CNY,14.691477071068306,Complétée,Tokyo,Japon
id_transaction_00000527,Carte,98.88653821510042,USD,1.1831734956636488,Complétée,Tokyo,USA
id_transaction_00000531,Prélèvement,-633.225780399196,EUR,-9.889272122071418,Rejetée,Casablanca,UE
id_transaction_00000223,Carte,-1013.5405278547977,CNY,-13.763973209087641,Complétée,Francfort,USA
id_transaction_00000766,Dépôt,431.1534839165135,JPY,-8.46755153367969,Complétée,New York,Japon
id_transaction_00000908,Retrait,42229.73295834403,EUR,5.54619282975779,Complétée,New York,USA
id_transaction_00000882,Dépôt,856.5248968827286,USD,7.573017556523151,Complétée,Casablanca,Allemagne
id_transaction_00000810,Virement,447.5554848240644,GBP,0.46773404544319064,Complétée,Tokyo,France
id_transaction_00000111,Dépôt,-1022.5017815864231,EUR,7.332043009634603,En attente,Tokyo,Maroc
id_transaction_00000828,Retrait,4696.3669486187355,USD,4.394784629398657,Rejetée,Casablanca,Maroc
id_transaction_00000781,Retrait,1793.36634279596,EUR,2.241045475416583,Complétée,Londres,Chine
id_transaction_00000377,Prélèvement,-34.08562931540206,USD,-1.987804486940182,En attente,New York,UE
id_transaction_00000803,Retrait,-877.6028889355081,GBP,-8.474413377811743,Complétée,Casablanca,Royaume-Uni
id_transaction_00000112,Prélèvement,-184.3348893410032,GBP,-4.352034492857132,Complétée,Londres,Royaume-Uni
id_transaction_00000549,Retrait,400.6673332510113,MAD,-3.774331756555818,Complétée,Johannesburg,Japon
id_transaction_00000835,Prélèvement,-2489.371518580526,USD,6.919445067239544,En attente,New York,France
id_transaction_00000919,Prélèvement,1200.6395021451199,JPY,5.565105023493683,En attente,Pékin,Chine
id_transaction_00000273,Prélèvement,256.8463257910159,USD,-5.074040398198702,Complétée,Paris,France
id_transaction_00000615,Prélèvement,-1647.9639625652517,USD,4.975460923355927,Complétée,Johannesburg,Allemagne
id_transaction_00000521,Dépôt,-2438.5231881966974,USD,4.849424113426494,Complétée,New York,USA
id_transaction_00000467,Dépôt,-438.3742544073739,GBP,-1.338649178282039,En attente,Washington DC,Afrique du Sud
id_transaction_00000893,Carte,-811.8019948568029,JPY,-16.815161802971524,Complétée,Tokyo,France
id_transaction_00000747,Carte,209.3285439339029,EUR,3.0165796777792355,Complétée,Johannesburg,Royaume-Uni
id_transaction_00000314,Dépôt,44713.491631162746,EUR,14.174927626833895,En cours,Tokyo,UE
id_transaction_00000734,Retrait,-795.8155387470678,USD,1.1878864411130454,Complétée,Casablanca,USA
id_transaction_00000095,Virement,-525.0722242323484,CNY,-12.504827316275616,Complétée,Washington DC,USA
id_transaction_00000506,Virement International,871.1283928082012,EUR,-3.4575745200278982,En attente,Pékin,USA
id_transaction_00000401,Prélèvement,-649.5123953083704,EUR,-2.927113481033868,En attente,New York,France
id_transaction_00000935,Dépôt,-282.6551673662469,USD,4.349407465610826,Complétée,Londres,Afrique du Sud
id_transaction_00000852,Dépôt,15631.28968654535,ZAR,-0.5955461337925296,Complétée,Tokyo,USA
id_transaction_00000853,Prélèvement,327.98816131357637,MAD,-7.458706112399395,Complétée,Tokyo,France
id_transaction_00000138,Retrait,324.8523263864437,USD,-2.2402390751769223,En cours,Rabat,Royaume-Uni
id_transaction_00000425,Carte,9989.265476864244,JPY,-5.366379811990021,En cours,Londres,Royaume-Uni
id_transaction_00000581,Retrait,129.52429733275687,ZAR,-2.9242998944410905,En attente,Rabat,USA
id_transaction_00000414,Carte,3574.10176200528,JPY,1.373325348524471,Complétée,Casablanca,USA
id_transaction_00000574,Prélèvement,2557.14420891159,MAD,0.3592959628460326,Complétée,Pékin,Royaume-Uni
id_transaction_00000753,Retrait,1497.8656177251578,ZAR,11.670557958733212,Complétée,Washington DC,USA
id_transaction_00000607,Carte,-224.6146595602803,JPY,-1.2650264111730616,Complétée,Tokyo,Maroc
id_transaction_00000882,Retrait,6765.864944972213,CNY,8.898623471377288,Rejetée,Paris,Maroc
id_transaction_00000823,Carte,1715.3437132524355,EUR,8.206729707212268,En attente,Londres,Royaume-Uni
id_transaction_00000312,Carte,19.195112457514597,CNY,-3.0131430876864167,En attente,Londres,USA
id_transaction_00000227,Prélèvement,7791.714096086215,USD,1.0834535228321949,Complétée,New York,Allemagne
id_transaction_00000611,Virement,-227.63498328577168,GBP,-6.526359179235368,Complétée,Pékin,France
id_transaction_00000760,Carte,-902.358518822933,MAD,-12.094221057461972,Complétée,Washington DC,France
id_transaction_00000023,Virement International,300.25043401152504,GBP,4.816008388152375,Complétée,Londres,Royaume-Uni
id_transaction_00000778,Carte,3524.651194610846,EUR,-1.1670980641408013,Complétée,Francfort,USA
id_transaction_00000206,Carte,-108.55168289605626,MAD,5.663511561239268,Complétée,Paris,Japon
id_transaction_00000866,Virement,-58.549229542913224,USD,-6.6273867307335825,En attente,Rabat,Afrique du Sud
id_transaction_00000065,Retrait,299.88903569432534,USD,16.468334922966964,En cours,Casablanca,Japon
id_transaction_00000341,Carte,389.7615312795561,ZAR,8.143409226897143,Complétée,Pékin,Chine
id_transaction_00000055,Retrait,-766.9703323152045,JPY,-6.408503223083227,Complétée,New York,Afrique du Sud
id_transaction_00000212,Carte,373.50995392949204,USD,10.833359859719856,Complétée,Casablanca,France
id_transaction_00000240,Carte,1205.732988710794,JPY,6.162292755164705,Rejetée,Francfort,Afrique du Sud
id_transaction_00000593,Dépôt,-433.03828722270464,MAD,-1.9373784008889805,Complétée,Rabat,Maroc
id_transaction_00000886,Carte,-63.56157955408321,MAD,12.700603742462981,Complétée,New York,Maroc
id_transaction_00000491,Retrait,2051.8808765916046,JPY,-10.125199500490556,Complétée,Tokyo,Japon
id_transaction_00000474,Virement,189.57318647892407,GBP,-7.522764689428883,Complétée,Paris,Maroc
id_transaction_00000435,Dépôt,733.62686228492,USD,4.750403434618082,En attente,New York,Japon
id_transaction_00000295,Virement,-528.1433357247813,GBP,7.6264296020590105,Complétée,Londres,Japon
id_transaction_00000720,Retrait,-2243.2935003854363,CNY,-12.98387763918197,Complétée,Washington DC,France
id_transaction_00000640,Virement International,313.7210569237149,EUR,-8.198289041873007,Complétée,Francfort,Chine
id_transaction_00000885,Carte,8262.292397305164,USD,-2.410394169327515,En attente,Paris,Maroc
id_transaction_00000460,Virement,696.396196816074,USD,10.986816329969418,Complétée,Francfort,USA
id_transaction_00000892,Virement,778.5687714425621,JPY,3.7901211943924977,Complétée,New York,Royaume-Uni
id_transaction_00000388,Virement International,425.4884220667122,USD,-13.313372430685561,Complétée,Washington DC,USA
id_transaction_00000757,Carte,740.3602866193393,CNY,6.6801587975776595,En attente,Tokyo,USA
id_transaction_00000441,Retrait,1758.565573906816,GBP,17.579745221420744,En cours,Pékin,Royaume-Uni
id_transaction_00000752,Carte,228.44235743955113,JPY,5.013415921500966,En cours,Tokyo,USA
id_transaction_00000578,Prélèvement,1109.2999484917236,JPY,11.801236153055001,En attente,Tokyo,Maroc
id_transaction_00000450,Virement,72.557803698888,CNY,-0.7609729994320906,Complétée,Johannesburg,USA
id_transaction_00000103,Carte,215.47287662402653,JPY,-6.738090214040613,Complétée,Francfort,Royaume-Uni
id_transaction_00000858,Retrait,1941.7406361450526,CNY,16.784792511270044,Complétée,Pékin,France
id_transaction_00000380,Carte,2568.4020578471545,EUR,3.331203173415136,Complétée,Londres,France
id_transaction_00000216,Retrait,-341.8879489693162,USD,-2.5841400313363145,Complétée,Johannesburg,Royaume-Uni
id_transaction_00000243,Dépôt,825.1194373123403,ZAR,-9.04433327761101,En attente,Tokyo,USA
id_transaction_00000071,Carte,604.1493053834981,JPY,-3.098222138013676,En cours,Paris,France
id_transaction_00000762,Virement,4051.94079116934,EUR,11.783703725397892,Complétée,Casablanca,UE
id_transaction_00000638,Retrait,-504.34880239042343,EUR,-9.100460697277992,Complétée,Paris,Japon
id_transaction_00000636,Virement,-270.40532830478196,MAD,-5.20345335545072,Complétée,Tokyo,USA
id_transaction_00000140,Retrait,58.744643291281136,CNY,-8.137030522168619,Complétée,New York,France
id_transaction_00000491,Retrait,648.1476827359771,GBP,3.1195296379975175,Complétée,Francfort,Royaume-Uni
id_transaction_00000865,Retrait,-724.912564440904,GBP,-10.287864391188108,Complétée,New York,UE
id_transaction_00000442,Virement,25881.22541923719,EUR,-0.19741335869286392,Complétée,Rabat,USA
id_transaction_00000017,Dépôt,-39.04866254678274,CNY,-11.08099415779036,Complétée,New York,Royaume-Uni
id_transaction_00000251,Retrait,-470.2707527153026,EUR,0.8766767054165827,Complétée,Tokyo,Maroc
id_transaction_00000528,Carte,1863.5471398307354,JPY,17.106964461372595,Complétée,Pékin,Chine
id_transaction_00000997,Carte,269.8160969329522,MAD,16.89006725065078,Complétée,New York,Royaume-Uni
id_transaction_00000635,Prélèvement,638.225409871661,ZAR,2.3235409367015714,Complétée,Londres,France
id_transaction_00000542,Virement,1449.520076558293,CNY,5.652259814241349,Complétée,Paris,USA
id_transaction_00000804,Virement International,1937.1084201821795,JPY,13.851223361895954,Complétée,Pékin,Japon
id_transaction_00000196,Virement International,912.9277314659607,JPY,-4.918408722357111,Complétée,Paris,Japon
id_transaction_00000692,Carte,-762.7097341592206,JPY,-0.4931310807314677,En attente,Londres,Maroc
id_transaction_00000113,Retrait,1329.4807893603556,MAD,11.960749225467856,Complétée,Casablanca,Maroc
id_transaction_00000394,Retrait,36.775189595792654,GBP,-10.431945078937677,En attente,Tokyo,Maroc
id_transaction_00000294,Retrait,357.73076668379457,EUR,11.370092966992033,Complétée,Tokyo,Maroc
id_transaction_00000671,Prélèvement,152.90213484604618,ZAR,-12.670112876230554,Complétée,Londres,France
id_transaction_00000761,Virement,12508.638446353232,GBP,-4.49071650171969,Complétée,Rabat,USA
id_transaction_00000682,Carte,-589.6408181793341,EUR,-16.176065254289053,Complétée,Rabat,Royaume-Uni
id_transaction_00000238,Carte,-173.7210589641794,GBP,-10.384635735292012,Complétée,Tokyo,Maroc
id_transaction_00000832,Retrait,183.4925320484184,GBP,-3.843810057999817,Complétée,Londres,Maroc
id_transaction_00000028,Dépôt,1511.8248986983126,USD,14.6906903692071,Rejetée,Pékin,Maroc
id_transaction_00000339,Retrait,1418.1636627963767,JPY,10.84831471134255,Rejetée,Washington DC,Chine
id_transaction_00000427,Virement International,43.38979300747803,USD,10.04960938320551,Complétée,Pékin,Allemagne
id_transaction_00000453,Carte,1704.4055302085362,JPY,13.09916995521229,Rejetée,Pékin,Japon
id_transaction_00000310,Dépôt,1036.7826044961325,CNY,13.759174233295226,Complétée,New York,Maroc
id_transaction_00000137,Retrait,-1823.881555983111,USD,-12.837104126080735,En attente,New York,Maroc
id_transaction_00000708,Carte,5273.823386591025,CNY,16.7916543554021,Complétée,Casablanca,Royaume-Uni
id_transaction_00000209,Retrait,24444.13388729332,USD,87.56694699691066,Complétée,New York,Japon
id_transaction_00000992,Virement,3776.4498588482206,USD,1.2624186756602938,Complétée,Johannesburg,France
id_transaction_00000704,Dépôt,850.8135957131013,MAD,-2.8053460632711795,Complétée,Pékin,Maroc
id_transaction_00000104,Virement International,15536.197502767436,CNY,15.049455480787355,En attente,New York,Japon
id_transaction_00000337,Carte,1296.4838378217764,MAD,5.586900297907943,En attente,Pékin,Chine
id_transaction_00000811,Dépôt,2738.7267337872568,EUR,-1.0171241276080334,Complétée,Johannesburg,Maroc
id_transaction_00000690,Prélèvement,2450.8253186036127,JPY,-1.100126685888906,Complétée,Tokyo,Maroc
id_transaction_00000341,Prélèvement,413.31680419870116,EUR,2.651494393857987,En attente,Pékin,Chine
id_transaction_00000819,Prélèvement,-1166.1557545842597,EUR,-3.2859662823120255,Complétée,Pékin,France
id_transaction_00000007,Retrait,-759.2714178213554,MAD,-8.49405987881434,Complétée,Paris,UE
id_transaction_00000907,Dépôt,1832.1511642564606,JPY,13.619639379485044,Complétée,Johannesburg,Royaume-Uni
id_transaction_00000211,Retrait,-927.2318276825396,JPY,12.350722849990463,Complétée,Paris,UE
id_transaction_00000259,Prélèvement,742.2313435668377,GBP,-1.9346510007421447,Complétée,Johannesburg,Allemagne
id_transaction_00000945,Carte,9319.370605340446,JPY,16.905410442364197,En attente,Pékin,Maroc
id_transaction_00000130,Virement International,-241.8812192980581,CNY,-7.097022687672868,En attente,Paris,UE
id_transaction_00000195,Dépôt,111185.19997543948,USD,2.915479719644753,Rejetée,Rabat,Afrique du Sud
id_transaction_00000147,Retrait,-1229.4857773490344,USD,-9.94664022569276,En attente,Washington DC,Japon
id_transaction_00000569,Retrait,682.245319766336,JPY,9.769281453691207,En cours,Francfort,USA
id_transaction_00000741,Retrait,-71.81482394320847,EUR,3.9952790094427924,Complétée,Tokyo,Japon
id_transaction_00000684,Virement,4392.136473909669,CNY,1.5900118534293175,Complétée,Paris,Maroc
id_transaction_00000293,Retrait,-133.2953900455102,CNY,0.48594193431616084,Complétée,New York,Afrique du Sud
id_transaction_00000792,Retrait,22446.31085976451,USD,12.798698950463255,En attente,Francfort,Maroc
id_transaction_00000308,Dépôt,1136.6884131205816,ZAR,8.329081388904996,En attente,Washington DC,Royaume-Uni
id_transaction_00000031,Virement,1407.1397753957635,GBP,-2.3543970314974185,Complétée,Johannesburg,Royaume-Uni
id_transaction_00000775,Prélèvement,103.93945650352242,EUR,-3.1831428458007194,Complétée,Londres,Maroc
id_transaction_00000969,Retrait,1634.2636756231072,EUR,-0.7493648877654353,Complétée,Casablanca,Royaume-Uni
id_transaction_00000907,Retrait,-769.8251312758772,MAD,-4.679345560340896,Complétée,Londres,France
id_transaction_00000131,Retrait,2236.186230982047,USD,6.230470618388774,Complétée,Tokyo,Maroc
id_transaction_00000386,Carte,1956.6264067630077,GBP,5.504927091409477,En attente,Londres,Royaume-Uni
id_transaction_00000626,Retrait,223.2380242499159,JPY,-1.750070700744205,Complétée,Casablanca,UE
id_transaction_00000197,Retrait,553.4861078276685,MAD,13.307748169564864,Complétée,Paris,Maroc
id_transaction_00000855,Carte,1322.9355158957678,EUR,12.91464828204095,Complétée,New York,Japon
id_transaction_00000466,Dépôt,-150.9437906659923,EUR,-4.981350884261274,Rejetée,Tokyo,UE
id_transaction_00000787,Carte,2858.772095785439,JPY,1.7776517722581557,Complétée,Johannesburg,Japon
id_transaction_00000219,Carte,-428.54953121736617,EUR,4.143105675815863,En attente,Londres,Japon
id_transaction_00000857,Carte,70.73203767160408,ZAR,2.2251285425368765,Complétée,Londres,Japon
id_transaction_00000486,Prélèvement,428.9568138014357,USD,7.015600704393158,Complétée,New York,France
id_transaction_00000321,Virement,994.121809309778,EUR,11.531175935539379,Complétée,Francfort,Maroc
id_transaction_00000488,Prélèvement,1077.1808666015436,USD,-3.274225884472531,Complétée,New York,France
id_transaction_00000200,Retrait,1210.463451131363,MAD,-0.2677535245962712,Complétée,Paris,USA
id_transaction_00000237,Dépôt,2984.381576545791,GBP,4.236821221854277,Complétée,Pékin,Maroc
id_transaction_00000398,Dépôt,33303.1697168401,USD,4.181343645484268,Complétée,Londres,Royaume-Uni
id_transaction_00000405,Prélèvement,7442.299754863681,GBP,2.955367257801745,Complétée,Casablanca,Afrique du Sud
id_transaction_00000639,Carte,374.39390107744134,EUR,3.7104572334528587,Complétée,Paris,Japon
id_transaction_00000312,Virement,3522.9824867913594,ZAR,-11.765085042093808,En attente,Paris,Maroc
id_transaction_00000892,Virement,865.3797363069439,USD,0.8498366426818551,Complétée,Londres,USA
id_transaction_00000193,Virement International,715.6831222834314,MAD,-7.7144233018417045,En attente,Paris,UE
id_transaction_00000895,Carte,-555.2221962682746,JPY,-9.960551319368392,En attente,Londres,UE
id_transaction_00000259,Virement,2356.6342502444504,GBP,3.0089652054971636,En attente,New York,Japon
id_transaction_00000078,Retrait,-213.05904901431006,EUR,-3.610274854539525,Complétée,Francfort,USA
id_transaction_00000011,Virement,286.5017364622739,MAD,16.65012418515159,Complétée,New York,Maroc
id_transaction_00000164,Virement International,-12.86377508998703,JPY,-9.060176551144476,Complétée,Paris,Japon
id_transaction_00000384,Virement International,396.88190013735266,MAD,7.0133320466373625,En attente,Paris,Royaume-Uni
id_transaction_00000179,Carte,-650.2889991043922,MAD,-1.7356695469282828,Complétée,Johannesburg,Royaume-Uni
id_transaction_00000981,Retrait,-1114.7190500474653,ZAR,-2.6011798934331924,Complétée,Casablanca,UE
id_transaction_00000738,Dépôt,-883.6949435164439,ZAR,-4.582427899712488,Complétée,Casablanca,USA
id_transaction_00000066,Virement International,1051.43464299763,USD,-2.377878328260395,Complétée,New York,Afrique du Sud
id_transaction_00000441,Retrait,2102.80535795548,CNY,0.03160958345523568,Rejetée,Casablanca,Japon
id_transaction_00000808,Retrait,71.02299533239056,GBP,-11.005813520562604,Complétée,Londres,USA
id_transaction_00000472,Retrait,47678.26958886934,USD,-1.5872900596454196,Complétée,Rabat,Japon
id_transaction_00000092,Carte,1360.7972542080315,MAD,9.039834952211411,Complétée,Londres,Royaume-Uni
id_transaction_00000437,Retrait,127775.72402491358,GBP,11.001190926333976,Complétée,New York,Chine
id_transaction_00000411,Dépôt,4091.2934333138865,CNY,8.38260417400221,Rejetée,New York,Royaume-Uni
id_transaction_00000780,Dépôt,-447.41076074489445,GBP,-1.035113042778236,Complétée,Londres,USA
id_transaction_00000420,Retrait,739.0419337392118,JPY,5.3001473794606175,Complétée,Casablanca,Maroc
id_transaction_00000422,Retrait,1711.969733247388,MAD,6.236244233369829,Complétée,Paris,USA
id_transaction_00000349,Carte,-653.2154893336441,GBP,5.87485262743083,Complétée,Casablanca,Royaume-Uni
id_transaction_00000535,Carte,16466.799926677733,EUR,-7.574689016604288,Complétée,Pékin,Royaume-Uni
id_transaction_00000715,Carte,244.0328857441965,JPY,2.230092029980287,En cours,Tokyo,Japon
id_transaction_00000977,Carte,-647.6008087938081,GBP,-9.370975899054741,Complétée,Casablanca,Chine
id_transaction_00000111,Virement International,1005.9691398341562,ZAR,5.987424214480728,En attente,Casablanca,USA
id_transaction_00000025,Carte,1552.8510400566133,JPY,11.970480276515358,En cours,Pékin,USA
id_transaction_00000925,Retrait,-1092.9888536303765,USD,-11.431608637221352,Complétée,Tokyo,Japon
id_transaction_00000563,Carte,19344.536383305945,USD,5.100655270171612,Complétée,Paris,USA
id_transaction_00000797,Carte,1499.90990276493,USD,58.24279090973024,Complétée,Paris,Chine
id_transaction_00000344,Retrait,7042.557425185708,USD,1.7754773182921086,Complétée,Washington DC,USA
id_transaction_00000911,Dépôt,611.2347795246626,GBP,-1.932782458550789,En attente,Pékin,UE
id_transaction_00000983,Retrait,288.53988593721374,JPY,-0.883773151294104,Complétée,New York,Japon
id_transaction_00000680,Carte,1235.9381614751185,CNY,15.013417520368385,Rejetée,Pékin,USA
id_transaction_00000302,Retrait,73.307581334475,GBP,2.9515256974075292,Complétée,New York,USA
id_transaction_00000767,Dépôt,1780.494276169085,USD,12.24164087446869,En attente,Paris,Japon
id_transaction_00000135,Virement,-393.6774581615256,GBP,7.335792120033028,Complétée,New York,Royaume-Uni
id_transaction_00000785,Dépôt,328.27661028107997,CNY,-2.3585154407950206,En attente,Johannesburg,Royaume-Uni
id_transaction_00000606,Carte,4059.4168524171328,GBP,-14.275211163048954,Complétée,Londres,Royaume-Uni
id_transaction_00000355,Virement International,-955.215422745055,JPY,-5.018162518357756,En attente,Francfort,Chine
id_transaction_00000525,Carte,2770.85273200918,MAD,-5.2417542111596225,Complétée,Londres,USA
id_transaction_00000985,Retrait,3132.1393908163814,USD,-1.1382140798189084,Rejetée,Casablanca,Afrique du Sud
id_transaction_00000242,Virement International,-414.1459347038493,USD,-5.091301739418287,En attente,Tokyo,Afrique du Sud
id_transaction_00000474,Retrait,-179.5532907617985,USD,-12.593777741494382,Complétée,New York,Royaume-Uni
id_transaction_00000712,Retrait,94.99728689468816,EUR,4.0048653724887515,Complétée,Casablanca,France
id_transaction_00000246,Prélèvement,738.3928800133671,ZAR,-4.587005803027112,Complétée,Londres,Royaume-Uni
id_transaction_00000810,Retrait,-508.93108221049556,EUR,-1.5002272178095577,Complétée,Pékin,Japon
id_transaction_00000645,Retrait,-598.4949221099731,MAD,10.289884166304777,Complétée,Francfort,Royaume-Uni
id_transaction_00000845,Prélèvement,3325.1029809774473,ZAR,1.2031281633188842,En cours,Londres,Japon
id_transaction_00000053,Prélèvement,1778.2964665228415,MAD,20.769130774866774,Complétée,Johannesburg,Afrique du Sud
id_transaction_00000770,Carte,1404.8383772858497,CNY,19.347414195146946,Rejetée,Casablanca,Japon
id_transaction_00000930,Dépôt,317.46697409470437,CNY,2.3061367865453977,Rejetée,Rabat,USA
id_transaction_00000916,Carte,1121.0805426516147,CNY,14.325040363631345,Rejetée,Pékin,Maroc
id_transaction_00000908,Prélèvement,2994.1970480641357,GBP,-5.685855930236982,Complétée,Francfort,Maroc
id_transaction_00000692,Dépôt,1344.4352318522092,JPY,9.131910137179517,Complétée,Francfort,Maroc
id_transaction_00000288,Retrait,5099.741802533071,USD,2.8350061322514573,Complétée,New York,Allemagne
id_transaction_00000361,Virement International,2653.43472647276,GBP,-4.222054308530667,En attente,Washington DC,Royaume-Uni
id_transaction_00000452,Virement,823.1181592916778,GBP,10.688016440320455,Complétée,Francfort,Royaume-Uni
id_transaction_00000011,Prélèvement,922.1974666874925,JPY,12.583773004150345,En attente,New York,Japon
id_transaction_00000227,Retrait,1694.0694454321738,USD,13.57073608767346,Complétée,Pékin,Chine
id_transaction_00000299,Prélèvement,256.66672987278025,ZAR,-2.564484009737944,Complétée,Paris,Japon
id_transaction_00000422,Carte,626.2929943535805,CNY,4.999532591010047,Rejetée,Casablanca,UE
id_transaction_00000484,Retrait,-360.30346938970683,EUR,-1.6748910656844247,Complétée,New York,Japon
id_transaction_00000841,Retrait,1205.9013780295404,GBP,9.560419124717424,Complétée,Londres,Royaume-Uni
id_transaction_00000752,Prélèvement,-750.6147358506261,USD,2.6659200081300156,Complétée,Tokyo,Maroc
id_transaction_00000208,Retrait,5645.776792729797,JPY,7.418188867772375,En attente,Johannesburg,Chine
id_transaction_00000574,Carte,249.8932017833675,JPY,15.02095783222023,En attente,Paris,Japon
id_transaction_00000705,Carte,1288.6207921298846,CNY,-5.174514752974132,En attente,Johannesburg,USA
id_transaction_00000187,Dépôt,62.55300071329191,ZAR,4.635070311074664,Complétée,Tokyo,Royaume-Uni
id_transaction_00000552,Dépôt,835.7413581185017,USD,3.6089748229645133,En cours,Casablanca,Maroc
id_transaction_00000733,Carte,-59.606056391442394,JPY,3.5382857773344423,Complétée,Tokyo,USA
id_transaction_00000592,Dépôt,241.89397364932617,GBP,-6.689712559332469,Complétée,Pékin,Japon
id_transaction_00000403,Dépôt,-187.0904353790861,GBP,-2.4568541756134747,En attente,Londres,Afrique du Sud
id_transaction_00000291,Virement,276.6950909301638,EUR,-2.615780478676349,Complétée,Paris,Maroc
id_transaction_00000465,Prélèvement,262.69760300123806,MAD,-4.212587829828842,Complétée,Paris,Allemagne
id_transaction_00000681,Retrait,-764.8130135258367,GBP,-9.65023301208663,Complétée,New York,Maroc
id_transaction_00000192,Carte,1355.2139289206516,MAD,5.3185070811230855,Complétée,Tokyo,Afrique du Sud
id_transaction_00000344,Virement International,-30.86912235602381,USD,-5.539609557491153,Complétée,Paris,Maroc
id_transaction_00000902,Dépôt,1049.4316617286859,GBP,9.527445793969235,Complétée,New York,Chine
id_transaction_00000215,Retrait,551.430954902554,CNY,-2.6213630553869685,Rejetée,New York,Allemagne
id_transaction_00000258,Retrait,386.56923270413444,MAD,-10.487273770727743,Complétée,Pékin,Maroc
id_transaction_00000039,Prélèvement,-668.7039001617715,JPY,17.381611601714624,Complétée,Paris,Afrique du Sud
id_transaction_00000807,Carte,-734.1416926749954,GBP,-5.996558067853571,Complétée,New York,Royaume-Uni
id_transaction_00000221,Dépôt,804.8247695151136,EUR,-15.194794484869934,Complétée,New York,UE
id_transaction_00000423,Dépôt,1388.4189090107125,GBP,4.593939395636879,Complétée,Pékin,Chine
id_transaction_00000799,Carte,626.1092951553937,GBP,-0.20507743828975133,Complétée,Pékin,Maroc
id_transaction_00000574,Prélèvement,501.886365655649,MAD,-9.559409534920619,Complétée,Rabat,Royaume-Uni
id_transaction_00000300,Virement International,152.63087320211127,MAD,0.9757329925058933,Complétée,Johannesburg,Royaume-Uni
id_transaction_00000033,Prélèvement,-510.0438452809992,USD,4.622807407906653,Complétée,Tokyo,Royaume-Uni
id_transaction_00000809,Carte,1116.0373793306235,MAD,4.068151653821692,Complétée,Londres,France
id_transaction_00000187,Carte,1801.229311067475,USD,-5.619055421625004,En cours,Tokyo,Royaume-Uni
id_transaction_00000320,Virement,2459.5041077085207,ZAR,-1.801200809798586,Complétée,Pékin,USA
id_transaction_00000734,Retrait,905.6690679427106,USD,-1.3436625235822586,En cours,Casablanca,Royaume-Uni
id_transaction_00000202,Carte,179.33052874182488,CNY,-6.1925821239700936,Complétée,Londres,Afrique du Sud
id_transaction_00000946,Virement,65.76288823048498,USD,-3.320468325983825,Complétée,Johannesburg,Maroc
id_transaction_00000931,Retrait,9908.40631760458,USD,18.256377402300075,En attente,Pékin,France
id_transaction_00000665,Virement,-978.1553899643208,USD,5.424975320354213,En cours,Johannesburg,USA
id_transaction_00000961,Dépôt,-204.06976910641492,MAD,-1.2121029225255286,Complétée,New York,Maroc
id_transaction_00000683,Dépôt,289.07383491839346,CNY,1.8356296950929258,Complétée,Johannesburg,Maroc
id_transaction_00000245,Virement,-357.8703017991003,USD,-8.67488004456612,En attente,Casablanca,USA
id_transaction_00000589,Virement International,397.779267722339,JPY,-7.817484252163335,Complétée,Londres,USA
id_transaction_00000749,Virement International,-1061.5712003507,MAD,3.8485175223572714,En attente,Washington DC,Royaume-Uni
id_transaction_00000772,Virement International,8202.164252497201,JPY,-13.44059164223799,Complétée,Francfort,France
id_transaction_00000172,Virement,681.4677482156087,CNY,-2.0585365005222274,En attente,Pékin,Maroc
id_transaction_00000462,Prélèvement,985.1259099596977,GBP,9.924955220587794,Complétée,Johannesburg,Royaume-Uni
id_transaction_00000280,Dépôt,-338.0998473707166,JPY,3.0888189519972684,Complétée,Pékin,Japon
id_transaction_00000802,Carte,395.2959317278024,MAD,6.705694789233545,Complétée,Johannesburg,Maroc
id_transaction_00000906,Retrait,807.6286258680921,USD,2.647859530608833,En cours,Londres,USA
id_transaction_00000017,Carte,1089.5394038715235,USD,10.532034005687244,Complétée,Pékin,USA
id_transaction_00000771,Virement,622.8471295290128,MAD,-0.40181854559314,Complétée,New York,Japon
id_transaction_00000795,Retrait,21841.515331903192,USD,4.943735542279921,Complétée,Casablanca,Royaume-Uni
id_transaction_00000216,Carte,-1247.4138590793887,JPY,-14.253654529883995,Complétée,Francfort,Japon
id_transaction_00000619,Virement,-24.370881770120604,MAD,-5.544927060772106,Complétée,Washington DC,Royaume-Uni
id_transaction_00000233,Dépôt,1345.8120758267332,USD,8.766647970610496,En attente,New York,Japon
id_transaction_00000686,Virement International,1405.0829482550087,JPY,-3.6249385763651736,Complétée,Paris,Royaume-Uni
id_transaction_00000590,Virement,-803.8791032139267,CNY,1.4445073355277644,Complétée,Casablanca,Maroc
id_transaction_00000919,Virement,-308.44490122171726,GBP,-10.28311211064565,Complétée,Washington DC,Royaume-Uni
id_transaction_00000651,Carte,818.0745701586161,JPY,-7.039501252351191,En cours,Tokyo,USA
id_transaction_00000781,Dépôt,605.9211481185949,CNY,-4.513845536439082,Complétée,Johannesburg,Chine
id_transaction_00000686,Virement,-423.0039096533103,MAD,5.67381982972323,Complétée,Francfort,USA
id_transaction_00000356,Carte,1077.7633775138424,CNY,9.84909310913632,Complétée,Tokyo,Royaume-Uni
id_transaction_00000538,Retrait,1237.6865458361553,JPY,17.896928379338487,En attente,Pékin,Japon
id_transaction_00000835,Retrait,874.3941778371805,MAD,81.80937503996537,Complétée,Casablanca,Maroc
id_transaction_00000765,Retrait,1238.8184843566396,ZAR,-9.524170302378565,Complétée,Tokyo,Chine
id_transaction_00000643,Retrait,143.95398451313235,GBP,51.13853893461391,Complétée,Casablanca,Maroc
id_transaction_00000143,Prélèvement,1622.0754631812847,USD,9.5751444798736,En attente,Paris,France
id_transaction_00000507,Dépôt,1917.3484175046146,USD,5.20196803632698,Complétée,Pékin,France
id_transaction_00000608,Retrait,932.1003070373233,JPY,11.457578723713791,En attente,Londres,Chine
id_transaction_00000697,Carte,3796.2124988843143,CNY,10.014240870994549,Complétée,Casablanca,France
id_transaction_00000244,Retrait,483.7349600106936,JPY,1.2504630622479418,Complétée,Pékin,Japon
id_transaction_00000223,Prélèvement,764.3356352428616,USD,-5.337043348826939,Complétée,Johannesburg,Maroc
id_transaction_00000672,Retrait,85.53005229287015,USD,-0.4203195685991066,Complétée,Casablanca,Maroc
id_transaction_00000026,Virement International,-450.529485768835,USD,-17.4877207403745,En attente,New York,Afrique du Sud
id_transaction_00000901,Virement International,2479.547725324966,EUR,-10.757469280920134,Complétée,Pékin,France
id_transaction_00000988,Prélèvement,506.52413169175765,JPY,0.4864916234510277,Complétée,Londres,Royaume-Uni
id_transaction_00000007,Prélèvement,1123.008770003069,MAD,5.287457914846283,Complétée,Pékin,Maroc
id_transaction_00000590,Prélèvement,85.46416755252375,GBP,10.28918465305749,En attente,Paris,Royaume-Uni
id_transaction_00000064,Dépôt,177.17433254791536,ZAR,-4.902339961029031,Complétée,Paris,Allemagne
id_transaction_00000085,Carte,13427.344730468725,GBP,-9.156875739154103,Complétée,New York,Royaume-Uni
id_transaction_00000271,Virement International,1440.8620784411646,ZAR,5.841883555896539,Complétée,Pékin,Chine
id_transaction_00000345,Carte,1144.986716168792,USD,-5.482051041954363,Complétée,Pékin,Maroc
id_transaction_00000245,Virement International,734.1296108543962,EUR,-0.052170156091067454,En attente,Washington DC,Afrique du Sud
id_transaction_00000501,Retrait,223.17370727219233,EUR,3.4660969873282035,Complétée,Washington DC,Royaume-Uni
id_transaction_00000382,Virement International,185.63957328281447,MAD,-9.20969901100403,Complétée,Rabat,USA
id_transaction_00000021,Virement,-392.10528257725525,MAD,-3.166388601577018,En cours,Francfort,Allemagne
id_transaction_00000166,Dépôt,1281.1456999443099,MAD,-3.317426339416369,Complétée,New York,Afrique du Sud
id_transaction_00000386,Retrait,-846.2240232644255,USD,-9.076752409468437,Complétée,Washington DC,Allemagne
id_transaction_00000538,Virement,1247.1564514409604,EUR,11.380698409598644,Complétée,Francfort,Allemagne
id_transaction_00000551,Retrait,490.54320146139054,GBP,-4.530808231601804,En attente,Londres,Royaume-Uni
id_transaction_00000028,Virement,684.8746125255471,CNY,79.68549449519355,Rejetée,Washington DC,Royaume-Uni
id_transaction_00000268,Dépôt,231.39398993605033,GBP,-4.401359196302647,En attente,New York,Allemagne
id_transaction_00000871,Retrait,-1695.7287338097003,MAD,-8.613961259805613,Complétée,Francfort,Royaume-Uni
id_transaction_00000538,Dépôt,1246.0753221247796,GBP,-7.269264295549607,Complétée,Washington DC,France
id_transaction_00000601,Dépôt,10589.79543223305,CNY,-4.7457331757467385,Complétée,Tokyo,Royaume-Uni
id_transaction_00000932,Dépôt,13962.45500227358,USD,1.0930700761884324,Complétée,New York,Chine
id_transaction_00000544,Dépôt,1092.167670810747,USD,5.2932545111832106,Complétée,Londres,Maroc
id_transaction_00000647,Retrait,1820.5139526337275,EUR,10.974483149772087,Complétée,Casablanca,UE
id_transaction_00000297,Carte,4311.811790233968,EUR,2.942045438896035,En cours,Francfort,Royaume-Uni
id_transaction_00000287,Carte,723.7828420660858,CNY,-2.0883580129857204,En cours,Pékin,Japon
id_transaction_00000297,Virement,578.8571716424713,CNY,-8.764040925059856,Complétée,Londres,Allemagne
id_transaction_00000980,Dépôt,4939.100387645724,USD,13.73827201581863,En cours,Casablanca,USA
id_transaction_00000828,Carte,1363.0894392931496,MAD,2.3057356688129813,Complétée,Paris,Maroc
id_transaction_00000700,Prélèvement,-210.44298298726835,GBP,52.393722808823895,Complétée,Washington DC,Japon
id_transaction_00000809,Retrait,192.924288762735,USD,0.12953442289957984,Complétée,Casablanca,France
id_transaction_00000853,Carte,-328.72013650445865,EUR,6.541849219389203,En attente,Washington DC,Royaume-Uni
id_transaction_00000140,Virement International,3086.8677012743474,EUR,11.635499116426852,Complétée,Francfort,UE
id_transaction_00000725,Virement,-311.2649384333706,USD,-3.2253321132567185,Complétée,Casablanca,USA
id_transaction_00000318,Virement,-604.9132230634623,USD,-8.183798695107217,Complétée,Washington DC,Japon
id_transaction_00000246,Retrait,-637.6830263113253,GBP,-0.4081412233540762,En attente,Pékin,Japon
id_transaction_00000358,Virement,-605.8635612779495,USD,-11.893815522954135,Complétée,Rabat,Royaume-Uni
id_transaction_00000125,Carte,1583.3233131196398,EUR,2.539330751809842,En cours,Washington DC,Maroc
id_transaction_00000293,Virement,286.81292766535535,JPY,11.335610872355891,Complétée,Francfort,Royaume-Uni
id_transaction_00000216,Dépôt,-409.6204040197042,MAD,7.125281725822619,En attente,Rabat,Royaume-Uni
id_transaction_00000376,Dépôt,851.4078745226182,MAD,7.066174234407837,Complétée,Londres,Maroc
id_transaction_00000353,Dépôt,-1224.4359237519411,GBP,-8.150568809357157,Complétée,Paris,USA
id_transaction_00000507,Carte,1598.831455061828,CNY,-6.900592753526044,Complétée,Pékin,Afrique du Sud
id_transaction_00000692,Dépôt,4977.764131812843,USD,15.561308765885968,En cours,Johannesburg,Chine
id_transaction_00000943,Dépôt,227.64800502223153,EUR,15.587662777152307,Complétée,Tokyo,Royaume-Uni
id_transaction_00000117,Carte,-375.5096055253513,JPY,6.327724506373149,Complétée,Paris,USA
id_transaction_00000135,Retrait,-115.31485601012093,MAD,0.9164422296224899,En attente,New York,USA
id_transaction_00000419,Virement,-959.1737717514358,JPY,-5.864652718845103,En attente,Washington DC,USA
id_transaction_00000002,Retrait,1332.691799473007,USD,-3.2621768188964113,Complétée,Francfort,Maroc
id_transaction_00000627,Virement International,-637.9611203034805,USD,-10.27047176596366,En attente,New York,Maroc
id_transaction_00000596,Dépôt,-198.80286089752587,USD,1.5241067819039453,En cours,New York,Royaume-Uni
id_transaction_00000950,Virement International,-727.1408002950865,CNY,0.7692803764305349,Complétée,New York,Japon
id_transaction_00000058,Virement,-294.3368182850537,GBP,-13.422895360116797,En attente,Londres,USA
id_transaction_00000753,Retrait,800.2656383875956,JPY,-4.02174999298841,En attente,Washington DC,Royaume-Uni
id_transaction_00000927,Prélèvement,1354.5596493193975,JPY,620.7312955005598,Complétée,Rabat,USA
id_transaction_00000551,Carte,889.1450047390092,GBP,-9.317070285790674,Complétée,New York,USA
id_transaction_00000093,Retrait,1056.457483469807,USD,-3.9143837290416448,Complétée,New York,Chine
id_transaction_00000975,Retrait,124.47861784953153,USD,-7.148936993168511,Complétée,New York,Royaume-Uni
id_transaction_00000458,Virement,-152.45159120725668,MAD,-11.24936639511155,Complétée,Francfort,Royaume-Uni
id_transaction_00000009,Prélèvement,-296.5343956701679,EUR,-11.11129671088236,Complétée,Tokyo,Maroc
id_transaction_00000789,Carte,957.3864987644588,GBP,14.216270062350127,Rejetée,Pékin,USA
id_transaction_00000151,Virement International,-413.30747202705584,EUR,-1.799466057032033,Complétée,New York,Japon
id_transaction_00000718,Carte,331.0604921769381,CNY,-8.725710004311672,En attente,Pékin,Maroc
id_transaction_00000005,Retrait,2532.9706747442556,USD,5.950786519163589,En attente,Tokyo,Chine
id_transaction_00000676,Virement,2758.2580486201214,GBP,0.7859128572451457,Complétée,Francfort,USA
id_transaction_00000713,Prélèvement,598.4891984377887,USD,9.94328086419795,Complétée,New York,Royaume-Uni
id_transaction_00000333,Dépôt,700.2955514956111,GBP,-10.40029761642181,Complétée,Pékin,Maroc
id_transaction_00000852,Virement International,-311.0062769557005,JPY,-13.624056529278583,Complétée,Pékin,France
id_transaction_00000955,Prélèvement,-732.5812849879434,ZAR,-9.956939505982685,Complétée,Rabat,USA
id_transaction_00000827,Carte,22223.404981427182,USD,-6.7377855549758925,Rejetée,Paris,Japon
id_transaction_00000947,Retrait,721.158233239649,USD,8.772081725376669,Complétée,Francfort,Royaume-Uni
id_transaction_00000648,Retrait,-306.852983441456,GBP,-0.05244875878841171,Complétée,Londres,Maroc
id_transaction_00000411,Retrait,1069.0714692718348,CNY,2.4619255522172354,Complétée,Londres,Maroc
id_transaction_00000986,Prélèvement,495.1744448307845,ZAR,-0.222293681950414,En attente,Londres,USA
id_transaction_00000526,Prélèvement,1332.1939864525284,CNY,3.6672639189558494,Complétée,Washington DC,Maroc
id_transaction_00000609,Dépôt,1043.0747133297768,CNY,6.818817130221784,Rejetée,Pékin,Japon
id_transaction_00000107,Dépôt,1122.2901586130388,ZAR,14.099938403689563,Complétée,Pékin,Chine
id_transaction_00000302,Retrait,1144.4988129564972,USD,6.540825003717673,Complétée,Casablanca,Japon
id_transaction_00000935,Virement,1322.33388215049,EUR,-2.017595934364394,Complétée,Tokyo,Royaume-Uni
id_transaction_00000050,Carte,5034.682567872889,CNY,12.25769660761308,En attente,Rabat,Japon
id_transaction_00000317,Retrait,1686.3510210034633,USD,18.53524925000749,Complétée,Casablanca,Maroc
id_transaction_00000451,Prélèvement,384.8480906380557,GBP,-5.342602374590121,Complétée,New York,Afrique du Sud
id_transaction_00000440,Carte,1019.2682959676362,EUR,7.699032913794346,Complétée,Tokyo,Royaume-Uni
id_transaction_00000009,Carte,762.9393587538522,MAD,5.803261693257807,Complétée,Londres,Royaume-Uni
id_transaction_00000991,Virement International,610.4275946799489,JPY,-12.432591048561513,Complétée,New York,Maroc
id_transaction_00000356,Retrait,2088.735681828677,USD,-1.5188956028675253,En attente,Washington DC,Maroc
id_transaction_00000607,Virement International,88274.7446071647,JPY,3.127509651048856,Complétée,Johannesburg,Maroc
id_transaction_00000169,Virement International,-61.74440718858352,CNY,9.911204473788331,Complétée,Francfort,UE
id_transaction_00000923,Virement International,-878.3726023180274,MAD,-7.540727548231708,Complétée,Francfort,Japon
id_transaction_00000868,Carte,1390.8753027142495,USD,8.39734406059404,Complétée,Londres,Royaume-Uni
id_transaction_00000489,Carte,2452.3354031668673,MAD,1.4870836903645146,Complétée,Pékin,Japon
id_transaction_00000823,Prélèvement,-321.6911405279037,CNY,-6.014155135345136,En attente,Washington DC,Japon
id_transaction_00000131,Retrait,1764.98496183932,EUR,2.9356626310565352,En cours,Johannesburg,USA
id_transaction_00000671,Carte,659.2466679017323,MAD,-12.686364032130275,Complétée,Londres,Maroc
id_transaction_00000614,Virement,665.570848126315,CNY,-0.25392911845056876,Complétée,Tokyo,USA
id_transaction_00000093,Prélèvement,923.0802912399834,CNY,-3.1780999365452063,Complétée,Pékin,Maroc
id_transaction_00000433,Carte,860.1747613912303,GBP,-4.7565495747123085,Rejetée,Francfort,USA
id_transaction_00000365,Carte,4279.203463914473,USD,-7.800950484894366,Complétée,Johannesburg,France
id_transaction_00000918,Dépôt,294.5092195439526,EUR,-10.095957241117222,En cours,Pékin,Japon
id_transaction_00000697,Prélèvement,-372.12052854689887,GBP,-12.855399704651614,Complétée,Pékin,Royaume-Uni
id_transaction_00000336,Prélèvement,669.2629484581349,MAD,8.59532484968381,Complétée,Francfort,Royaume-Uni
id_transaction_00000427,Carte,-280.61382430077913,EUR,-3.304663730241299,En cours,Casablanca,USA
id_transaction_00000736,Virement,16279.498012419335,MAD,-1.0649275400658968,Complétée,Tokyo,Afrique du Sud
id_transaction_00000705,Dépôt,472.54954709158227,EUR,-2.5094444434089693,En cours,Pékin,USA
id_transaction_00000372,Carte,651.6886004277131,GBP,-5.35963421934319,Complétée,Londres,Royaume-Uni
id_transaction_00000588,Dépôt,284.18680914157807,MAD,-0.5158061333577066,Complétée,Francfort,UE
id_transaction_00000242,Virement International,42.46961312335702,USD,-9.065143295633806,Rejetée,Pékin,Allemagne
id_transaction_00000712,Dépôt,473.6237572340079,ZAR,7.092400594528227,Complétée,Londres,USA
id_transaction_00000333,Retrait,-1414.8739591559515,CNY,-6.227725148386443,En attente,Washington DC,Royaume-Uni
id_transaction_00000361,Virement,-1235.868313182355,EUR,-3.0258931697617877,Complétée,Paris,UE
id_transaction_00000057,Carte,6365.982545047679,CNY,1.4300590798169677,En attente,Tokyo,Maroc
id_transaction_00000986,Virement,783.6252897784884,MAD,11.601286103892281,Complétée,New York,Maroc
id_transaction_00000649,Carte,84.29148111065928,CNY,4.6641323681188025,Complétée,Tokyo,Royaume-Uni
id_transaction_00000415,Dépôt,1079.5116070341264,USD,7.6114983013837545,Complétée,Londres,Royaume-Uni
id_transaction_00000253,Dépôt,597.434752265835,MAD,-0.4973121255275723,Complétée,Pékin,Maroc
id_transaction_00000384,Carte,505.928202860468,GBP,8.076444613279087,Complétée,Londres,Maroc
id_transaction_00000999,Retrait,805.4707651360893,EUR,559.6145439770684,Complétée,Casablanca,Royaume-Uni
id_transaction_00000681,Prélèvement,169.6426073569782,GBP,-2.5695920599119004,En attente,New York,France
id_transaction_00000471,Prélèvement,-817.0795096572634,GBP,-13.680877449184994,Complétée,Londres,Royaume-Uni
id_transaction_00000359,Carte,25332.900007616518,GBP,-4.220435807249337,Complétée,New York,Maroc
id_transaction_00000289,Virement International,-1025.2629018916095,USD,-5.030139427839599,En attente,Pékin,Maroc
id_transaction_00000376,Dépôt,3966.465309148441,EUR,3.4745441359273808,Complétée,Tokyo,USA
id_transaction_00000063,Carte,5588.492795782417,CNY,5.230143879361667,Complétée,Pékin,France
id_transaction_00000048,Virement,371.24185142021895,MAD,4.914051827913135,Complétée,Francfort,France
id_transaction_00000097,Virement,908.9620147239825,EUR,-2.1101601773048158,En attente,Paris,Royaume-Uni
id_transaction_00000520,Retrait,5355.093529882105,USD,2.1777415308730643,Complétée,Londres,Chine
id_transaction_00000030,Virement International,1035.5355170725138,MAD,6.253559190576134,Complétée,Londres,Afrique du Sud
id_transaction_00000197,Retrait,717.2456590308357,USD,-5.448903333978339,Complétée,Pékin,Japon
id_transaction_00000408,Retrait,-393.41283531487,MAD,-3.03410944391348,En attente,Francfort,Maroc
id_transaction_00000073,Prélèvement,250.9369832984673,CNY,2.965703868848779,Complétée,Francfort,Chine
id_transaction_00000826,Carte,737.5905920074629,EUR,12.831206774186565,Complétée,Pékin,USA
id_transaction_00000288,Virement International,325.1613207863437,EUR,-3.003558854247406,Complétée,Tokyo,France
id_transaction_00000098,Carte,1012.1876605999988,JPY,6.647476220813523,Rejetée,Pékin,Maroc
id_transaction_00000459,Retrait,65384.93592956519,ZAR,-2.6160686019694657,Complétée,Tokyo,Japon
id_transaction_00000138,Prélèvement,-139.5337642930249,USD,-1.7256213097163586,Complétée,Rabat,Maroc
id_transaction_00000290,Virement International,-1222.7796243422144,USD,-12.56229563669456,Complétée,Pékin,USA
id_transaction_00000910,Retrait,-309.8631738426834,USD,0.6154450866860239,Complétée,New York,Japon
id_transaction_00000724,Dépôt,1079.9070316067691,USD,2.474154005861069,Complétée,Paris,Royaume-Uni
id_transaction_00000744,Dépôt,321.28995357288807,CNY,-5.296828352283771,Complétée,New York,USA
id_transaction_00000190,Virement,-823.5221681181192,MAD,-13.745150490161361,Complétée,Francfort,Allemagne
id_transaction_00000835,Virement International,1402.9329069810258,EUR,14.233667698414454,Complétée,Casablanca,Japon
id_transaction_00000268,Carte,67.46404616189636,MAD,3.585922955179277,Complétée,Washington DC,Chine
id_transaction_00000222,Prélèvement,567.9082078111534,USD,0.21211857605044848,En attente,Casablanca,Maroc
id_transaction_00000713,Virement,-947.6859814552228,ZAR,-12.681800159167317,En attente,Rabat,Maroc
id_transaction_00000480,Retrait,-85.756414360348,USD,4.19529695548589,Complétée,Casablanca,Royaume-Uni
id_transaction_00000882,Retrait,-9.417290902407899,GBP,-3.0190102801022354,Complétée,New York,Japon
id_transaction_00000829,Retrait,1019.2784767471373,USD,21.24316224054904,Complétée,Pékin,USA
id_transaction_00000517,Retrait,-60.33748539781425,CNY,-3.9481748288582947,Complétée,Paris,Chine
id_transaction_00000865,Virement International,-694.0610089537216,CNY,-3.5636540002934085,En attente,Paris,USA
id_transaction_00000211,Retrait,1005.2839307925161,ZAR,16.866317873954213,En attente,Casablanca,USA
id_transaction_00000582,Dépôt,402.4471260910133,CNY,4.48719773288119,Complétée,Londres,Japon
id_transaction_00000292,Dépôt,923.1175304410488,EUR,7.592495442763777,Complétée,Johannesburg,USA
id_transaction_00000850,Dépôt,474.25335667088655,GBP,3.4336682096040034,Complétée,Londres,Chine
id_transaction_00000457,Carte,2179.773454514003,ZAR,9.128329140459076,Complétée,Paris,USA
id_transaction_00000735,Prélèvement,1795.053797320742,MAD,1.7280447079853856,Complétée,Pékin,Chine
id_transaction_00000811,Dépôt,962.1262903403886,MAD,11.844986798217693,Complétée,Londres,USA
id_transaction_00000087,Retrait,3856.247944239481,USD,-1.209416611265711,Complétée,New York,Japon
id_transaction_00000163,Prélèvement,323.27657978731025,CNY,-20.883258259503073,Complétée,Pékin,Chine
id_transaction_00000041,Dépôt,1020.5784809980496,GBP,-4.658391230129545,Complétée,Paris,Japon
id_transaction_00000437,Carte,-503.0373786339869,CNY,-10.080055841841144,Complétée,Pékin,Maroc
id_transaction_00000028,Carte,1050.3677902103523,JPY,5.0142216019182175,En cours,Casablanca,Maroc
id_transaction_00000330,Carte,689.1570238725916,MAD,9.878158485861878,En attente,Paris,USA
id_transaction_00000777,Carte,85.99507778392842,USD,5.704565842144635,Complétée,Washington DC,Japon
id_transaction_00000125,Carte,21077.615490867538,JPY,-8.36537750201687,Complétée,Paris,Maroc
id_transaction_00000164,Virement International,-582.0330274685492,USD,-10.880650757697037,Complétée,Londres,Maroc
id_transaction_00000408,Virement International,266.0418148715462,EUR,11.55399530035417,Complétée,Pékin,Chine
id_transaction_00000952,Prélèvement,512.9499745481469,EUR,3.724328490951441,En cours,Casablanca,USA
id_transaction_00000767,Carte,79.31586706810782,USD,-5.645906508207466,En attente,Casablanca,Japon
id_transaction_00000658,Prélèvement,7072.501860550117,GBP,13.864125272419699,Complétée,Londres,USA
id_transaction_00000800,Dépôt,-825.6086802680039,EUR,1.8239108438649168,Complétée,Casablanca,France
id_transaction_00000181,Retrait,1166.5226336363698,EUR,-9.945826465296204,Rejetée,Pékin,Chine
id_transaction_00000175,Retrait,732.701166198978,CNY,-3.816616229969541,Rejetée,Casablanca,Maroc
id_transaction_00000207,Carte,112.74346945060802,JPY,5.3673542241249805,Rejetée,Tokyo,USA
id_transaction_00000128,Carte,616.9544130623037,CNY,5.743973310523346,Complétée,Londres,Royaume-Uni
id_transaction_00000004,Retrait,1083.495388634166,JPY,1654.4074774431735,En attente,Washington DC,Royaume-Uni
id_transaction_00000911,Carte,3398.9259173155438,EUR,13.448589349331833,Complétée,Tokyo,Maroc
id_transaction_00000564,Carte,9783.852463202153,JPY,11.613086631810338,Complétée,Rabat,Maroc
id_transaction_00000869,Virement International,476.4182457214377,JPY,-8.990508839953002,Complétée,Pékin,Japon
id_transaction_00000291,Retrait,-190.02892576668546,JPY,-40.381454617349036,En attente,Washington DC,Royaume-Uni
id_transaction_00000074,Carte,97.58422527471794,USD,-8.911363626211969,En cours,Tokyo,Allemagne
id_transaction_00000287,Virement International,-338.13491880124184,EUR,-6.213851134925926,Complétée,Paris,USA
id_transaction_00000918,Prélèvement,-2946.593768904366,CNY,-20.411203069069586,En attente,Washington DC,Royaume-Uni
id_transaction_00000551,Prélèvement,1093.6457481217626,GBP,1.272403776289726,Complétée,Pékin,Afrique du Sud
id_transaction_00000483,Carte,358.28981922203343,USD,8.90377436423222,Complétée,New York,UE
id_transaction_00000986,Carte,1713.171730779534,JPY,10.729262667710984,Complétée,Johannesburg,Japon
id_transaction_00000442,Prélèvement,4096.846967160135,EUR,3.1000269480994826,En cours,Casablanca,USA
id_transaction_00000506,Dépôt,8487.814511304161,EUR,7.577463925290916,En cours,Tokyo,Japon
id_transaction_00000880,Dépôt,-220.64136842124753,CNY,0.12146296202042617,En attente,Pékin,Maroc
id_transaction_00000326,Retrait,7081.41316455643,EUR,-1.5540451413757195,Complétée,Francfort,Maroc
id_transaction_00000045,Retrait,-595.5356830614893,GBP,-16.78660602866179,Complétée,Paris,Chine
id_transaction_00000340,Carte,1948.3182713269898,JPY,905.3047909341957,Complétée,Londres,USA
id_transaction_00000978,Carte,996.414187945837,GBP,-6.503567875123907,En cours,Washington DC,USA
id_transaction_00000803,Retrait,4596.343506561465,CNY,-2.0743071168774296,Complétée,Paris,USA
id_transaction_00000527,Virement,324.68220478677426,USD,-6.300199932078848,En attente,Paris,UE
id_transaction_00000468,Carte,32918.86047647046,CNY,-5.826498179660704,Complétée,Francfort,USA
id_transaction_00000120,Retrait,0.6478612666194294,USD,12.36231793347343,En attente,Casablanca,Japon
id_transaction_00000715,Carte,543.580296470892,GBP,2.80321510917302,Complétée,Londres,France
id_transaction_00000204,Prélèvement,3.9831310834493365,MAD,8.257755340255144,Complétée,Pékin,Royaume-Uni
id_transaction_00000462,Retrait,-441.07281904840045,USD,2.2579705892802022,Complétée,New York,Afrique du Sud
id_transaction_00000179,Retrait,-13.02438366090189,USD,-8.434530098868649,Complétée,Washington DC,Japon
id_transaction_00000027,Retrait,381.7847308608134,GBP,2.8402497256441754,Complétée,New York,Maroc
id_transaction_00000383,Retrait,497.27180153860326,JPY,-9.126264518325478,Complétée,Pékin,Maroc
id_transaction_00000829,Retrait,753.4903179404964,GBP,4.592083568451719,En attente,Londres,Chine
id_transaction_00000096,Retrait,18233.02190000865,JPY,15.466027645562459,Complétée,New York,Japon
id_transaction_00000401,Carte,-534.5916014576956,EUR,-6.589554889637474,Rejetée,Tokyo,Royaume-Uni
id_transaction_00000266,Carte,612.454769816529,JPY,-9.423773114537294,En cours,Paris,France
id_transaction_00000859,Carte,-774.4602117926783,CNY,-5.909932672339257,Complétée,Paris,Maroc
id_transaction_00000636,Retrait,575.4765141299562,USD,-5.031241812613261,Rejetée,Washington DC,USA
id_transaction_00000447,Retrait,584.6894711829198,USD,6.343441506741632,En cours,Tokyo,France
id_transaction_00000240,Carte,-350.10317995361186,EUR,1.379723439425605,Complétée,Rabat,France
id_transaction_00000816,Retrait,-1631.2405496508454,USD,-7.301454933108498,Complétée,New York,Allemagne
id_transaction_00000640,Carte,105.23520263373075,USD,68.97762970781255,Complétée,Tokyo,Royaume-Uni
id_transaction_00000922,Retrait,-480.63377978266453,GBP,-11.228450147283286,Complétée,Tokyo,Japon
id_transaction_00000580,Virement International,56.19740717097068,USD,-7.471884621284528,Complétée,Casablanca,Maroc
id_transaction_00000780,Carte,261.9731418287454,GBP,5.440743196406356,Complétée,Paris,Royaume-Uni
id_transaction_00000870,Virement International,1483.299825523009,MAD,3.586280603875732,Complétée,Johannesburg,USA
id_transaction_00000503,Retrait,654.8006479441862,USD,2.358743840654491,Rejetée,Casablanca,USA
id_transaction_00000090,Virement,967.5594588076723,USD,3.527188395522585,Complétée,Johannesburg,Royaume-Uni
id_transaction_00000904,Carte,5793.615119178019,MAD,-2.5603901535557556,Rejetée,Londres,France
id_transaction_00000005,Prélèvement,3062.1670165681244,JPY,4.385698222901754,Complétée,Londres,Royaume-Uni
id_transaction_00001000,Virement International,1410.7580941088409,EUR,7.985622388823044,Complétée,Rabat,Maroc
id_transaction_00000552,Virement International,-118.80349559266904,USD,-5.1999297328469085,Complétée,Washington DC,Japon
id_transaction_00000153,Virement,620.0979126067035,CNY,-4.195637160681835,Complétée,Washington DC,Maroc
id_transaction_00000386,Virement International,408.76302233531743,USD,3.0770945888453913,Complétée,Tokyo,Maroc
id_transaction_00000471,Retrait,-2619.9060045661026,JPY,-7.181391200905103,Complétée,Francfort,UE
id_transaction_00000022,Carte,19624.46204346439,USD,-0.1858648760207844,Complétée,New York,Maroc
id_transaction_00000864,Virement International,9619.398987771154,CNY,-16.83273782493559,Complétée,Tokyo,Maroc
id_transaction_00000319,Carte,1270.132496555645,GBP,11.763580192438692,En attente,Paris,Maroc
id_transaction_00000635,Dépôt,42.84142448118723,EUR,-15.021806261851033,Complétée,Tokyo,Royaume-Uni
id_transaction_00000751,Carte,1191.1669642475158,MAD,175.97301774316736,Complétée,Casablanca,Japon
id_transaction_00000115,Carte,607.4569361259407,JPY,5.772768039259873,Complétée,Londres,Chine
id_transaction_00000998,Carte,1322.1473764636573,EUR,6.445072864445419,Complétée,Pékin,Japon
id_transaction_00000442,Virement,111.64262911807538,CNY,-8.505280151474263,En attente,Francfort,USA
id_transaction_00000377,Carte,688.7793672763405,USD,1.6454152067336003,Rejetée,Washington DC,UE
id_transaction_00000471,Dépôt,797.7884186027973,GBP,5.0833054406515155,Complétée,Pékin,USA
id_transaction_00000066,Virement International,-455.58132017198693,EUR,-12.976896537060764,Complétée,Paris,Maroc
id_transaction_00000257,Virement,-257.36765949271194,USD,0.3369616473316528,Complétée,Tokyo,Afrique du Sud
id_transaction_00000659,Carte,3477.913973768211,EUR,-0.02036711738450947,Complétée,Pékin,USA
id_transaction_00000197,Virement International,-967.2230134486541,USD,-4.338304791585167,Complétée,Pékin,USA
id_transaction_00000597,Dépôt,4996.117282784541,USD,-7.614551250019885,Rejetée,Tokyo,Maroc
id_transaction_00000770,Retrait,-341.1593458066842,ZAR,-0.9896672304840441,En attente,Casablanca,Japon
id_transaction_00000891,Virement International,1753.5150858468173,EUR,10.833617416889702,Complétée,Washington DC,UE
id_transaction_00000587,Dépôt,854.613813600613,USD,18.274289719882432,Rejetée,New York,USA
id_transaction_00000111,Dépôt,14245.121744194352,USD,-3.131896485261117,En cours,New York,Japon
id_transaction_00000827,Dépôt,-207.61322231547922,USD,18.115759774254087,Complétée,Johannesburg,Maroc
id_transaction_00000875,Carte,352.3001240562921,GBP,-4.845288542488125,Complétée,Londres,Chine
id_transaction_00000344,Virement,1710.7517558853087,EUR,12.943037195382672,Complétée,New York,USA
id_transaction_00000887,Virement,616.5749177321123,EUR,5.657347132065301,En cours,New York,France
id_transaction_00000545,Virement,-645.4965229622984,USD,-5.773156786967157,En attente,Casablanca,USA
id_transaction_00000078,Virement,5.278412691399012,EUR,0.9117480748226443,Complétée,Francfort,Royaume-Uni
id_transaction_00000116,Carte,1504.3751165315343,EUR,645.0669262119916,Complétée,Tokyo,Afrique du Sud
id_transaction_00000100,Retrait,1179.13932166642,MAD,3.1760901195011537,En cours,Pékin,USA
id_transaction_00000746,Carte,406.64190724948014,CNY,-2.4416838578759297,En attente,New York,Royaume-Uni
id_transaction_00000076,Dépôt,1379.4380679238488,USD,5.699705922498,En attente,New York,Maroc
id_transaction_00000888,Dépôt,536.4098050788546,JPY,-5.020509595757679,Complétée,Tokyo,USA
id_transaction_00000323,Retrait,-249.16214194359281,CNY,-2.2134295785654645,En attente,Tokyo,Royaume-Uni
id_transaction_00000697,Carte,1133.0948689279637,MAD,12.400201386220303,Complétée,Pékin,Chine
id_transaction_00000149,Virement International,39.90308893434076,JPY,-2.3365664588674333,En attente,Londres,USA
id_transaction_00000685,Virement International,846.8536982991919,USD,-1.5013275982472667,Complétée,Tokyo,UE
id_transaction_00000405,Dépôt,36.35019043935142,USD,-7.1707291358078455,Rejetée,Casablanca,France
id_transaction_00000790,Carte,5030.023560003193,USD,0.024043215236014603,Complétée,Paris,Chine
id_transaction_00000681,Retrait,-658.2202306060194,GBP,-308.9495412190113,Complétée,Casablanca,Afrique du Sud
id_transaction_00000356,Carte,365.8593255566709,JPY,-1.4560446382491836,Complétée,Paris,Japon
id_transaction_00000892,Retrait,395.5110345661806,ZAR,-8.55403261700545,Complétée,Pékin,Royaume-Uni
id_transaction_00000809,Prélèvement,-23.920450020020382,JPY,-6.202589773378986,En attente,Washington DC,USA
id_transaction_00000957,Carte,-142.8021864596866,USD,-8.534319972916432,En attente,New York,Japon
id_transaction_00000976,Virement,993.4136838367131,JPY,5.015619015548705,Rejetée,Francfort,Japon
id_transaction_00000714,Virement,263.23629398047444,MAD,5.0804074997011295,Complétée,Paris,Allemagne
id_transaction_00000112,Retrait,698.6962981346826,CNY,0.25636379110932594,En attente,Tokyo,USA
id_transaction_00000775,Virement International,-123.72828315809068,EUR,11.304661920919335,En cours,Paris,France
id_transaction_00000014,Virement International,961.1783939615038,ZAR,0.2821074820782483,En attente,Paris,USA
id_transaction_00000263,Carte,1004.2187812535202,USD,12.081941398812289,Complétée,Casablanca,USA
id_transaction_00000132,Carte,1705.5591712377977,CNY,1.8891118923871093,Rejetée,Washington DC,Maroc
id_transaction_00000157,Carte,44562.43669185505,JPY,22.883525816276872,Complétée,Paris,Royaume-Uni
id_transaction_00000831,Retrait,752.7595470073243,MAD,14.179203877587724,Complétée,Francfort,Maroc
id_transaction_00000209,Dépôt,5038.154765154628,CNY,-2.20450727707464,Complétée,Londres,France
id_transaction_00000743,Retrait,3693.8462893025276,USD,0.9528514932765866,En attente,Casablanca,USA
id_transaction_00000464,Carte,904.3065854480152,CNY,19.502736201083938,Complétée,New York,Chine
id_transaction_00000779,Retrait,387.44699579931785,MAD,-9.610045074078815,Complétée,Francfort,Allemagne
id_transaction_00000747,Retrait,431.2382882613513,CNY,5.1025520922905425,Complétée,Pékin,UE
id_transaction_00000597,Prélèvement,258.7328474587074,CNY,-5.643844046512744,En attente,Casablanca,Royaume-Uni
id_transaction_00000924,Retrait,-885.3307496286634,MAD,-10.282920696562222,Complétée,Casablanca,Royaume-Uni
id_transaction_00000601,Carte,483.4595346021385,EUR,-2.1057401154464213,Complétée,Paris,USA
id_transaction_00000835,Dépôt,-787.8364399108995,CNY,-4.2069225742602,Complétée,New York,Maroc
id_transaction_00000991,Retrait,-626.8971291478741,USD,-4.831008650997306,Complétée,Pékin,Royaume-Uni
id_transaction_00000544,Virement International,21968.10268290371,MAD,-9.328613256538887,Complétée,Paris,Afrique du Sud
id_transaction_00000708,Carte,377.90174575211887,JPY,9.645242121126802,En attente,Francfort,France
id_transaction_00000336,Retrait,1349.9962600711756,USD,9.909214168187884,Complétée,New York,USA
id_transaction_00000060,Carte,-113.89337918858178,MAD,-0.4618985157576878,Complétée,Tokyo,Royaume-Uni
id_transaction_00000055,Dépôt,1922.4667587806398,GBP,-5.055726780604258,Complétée,Rabat,Maroc
id_transaction_00000655,Retrait,-354.1915951924037,USD,-5.921192029550245,Complétée,New York,Afrique du Sud
id_transaction_00000650,Carte,1873.1300791851363,USD,12.34287236715003,En attente,Pékin,Chine
id_transaction_00000373,Dépôt,519.3434750422803,USD,-5.258067501473859,Complétée,Johannesburg,Japon
id_transaction_00000490,Retrait,1596.25824509218,EUR,12.071968324198568,Rejetée,Johannesburg,France
id_transaction_00000498,Retrait,124.8246095118206,ZAR,-7.08100904558347,Complétée,Paris,USA
id_transaction_00000659,Carte,498.07451051780436,USD,7.584023114694202,Complétée,Johannesburg,USA
id_transaction_00000168,Dépôt,3723.109968497946,EUR,9.566214662122954,Complétée,Paris,Japon
id_transaction_00000352,Virement,2697.8179332797745,USD,-7.517953280975839,En attente,Francfort,Allemagne
id_transaction_00000573,Carte,458.64147727805243,CNY,-11.211131682489068,Complétée,Rabat,Maroc
id_transaction_00000905,Carte,8.214270786199563,USD,-4.541826066330562,Complétée,Pékin,USA
id_transaction_00000156,Retrait,1870.890307694865,ZAR,17.819957870105494,Complétée,Washington DC,France
id_transaction_00000967,Virement International,43336.37369527566,USD,11.21009885395067,Complétée,Casablanca,Japon
id_transaction_00000941,Prélèvement,340.5013264303917,USD,2.8946681983699896,En cours,Francfort,Allemagne
id_transaction_00000772,Prélèvement,-505.7705501832801,MAD,-10.855801000562757,Complétée,Johannesburg,France
id_transaction_00000062,Retrait,402.1355187534085,EUR,18.183922229145523,Complétée,Tokyo,Japon
id_transaction_00000449,Prélèvement,278.79991870430854,USD,-0.010729508113183073,Complétée,Pékin,France
id_transaction_00000553,Carte,26.744180394790874,GBP,514.1838594227718,En attente,Paris,Japon
id_transaction_00000877,Retrait,778.653237073253,EUR,9.642200541319472,Complétée,Francfort,France
id_transaction_00000215,Virement International,11593.774746960244,USD,3.665067918378317,Complétée,Tokyo,Maroc
id_transaction_00000672,Virement International,473.57562353434605,JPY,0.31317268500002715,Complétée,Tokyo,USA
id_transaction_00000514,Carte,871.7608927949673,ZAR,4.619413753962236,Complétée,Casablanca,Maroc
id_transaction_00000636,Dépôt,72.81867165728653,JPY,-3.5701761094815785,Complétée,Tokyo,Maroc
id_transaction_00000751,Virement International,-1946.0733120848718,CNY,1.6104851430121618,Complétée,Washington DC,Maroc
id_transaction_00000460,Prélèvement,2361.078479778282,GBP,-7.316621743258126,Complétée,Francfort,Royaume-Uni
id_transaction_00000205,Virement,-119.74554673313287,GBP,6.197149222175401,En attente,Pékin,Royaume-Uni
id_transaction_00000679,Retrait,-317.1019702943287,USD,8.502929722589348,Complétée,Francfort,Maroc
id_transaction_00000437,Retrait,485.1668280983824,USD,-1.3397510619717128,Complétée,Pékin,Royaume-Uni
id_transaction_00000577,Virement,5205.3986186511065,GBP,5.044779191101249,Complétée,Londres,Royaume-Uni
id_transaction_00000529,Carte,785.6667489745209,EUR,-4.509981176723412,En attente,Londres,USA
id_transaction_00000369,Virement,1285.4073045651874,EUR,-4.009638792997776,Complétée,Johannesburg,Allemagne
id_transaction_00000330,Virement International,-693.0025949874756,USD,-2.542108605336545,Complétée,Tokyo,USA
id_transaction_00000432,Carte,-406.892729317138,GBP,-4.9188767348019296,Rejetée,New York,France
id_transaction_00000760,Retrait,1188.4721932049347,MAD,0.8080823161274644,Complétée,Londres,Royaume-Uni
id_transaction_00000983,Prélèvement,858.4424447662765,USD,0.3474448254451845,Complétée,Pékin,UE
id_transaction_00000675,Retrait,20.845560042360944,GBP,-7.405137227575282,Complétée,Tokyo,Maroc
id_transaction_00000410,Retrait,9297.921720894967,EUR,5.182183177422905,Rejetée,Tokyo,Chine
id_transaction_00000442,Virement International,1529.3777238640855,CNY,-1.8769156025575802,En cours,Johannesburg,USA
id_transaction_00000268,Carte,1446.1024314609363,USD,8.045746955462526,Complétée,Tokyo,Japon
id_transaction_00000783,Carte,81800.3843943539,MAD,-3.3272596115974293,Complétée,Tokyo,USA
id_transaction_00000596,Virement,1888.847189805253,EUR,11.751194398422616,Complétée,Johannesburg,USA
id_transaction_00000575,Carte,-201.3986112786464,CNY,-3.7462820770739915,En attente,Pékin,UE
id_transaction_00000496,Dépôt,-322.8821755989834,ZAR,2.8561831942954874,Complétée,Casablanca,Japon
id_transaction_00000018,Dépôt,5080.248798380215,JPY,9.807424969027869,Complétée,Paris,Maroc
id_transaction_00000136,Carte,690.749677146429,EUR,-6.070437891048408,En attente,Pékin,Allemagne
id_transaction_00000576,Carte,-74.28105003455289,CNY,6.389192353913536,En attente,Tokyo,USA
id_transaction_00000129,Retrait,1374.0131447266554,EUR,12.411742352632563,Complétée,Londres,Japon
id_transaction_00000103,Dépôt,755.1370106370857,CNY,7.766060663994894,Rejetée,Pékin,Royaume-Uni
id_transaction_00000759,Retrait,887.7920504923136,EUR,-3.532988662394076,En attente,Casablanca,Chine
id_transaction_00000272,Retrait,-312.577755756583,EUR,-11.604377385453496,Complétée,New York,Japon
id_transaction_00000454,Dépôt,243.04505980616523,JPY,-0.22888043097304145,Complétée,Londres,Maroc
id_transaction_00000889,Carte,1764.8598505110008,USD,-6.74880840054453,Complétée,Paris,USA
id_transaction_00000618,Retrait,1652.0740783812803,GBP,10.399291345334781,En attente,Casablanca,USA
id_transaction_00000664,Prélèvement,-1120.3338854280546,USD,-18.364381207781005,Complétée,Casablanca,Royaume-Uni
id_transaction_00000143,Prélèvement,1853.523759042272,GBP,-1.250679374427846,Complétée,Pékin,Japon
id_transaction_00000091,Carte,582.7709071569311,GBP,-7.6709392333606425,Complétée,Londres,Maroc
id_transaction_00000394,Carte,369.70814408548983,MAD,-4.465826657866368,Complétée,Washington DC,Maroc
id_transaction_00000802,Virement,1051.0104424221113,CNY,-6.644594957050436,Complétée,New York,Royaume-Uni
id_transaction_00000219,Dépôt,1575.3419690925548,JPY,13.526545490769276,Complétée,Washington DC,Afrique du Sud
id_transaction_00000957,Carte,24101.75050443582,EUR,2.9169431354317883,Complétée,Pékin,Chine
id_transaction_00000636,Carte,-885.9930899705474,USD,-2.785816314837791,Complétée,Casablanca,Maroc
id_transaction_00000225,Retrait,2129.769007824887,MAD,2.7143172977729995,Complétée,Francfort,Royaume-Uni
id_transaction_00000947,Prélèvement,-72.95154862021877,USD,4.30357130888996,En attente,Francfort,Royaume-Uni
id_transaction_00000375,Carte,-519.2337988046145,JPY,-3.9747212563760383,En attente,Washington DC,USA
id_transaction_00000471,Carte,1347.398187078762,JPY,0.5956001564241662,Complétée,Tokyo,Japon
id_transaction_00000402,Virement International,882.4321935798157,JPY,-6.671051189450334,Complétée,Pékin,France
id_transaction_00000641,Virement International,1616.1593851159864,ZAR,19.95186078605729,Complétée,Londres,USA
id_transaction_00000677,Virement International,240.2340420683665,GBP,61.3671165056212,Complétée,Londres,Allemagne
id_transaction_00000586,Carte,-1078.0529146084914,CNY,-12.205305364599905,Complétée,New York,Maroc
id_transaction_00000828,Virement International,-1830.9887867153266,GBP,-6.167774457890807,Complétée,Casablanca,Japon
id_transaction_00000271,Dépôt,-1125.5009213513422,GBP,-6.834853540800709,Complétée,New York,Maroc
id_transaction_00000531,Dépôt,-1406.7962460723015,USD,-14.024206167430059,Complétée,Paris,UE
id_transaction_00000347,Retrait,-496.6792302192433,EUR,-2.0018022681457426,Complétée,New York,France
id_transaction_00000567,Carte,1253.6945248105394,GBP,5.1285721154199875,En attente,Londres,Royaume-Uni
id_transaction_00000767,Dépôt,-335.3858760747795,MAD,-6.48477221473298,Complétée,Rabat,Afrique du Sud
id_transaction_00000857,Carte,2291.096354294339,ZAR,-9.321028849296095,Complétée,Londres,Royaume-Uni
id_transaction_00000173,Carte,-827.7264372450135,EUR,-7.7954966867686695,Complétée,Washington DC,UE
id_transaction_00000945,Dépôt,1352.3578912339558,JPY,6.779756881729026,Complétée,Casablanca,Maroc
id_transaction_00000900,Virement International,927.5488405270723,EUR,-0.36103481872356014,Complétée,New York,USA
id_transaction_00000003,Virement,88.88119328686929,JPY,6.923766415552297,Rejetée,Pékin,Japon
id_transaction_00000563,Carte,718.2068330042791,JPY,5.053142361155808,En cours,Pékin,USA
id_transaction_00000382,Carte,1113.6051407845341,GBP,6.835768550994774,Complétée,Washington DC,Royaume-Uni
id_transaction_00000457,Dépôt,-667.3468758036146,USD,337.69661774461343,En cours,Casablanca,Afrique du Sud
id_transaction_00000074,Carte,414.24367852599704,USD,-13.007238174703833,En attente,Pékin,Royaume-Uni
id_transaction_00000128,Retrait,1631.2210548292028,USD,20.961442800799983,Complétée,Casablanca,USA
id_transaction_00000298,Retrait,3962.9448290492273,MAD,-2.0304898275443284,Complétée,Francfort,Royaume-Uni
id_transaction_00000519,Carte,996.413104060567,CNY,9.385030709395867,Complétée,Rabat,USA
id_transaction_00000195,Carte,6983.681972692794,JPY,-1.5560564925036635,Complétée,Londres,USA
id_transaction_00000947,Carte,-919.3385106234615,EUR,-11.183149148261634,Complétée,New York,Japon
id_transaction_00000993,Prélèvement,498.2480386140369,USD,15.25712272444969,Complétée,Paris,Maroc
id_transaction_00000675,Carte,-908.4366377361104,MAD,-21.94460225020905,Complétée,Londres,France
id_transaction_00000766,Carte,125.60492948591133,USD,-2.5805808317693524,Complétée,New York,Maroc
id_transaction_00000413,Prélèvement,29.598436830811067,CNY,-10.219014449065096,Rejetée,Johannesburg,Japon
id_transaction_00000188,Dépôt,1706.1735019248113,ZAR,15.764856096998738,Complétée,Londres,Royaume-Uni
id_transaction_00000003,Carte,137.7634705684651,USD,-18.535080479142596,En attente,Tokyo,Royaume-Uni
id_transaction_00000753,Dépôt,2023.837512998481,CNY,750.043151831385,Complétée,Tokyo,France
id_transaction_00000977,Prélèvement,1436.4426136727357,MAD,4.260398601471958,Complétée,Paris,Allemagne
id_transaction_00000621,Dépôt,5757.847965370594,EUR,9.638699968579107,Rejetée,Pékin,Chine
id_transaction_00000535,Carte,448.01616176983845,USD,5.847740789268096,Complétée,Johannesburg,Royaume-Uni
id_transaction_00000484,Virement International,578.3204452052869,GBP,-6.287180767901908,Complétée,New York,Afrique du Sud
id_transaction_00000888,Virement,426.98790937461627,CNY,4.495700627074036,Complétée,Washington DC,UE
id_transaction_00000547,Retrait,517.6864435564967,JPY,7.515903001399753,Complétée,Francfort,Royaume-Uni
id_transaction_00000592,Dépôt,14840.562624306942,CNY,4.547010625280118,En attente,Tokyo,USA
id_transaction_00000853,Retrait,-388.00184778543496,USD,76.77370270122508,Complétée,Casablanca,Chine
id_transaction_00000530,Retrait,302.1631044113575,USD,-1.4505392284727208,Complétée,Casablanca,Royaume-Uni
id_transaction_00000444,Carte,540.7803595244706,USD,2.4930852094707574,En cours,New York,Royaume-Uni
id_transaction_00000255,Retrait,-462.7305499931458,CNY,-4.196682421880861,Rejetée,Tokyo,Japon
id_transaction_00000609,Carte,-436.9653583970055,MAD,-1.5920042578047866,Complétée,Londres,Japon
id_transaction_00000970,Carte,1338.2494211954104,CNY,4.708184227393799,En attente,Washington DC,Maroc
id_transaction_00000274,Carte,432.0359758033245,GBP,3.568597725751218,Complétée,Tokyo,Royaume-Uni
id_transaction_00000938,Prélèvement,0.638725662200045,EUR,-2.40342058346613,En attente,Pékin,France
id_transaction_00000207,Carte,1211.2903007516913,MAD,-7.0842089679310165,Complétée,Paris,USA
id_transaction_00000888,Retrait,-338.51373670313944,EUR,-3.922168569879646,Complétée,New York,Allemagne
id_transaction_00000053,Virement,1078.376469474833,GBP,0.43044537939010485,Complétée,New York,Royaume-Uni
id_transaction_00000701,Virement International,-836.0752183786598,JPY,-17.80971931541719,Complétée,Johannesburg,USA
id_transaction_00000299,Retrait,-216.33865358048297,EUR,-1.963334050384839,En attente,Washington DC,USA
id_transaction_00000643,Carte,220.99476884270499,MAD,4.417999787928492,Complétée,New York,France
id_transaction_00000350,Prélèvement,1014.1696996571173,JPY,-9.996562221252006,Complétée,Rabat,Royaume-Uni
id_transaction_00000161,Retrait,2049.4001728898666,EUR,24.73030893653685,Complétée,Pékin,Japon
id_transaction_00000234,Dépôt,817.1815648266239,EUR,-0.4346666053443222,En cours,Pékin,Royaume-Uni
id_transaction_00000492,Prélèvement,567.6296345422002,GBP,-14.542126577455715,Complétée,Washington DC,Royaume-Uni
id_transaction_00000906,Retrait,5340.584574788478,GBP,1.2204594057548004,En attente,Londres,USA
id_transaction_00000125,Dépôt,684.466007133816,USD,-0.8562997183985095,Rejetée,New York,Afrique du Sud
id_transaction_00000184,Prélèvement,4156.388012258755,MAD,-2.0605673939257043,Complétée,Francfort,France
id_transaction_00000153,Carte,994.4158906096673,EUR,9.667770356144548,En cours,Francfort,Japon
id_transaction_00000337,Retrait,592.175987798189,GBP,-10.824322904434844,Rejetée,Tokyo,Royaume-Uni
id_transaction_00000297,Prélèvement,1.8124572791464288,EUR,-5.7284450627154255,En cours,Casablanca,France
id_transaction_00000646,Carte,-58.88678238417083,GBP,-6.861651512480441,Complétée,Tokyo,Japon
id_transaction_00000705,Carte,299.3448575459091,USD,6.3864812389963115,En cours,New York,Maroc
id_transaction_00000554,Retrait,-1216.0976264928422,USD,-8.00473332548151,Complétée,Casablanca,USA
id_transaction_00000256,Retrait,427.32800279241627,EUR,-2.6527394314653128,Complétée,Tokyo,France
id_transaction_00000619,Carte,649.30335605012,JPY,0.6450270810032404,Rejetée,Johannesburg,Japon
id_transaction_00000268,Carte,648.7397937749538,CNY,1.9155175153042165,Complétée,Washington DC,Maroc
id_transaction_00000505,Retrait,-1108.1688216787861,USD,-15.153761719258306,Complétée,Johannesburg,Afrique du Sud
id_transaction_00000919,Retrait,922.1126913752959,GBP,11.911248140458554,Complétée,Londres,Royaume-Uni
id_transaction_00000280,Retrait,179.77372168672838,MAD,-2.1491470169933278,Complétée,Paris,USA
id_transaction_00000195,Dépôt,-244.8687590802549,CNY,-1.1530446626125705,Complétée,Washington DC,Royaume-Uni
id_transaction_00000474,Retrait,-1477.8314543814167,USD,-0.3318110994577834,Complétée,Rabat,USA
id_transaction_00000663,Dépôt,1972.8174849276616,JPY,12.834697325247168,Complétée,Rabat,France
id_transaction_00000916,Carte,2667.8672495507517,JPY,-4.234688640204802,Rejetée,Tokyo,Maroc
id_transaction_00000393,Virement,834.0048964954358,USD,4.865714980232267,En attente,Casablanca,USA
id_transaction_00000786,Virement,754.6222812643559,CNY,9.760846205836746,Complétée,Casablanca,Maroc
id_transaction_00000779,Carte,864.5114280750345,MAD,1.1106523617023498,Rejetée,Paris,Maroc
id_transaction_00000857,Carte,7986.394232979149,JPY,-3.2485022368631293,Complétée,Londres,France
id_transaction_00000616,Carte,1260.3916196333166,JPY,6.970629543906626,Complétée,Tokyo,France
id_transaction_00000142,Virement,567.5240188706406,JPY,13.86303491366175,Complétée,Paris,Royaume-Uni
id_transaction_00000916,Dépôt,1819.1072243938993,MAD,13.659669977120618,Complétée,Washington DC,UE
id_transaction_00000997,Virement,-19.89493883708218,EUR,1.2787247002567041,Complétée,New York,France
id_transaction_00000708,Retrait,511.203288596618,ZAR,11.388674163436082,Complétée,Casablanca,Maroc
id_transaction_00000784,Carte,1340.1369299729013,CNY,623.6861584659335,Complétée,Tokyo,USA
id_transaction_00000769,Carte,1222.2265482861799,USD,7.123494108695329,Complétée,New York,Maroc
id_transaction_00000022,Virement,-813.1142861144854,MAD,-6.339637246272598,En attente,Washington DC,USA
id_transaction_00000092,Virement International,4839.969641235978,JPY,-4.033410217389821,Complétée,Casablanca,USA
id_transaction_00000058,Prélèvement,-388.59711224829016,USD,-3.139378170286361,Complétée,New York,Maroc
id_transaction_00000375,Retrait,3399.748579209683,MAD,-3.744265715106166,En attente,Casablanca,UE
id_transaction_00000072,Dépôt,4635.29139353155,JPY,13.515611838150509,Complétée,Francfort,USA
id_transaction_00000548,Prélèvement,274.00707481542656,JPY,1.1181282842617328,En attente,Tokyo,UE
id_transaction_00000240,Virement,4874.873510889923,JPY,-4.169772207387809,Rejetée,Londres,Chine
id_transaction_00000221,Virement,1371.6710234987368,USD,18.43050165098216,Complétée,Londres,USA
id_transaction_00000528,Dépôt,3632.0349419459108,EUR,13.12370252618215,Rejetée,Tokyo,Chine
id_transaction_00000030,Virement,-1162.838409317681,USD,-7.977620673057298,Complétée,Pékin,Maroc
id_transaction_00000140,Virement International,37020.05024943159,USD,5.972654388120614,Complétée,New York,Chine
id_transaction_00000031,Dépôt,-636.5886892904131,JPY,-2.2727268555407125,En attente,Washington DC,Royaume-Uni
id_transaction_00000755,Carte,229.92937060974268,EUR,-7.408451397072098,Complétée,Rabat,USA
id_transaction_00000847,Retrait,14232.745412348315,USD,-3.9510510509495758,Complétée,Casablanca,Royaume-Uni
id_transaction_00000038,Prélèvement,-539.5475120144442,EUR,-2.4828353803927223,Complétée,Tokyo,Allemagne
id_transaction_00000043,Virement,-903.1290064092165,GBP,-5.357813280130697,En attente,Casablanca,Maroc
id_transaction_00000058,Retrait,-568.6416249565467,USD,-2.71490541427202,Complétée,Pékin,Chine
id_transaction_00000701,Virement,-815.1629682386093,USD,-6.795206773499964,Complétée,Francfort,Allemagne
id_transaction_00000975,Virement,1092.8649961412991,USD,8.887125347646005,Complétée,Johannesburg,Japon
id_transaction_00000044,Retrait,-236.15548281435133,JPY,-14.322960458436114,Complétée,Pékin,Japon
id_transaction_00000064,Prélèvement,2061.2175053784476,EUR,8.579288909356947,Complétée,Tokyo,USA
id_transaction_00000338,Virement,1871.6811279227218,ZAR,0.08504568102252108,Complétée,Francfort,Royaume-Uni
id_transaction_00000498,Retrait,362.47199053668834,CNY,9.585549989968989,En attente,Johannesburg,Royaume-Uni
id_transaction_00000198,Retrait,294.0492360549097,USD,-7.657640464318381,Complétée,Rabat,Royaume-Uni
id_transaction_00000510,Retrait,-97.8403802653005,USD,-25.48153287083933,En cours,Francfort,USA
id_transaction_00000621,Retrait,-307.73069824910215,USD,-2.9858605677902608,Rejetée,Londres,Allemagne
id_transaction_00000356,Carte,799.7756061149487,USD,0.6581760259330807,Complétée,Londres,Royaume-Uni
id_transaction_00000564,Carte,21.95658115439477,GBP,13.229685798321958,Complétée,Londres,Maroc
id_transaction_00000807,Retrait,1164.8334296679645,MAD,12.07161756540695,Complétée,Paris,UE
id_transaction_00000240,Virement,-596.6994661600637,GBP,-17.8163737107782,En attente,Washington DC,USA
id_transaction_00000733,Virement International,-368.7667552601009,JPY,-18.80487612431254,Complétée,Johannesburg,Maroc
id_transaction_00000356,Dépôt,1287.7193092666728,CNY,1.8141737798095585,En attente,New York,USA
id_transaction_00000863,Retrait,12076.81638921533,JPY,5.073598660859684,Rejetée,Washington DC,Japon
id_transaction_00000445,Retrait,1446.0517985347474,EUR,9.838121875218448,En cours,Casablanca,Japon
id_transaction_00000811,Virement International,195.26130024580897,USD,-12.292345657656305,En attente,Francfort,Japon
id_transaction_00000934,Virement,-204.55325935725295,GBP,-10.908139223112276,En attente,Tokyo,USA
id_transaction_00000418,Dépôt,709.9243430679553,ZAR,3.7691139998204095,Complétée,Casablanca,USA
id_transaction_00000423,Carte,-779.2600428705335,CNY,7.4782876285864734,Complétée,Rabat,France
id_transaction_00000062,Carte,1404.0348311988284,JPY,8.370963742418327,Complétée,New York,Maroc
id_transaction_00000377,Carte,1070.8269375973157,JPY,3.3731625685916264,Complétée,Pékin,Chine
id_transaction_00000234,Dépôt,8036.501907794586,MAD,4.582646966882682,Complétée,Paris,Royaume-Uni
id_transaction_00000286,Carte,26746.27064189912,JPY,10.954591117615355,Complétée,Francfort,Chine
id_transaction_00000625,Dépôt,870.0939017382735,JPY,13.234613458260224,Complétée,Paris,Royaume-Uni
id_transaction_00000331,Dépôt,1005.952571873599,CNY,2.738915260203296,Complétée,Tokyo,Royaume-Uni
id_transaction_00000001,Virement International,-176.17242034324818,CNY,9.4681855972091,Complétée,Casablanca,France
id_transaction_00000001,Prélèvement,498.97493852838727,USD,5.886683283023667,En attente,Washington DC,Japon
id_transaction_00000460,Dépôt,834.7668291301231,USD,3.998867647694051,Complétée,Johannesburg,Maroc
id_transaction_00000690,Retrait,-477.0245192536303,GBP,-6.541427776923345,Complétée,New York,USA
id_transaction_00000962,Carte,28620.123708780193,GBP,-8.296192835789853,En attente,Londres,USA
id_transaction_00000734,Virement International,373.8447002821039,JPY,4.44022123427457,Complétée,Londres,France
id_transaction_00000902,Virement,604.6508055494045,GBP,2.205882658182706,Rejetée,Francfort,Royaume-Uni
id_transaction_00000999,Retrait,-634.6348312503172,JPY,-12.883492477356409,Complétée,Pékin,Japon
id_transaction_00000970,Retrait,113684.41336146466,ZAR,9.031857194038018,Complétée,Casablanca,USA
id_transaction_00000313,Dépôt,1364.3359847741333,MAD,9.506824183525932,Complétée,Johannesburg,Allemagne
id_transaction_00000868,Prélèvement,-240.31950088172744,CNY,-2.7898856179045657,Complétée,Johannesburg,Maroc
id_transaction_00000496,Retrait,4019.7222035444956,MAD,-7.215930920199868,Complétée,Rabat,Maroc
id_transaction_00000921,Dépôt,1497.9733868891553,MAD,-1.445971346837858,Complétée,Paris,USA
id_transaction_00000655,Retrait,671.849001937107,JPY,3.082194371133545,Complétée,New York,Japon
id_transaction_00000924,Carte,-735.3300954532764,GBP,-4.533728549084031,En attente,Washington DC,USA
id_transaction_00000642,Dépôt,-765.3156266096543,CNY,-5.662642713407599,Complétée,Londres,France
id_transaction_00000934,Dépôt,13108.588490393198,JPY,-1.5010910866049176,En cours,Casablanca,USA
id_transaction_00000184,Retrait,194.3921597448529,USD,-6.095160372849729,En cours,Washington DC,USA
id_transaction_00000142,Virement,5500.329507140654,MAD,9.589685436122181,Complétée,Tokyo,Japon
id_transaction_00000938,Carte,-676.3504010607738,JPY,-4.430752783040366,Complétée,Rabat,France
id_transaction_00000079,Virement International,811.1573304954454,CNY,-0.2241998054408727,Complétée,New York,Japon
id_transaction_00000691,Carte,-883.0552963663359,MAD,-12.824518900637429,Complétée,Tokyo,Royaume-Uni
id_transaction_00000919,Retrait,2705.4206151455496,ZAR,-8.460398058666602,En cours,Londres,Royaume-Uni
id_transaction_00000839,Carte,4852.707973896372,USD,4.204741261221243,Complétée,New York,Afrique du Sud
id_transaction_00000864,Carte,-228.26139155150906,MAD,-3.7841810634244935,En attente,Washington DC,Royaume-Uni
id_transaction_00000537,Carte,582.3801374844213,JPY,462.24399952118443,En cours,Londres,Royaume-Uni
id_transaction_00000066,Carte,-828.2850252609936,CNY,-14.62321800140625,Complétée,New York,USA
id_transaction_00000166,Carte,876.5963617346924,CNY,113.50156590960663,En attente,Londres,Maroc
id_transaction_00000339,Virement,127.34104271728324,ZAR,-7.343947857461241,Complétée,Washington DC,UE
id_transaction_00000620,Carte,3477.900551877739,CNY,-5.0916494917059785,Complétée,Tokyo,USA
id_transaction_00000340,Carte,1513.8001247623047,GBP,7.670043200750978,Complétée,Pékin,Royaume-Uni
id_transaction_00000927,Dépôt,-59.65177312372737,EUR,2.9950901932866856,Complétée,Washington DC,UE
id_transaction_00000481,Prélèvement,3608.151862060951,ZAR,7.4231350678181975,Complétée,Francfort,France
id_transaction_00000068,Prélèvement,94.74238030527516,JPY,-12.25210660908171,En attente,Pékin,Royaume-Uni
id_transaction_00000848,Retrait,-1378.9964469834435,EUR,-10.154257360956294,Complétée,Londres,Allemagne
id_transaction_00000904,Virement International,2069.413718767789,MAD,-21.885067459423478,Complétée,Pékin,Maroc
id_transaction_00000978,Retrait,1238.3139605667866,GBP,0.38892004821824333,Complétée,Pékin,Royaume-Uni
id_transaction_00000080,Prélèvement,522.6095794303124,USD,-3.068618597084975,Complétée,Casablanca,Japon
id_transaction_00000149,Prélèvement,-69.94187019648734,GBP,-9.248179254780645,Complétée,Paris,Royaume-Uni
id_transaction_00000155,Retrait,22474.75252867811,JPY,7.963067596353932,Complétée,Londres,Japon
id_transaction_00000249,Dépôt,12467.832461551943,EUR,-2.0470636815323395,En cours,Pékin,France
id_transaction_00000597,Prélèvement,777.3055805806448,GBP,-6.849494212762909,Complétée,Paris,Royaume-Uni
id_transaction_00000784,Retrait,-37.8028525593752,USD,1.895185280864002,Complétée,Pékin,Chine
id_transaction_00000736,Carte,1047.3788991576937,MAD,-43.12144256591694,Complétée,Francfort,France
id_transaction_00000370,Carte,-475.2052178277787,USD,0.6158474571284103,En attente,Washington DC,Japon
id_transaction_00000937,Carte,929.126435537693,JPY,6.319527649225991,En attente,Johannesburg,Afrique du Sud
id_transaction_00000844,Virement,433.31293418562007,USD,8.792595853304539,Complétée,Tokyo,UE
id_transaction_00000218,Carte,-647.4299739364033,MAD,-1.0806901390772907,En attente,Pékin,Royaume-Uni
id_transaction_00000697,Retrait,513.503660886544,USD,9.11987059219917,Rejetée,Casablanca,Allemagne
id_transaction_00000203,Retrait,550.094872756223,USD,-5.461570737195685,Complétée,Casablanca,Maroc
id_transaction_00000870,Dépôt,-985.0913266484005,MAD,-0.0918434808431785,Complétée,Pékin,UE
id_transaction_00000982,Dépôt,775.2902507616593,JPY,10.70508987504453,En attente,New York,Maroc
id_transaction_00000913,Virement,-164.496034010039,MAD,-3.344176207033251,Complétée,New York,USA
id_transaction_00000910,Virement,-408.5450349910187,MAD,-4.475827292099429,En attente,Pékin,Afrique du Sud
id_transaction_00000885,Carte,292.1631014891004,EUR,7.039379519774027,En attente,Pékin,USA
id_transaction_00000030,Carte,617.9511810538132,USD,8.232204566621613,Complétée,Tokyo,USA
id_transaction_00000617,Carte,980.8816862133299,JPY,14.37095268511839,Complétée,Tokyo,France
id_transaction_00000863,Dépôt,17033.61033422508,USD,-4.318136161067044,Complétée,Tokyo,Japon
id_transaction_00000586,Retrait,956.4871062514108,USD,-8.633582706608813,Complétée,Tokyo,Royaume-Uni
id_transaction_00000216,Prélèvement,1209.3303265018571,GBP,4.691940399847403,En attente,Pékin,Royaume-Uni
id_transaction_00000671,Retrait,455.7972670659738,CNY,-13.88289446979833,Complétée,Washington DC,Afrique du Sud
id_transaction_00000112,Prélèvement,1318.4595342525413,GBP,-5.591037811518411,En attente,Paris,USA
id_transaction_00000514,Virement,-402.70606762064983,EUR,-0.3312939807821387,Complétée,Pékin,France
id_transaction_00000753,Retrait,1302.057175880596,USD,8.486284965217031,Rejetée,Pékin,Chine
id_transaction_00000295,Dépôt,17803.47304646438,EUR,18.043534530387717,En attente,Rabat,USA
id_transaction_00000136,Carte,1043.0163770761328,MAD,1.5830312523921006,En attente,Pékin,Royaume-Uni
id_transaction_00000683,Carte,2584.1844801410152,JPY,6.4646071226347,Complétée,New York,Maroc
id_transaction_00000655,Virement,-634.3989313633191,JPY,7.613894735556498,En attente,Francfort,USA
id_transaction_00000637,Carte,-294.6516095356394,USD,-6.805182353533623,Complétée,New York,Afrique du Sud
id_transaction_00000782,Prélèvement,1001.7333936190081,USD,3.6083246664900472,Complétée,New York,USA
id_transaction_00000552,Retrait,2599.115736321859,GBP,-15.500950788547136,Complétée,Francfort,Royaume-Uni
id_transaction_00000616,Virement International,1103.4179353920567,EUR,0.4562497015215783,Complétée,Pékin,Japon
id_transaction_00000099,Virement,1140.943591850215,MAD,1.1756945666003382,Complétée,New York,USA
id_transaction_00000655,Dépôt,7008.14648207356,USD,5.008493663874446,Complétée,Casablanca,Maroc
id_transaction_00000783,Prélèvement,928.5269308527668,USD,3.6094755311395508,Complétée,Pékin,Japon
id_transaction_00000264,Carte,3266.718036681703,CNY,4.256216491872378,En cours,Pékin,Maroc
id_transaction_00000879,Virement,10185.76369048737,GBP,3.0960756503118887,En attente,Rabat,Maroc
id_transaction_00000146,Virement,1197.228282939007,MAD,12.021269648457881,Complétée,Pékin,Maroc
id_transaction_00000311,Virement International,534.0496352256794,JPY,-1.6184204034856426,Complétée,Londres,Japon
id_transaction_00000770,Carte,-1279.013914765947,EUR,-3.2358037664385266,Complétée,Londres,France
id_transaction_00000114,Virement International,-225.18788002740678,CNY,-13.055735087401125,Complétée,Pékin,Chine
id_transaction_00000915,Dépôt,-40.31440828112238,USD,-14.202624136543232,Complétée,New York,Allemagne
id_transaction_00000792,Virement,21126.062982300045,JPY,0.9689758749273363,Complétée,New York,Allemagne
id_transaction_00000897,Virement International,294.9637255413627,JPY,-8.87484562733247,Complétée,Washington DC,Royaume-Uni
id_transaction_00000009,Carte,-708.1736596925949,JPY,-7.760132183229612,Complétée,Londres,France
id_transaction_00000411,Prélèvement,-429.0504410529021,USD,5.119150092263227,Complétée,Pékin,Maroc
id_transaction_00000189,Prélèvement,928.0539310629358,MAD,-2.6957339408900722,En attente,Paris,USA
id_transaction_00000823,Carte,465.9177031298195,USD,11.286344294652986,Complétée,Tokyo,Chine
id_transaction_00000615,Carte,-965.1883761974605,MAD,-11.565427124896111,Complétée,Rabat,Allemagne
id_transaction_00000882,Virement,24510.30900333744,ZAR,-4.306487962681346,Complétée,Tokyo,Royaume-Uni
id_transaction_00000042,Carte,5944.421608162426,CNY,10.63410280971258,En cours,Casablanca,Royaume-Uni
id_transaction_00000822,Virement,853.8830426674408,EUR,9.98886698000879,Complétée,Washington DC,USA
id_transaction_00000922,Dépôt,-782.7942056344256,USD,-10.735503763220944,Complétée,New York,USA
id_transaction_00000071,Virement,630.1995878383142,USD,8.772293683903605,Complétée,Londres,Chine
id_transaction_00000106,Carte,-73.45180038255512,EUR,12.739214769160473,En attente,Londres,USA
id_transaction_00000639,Carte,727.7352877687632,MAD,-0.6952934157013306,Complétée,Paris,Maroc
id_transaction_00000717,Virement International,-69.94887674055474,CNY,0.3068364779714141,Complétée,Pékin,Japon
id_transaction_00000651,Virement International,524.3979175443633,EUR,-2.2693480462094406,Complétée,Johannesburg,Maroc
id_transaction_00000180,Retrait,345.0269055022722,GBP,-1.0079928740942012,Complétée,Paris,USA
id_transaction_00000700,Retrait,-5415.365039000419,USD,-14.849541604110843,En attente,Washington DC,Royaume-Uni
id_transaction_00000832,Prélèvement,1048.0672824347675,EUR,4.283203935935084,Complétée,Pékin,Chine
id_transaction_00000367,Dépôt,109.43638065080052,USD,20.170514980760686,Complétée,Francfort,France
id_transaction_00000491,Retrait,6636.852881700418,GBP,8.677604343769957,En cours,Tokyo,Maroc
id_transaction_00000526,Dépôt,247.23117956001838,USD,-9.396318722833243,Rejetée,Pékin,Royaume-Uni
id_transaction_00000364,Dépôt,2825.000617953319,JPY,0.33468522277404134,En attente,Johannesburg,Maroc
id_transaction_00000518,Prélèvement,524.4225614179373,EUR,8.747481758610421,Complétée,Pékin,Chine
id_transaction_00000618,Dépôt,19151.821475759258,CNY,-7.077162724891369,Complétée,Johannesburg,USA
id_transaction_00000478,Dépôt,31306.841230431994,ZAR,-1.1761762027519032,Complétée,Londres,USA
id_transaction_00000862,Virement,1122.6688216741836,CNY,-8.347915727202071,En attente,Casablanca,Japon
id_transaction_00000108,Retrait,455.6636488713703,EUR,-10.001990965178301,Complétée,Pékin,Afrique du Sud
id_transaction_00000552,Prélèvement,-307.4908499229058,USD,-16.35578804610705,Complétée,New York,Maroc
id_transaction_00000203,Dépôt,-13.918395457787767,USD,16.321072351893417,Complétée,Francfort,Maroc
id_transaction_00000752,Prélèvement,59.38201693525758,JPY,-2.493986002378308,Complétée,Johannesburg,USA
id_transaction_00000862,Carte,574.2353493651347,USD,0.6342081766177294,Rejetée,Tokyo,Maroc
id_transaction_00000738,Prélèvement,1994.684414046815,EUR,-1.0331618217288554,En attente,Rabat,Royaume-Uni
id_transaction_00000552,Dépôt,-141.21955912459748,MAD,-14.620937067092747,Complétée,Paris,Royaume-Uni
id_transaction_00000419,Prélèvement,1016.1124091630066,GBP,-4.313513160193497,Complétée,Tokyo,Japon
id_transaction_00000992,Retrait,671.1852964050217,EUR,9.490003796215813,En cours,Pékin,Royaume-Uni
id_transaction_00000516,Carte,-733.363927573327,CNY,-17.289441806311853,En attente,Tokyo,Royaume-Uni
id_transaction_00000466,Retrait,487.9620544987751,GBP,-5.062317037214801,Complétée,Tokyo,Royaume-Uni
id_transaction_00000360,Dépôt,-438.8884949295116,CNY,-1.2834602889246325,En attente,Tokyo,Allemagne
id_transaction_00000975,Prélèvement,1450.3723200620923,USD,7.790318640939313,Complétée,Casablanca,Maroc
id_transaction_00000978,Carte,-196.57381212939083,USD,7.1973293354152315,Complétée,Francfort,USA
id_transaction_00000344,Prélèvement,-1466.9752595161622,USD,-16.81920254425098,En attente,Washington DC,USA
id_transaction_00000799,Retrait,721.5259606726222,CNY,5.189862943297449,Complétée,Pékin,Japon
id_transaction_00000700,Carte,1142.9229986145347,CNY,16.07293656318997,Complétée,Francfort,USA
id_transaction_00000558,Virement,3423.0988597816836,CNY,-0.6011883394977238,Complétée,New York,Maroc
id_transaction_00000638,Virement,-429.7433534219974,USD,-6.96948979754393,En attente,Francfort,Afrique du Sud
id_transaction_00000032,Retrait,863.7491008339389,MAD,-10.84844208111458,Complétée,Pékin,Royaume-Uni
id_transaction_00000367,Retrait,-113.93925076161963,MAD,-6.011851151168183,Rejetée,Pékin,Maroc
id_transaction_00000764,Retrait,34681.27268775782,EUR,3.214430435574113,En attente,Londres,Maroc
id_transaction_00000805,Virement,-5250.00311056423,USD,-7.8837395813963385,En attente,Rabat,Maroc
id_transaction_00000857,Retrait,668.4266729069757,CNY,11.686123631737312,Complétée,Francfort,Royaume-Uni
id_transaction_00000021,Prélèvement,255.20834288677563,ZAR,3.2749721546336277,Complétée,Casablanca,USA
id_transaction_00000779,Prélèvement,2069.8287299203475,JPY,-13.455554010120505,Complétée,Casablanca,Maroc
id_transaction_00000879,Virement International,594.1136116677044,JPY,15.124309411254917,Complétée,Paris,Japon
id_transaction_00000659,Retrait,-52.48133011942525,ZAR,-1.141496179940491,Complétée,Paris,Royaume-Uni
id_transaction_00000770,Virement International,38.96490881269858,USD,-9.57141951594567,Complétée,Francfort,Royaume-Uni
id_transaction_00000620,Carte,761.4359802768877,USD,-6.899521435959639,Complétée,Londres,France
id_transaction_00000154,Virement International,152.91250917648853,USD,-3.4073378437241706,En cours,New York,Afrique du Sud
id_transaction_00000565,Carte,475.0246305578682,EUR,3.3520432564772165,En attente,Casablanca,Japon
id_transaction_00000956,Dépôt,303.48642187312385,USD,8.249907613376646,Complétée,Tokyo,UE
id_transaction_00000560,Retrait,1381.4525461186936,USD,-2.8481541694523917,Complétée,Casablanca,Maroc
id_transaction_00000738,Carte,450.12201339821917,USD,-10.767765554706134,Complétée,New York,Maroc
id_transaction_00000166,Prélèvement,-1237.8036677524829,USD,-10.747486685710644,Complétée,New York,Japon
id_transaction_00000207,Virement International,2728.7786430585243,EUR,-10.168298736468813,Complétée,New York,Afrique du Sud
id_transaction_00000145,Retrait,-1255.8200087119735,USD,-10.939775661780406,En attente,New York,Japon
id_transaction_00000530,Retrait,1077.5406003806497,EUR,9.917874903836958,Complétée,New York,Japon
id_transaction_00000871,Prélèvement,1606.4944575829409,GBP,4.8620698134436084,En attente,Pékin,USA
id_transaction_00000407,Virement,840.2348754769909,JPY,14.94489127850164,Complétée,Pékin,USA
id_transaction_00000436,Dépôt,978.5085194144607,JPY,14.774433529622279,Complétée,Johannesburg,Royaume-Uni
id_transaction_00000960,Retrait,-505.17418102359943,JPY,-12.24188048705404,Complétée,Tokyo,Allemagne
id_transaction_00000275,Prélèvement,-306.0079400326654,USD,-4.862466703765699,Complétée,Johannesburg,Afrique du Sud
id_transaction_00000115,Dépôt,882.8253729615421,USD,5.8854514306746,Complétée,Casablanca,USA
id_transaction_00000545,Retrait,610.5795805564383,USD,-5.179221935957666,En attente,Casablanca,UE
id_transaction_00000932,Dépôt,1144.1707828215413,MAD,0.24624941081098228,En attente,Casablanca,Royaume-Uni
id_transaction_00000641,Retrait,493.3627209242766,USD,-8.665445635239532,Complétée,Pékin,Chine
id_transaction_00000662,Carte,811.5817489990634,JPY,12.418260954232817,Complétée,Londres,France
id_transaction_00000319,Retrait,591.4886060618385,USD,-3.1647250027367653,Complétée,Pékin,Chine
id_transaction_00000860,Dépôt,-582.5955639237276,EUR,2.249134223693324,Complétée,Casablanca,Allemagne
id_transaction_00000791,Dépôt,-687.0856652980364,GBP,-5.945714077756354,Complétée,Tokyo,USA
id_transaction_00000664,Retrait,-1345.1657554110334,USD,-18.131046437915927,Complétée,New York,Maroc
id_transaction_00000831,Carte,621.491885839514,USD,158.81647608522366,En attente,Casablanca,USA
id_transaction_00000992,Retrait,296.121082748693,USD,-4.63250823781195,En cours,Tokyo,Afrique du Sud
id_transaction_00000267,Carte,2027.9875548569153,JPY,13.133659065024265,En cours,Londres,France
id_transaction_00000892,Prélèvement,358.23685400700464,USD,-3.424391736172713,Complétée,Tokyo,Japon
id_transaction_00000809,Carte,616.4136897981859,EUR,13.883223587539394,Complétée,Johannesburg,Maroc
id_transaction_00000563,Retrait,-311.7924808784004,MAD,-6.510305450426931,En attente,Washington DC,Royaume-Uni
id_transaction_00000915,Carte,31150.575951913706,CNY,0.670737700428953,Rejetée,Rabat,France
id_transaction_00000884,Retrait,-4323.309561457085,USD,-8.967984112523169,Complétée,Francfort,Japon
id_transaction_00000257,Dépôt,-129.02050783007405,USD,-0.14988103267252395,Complétée,Londres,France
id_transaction_00000269,Virement International,4653.035117040457,EUR,-2.297968460353631,Complétée,New York,USA
id_transaction_00000055,Carte,1645.5637945046506,USD,-6.950514749085289,Rejetée,Washington DC,France
id_transaction_00000124,Prélèvement,1478.2984692052928,ZAR,20.270113257205484,Complétée,Casablanca,Japon
id_transaction_00000834,Carte,-540.9542402542723,GBP,-4.723479033670443,Complétée,Londres,France
id_transaction_00000490,Prélèvement,-483.52426953687393,GBP,0.5578820613933413,En attente,Washington DC,USA
id_transaction_00000028,Carte,3049.8153566936867,USD,-3.521122993557575,Complétée,Londres,USA
id_transaction_00000402,Retrait,-1261.784474512544,USD,-18.75926745972224,Complétée,Francfort,Royaume-Uni
id_transaction_00000173,Virement,-532.2208346904957,USD,2.049702545916219,En attente,Francfort,USA
id_transaction_00000410,Carte,2297.2348754377767,JPY,9.563834012095834,Complétée,Londres,Royaume-Uni
id_transaction_00000961,Retrait,4137.588008544943,EUR,11.18591203093255,Complétée,Pékin,Japon
id_transaction_00000328,Prélèvement,-491.9832198661877,JPY,-1.2403304868231055,En attente,Casablanca,USA
id_transaction_00000832,Virement,5713.151582955334,USD,-4.870009019953495,En attente,Pékin,Royaume-Uni
id_transaction_00000101,Dépôt,581.801604043962,ZAR,0.5448984741795497,Complétée,New York,Japon
id_transaction_00000063,Carte,10913.750846764475,JPY,0.5761074882058921,Complétée,Johannesburg,USA
id_transaction_00000315,Carte,1964.188674292449,MAD,19.32732072722703,Complétée,Johannesburg,Maroc
id_transaction_00000854,Retrait,-271.0625498803406,USD,1.0947902975193324,Complétée,Paris,Royaume-Uni
id_transaction_00000221,Retrait,-891.2483851229712,MAD,-2.738918862230282,Complétée,Tokyo,UE
id_transaction_00000115,Dépôt,1738.1931760516486,JPY,21.03621956433339,Rejetée,Paris,Royaume-Uni
id_transaction_00000519,Retrait,670.9727000513307,JPY,13.2970570415963,Complétée,Francfort,Royaume-Uni
id_transaction_00000153,Retrait,-307.71869809075474,USD,-8.89669689788239,Complétée,Washington DC,Maroc
id_transaction_00000101,Virement,72.9968933638404,EUR,8.442003171027029,Complétée,Londres,Royaume-Uni
id_transaction_00000601,Retrait,-148.323188344036,USD,2.4346906352999422,Complétée,Francfort,Royaume-Uni
id_transaction_00000255,Virement International,823.9226344232162,USD,3.475713290142447,Complétée,Francfort,USA
id_transaction_00000587,Prélèvement,6950.202548039392,USD,-5.82168677120766,Complétée,Paris,USA
id_transaction_00000758,Dépôt,-1157.9688594577392,CNY,-12.880137218972575,Complétée,Tokyo,USA
id_transaction_00000868,Retrait,-765.7611034556625,USD,-4.449253806046332,Complétée,Casablanca,Japon
id_transaction_00000885,Prélèvement,-1564.8150180838784,GBP,-4.609772052939172,En attente,Pékin,Royaume-Uni
id_transaction_00000435,Carte,92.77489627892652,EUR,-6.727669671425585,Complétée,Tokyo,France
id_transaction_00000312,Prélèvement,-360.8796318311379,CNY,-3.7910980267952317,Complétée,Pékin,Afrique du Sud
id_transaction_00000907,Prélèvement,-64.55763140711065,JPY,12.06716292875338,Complétée,Francfort,Japon
id_transaction_00000639,Carte,24591.58291653524,EUR,-6.452956387997136,En attente,Francfort,USA
id_transaction_00000838,Dépôt,14794.531760674767,EUR,13.552280162226417,En cours,Pékin,Chine
id_transaction_00000900,Prélèvement,484.5230849264837,CNY,-2.556955222817824,En attente,Casablanca,UE
id_transaction_00000705,Retrait,-865.3828567189706,CNY,-1.7582829662239945,Complétée,Casablanca,Maroc
id_transaction_00000354,Retrait,-632.9856223914938,GBP,-15.2304977211849,Complétée,Tokyo,Royaume-Uni
id_transaction_00000559,Virement International,766.002631433171,JPY,-4.988431201012108,Complétée,Tokyo,Royaume-Uni
id_transaction_00000761,Retrait,3712.366410461975,MAD,-16.460233992571588,Complétée,Francfort,Afrique du Sud
id_transaction_00000974,Carte,-5394.257120706941,JPY,-11.753662331502724,En attente,Casablanca,France
id_transaction_00000144,Retrait,769.0228003179095,USD,2.0292209884475714,Complétée,Rabat,Japon
id_transaction_00000655,Retrait,532.3562241706851,USD,3.375193461995104,En attente,New York,Royaume-Uni
id_transaction_00000833,Carte,-112.64621434458661,ZAR,3.4387434387767444,Complétée,Paris,Maroc
id_transaction_00000419,Virement International,16966.089470384166,EUR,1.535443556591083,Complétée,Londres,Afrique du Sud
id_transaction_00000480,Virement International,226.39168521872287,USD,-3.0797817461702612,Complétée,Washington DC,Afrique du Sud
id_transaction_00000959,Carte,-377.21138281977414,USD,7.635790101497366,Complétée,New York,USA
id_transaction_00000343,Retrait,8035.857159569134,GBP,26.934932319503687,Complétée,Tokyo,Royaume-Uni
id_transaction_00000889,Dépôt,578.6086135239259,EUR,1.4796566234939648,Rejetée,Tokyo,USA
id_transaction_00000796,Carte,-338.9674975294263,MAD,-5.405213821062184,En attente,Rabat,Allemagne
id_transaction_00000888,Virement International,-709.1530274545006,USD,-14.392506907302483,Complétée,Washington DC,Royaume-Uni
id_transaction_00000519,Prélèvement,16.217447359439063,EUR,-4.934737045190988,Complétée,Francfort,Allemagne
id_transaction_00000507,Virement,-712.5972277409747,GBP,-16.203574765231785,Complétée,Pékin,Royaume-Uni
id_transaction_00000494,Virement,543.9631402323643,CNY,3.9876454959691747,Complétée,New York,USA
id_transaction_00000004,Carte,-1325.97061179994,EUR,-6.390539362112427,Complétée,Johannesburg,Royaume-Uni
id_transaction_00000035,Virement,674.0638440661662,GBP,11.105990638094063,Complétée,Francfort,Royaume-Uni
id_transaction_00000892,Virement,639.0372076505314,EUR,-0.8210529695966375,Complétée,Paris,USA
id_transaction_00000198,Dépôt,4664.808289280834,CNY,2.5872774742882814,Complétée,New York,Maroc
id_transaction_00000162,Virement,1605.22809248559,CNY,5.816942852018432,Complétée,New York,Japon
id_transaction_00000588,Virement,12423.99552317428,USD,18.132209359413068,Complétée,Washington DC,Maroc
id_transaction_00000964,Carte,-397.10052268523305,CNY,56.033949502466086,Complétée,Londres,Japon
id_transaction_00000136,Virement,25.03485403164791,USD,2.13354391879305,Complétée,Rabat,Royaume-Uni
id_transaction_00000833,Carte,125.98428933044397,CNY,-3.528942910274737,Rejetée,Pékin,USA
id_transaction_00000203,Carte,426.2938990988682,USD,-11.065917542758577,Complétée,Paris,Maroc
id_transaction_00000808,Virement,-394.2357879517581,EUR,-6.196039603487486,En cours,Londres,Afrique du Sud
id_transaction_00000187,Retrait,778.4978543777474,CNY,4.8752753182285975,En cours,Tokyo,Maroc
id_transaction_00000473,Carte,77155.19893713054,MAD,-5.803843170393987,Complétée,Tokyo,France
id_transaction_00000964,Carte,935.9868873547485,MAD,8.15433586434008,Complétée,Londres,USA
id_transaction_00000343,Prélèvement,-816.7858541694446,ZAR,-7.213138880218577,Complétée,Rabat,Chine
id_transaction_00000425,Prélèvement,657.8986823725244,JPY,-0.213159923016641,En attente,Washington DC,Allemagne
id_transaction_00000173,Virement International,-879.8287247580212,USD,-12.312831975422839,Complétée,Washington DC,Japon
id_transaction_00000327,Virement International,-1078.5776346237235,EUR,-8.001259811276501,Complétée,Francfort,USA
id_transaction_00000742,Virement,10799.752883335126,USD,0.972558625441736,En cours,Tokyo,UE
id_transaction_00000102,Carte,5825.402506529682,JPY,-1.4247068456379175,En attente,Washington DC,USA
id_transaction_00000518,Virement International,1016.7493465999394,JPY,-0.36476889660234413,En attente,Johannesburg,UE
id_transaction_00000426,Prélèvement,512.408341594606,MAD,3.18964732261024,Complétée,Casablanca,Maroc
id_transaction_00000876,Virement International,5400.027612379161,CNY,-7.018632106417804,En cours,Paris,USA
id_transaction_00000354,Retrait,476.12666364807524,EUR,629.1837106163547,Complétée,New York,Maroc
id_transaction_00000322,Dépôt,-1051.6853924836846,CNY,2.630005156489416,Complétée,Pékin,Japon
id_transaction_00000448,Dépôt,77785.45114113059,USD,6.258000423233022,Rejetée,Rabat,Japon
id_transaction_00000757,Retrait,1558.9393784594804,USD,7.142145331626708,Complétée,Johannesburg,USA
id_transaction_00000289,Virement,6181.625181390948,CNY,5.77556568511828,Complétée,Washington DC,Chine
id_transaction_00000774,Retrait,4934.933548940296,CNY,-10.119222570681359,Complétée,Johannesburg,USA
id_transaction_00000126,Carte,-786.2564448686093,USD,-6.597405873561896,Complétée,Rabat,Japon
id_transaction_00000971,Retrait,-147.46920288176716,USD,-9.339007742786539,Complétée,Casablanca,Japon
id_transaction_00000847,Retrait,-54.59084490460691,JPY,4.596248954373198,Complétée,Washington DC,France
id_transaction_00000497,Virement,1023.7191546987095,CNY,1.3916392166609093,Complétée,Pékin,Japon
id_transaction_00000471,Retrait,1303.1812423260594,EUR,4.0387085850401565,Complétée,Paris,Japon
id_transaction_00000844,Dépôt,1430.4522120460592,USD,-4.677127762609884,Complétée,Paris,Maroc
id_transaction_00000892,Virement International,843.002924905868,MAD,-0.9095168422630264,Complétée,Tokyo,Afrique du Sud
id_transaction_00000695,Dépôt,1259.7443078659417,ZAR,-1.8121530025249122,En cours,Londres,Royaume-Uni
id_transaction_00000074,Retrait,-141.5698475501763,CNY,4.556216164495176,Complétée,Johannesburg,Royaume-Uni
id_transaction_00000978,Carte,-945.6272188050569,EUR,5.214921949973355,Complétée,Francfort,Allemagne
id_transaction_00000994,Retrait,19745.238494441437,GBP,3.3913803538733607,Complétée,New York,Maroc
id_transaction_00000408,Retrait,1288.2496388452541,MAD,3.3762506239388452,Complétée,Johannesburg,Afrique du Sud
id_transaction_00000336,Dépôt,4562.732227890362,USD,-0.7293195239083667,Complétée,Paris,Allemagne
id_transaction_00000165,Retrait,6476.931224216531,JPY,4.1408890055238246,Rejetée,Londres,Maroc
id_transaction_00000802,Dépôt,1926.4038144139854,CNY,14.230765419955798,Rejetée,New York,USA
id_transaction_00000682,Virement International,-442.17033030474624,USD,0.10369502488894433,En attente,Francfort,Afrique du Sud
id_transaction_00000271,Virement,-3.7845327046741772,GBP,5.833687951459352,En attente,Londres,Royaume-Uni
id_transaction_00000610,Retrait,521.3772986536868,GBP,4.832791851836128,Complétée,Francfort,Allemagne
id_transaction_00000455,Prélèvement,262.87990863264895,USD,-7.748444900292848,Complétée,Paris,USA
id_transaction_00000916,Virement,-374.63088425281137,GBP,3.1088891195117445,Complétée,Pékin,USA
id_transaction_00000341,Carte,4542.705777497908,CNY,10.569105201289526,Rejetée,Pékin,Chine
id_transaction_00000889,Retrait,3357.0893569477485,MAD,-6.380357335475698,Complétée,Rabat,Maroc
id_transaction_00000336,Retrait,-1315.6292274280904,EUR,-5.910385652264435,Rejetée,Francfort,Japon
id_transaction_00000287,Prélèvement,861.5979057588355,ZAR,10.488470765936073,En attente,Casablanca,France
id_transaction_00000103,Retrait,439.02006554216024,MAD,-7.0852862985052765,Complétée,Paris,USA
id_transaction_00000786,Dépôt,529.1860581453768,USD,6.855850118169978,Complétée,New York,Maroc
id_transaction_00000316,Virement International,6818.237853562327,JPY,13.247622600757406,Complétée,Casablanca,USA
id_transaction_00000188,Virement,-979.7242364724044,USD,-3.0060382178201683,Complétée,Washington DC,Maroc
id_transaction_00000317,Retrait,1269.7651826511028,GBP,8.357674744513833,Complétée,Francfort,Royaume-Uni
id_transaction_00000396,Dépôt,407.6818903273611,ZAR,-5.300040300647029,Complétée,Casablanca,USA
id_transaction_00000456,Carte,961.3230152246848,MAD,-6.746306989276296,Complétée,Londres,Chine
id_transaction_00000614,Carte,1001.2203287843718,EUR,3.854913984735445,Complétée,Rabat,France
id_transaction_00000705,Carte,611.2409634772304,EUR,-2.737816978540609,Complétée,New York,USA
id_transaction_00000558,Dépôt,896.2500662354119,JPY,84.9130663623608,En attente,Londres,Japon
id_transaction_00000924,Dépôt,3500.8489805558065,CNY,-5.236174139868942,Complétée,New York,Maroc
id_transaction_00000003,Prélèvement,3694.965693290402,USD,12.18193771946314,Complétée,New York,Maroc
id_transaction_00000819,Prélèvement,-586.4457566642283,USD,2.123031427266218,Complétée,Johannesburg,Japon
id_transaction_00000447,Virement International,-105.08793396453211,EUR,-8.416650420007837,Complétée,Washington DC,USA
id_transaction_00000138,Virement,568.594587835987,USD,-6.452160666624146,Complétée,New York,Maroc
id_transaction_00000826,Prélèvement,1382.523502185922,EUR,3.7004404392611834,Complétée,Johannesburg,USA
id_transaction_00000633,Retrait,-58.02404841936482,USD,-5.308374329535909,En attente,Tokyo,USA
id_transaction_00000441,Retrait,1096.4072493345286,USD,-4.061345649722376,Complétée,Francfort,Royaume-Uni
id_transaction_00000465,Dépôt,1257.3614635200179,USD,6.055950143169982,Complétée,New York,USA
id_transaction_00000491,Prélèvement,113.90496864807761,MAD,-2.6868607456300735,En attente,New York,Maroc
id_transaction_00000365,Prélèvement,748.1259374776755,USD,3.981648648071454,Complétée,Johannesburg,Japon
id_transaction_00000210,Retrait,-2770.5730553998274,USD,-12.518921806690866,En attente,Washington DC,Chine
id_transaction_00000374,Dépôt,-425.07529182483506,CNY,-2.8625057159535006,Complétée,Johannesburg,Royaume-Uni
id_transaction_00000356,Virement,-222.38890115814365,CNY,-1.9774480830756218,Complétée,Washington DC,Royaume-Uni
id_transaction_00000630,Virement,-983.6763918486703,CNY,251.77441321878285,En attente,Francfort,Royaume-Uni
id_transaction_00000732,Carte,601.6161300216314,JPY,15.504794509380226,Complétée,Johannesburg,Japon
id_transaction_00000833,Virement,2254.3131785317482,MAD,-7.600059901086117,Complétée,Johannesburg,USA
id_transaction_00000527,Virement,82.1081490748092,MAD,-3.353340031006307,Complétée,Washington DC,Chine
id_transaction_00000313,Retrait,-1466.5553313943778,GBP,-10.627093240243127,Complétée,Francfort,UE
id_transaction_00000332,Carte,2956.779290374666,EUR,10.308811611784556,En attente,Pékin,UE
id_transaction_00000772,Dépôt,3546.5605454872575,USD,-6.949762120935271,Complétée,New York,Maroc
id_transaction_00000750,Dépôt,51.488467615050354,USD,-2.4527282500560537,En attente,Johannesburg,Allemagne
id_transaction_00000912,Dépôt,1250.2438986328211,JPY,-0.5126873866162214,Complétée,Paris,Japon
id_transaction_00000153,Virement,624.5258936165403,GBP,-0.5812757628974827,Complétée,Londres,Afrique du Sud
id_transaction_00000787,Carte,1219.8596525378018,EUR,4.505280413392652,En attente,Tokyo,Maroc
id_transaction_00000033,Carte,1505.2056113538529,USD,5.86544584035908,Complétée,Francfort,Japon
id_transaction_00000363,Carte,-132.94266281047123,MAD,-9.278362304078286,Rejetée,Londres,Japon
id_transaction_00000107,Retrait,975.5781194561988,USD,12.470827671080876,Rejetée,Casablanca,Japon
id_transaction_00000548,Retrait,167.16246495296957,EUR,11.445234018584735,Complétée,Francfort,UE
id_transaction_00000132,Dépôt,305.8106202838978,EUR,-0.2636817161095557,Complétée,Johannesburg,Maroc
id_transaction_00000811,Carte,-226.09873388940287,EUR,-10.342891430417382,Rejetée,New York,Royaume-Uni
id_transaction_00000839,Retrait,610.0257926037971,JPY,3.0210300552189056,Complétée,Francfort,UE
id_transaction_00000889,Retrait,616.530575211509,USD,-3.1094719746288915,Complétée,Washington DC,Afrique du Sud
id_transaction_00000148,Dépôt,2266.78172520773,JPY,19.791802534265457,Complétée,Paris,USA
id_transaction_00000158,Dépôt,9181.243473707866,USD,0.9480806726265723,Complétée,Pékin,UE
id_transaction_00000011,Carte,1078.204828500276,EUR,5.905514019293757,Complétée,Casablanca,Japon
id_transaction_00000047,Retrait,7301.672435246797,CNY,10.161292986793125,En attente,Pékin,USA
id_transaction_00000637,Carte,-768.0580886041195,JPY,-7.0143488404881404,Complétée,Londres,Japon
id_transaction_00000322,Retrait,272.3776468627824,USD,8.68446543627603,Complétée,Washington DC,Maroc
id_transaction_00000173,Retrait,-259.9716938541111,GBP,-6.266566172634438,Complétée,Casablanca,Royaume-Uni
id_transaction_00000423,Prélèvement,12544.937859281477,JPY,11.957642504742083,En attente,Casablanca,Royaume-Uni
id_transaction_00000300,Retrait,-272.2460751749061,USD,0.6813356267757431,Complétée,Casablanca,Maroc
id_transaction_00000142,Retrait,818.0797573238373,USD,2.676528048815874,Complétée,New York,Japon
id_transaction_00000441,Prélèvement,-1262.8606177449938,MAD,-17.84029946903856,Complétée,Paris,USA
id_transaction_00000237,Virement,6213.609937806332,MAD,-7.843494519813889,Complétée,Francfort,Royaume-Uni
id_transaction_00000819,Retrait,-5.40094160974013,GBP,-3.6875971247321138,Complétée,Pékin,Royaume-Uni
id_transaction_00000377,Carte,-340.8110315331021,MAD,-15.277505412269775,Complétée,Casablanca,France
id_transaction_00000215,Carte,-568.5800757572807,JPY,-0.5162525991910396,Complétée,Washington DC,Royaume-Uni
id_transaction_00000198,Prélèvement,665.6091131473681,EUR,16.224439306970208,Complétée,Pékin,Royaume-Uni
id_transaction_00000665,Carte,502.5891588002869,MAD,-6.101812763874787,Complétée,Tokyo,USA
id_transaction_00000853,Carte,8010.315244855353,JPY,18.209344224194133,Complétée,New York,Royaume-Uni
id_transaction_00000537,Virement International,1140.6387878281894,USD,-2.198991344534429,Complétée,Tokyo,USA
id_transaction_00000002,Prélèvement,-96.78301147413629,USD,-11.753073056732806,En attente,Pékin,USA
id_transaction_00000632,Dépôt,1454.2468228007936,JPY,11.138837194593279,Complétée,Washington DC,Royaume-Uni
id_transaction_00000782,Carte,1011.8074104211372,MAD,5.2144515417207185,Complétée,Casablanca,Royaume-Uni
id_transaction_00000344,Dépôt,291.55090953998587,EUR,-0.17673662901087983,Complétée,Francfort,Maroc
id_transaction_00000104,Virement,655.3365130796826,JPY,0.39418894635235713,Rejetée,Londres,Maroc
id_transaction_00000883,Carte,5411.254462183554,CNY,-1.5756127983884172,Complétée,Rabat,Chine
id_transaction_00000972,Virement International,1086.7635736948146,JPY,17.08940046542424,En attente,Casablanca,USA
id_transaction_00000555,Prélèvement,-282.6283799160003,ZAR,-7.826562891858425,En attente,Francfort,France
id_transaction_00000951,Carte,66.13346086229222,USD,-12.162809433743234,Complétée,Pékin,France
id_transaction_00000117,Retrait,-1260.642059437866,USD,-11.198158618039024,En cours,Pékin,Royaume-Uni
id_transaction_00000608,Virement,1152.0919712161358,USD,13.86932552204745,En attente,Francfort,Japon
id_transaction_00000107,Virement International,848.4338094720468,JPY,10.396611548166806,Complétée,New York,USA
id_transaction_00000173,Virement International,1499.222172283337,JPY,-9.55955084060524,Complétée,Rabat,USA
id_transaction_00000540,Carte,1749.45504438004,MAD,-9.684115309189103,Complétée,Francfort,Royaume-Uni
id_transaction_00000204,Carte,2042.9372747058064,CNY,21.175281394858875,Complétée,Londres,Maroc
id_transaction_00000319,Prélèvement,1790.6196226807906,GBP,9.553662007138868,En attente,Tokyo,Afrique du Sud
id_transaction_00000586,Virement International,17611.274021892452,GBP,-10.56715858443511,Complétée,Pékin,Maroc
id_transaction_00000037,Virement,1456.702965291368,GBP,6.766401740738112,Complétée,New York,Allemagne
id_transaction_00000603,Carte,-131.18429122087423,JPY,-4.656040144057717,En attente,Francfort,Chine
id_transaction_00000702,Carte,52.84092417099748,CNY,6.778296347174921,En attente,Londres,Royaume-Uni
id_transaction_00000985,Virement International,1936.5122832836282,GBP,10.689374879011998,Complétée,Casablanca,Maroc
id_transaction_00000777,Virement,2884.8424997179404,EUR,-4.0089573187740575,Complétée,Johannesburg,Royaume-Uni
id_transaction_00000068,Virement,115939.32002529813,MAD,7.822614506135689,Complétée,Francfort,UE
id_transaction_00000677,Prélèvement,-80.08579759853751,EUR,-5.0946519869622415,Complétée,Casablanca,Maroc
id_transaction_00000060,Dépôt,1132.754451532778,CNY,1.7302226695393492,Complétée,Pékin,Maroc
id_transaction_00000031,Carte,-859.1361162259174,MAD,-9.913765107406224,Complétée,Londres,Allemagne
id_transaction_00000773,Prélèvement,6677.1249207926885,EUR,4.764197619135757,Complétée,Casablanca,UE
id_transaction_00000078,Retrait,894.8016858330614,GBP,7.706693235261323,En attente,Francfort,Maroc
id_transaction_00000995,Retrait,-938.3318967335648,JPY,-2.430788287640251,Complétée,Tokyo,UE
id_transaction_00000990,Virement,1352.7183605066384,USD,2.8977736663857923,Complétée,Casablanca,Maroc
id_transaction_00000945,Dépôt,1847.3164224333473,GBP,1.8150000673058164,Complétée,Londres,Royaume-Uni
id_transaction_00000298,Carte,-199.77843506098634,CNY,12.851075255395859,Complétée,Pékin,UE
id_transaction_00000584,Retrait,6148.319396803092,EUR,-0.7639614643366883,Complétée,Francfort,Royaume-Uni
id_transaction_00000128,Virement,17773.412495509518,EUR,12.269876957194063,Complétée,Washington DC,Chine
id_transaction_00000134,Carte,535.0145931200211,USD,-8.40737335105349,Rejetée,Paris,Allemagne
id_transaction_00000180,Dépôt,109.75717198055992,GBP,4.267536981329905,Complétée,Londres,Japon
id_transaction_00000793,Carte,-262.51154672344546,MAD,11.003140644131392,Complétée,Pékin,France
id_transaction_00000402,Virement,8049.402606805279,USD,68.98330346026769,Complétée,Tokyo,Afrique du Sud
id_transaction_00000535,Virement,-755.172395990992,EUR,-9.174209236467963,Complétée,Washington DC,Royaume-Uni
id_transaction_00000051,Dépôt,1227.8951908283912,JPY,8.220339649411095,Complétée,New York,Maroc
id_transaction_00000431,Carte,1448.443855905467,GBP,15.219962335897542,Complétée,Pékin,Chine
id_transaction_00000039,Virement International,65.92396132365849,JPY,-7.585649727758411,En attente,Londres,Japon
id_transaction_00000650,Carte,1586.3754979901662,MAD,-5.283381262381053,Complétée,Casablanca,Allemagne
id_transaction_00000163,Carte,1844.5020369091735,CNY,4.282252189535324,Rejetée,Casablanca,Japon
id_transaction_00000667,Retrait,-670.5187112057898,ZAR,-17.367252132308778,Complétée,Casablanca,Allemagne
id_transaction_00000067,Carte,-698.2489867966093,CNY,-3.445639017040776,En attente,Washington DC,Royaume-Uni
id_transaction_00000961,Dépôt,548.5425942086965,JPY,-0.918446158929684,Complétée,Pékin,Japon
id_transaction_00000900,Virement,-590.1981674692912,MAD,-15.212328415779005,Complétée,Francfort,Royaume-Uni
id_transaction_00000104,Carte,1459.1931332308643,USD,-0.5168128110896548,Complétée,Londres,Chine
id_transaction_00000964,Virement International,975.6941338902869,GBP,1.7725091472890249,Complétée,New York,Afrique du Sud
id_transaction_00000683,Virement International,77.58211515821722,USD,4.299923480092615,Rejetée,Paris,USA
id_transaction_00000288,Retrait,40439.27947353766,EUR,-9.490995535867189,En cours,Casablanca,Maroc
id_transaction_00000342,Virement International,11615.458335752635,USD,6.986082222471425,Complétée,Casablanca,USA
id_transaction_00000501,Carte,1273.0438123911154,USD,16.82855818895238,En attente,Paris,USA
id_transaction_00000113,Retrait,951.3960971377826,GBP,10.946710068651651,Complétée,Francfort,Royaume-Uni
id_transaction_00000852,Retrait,66.3977740274421,MAD,504.69054776479334,Complétée,New York,Japon
id_transaction_00000566,Prélèvement,-121.96755024701235,EUR,-7.539803549357784,Complétée,Pékin,UE
id_transaction_00000831,Retrait,-295.199590960048,EUR,3.7425983889679304,Complétée,Pékin,France
id_transaction_00000048,Retrait,-573.311776903873,CNY,-1.0008529283487908,Complétée,Casablanca,USA
id_transaction_00000889,Retrait,15700.234555199542,CNY,7.698301581713819,En attente,Pékin,Chine
id_transaction_00000128,Retrait,-401.4617673305827,CNY,2.511666405914809,Complétée,Tokyo,Maroc
id_transaction_00000496,Prélèvement,1171.9098843352742,USD,0.620427364778986,En cours,New York,Royaume-Uni
id_transaction_00000969,Dépôt,-495.21366249332436,GBP,0.88294827261074,Complétée,Rabat,Maroc
id_transaction_00000872,Dépôt,5966.043474319737,JPY,-0.3358804025245581,Complétée,New York,Royaume-Uni
id_transaction_00000160,Carte,17.227976822859944,GBP,-1.5434847963280314,En attente,Tokyo,Japon
id_transaction_00000579,Dépôt,204.3587751297723,USD,-0.5415578416704374,Complétée,Washington DC,USA
id_transaction_00000400,Virement International,783.3336859306451,USD,-0.47077672185756647,Complétée,Francfort,USA
id_transaction_00000812,Retrait,19423.663900506253,MAD,-8.547679874205233,Complétée,Washington DC,Royaume-Uni
id_transaction_00000876,Carte,-1317.5161073120262,USD,-10.939316668847372,Complétée,Pékin,Chine
id_transaction_00000719,Carte,34605.4030736743,CNY,2.800606716473341,En attente,Casablanca,France
id_transaction_00000518,Retrait,581.6491975225003,GBP,-12.722586391456836,En attente,New York,USA
id_transaction_00000142,Carte,-1144.3614540954823,USD,-12.88035970026326,En attente,Washington DC,Japon
id_transaction_00000812,Retrait,-907.3535266697814,EUR,-8.18988586339378,Complétée,Francfort,UE
id_transaction_00000833,Prélèvement,752.4224006230429,JPY,-3.6640832575099145,Complétée,Tokyo,Maroc
id_transaction_00000265,Carte,186.11857315181925,GBP,2.1721810018579184,Rejetée,Francfort,Maroc
id_transaction_00000692,Retrait,7353.518310275321,EUR,-4.94178028172671,Complétée,New York,Royaume-Uni
id_transaction_00000048,Carte,-940.2717416855261,GBP,-3.14628210547341,Complétée,Casablanca,Maroc
id_transaction_00000052,Carte,-342.399852498306,JPY,-1.9065156358983657,En attente,Casablanca,Royaume-Uni
id_transaction_00000406,Prélèvement,1686.2194063635234,JPY,17.37676511738242,Complétée,Johannesburg,Afrique du Sud
id_transaction_00000160,Retrait,2909.0148347041873,GBP,1.0932757711655183,En attente,New York,Maroc
id_transaction_00000886,Retrait,645.4526794322666,JPY,7.626490483763556,En cours,Pékin,Japon
id_transaction_00000913,Dépôt,1206.3333063096725,EUR,6.852201224569159,Complétée,New York,Maroc
id_transaction_00000275,Dépôt,-227.18339023002488,EUR,7.4029646835061165,Rejetée,Washington DC,Royaume-Uni
id_transaction_00000951,Carte,35722.7408501547,CNY,-0.28472072951488414,Complétée,Rabat,Maroc
id_transaction_00000140,Dépôt,12401.654783701528,USD,0.6680213241298532,Complétée,Pékin,USA
id_transaction_00000242,Virement International,502.47042604818944,JPY,-1.8049414017692147,Complétée,Paris,Afrique du Sud
id_transaction_00000138,Retrait,-793.2349627597285,EUR,10.586022798893325,En attente,Casablanca,France
id_transaction_00000240,Carte,837.8834638039,MAD,3.5740006638521287,Complétée,Paris,Allemagne
id_transaction_00000865,Prélèvement,261.2915521897037,CNY,-5.8973243970324996,En attente,Washington DC,Royaume-Uni
id_transaction_00000911,Prélèvement,68.15699724117997,JPY,7.087198090022527,Complétée,Johannesburg,Royaume-Uni
id_transaction_00000862,Retrait,1356.7535879468192,JPY,2.9093166371340033,Complétée,Rabat,Japon
id_transaction_00000193,Carte,-550.1487615800972,USD,-1.6377166467806097,En attente,Casablanca,Royaume-Uni
id_transaction_00000121,Carte,407.2227729787796,EUR,4.84813767424048,Complétée,Washington DC,Maroc
id_transaction_00000601,Prélèvement,859.7786753677001,EUR,7.925765651575164,En cours,Tokyo,France
id_transaction_00000452,Virement,722.0890584255299,GBP,-3.6578597943786084,Complétée,Pékin,Royaume-Uni
id_transaction_00000992,Prélèvement,738.4981330151309,CNY,-2.2169697369408823,Complétée,Washington DC,France
id_transaction_00000123,Dépôt,1883.5000042628992,CNY,-0.9499087214539683,Complétée,Johannesburg,France
id_transaction_00000460,Dépôt,433.4320539026193,CNY,-6.695819770978555,Complétée,New York,UE
id_transaction_00000630,Carte,-320.4642598225346,GBP,7.883747253759083,Rejetée,Francfort,Royaume-Uni
id_transaction_00000394,Retrait,-169.92598953170068,ZAR,-0.559540743832784,Complétée,Rabat,USA
id_transaction_00000423,Carte,357.05049319115227,GBP,9.43334021668164,En attente,Tokyo,Maroc
id_transaction_00000716,Dépôt,-953.8388884520365,USD,-11.750425328940064,En attente,Washington DC,Royaume-Uni
id_transaction_00000564,Retrait,652.8765967490177,USD,-0.0615790101342677,En attente,Washington DC,Afrique du Sud
id_transaction_00000521,Dépôt,1299.7098674874562,GBP,27.133754276440854,En attente,Johannesburg,Royaume-Uni
id_transaction_00000574,Virement,972.3671480537356,EUR,-4.655271481220082,Rejetée,Casablanca,Maroc
id_transaction_00000117,Carte,22111.253142249145,CNY,-4.76970102506209,Complétée,Londres,Japon
id_transaction_00000940,Prélèvement,110064.7505241783,CNY,4.019073984782274,Complétée,Rabat,UE
id_transaction_00000352,Prélèvement,1464.1070045232086,ZAR,8.792736156821187,En attente,Tokyo,USA
id_transaction_00000375,Prélèvement,-56.96896352930543,GBP,-5.000035304006858,En attente,Tokyo,Royaume-Uni
id_transaction_00000697,Retrait,903.3266370332863,USD,11.187112628167865,Complétée,New York,Japon
id_transaction_00000435,Virement,142.53012701501785,MAD,-11.898603881543728,En attente,Washington DC,USA
id_transaction_00000297,Retrait,97911.16466296055,USD,-3.355258180512478,Complétée,Pékin,Japon
id_transaction_00000986,Carte,2608.2523660873503,GBP,-6.2588514835547615,Rejetée,Casablanca,Royaume-Uni
id_transaction_00000278,Retrait,674.166619615884,CNY,0.1940063942191914,Complétée,New York,Maroc
id_transaction_00000534,Dépôt,442.50186128440083,MAD,8.062055986562864,Complétée,Casablanca,Maroc
id_transaction_00000297,Retrait,101.06565084043473,GBP,-6.455236320142663,Complétée,Londres,USA
id_transaction_00000562,Dépôt,331.8425831421398,GBP,-2.8971997691165763,Complétée,Paris,Royaume-Uni
id_transaction_00000795,Carte,5812.939101912319,ZAR,19.764306051506413,Complétée,Pékin,Japon
id_transaction_00000810,Retrait,31.447157999707997,USD,1.4027750566688475,Complétée,Pékin,USA
id_transaction_00000971,Retrait,2170.572971819193,EUR,11.741065987772608,Complétée,Paris,USA
id_transaction_00000971,Retrait,504.78654747323344,MAD,15.890025875040138,Complétée,Francfort,Royaume-Uni
id_transaction_00000203,Carte,397.4323905644944,CNY,7.6180103888921655,En attente,Tokyo,USA
id_transaction_00000532,Virement International,417.48294707604725,CNY,-4.653899513260861,Complétée,New York,Royaume-Uni
id_transaction_00000244,Virement,8651.288539249896,EUR,3.5470117791729576,Complétée,New York,Allemagne
id_transaction_00000418,Dépôt,-207.38715481628833,MAD,-11.197838926454661,Complétée,Paris,Chine
id_transaction_00000639,Carte,-767.8546672768198,USD,-10.885925167755019,En attente,Rabat,USA
id_transaction_00000961,Virement,91.72015978056112,MAD,-3.596510077388399,En attente,Francfort,Maroc
id_transaction_00000616,Prélèvement,1265.8376785932767,MAD,4.482719044196196,Complétée,Londres,Royaume-Uni
id_transaction_00000075,Retrait,587.0747058829658,GBP,-12.387497498310903,Complétée,Londres,Maroc
id_transaction_00000448,Carte,2183.662125181592,GBP,4.519911376852583,Complétée,Washington DC,USA
id_transaction_00000100,Prélèvement,-41.1105220120059,JPY,-6.6921398101704765,En attente,New York,Chine
id_transaction_00000031,Carte,315.2199250890481,USD,-11.451720144164838,Complétée,Paris,Maroc
id_transaction_00000811,Dépôt,66466.29089223978,JPY,6.487207388475725,Complétée,Casablanca,USA
id_transaction_00000765,Carte,122.97627544480582,GBP,-7.923627871179312,Complétée,Londres,Royaume-Uni
id_transaction_00000269,Carte,165.35227977644325,USD,10.614543497323897,Complétée,Casablanca,Maroc
id_transaction_00000115,Retrait,-6.799320873250451,GBP,407.41712289581733,En attente,New York,Maroc
id_transaction_00000423,Virement,3130.3640347735914,JPY,-1.0665320109955623,En attente,Washington DC,Japon
id_transaction_00000877,Virement,1038.862657749818,CNY,5.4114433280332745,Complétée,Rabat,USA
id_transaction_00000842,Carte,329.5230202764049,EUR,-0.34085165676978324,Complétée,Pékin,USA
id_transaction_00000531,Virement International,131.2511588291448,JPY,-4.0193989069165825,Complétée,Paris,USA
id_transaction_00000209,Dépôt,105.25130607202925,EUR,-5.91685564871785,Complétée,Casablanca,Maroc
id_transaction_00000247,Retrait,217.58523352977957,JPY,4.420949481459517,Complétée,Paris,Maroc
id_transaction_00000953,Carte,1227.7652794367327,USD,-6.817846750247042,Complétée,Pékin,Japon
id_transaction_00000838,Carte,-221.0483673401676,USD,-7.18762969655605,En attente,Casablanca,Maroc
id_transaction_00000203,Dépôt,268.64807506876787,JPY,2.14844866201694,En cours,Casablanca,Royaume-Uni
id_transaction_00000133,Retrait,-250.53995649488866,GBP,-7.5953507137666305,Complétée,Tokyo,UE
id_transaction_00000480,Virement International,4984.208404748,USD,3.4714686076798627,En cours,Casablanca,USA
id_transaction_00000077,Retrait,-163.95385911386302,USD,1.2626647078984155,Complétée,Paris,Maroc
id_transaction_00000853,Retrait,936.5679659900832,CNY,8.917100943435818,En attente,Tokyo,Royaume-Uni
id_transaction_00000223,Retrait,-461.2280527476672,USD,5.114400035280967,Complétée,Tokyo,Royaume-Uni
id_transaction_00000377,Carte,6410.378441069144,USD,1.6731319159053823,Complétée,Londres,Japon
id_transaction_00000916,Retrait,1255.2648423057753,CNY,-1.476046407799294,Complétée,New York,Royaume-Uni
id_transaction_00000882,Retrait,1573.7770710236696,JPY,-2.4297891261681235,Rejetée,Washington DC,Maroc
id_transaction_00000360,Carte,-494.28779221153536,GBP,-12.755792225175469,En cours,Londres,Royaume-Uni
id_transaction_00000692,Carte,508.2260106004246,MAD,5.261615582754015,Complétée,Paris,Japon
id_transaction_00000684,Carte,134.30548945498532,GBP,5.215100570756212,Complétée,Londres,Maroc
id_transaction_00000255,Virement International,709.1136162410196,USD,3.7273659368158696,Complétée,Londres,Afrique du Sud
id_transaction_00000474,Retrait,-456.2328126396894,ZAR,11.90081657399579,Complétée,Pékin,Royaume-Uni
id_transaction_00000856,Retrait,23707.23027671547,CNY,10.61287388547579,Complétée,Francfort,USA
id_transaction_00000520,Prélèvement,657.821049090054,GBP,-3.5852296746499137,En attente,Francfort,Chine
id_transaction_00000318,Virement,33511.42365569525,EUR,16.63860326209885,En attente,Rabat,France
id_transaction_00000235,Virement International,-1005.7752640983437,GBP,-9.63475953853633,Complétée,Paris,USA
id_transaction_00000345,Retrait,786.2151175008116,GBP,-0.38550725961485544,Complétée,Francfort,Royaume-Uni
id_transaction_00000093,Retrait,598.067315451499,USD,-4.171532014353763,En cours,Pékin,USA
id_transaction_00000987,Retrait,-233.13941720956393,MAD,-9.084179476338988,Complétée,Tokyo,Maroc
id_transaction_00000832,Prélèvement,986.0794570235084,MAD,0.4423556447015402,En attente,Washington DC,USA
id_transaction_00000777,Virement International,28439.92757584594,MAD,5.821248666727556,Complétée,Tokyo,Afrique du Sud
id_transaction_00000354,Retrait,-254.80016754899032,EUR,-11.32563037592142,Complétée,New York,Maroc
id_transaction_00000587,Carte,777.8914205691303,GBP,0.34900069122801103,Rejetée,Washington DC,Chine
id_transaction_00000940,Prélèvement,2165.3147346924643,JPY,22.31064250577241,Complétée,Londres,Chine
id_transaction_00000165,Carte,5216.777584876518,USD,7.267716477942516,En attente,Francfort,Afrique du Sud
id_transaction_00000594,Prélèvement,-1082.8007966137584,ZAR,-17.759841415248893,Complétée,Tokyo,USA
id_transaction_00000272,Dépôt,-614.0206495595422,EUR,-0.8855955937585618,Complétée,Londres,UE
id_transaction_00000876,Carte,-1202.4385043191264,USD,1.0783176624969029,Complétée,Pékin,Maroc
id_transaction_00000567,Virement International,-104.85520831296787,JPY,2.6932655067259765,Complétée,Pékin,Japon
id_transaction_00000508,Carte,181.04393844780714,JPY,3.7750269161501357,Complétée,Londres,Chine
id_transaction_00000240,Dépôt,-2769.3744959733167,GBP,-13.527888490296263,Complétée,Tokyo,France
id_transaction_00000127,Retrait,342.6350416824938,USD,-3.9294443093858122,Complétée,Washington DC,Japon
id_transaction_00000712,Carte,-920.0489199976313,GBP,-42.651828145414086,Complétée,Londres,USA
id_transaction_00000504,Carte,632.0380314522394,USD,8.183645018425816,En attente,Francfort,Japon
id_transaction_00000330,Virement International,503.9370233601567,USD,-4.902122490578228,Complétée,Pékin,Chine
id_transaction_00000694,Virement,-657.904067330562,USD,-4.648384582888627,En attente,Pékin,Afrique du Sud
id_transaction_00000944,Virement,432.33113977879043,JPY,-1.2313134804585433,En attente,Johannesburg,Royaume-Uni
id_transaction_00000082,Carte,1943.3435476187674,CNY,23.096147778412828,En attente,Tokyo,Maroc
id_transaction_00000834,Carte,7465.402305954085,GBP,11.563822559527374,Complétée,Casablanca,USA
id_transaction_00000134,Dépôt,1805.0826496644183,JPY,-5.649924199623475,Complétée,New York,USA
id_transaction_00000578,Carte,5957.049111244409,EUR,5.0420538266081145,Complétée,Tokyo,Maroc
id_transaction_00000459,Virement,-0.4660631095307508,JPY,10.160606000645538,En attente,Pékin,Chine
id_transaction_00000199,Retrait,7913.358495383021,GBP,-3.960152740508115,Complétée,Washington DC,Royaume-Uni
id_transaction_00000048,Carte,3780.3577059961253,JPY,9.785630822052582,Complétée,Londres,France
id_transaction_00000160,Retrait,1736.8590681249166,JPY,12.718046977170221,Complétée,Londres,Afrique du Sud
id_transaction_00000723,Dépôt,104.95838607778654,USD,7.3447610223347395,Complétée,Rabat,Maroc
id_transaction_00000667,Carte,-150.87895110072782,JPY,-1.6864019670574022,En attente,Paris,Maroc
id_transaction_00000671,Carte,108.52525895072245,EUR,-2.001989673557265,Complétée,New York,France
id_transaction_00000002,Virement,-623.5510217564793,USD,-370.3113940388755,En attente,Paris,Royaume-Uni
id_transaction_00000925,Virement International,923.0182775184588,MAD,11.36352024832107,Complétée,Londres,Royaume-Uni
id_transaction_00000336,Carte,-586.6144556644807,MAD,-9.739016075253392,Complétée,Pékin,Maroc
id_transaction_00000059,Prélèvement,632.1248777595056,EUR,86.24583191577292,En attente,Pékin,France
id_transaction_00000516,Carte,1227.096831906591,MAD,-1.3454007839367277,Complétée,Londres,Royaume-Uni
id_transaction_00000618,Virement,-742.929524763406,USD,-6.6764057729464,Complétée,Francfort,Japon
id_transaction_00000918,Retrait,1664.3048720301422,CNY,9.357727895598195,En cours,Pékin,USA
id_transaction_00000859,Retrait,-1460.2729775281641,CNY,-8.596078574440874,Complétée,Paris,Japon
id_transaction_00000568,Dépôt,1752.4351188191686,JPY,2.2303708832196247,En cours,Washington DC,USA
id_transaction_00000591,Virement International,-923.5709277624229,USD,-7.087712547175308,En attente,Washington DC,USA
id_transaction_00000747,Carte,742.0062438223524,USD,3.7485113052976566,Complétée,Tokyo,Afrique du Sud
id_transaction_00000533,Retrait,-399.93674075556146,MAD,2.5509854642873835,Complétée,Casablanca,Japon
id_transaction_00000083,Dépôt,-1323.5725930602348,JPY,-12.533521389766047,Complétée,New York,UE
id_transaction_00000289,Dépôt,1468.4144420069356,JPY,0.9222122117446316,Complétée,Johannesburg,Chine
id_transaction_00000256,Dépôt,402.5918199357972,MAD,-14.720590646295786,Complétée,Casablanca,Maroc
id_transaction_00000250,Virement International,1260.968747570022,JPY,-5.072549172250331,Complétée,Johannesburg,Maroc
id_transaction_00000402,Carte,4971.075604624581,MAD,12.823594807324433,En attente,Pékin,Chine
id_transaction_00000117,Virement International,-75.77870850650424,JPY,-7.957345812733711,Complétée,New York,France
id_transaction_00000455,Dépôt,-196.49283041563956,EUR,1.6473093042083455,Complétée,Londres,Royaume-Uni
id_transaction_00000751,Prélèvement,854.090645406852,CNY,9.050060823697091,En attente,New York,Royaume-Uni
id_transaction_00000850,Carte,445.0524628842791,EUR,9.415696297837194,Complétée,Pékin,Royaume-Uni
id_transaction_00000123,Dépôt,131.30690150017813,USD,-2.3405976795511183,Complétée,Tokyo,UE
id_transaction_00000801,Carte,-648.8693416616994,USD,-7.008403980054179,Complétée,Tokyo,Afrique du Sud
id_transaction_00000725,Virement International,1022.0632102671364,JPY,0.7857951025079588,En attente,Casablanca,Maroc
id_transaction_00000504,Prélèvement,683.5863568167589,JPY,-9.119622148980177,Complétée,Londres,Royaume-Uni
id_transaction_00000975,Carte,-393.8249439786348,EUR,-8.777448930411506,Complétée,Pékin,Afrique du Sud
id_transaction_00000899,Carte,665.9839438998794,JPY,-8.509013227185072,Complétée,Pékin,France
id_transaction_00000611,Virement International,1922.4037108771254,MAD,12.278494599620167,Complétée,Francfort,Royaume-Uni
id_transaction_00000085,Carte,-1143.6846451646857,JPY,-10.611264999229302,En attente,Washington DC,France
id_transaction_00000552,Dépôt,85875.87690557278,JPY,1.6198473962444755,Complétée,Paris,USA
id_transaction_00000430,Retrait,471.285865094152,JPY,4.353136407378732,Complétée,Paris,Japon
id_transaction_00000682,Carte,739.2414460492855,GBP,0.8920965629801652,Rejetée,Johannesburg,Allemagne
id_transaction_00000237,Carte,-170.68381888643694,JPY,5.339343175086856,Complétée,Londres,USA
id_transaction_00000447,Dépôt,1491.988869211088,JPY,14.78377573949507,Complétée,Pékin,Maroc
id_transaction_00000624,Carte,348.1342206982356,MAD,-9.930776908799771,Complétée,Pékin,Maroc
id_transaction_00000802,Carte,916.6885810920551,JPY,15.006180865413288,Complétée,Johannesburg,Maroc
id_transaction_00000200,Retrait,2026.8410229438693,USD,2.7459311876616685,Complétée,Tokyo,France
id_transaction_00000971,Virement,-764.3031229266343,CNY,-10.901250320444866,En attente,Washington DC,Maroc
id_transaction_00000581,Dépôt,2295.0223469455427,EUR,-7.564029958010958,Complétée,New York,USA
id_transaction_00000048,Virement International,1053.9848701974065,USD,2.53527222204881,Complétée,Londres,USA
id_transaction_00000679,Prélèvement,-759.9044068190898,CNY,-10.455692451298297,Complétée,Francfort,Allemagne
id_transaction_00000635,Dépôt,10553.776552477726,JPY,0.7338512330570213,En cours,Tokyo,Maroc
id_transaction_00000533,Retrait,317.64335706731794,ZAR,2.728660075304316,En attente,Washington DC,Maroc
id_transaction_00000955,Carte,-822.6687188932525,EUR,-2.9168036779801936,En attente,Washington DC,Chine
id_transaction_00000251,Dépôt,763.0031531440347,GBP,8.204398163415973,En cours,Casablanca,Japon
id_transaction_00000892,Carte,8124.694247437116,GBP,-2.550806922284722,Complétée,Johannesburg,France
id_transaction_00000008,Dépôt,776.421904404013,ZAR,17.904009698257298,Complétée,Paris,France
id_transaction_00000540,Retrait,1173.9494467320842,USD,2.9784759986196225,En attente,Pékin,USA
id_transaction_00000043,Carte,1003.2957755256593,MAD,7.782449617991324,En cours,Pékin,Maroc
id_transaction_00000162,Carte,2960.0801625478643,USD,-7.189785359872547,En attente,Londres,Afrique du Sud
id_transaction_00000670,Retrait,1240.3835620696532,MAD,3.563787444737147,Complétée,New York,Royaume-Uni
id_transaction_00000047,Retrait,-32.655326570949285,CNY,1.0791051159840883,Complétée,Tokyo,Japon
id_transaction_00000934,Retrait,-681.5940057363558,JPY,-10.53781610826417,Complétée,Rabat,Maroc
id_transaction_00000496,Retrait,-982.8120707661473,USD,-6.325027641517656,Complétée,Londres,Royaume-Uni
id_transaction_00000083,Prélèvement,621.3713423134044,JPY,-4.814635230604506,En attente,Tokyo,France
id_transaction_00000531,Carte,1160.7574791097786,USD,-3.4352161524820923,Complétée,Rabat,Maroc
id_transaction_00000240,Carte,1200.9736484898142,CNY,-10.610531412270827,En attente,Washington DC,USA
id_transaction_00000047,Retrait,1142.7696288488164,USD,3.945487546262428,Complétée,Tokyo,Maroc
id_transaction_00000263,Carte,-248.7959076749321,ZAR,-5.134041197093141,En attente,Washington DC,Japon
id_transaction_00000826,Retrait,9760.664785762008,JPY,3.763700413684753,Complétée,Pékin,Japon
id_transaction_00000173,Prélèvement,3255.381929346149,USD,15.447810236093716,Complétée,Francfort,USA
id_transaction_00000397,Dépôt,2069.646375531445,CNY,7.035884834770522,Complétée,Londres,France
id_transaction_00000498,Prélèvement,737.1125211829753,MAD,3.492243299281506,Complétée,Johannesburg,Allemagne
id_transaction_00000783,Retrait,-35.326329557964925,JPY,12.682427421881256,Complétée,Casablanca,Maroc
id_transaction_00000204,Virement,1063.2001788943044,MAD,-2.929876458143853,En attente,Francfort,Chine
id_transaction_00000021,Prélèvement,216.08089755036065,EUR,3.300817440381123,Complétée,Francfort,USA
id_transaction_00000756,Prélèvement,-229.72703669780458,USD,-6.147055637153829,En attente,Pékin,Afrique du Sud
id_transaction_00000480,Virement International,27587.212946206495,USD,6.6770828935171505,En cours,New York,USA
id_transaction_00000809,Retrait,1217.374845556113,EUR,-7.55211518294363,Complétée,Francfort,Royaume-Uni
id_transaction_00000908,Dépôt,200.80603147553583,EUR,1.2697735864365676,En cours,Casablanca,Royaume-Uni
id_transaction_00000087,Carte,-1145.4496749066561,EUR,-9.418708157586305,Complétée,Tokyo,Maroc
id_transaction_00000877,Prélèvement,799.9615311489579,CNY,12.246129083749455,En cours,Pékin,USA
id_transaction_00000199,Virement,3256.5962831767047,JPY,-4.144196880638865,Complétée,Washington DC,Royaume-Uni
id_transaction_00000971,Virement,384.97986979629553,JPY,-4.698052027781954,Complétée,Washington DC,USA
id_transaction_00000200,Virement,23645.92615280983,CNY,-10.64630880901602,Complétée,Londres,Maroc
id_transaction_00000935,Carte,972.5939123363145,EUR,6.653172042505437,Complétée,Tokyo,Maroc
id_transaction_00000327,Carte,1850.2024992261,JPY,4.667871394201969,Complétée,Francfort,Chine
id_transaction_00000450,Virement International,639.9845556650224,EUR,4.96293880317736,Complétée,Tokyo,Maroc
id_transaction_00000487,Prélèvement,1376.4906741929594,ZAR,-4.325112252348368,Complétée,Paris,USA
id_transaction_00000133,Retrait,7301.886015709977,JPY,1.527995945277024,En cours,Pékin,Japon
