id_transaction,type_transaction,montant,devise,frais,statut,ville,pays
id_transaction_00000595,Dépôt,588.0615930989328,USD,-5.07675727558179,Complétée,New York,USA
id_transaction_00000847,Dépôt,335.8673201213137,USD,9.163657064867008,Complétée,Johannesburg,Japon
id_transaction_00000618,Carte,-481.5745147767291,GBP,-10.972582632644567,En attente,Paris,USA
id_transaction_00000383,Retrait,-494.0101627416386,EUR,13.112073368987996,Complétée,New York,Maroc
id_transaction_00000442,Dépôt,289.8686518579717,EUR,0.6244736179823107,Complétée,Tokyo,Maroc
id_transaction_00000624,Virement,-144.98923467360555,MAD,267.996967100712,Complétée,Paris,Maroc
id_transaction_00000716,Retrait,98.7217102336698,ZAR,62.92067752034885,Complétée,Pékin,Japon
id_transaction_00000786,Prélèvement,2204.159479524326,CNY,12.795391295058282,Complétée,New York,Chine
id_transaction_00000509,Prélèvement,-935.5506471305054,CNY,8.345962657919664,Complétée,Pékin,Allemagne
id_transaction_00000568,Carte,-853.9077633644932,GBP,-9.145714594404769,En attente,Londres,Royaume-Uni
id_transaction_00000616,Carte,729.4650912394557,GBP,7.294699725426822,Complétée,Johannesburg,Royaume-Uni
id_transaction_00000707,Dépôt,2061.650599095452,USD,1.3908367306540823,Complétée,Casablanca,USA
id_transaction_00000990,Prélèvement,210.77055651029147,EUR,-6.714495171212355,En attente,Johannesburg,USA
id_transaction_00000175,Prélèvement,482.7817869492774,USD,5.453225543043374,Rejetée,Pékin,Chine
id_transaction_00000439,Carte,-39.02218477804189,EUR,1.5958898191508788,En attente,New York,Japon
id_transaction_00000617,Dépôt,-198.86944242126026,USD,-6.50355184043629,Rejetée,New York,Japon
id_transaction_00000460,Dépôt,799.60400385058,USD,6.862198852298292,En attente,Rabat,France
id_transaction_00000786,Dépôt,2153.473288116695,JPY,19.631906633685748,Complétée,Pékin,Chine
id_transaction_00000165,Retrait,346.7616638770565,MAD,-9.739619380374979,En attente,Paris,Royaume-Uni
id_transaction_00000820,Retrait,660.6212049313917,USD,-7.723329568644913,Complétée,Paris,Allemagne
id_transaction_00000315,Carte,9.278994513125099,GBP,-10.484905647800325,Rejetée,Tokyo,Royaume-Uni
id_transaction_00000045,Carte,533.7608475440289,JPY,0.7927491460938105,En attente,Tokyo,USA
id_transaction_00000211,Prélèvement,3861.681723981772,JPY,-4.848390252374018,En attente,Casablanca,Maroc
id_transaction_00000400,Virement International,336.243592828336,MAD,-5.487463751193039,Complétée,Casablanca,France
id_transaction_00000061,Carte,171.76342243885682,CNY,9.163786093993926,Rejetée,Washington DC,France
id_transaction_00000977,Virement International,-113.17139546813496,USD,-10.331708237972574,Complétée,Casablanca,France
id_transaction_00000904,Virement,3395.200381195026,GBP,4.662037837048846,Complétée,Washington DC,France
id_transaction_00000919,Retrait,445.14976517629094,MAD,-3.1954294251871636,Complétée,Rabat,Allemagne
id_transaction_00000179,Virement,637.6194599403966,USD,4.4249009045181085,Complétée,Johannesburg,Japon
id_transaction_00000438,Prélèvement,-715.5427633828298,USD,-17.803004789977617,Complétée,Pékin,Allemagne
id_transaction_00000970,Retrait,53456.47602837318,ZAR,-3.1068107175684743,Complétée,Casablanca,Maroc
id_transaction_00000007,Retrait,715.9328804178116,USD,14.62006658976647,Complétée,Casablanca,Maroc
id_transaction_00000065,Prélèvement,904.7747851745073,USD,-0.09102871827864512,Complétée,Francfort,Allemagne
id_transaction_00000005,Dépôt,92602.14229791526,EUR,2.2963120327921343,En attente,Rabat,Royaume-Uni
id_transaction_00000420,Virement,10521.421606477385,MAD,9.817606494580609,Complétée,Francfort,Maroc
id_transaction_00000378,Virement,-94.15052512439729,EUR,-0.06131844646049345,En cours,Washington DC,USA
id_transaction_00000938,Carte,6557.838078752862,CNY,13.975438073856171,En attente,Londres,USA
id_transaction_00000471,Carte,1845.4722047609712,USD,-6.037588829129249,Complétée,Washington DC,USA
id_transaction_00000569,Carte,1463.5828932198965,CNY,-7.194578729302022,Complétée,Tokyo,Maroc
id_transaction_00000609,Prélèvement,-710.2966812552019,CNY,-6.3457975728214135,Complétée,Pékin,USA
id_transaction_00000361,Carte,217.44978658120613,JPY,-1.783185838261006,Complétée,Londres,Chine
id_transaction_00000571,Virement,-122.08596471277008,GBP,-7.634618661572428,Complétée,Washington DC,Chine
id_transaction_00000279,Dépôt,-1789.6627343041546,CNY,-4.88600261868337,En attente,Washington DC,Allemagne
id_transaction_00000806,Carte,1208.7759191862042,ZAR,0.7410668424846225,Complétée,Pékin,USA
id_transaction_00000238,Retrait,-3971.1370126215606,ZAR,-17.71039645164625,Complétée,Washington DC,Japon
id_transaction_00000636,Retrait,3848.7137419252867,USD,6.818053352953032,Complétée,Casablanca,USA
id_transaction_00000437,Retrait,-624.2500490571769,EUR,-17.65469996420897,Complétée,Francfort,France
id_transaction_00000159,Prélèvement,2014.0230867185392,ZAR,18.770917066920827,En attente,Pékin,Chine
id_transaction_00000572,Carte,33207.79299988177,GBP,8.486585866151842,Complétée,Paris,Royaume-Uni
id_transaction_00000228,Prélèvement,1250.7404729272766,CNY,13.217019898356575,Rejetée,Casablanca,Royaume-Uni
id_transaction_00000691,Virement International,51.88129860508275,CNY,62.09269746012432,Complétée,New York,Royaume-Uni
id_transaction_00000125,Retrait,99138.53749458103,USD,3.267722972578828,Complétée,Washington DC,Japon
id_transaction_00000809,Dépôt,-806.5765065493066,MAD,-7.791158301600324,Complétée,Francfort,USA
id_transaction_00000460,Carte,4925.806644797391,JPY,11.724054687463049,En attente,Paris,Maroc
id_transaction_00000197,Dépôt,-338.5196980721249,USD,2.2146987298680694,Rejetée,Casablanca,Maroc
id_transaction_00000337,Carte,353.00232687055967,MAD,-6.116269036929393,Complétée,Rabat,France
id_transaction_00000921,Carte,1347.1549322560024,MAD,3.157969544513097,Complétée,Tokyo,Japon
id_transaction_00000531,Retrait,-437.09968275012056,USD,0.03935984949806404,En attente,Washington DC,Japon
id_transaction_00000145,Virement,388.89380853924354,USD,-4.97841954293131,Complétée,New York,Allemagne
id_transaction_00000931,Dépôt,3677.597953598738,GBP,-3.241907971580681,Complétée,Paris,Maroc
id_transaction_00000958,Dépôt,454.5516717991415,USD,9.03500675744477,Complétée,Pékin,Royaume-Uni
id_transaction_00000630,Carte,349.23630943433824,EUR,-0.795844436326929,En attente,Casablanca,Royaume-Uni
id_transaction_00000658,Retrait,-425.1755512123186,EUR,-0.3917292194941977,Complétée,Casablanca,Maroc
id_transaction_00000916,Prélèvement,2885.4173177050607,USD,5.621059788409042,En cours,Tokyo,Chine
id_transaction_00000256,Dépôt,-485.4070556714024,USD,-6.906955518006021,Complétée,Pékin,Maroc
id_transaction_00000215,Prélèvement,509.16173746388847,USD,-6.166682094796905,En attente,Paris,Maroc
id_transaction_00000977,Carte,-769.479991237729,USD,-8.90731586975668,Complétée,Tokyo,Royaume-Uni
id_transaction_00000507,Carte,2860.9157759528716,EUR,7.278647499870348,En attente,Washington DC,Royaume-Uni
id_transaction_00000571,Carte,605.6855385580084,MAD,5.526782777762042,Complétée,Londres,USA
id_transaction_00000944,Dépôt,3505.6838262418205,USD,14.110231670971633,En attente,Pékin,USA
id_transaction_00000771,Carte,672.230911530266,USD,-4.716136148909881,Complétée,Tokyo,Maroc
id_transaction_00000043,Carte,1487.4134023841425,MAD,16.48620858881992,Complétée,Paris,Chine
id_transaction_00000080,Retrait,167.02506313989113,USD,115.3247992694283,Complétée,New York,UE
id_transaction_00000696,Virement International,495.4412354479804,GBP,5.539711245737151,Complétée,Casablanca,Royaume-Uni
id_transaction_00000065,Retrait,-6.719655305898584,USD,-2.7342397399500777,Complétée,Francfort,Japon
id_transaction_00000630,Virement,192.9478439122654,JPY,-3.739623673041076,Complétée,Londres,Chine
id_transaction_00000477,Carte,1690.3979389204856,JPY,6.395212376945704,Complétée,Francfort,Chine
id_transaction_00000006,Dépôt,147.30181578603884,USD,13.787236940960742,Complétée,Casablanca,Royaume-Uni
id_transaction_00000479,Virement,776.2903284742614,CNY,-12.563931174831485,Complétée,Tokyo,USA
id_transaction_00000784,Dépôt,11527.140459655795,JPY,0.5480117089971666,En cours,Tokyo,Japon
id_transaction_00000935,Virement,64.64594445965383,JPY,-1.5371140145042448,En attente,Paris,USA
id_transaction_00000133,Virement International,18161.332417165777,JPY,12.123668165747336,Complétée,Francfort,Royaume-Uni
id_transaction_00000393,Virement,334.8143933242475,MAD,-9.489421488611512,Complétée,New York,Maroc
id_transaction_00000540,Virement International,2629.5781548013156,USD,-5.779393278282153,Complétée,Paris,France
id_transaction_00000657,Retrait,224.74702480701507,EUR,1.9809888986379502,En attente,Londres,UE
id_transaction_00000812,Carte,1651.3611915550646,MAD,-9.737534870984781,Complétée,Johannesburg,Maroc
id_transaction_00000297,Prélèvement,-622.6748540782256,EUR,-2.9684574198020632,En attente,Pékin,Japon
id_transaction_00000845,Virement International,679.9122373673661,JPY,5.881365216023228,En attente,Paris,Allemagne
id_transaction_00000454,Dépôt,-1350.5928036772375,USD,-6.617896200000334,En attente,Londres,Royaume-Uni
id_transaction_00000310,Dépôt,955.0353193524973,USD,-1.3326046021344586,Complétée,Casablanca,Maroc
id_transaction_00000386,Carte,497.99085296229254,CNY,14.090846735810786,Rejetée,Francfort,Japon
id_transaction_00000906,Retrait,1253.154362844151,JPY,14.76917314991596,En cours,Washington DC,Maroc
id_transaction_00000567,Prélèvement,713.2291866768462,USD,2.836608598845171,Complétée,Londres,Allemagne
id_transaction_00000998,Virement,-1261.9962966624707,JPY,-17.82015789705579,Complétée,Pékin,Royaume-Uni
id_transaction_00000651,Virement,-157.2825452764389,CNY,-11.732115720017525,Complétée,Tokyo,Maroc
id_transaction_00000064,Virement,-408.2352760649014,EUR,3.288524221631837,Complétée,Londres,Maroc
id_transaction_00000552,Prélèvement,-320.59858417564965,ZAR,-4.703231231882211,Complétée,Londres,Chine
id_transaction_00000184,Retrait,-413.89292491365904,USD,-3.8648335378015153,Complétée,Casablanca,Japon
id_transaction_00000068,Dépôt,1189.4264767648754,USD,2.0855024914408733,Complétée,New York,Royaume-Uni
id_transaction_00000201,Virement International,1054.8528710859478,ZAR,-3.1657462119043673,Complétée,Casablanca,Maroc
id_transaction_00000377,Prélèvement,715.3457242829268,CNY,5.810125854903306,Complétée,New York,Japon
id_transaction_00000111,Carte,1581.8904167925762,JPY,15.9348408225934,En attente,Tokyo,Royaume-Uni
id_transaction_00000787,Carte,-335.86975342749975,JPY,0.4029413803712405,Rejetée,Londres,Chine
id_transaction_00000299,Virement,220.70351338655564,EUR,4.212302117516597,Complétée,Casablanca,UE
id_transaction_00000764,Retrait,10514.854884011582,ZAR,3.2039481343575598,Complétée,Casablanca,USA
id_transaction_00000002,Virement,-582.330399134437,CNY,-7.3309407193000125,En attente,Paris,UE
id_transaction_00000945,Virement International,420.36137860662694,JPY,-0.4522736945156476,Complétée,Washington DC,Royaume-Uni
id_transaction_00000745,Dépôt,1613.2952182897648,USD,-6.157559359710869,Complétée,Londres,Royaume-Uni
id_transaction_00000643,Retrait,-159.54577514077016,USD,-1.3931756346072728,Complétée,Francfort,Allemagne
id_transaction_00000910,Carte,623.0352997539387,ZAR,-2.4424044166507137,En attente,Tokyo,Japon
id_transaction_00000538,Retrait,579.4691313304564,CNY,5.846139011664866,En attente,Paris,USA
id_transaction_00000670,Carte,1573.1514369616962,GBP,10.963748427496565,Complétée,Casablanca,Japon
id_transaction_00000061,Virement,1408.1970280563633,GBP,5.114713259750109,Complétée,Tokyo,USA
id_transaction_00000924,Dépôt,4674.901480921166,USD,12.301045884501363,Complétée,Pékin,USA
id_transaction_00000228,Dépôt,1732.4449453624616,JPY,3.931686189980175,Complétée,New York,France
id_transaction_00000786,Dépôt,1344.589608082821,CNY,1.8889796062142703,Complétée,Tokyo,Maroc
id_transaction_00000759,Retrait,-1157.1486679897844,GBP,-5.777117354808529,Complétée,Washington DC,USA
id_transaction_00000985,Carte,-385.1374486980842,ZAR,-3.9702495828668765,Rejetée,Washington DC,Maroc
id_transaction_00000492,Retrait,951.8464514675063,USD,12.382197438530461,Complétée,Francfort,USA
id_transaction_00000166,Retrait,887.4409435434815,CNY,0.23948277263665307,Rejetée,Londres,Chine
id_transaction_00000038,Carte,25239.938391997195,GBP,86.30378571657879,Rejetée,Pékin,Japon
id_transaction_00000072,Retrait,197.1028752089046,ZAR,-7.045205592470901,Complétée,Washington DC,France
id_transaction_00000147,Virement,168.0690962712144,GBP,-14.023430489416594,En attente,Francfort,Allemagne
id_transaction_00000048,Prélèvement,589.5286414895511,JPY,8.994404924062842,Complétée,Pékin,Maroc
id_transaction_00000681,Carte,394.59654507972766,USD,4.519164886981419,En cours,New York,USA
id_transaction_00000438,Carte,1519.2652849814294,MAD,4.37433194689482,En attente,Tokyo,USA
id_transaction_00000041,Retrait,315.7884616234003,EUR,-3.0017629692343144,Complétée,Washington DC,Japon
id_transaction_00000680,Carte,5361.660245517785,EUR,-5.8877637145409265,Complétée,New York,Maroc
id_transaction_00000605,Carte,1963.1828287618023,JPY,7.602913981042854,Complétée,Paris,Japon
id_transaction_00000544,Retrait,16.115291172732782,USD,-8.653984842265356,Complétée,Paris,Maroc
id_transaction_00000187,Prélèvement,-349.3806930007182,USD,-0.24712489897713752,Complétée,New York,Chine
id_transaction_00000809,Retrait,765.7450731958651,JPY,8.908509607919084,En attente,Londres,Royaume-Uni
id_transaction_00000835,Carte,-175.3731323769308,CNY,-6.493717566087255,Complétée,Tokyo,Royaume-Uni
id_transaction_00000375,Carte,597.0865712371037,JPY,-7.522699548510439,En attente,Washington DC,Afrique du Sud
id_transaction_00000590,Virement,-566.4349119670132,JPY,-3.914845728478606,En attente,Washington DC,Allemagne
id_transaction_00000466,Carte,856.779880892518,USD,1.2077519158184122,Complétée,New York,Allemagne
id_transaction_00000893,Carte,1251.8485907751942,USD,0.6304791095788254,Complétée,Londres,France
id_transaction_00000243,Retrait,3802.230485017317,USD,5.768936688451912,Rejetée,Londres,Japon
id_transaction_00000369,Retrait,319.29253689350014,EUR,6.203984070407601,Complétée,Tokyo,Maroc
id_transaction_00000251,Retrait,993.1484803372342,EUR,1.362704372314231,Rejetée,Casablanca,Chine
id_transaction_00000609,Virement,1536.5077534318884,USD,8.924145933765496,Complétée,Johannesburg,France
id_transaction_00000834,Carte,1130.5155316666473,JPY,0.9307226221972975,Complétée,Paris,Japon
id_transaction_00000264,Retrait,2515.359248832633,JPY,-1.147384918967795,Complétée,Francfort,Japon
id_transaction_00000197,Prélèvement,5714.733798037252,GBP,0.0896160680773237,En attente,Tokyo,UE
id_transaction_00000684,Carte,93.03917073388823,GBP,7.717304189791801,Complétée,Francfort,Maroc
id_transaction_00000859,Dépôt,-130.4235224557583,GBP,-7.083625706168953,Complétée,Londres,Maroc
id_transaction_00000748,Carte,-522.047537777938,JPY,-8.997945928503313,Rejetée,Casablanca,USA
id_transaction_00000846,Virement,-866.1429699748118,USD,-2.6161162049483284,Complétée,Johannesburg,UE
id_transaction_00000549,Prélèvement,1778.1115866639138,CNY,3.094803398066286,En cours,New York,Chine
id_transaction_00000349,Retrait,1386.2686354756001,JPY,3.1403819976173053,En cours,Washington DC,Royaume-Uni
id_transaction_00000038,Carte,1039.4511687412903,CNY,14.276458266656086,En cours,Francfort,USA
id_transaction_00000053,Carte,988.6015429190046,CNY,16.38301835882938,Complétée,Paris,France
id_transaction_00000423,Virement International,-96.17994545189401,USD,0.2714353953012294,Complétée,Pékin,Chine
id_transaction_00000809,Virement,-989.1195088343258,USD,-18.073165224290843,Complétée,Pékin,USA
id_transaction_00000222,Prélèvement,-583.8202768585567,USD,13.734187179148226,En attente,Johannesburg,Royaume-Uni
id_transaction_00000764,Retrait,13874.399053406712,MAD,-1.3461363752311524,Complétée,Paris,Maroc
id_transaction_00000847,Dépôt,29659.117852733878,CNY,11.906423703821822,En attente,Francfort,Japon
id_transaction_00000630,Virement,12609.525697750028,ZAR,-3.9409752541183094,Complétée,Casablanca,Maroc
id_transaction_00000571,Dépôt,-208.5010791924384,USD,2.183426579259235,Complétée,Pékin,Chine
id_transaction_00000262,Carte,482.94354230951825,USD,3.3772763428623387,En cours,Pékin,Chine
id_transaction_00000218,Virement,-175.59501917579428,USD,-1.6278588214841365,Complétée,Casablanca,USA
id_transaction_00000679,Dépôt,782.7123099893759,JPY,10.531532420615228,Complétée,Pékin,USA
id_transaction_00000851,Carte,6131.933136794348,JPY,13.794911543321376,Complétée,Londres,Maroc
id_transaction_00000843,Carte,-3915.089140664086,USD,-13.637848364965063,Complétée,Rabat,USA
id_transaction_00000349,Dépôt,6889.174105865977,CNY,-5.013310021017694,Complétée,Pékin,USA
id_transaction_00000367,Carte,860.1619126167147,GBP,4.393850233031983,Complétée,Rabat,Royaume-Uni
id_transaction_00000030,Carte,-555.8366043756647,CNY,-16.441088575557018,Complétée,Washington DC,France
id_transaction_00000297,Carte,1276.1071044255284,USD,-2.103607501993374,Complétée,Pékin,Chine
id_transaction_00000586,Dépôt,1061.3146443364124,GBP,13.032655565557477,En attente,Rabat,France
id_transaction_00000053,Retrait,-1012.4849784424797,EUR,0.828502490807578,Complétée,Tokyo,Allemagne
id_transaction_00000469,Prélèvement,-523.0266230461766,EUR,-18.314120479445855,En attente,Casablanca,Japon
id_transaction_00000030,Virement International,548.5104357198348,EUR,0.4195242538710362,Complétée,Paris,Japon
id_transaction_00000963,Retrait,622.8174001044617,CNY,7.618181759616071,Complétée,Pékin,Japon
id_transaction_00000528,Carte,33586.08176192281,JPY,2.94044848422619,En attente,Pékin,Royaume-Uni
id_transaction_00000046,Virement,797.3629549240975,USD,1.1568806166438481,Complétée,New York,Japon
id_transaction_00000521,Prélèvement,1658.5359043623316,CNY,5.98136529480399,Complétée,Rabat,Royaume-Uni
id_transaction_00000579,Prélèvement,289.5634413789699,MAD,-7.068072059180566,Complétée,Francfort,Maroc
id_transaction_00000825,Carte,805.1997938185659,GBP,12.723539358762995,En cours,Francfort,Japon
id_transaction_00000796,Dépôt,-1272.4350408579867,EUR,-16.723699944804764,Complétée,New York,USA
id_transaction_00000210,Virement International,575.87262580844,GBP,0.09750914305673941,Complétée,Washington DC,Royaume-Uni
id_transaction_00000220,Carte,3995.2851651118604,JPY,6.819469040490208,Complétée,Londres,Japon
id_transaction_00000005,Virement International,16.854500926936396,EUR,-3.72803360039799,Complétée,Paris,USA
id_transaction_00000333,Dépôt,-858.0212628052501,MAD,-9.34589564328597,Complétée,Casablanca,France
id_transaction_00000974,Prélèvement,18438.615324122857,GBP,-1.0804861978941638,En attente,Pékin,USA
id_transaction_00000310,Virement,167.9244556529393,JPY,11.54041943186653,En attente,Paris,Afrique du Sud
id_transaction_00000923,Prélèvement,217.94417375002743,USD,-7.272761861786042,Complétée,Johannesburg,Maroc
id_transaction_00000408,Carte,4276.946862407974,EUR,-0.738368098564175,En attente,Londres,Japon
id_transaction_00000830,Dépôt,8197.141735583627,GBP,0.0424269845887828,En cours,Pékin,USA
id_transaction_00000191,Retrait,494.6174390937477,EUR,78.72949474898995,Complétée,Pékin,Japon
id_transaction_00000250,Carte,-141.34370269821136,JPY,3.5800923418945843,Complétée,New York,Maroc
id_transaction_00000028,Dépôt,4350.522428693092,GBP,-3.462246627132269,Complétée,New York,Royaume-Uni
id_transaction_00000093,Virement,1548.4671112409683,GBP,12.704933108119542,Complétée,Francfort,Royaume-Uni
id_transaction_00000397,Retrait,4440.996665520241,USD,-4.342888707907647,Complétée,Casablanca,Royaume-Uni
id_transaction_00000268,Virement,-1165.6528318189362,EUR,-15.854647936672475,En attente,Paris,France
id_transaction_00000999,Prélèvement,-875.1161464444084,USD,-11.034513607060891,Complétée,Paris,Royaume-Uni
id_transaction_00000039,Virement International,557.8974918443071,MAD,-7.9479354554385475,Complétée,Washington DC,UE
id_transaction_00000619,Virement International,-504.9800107194999,USD,-0.10175642537833429,En cours,Casablanca,UE
id_transaction_00000439,Carte,1577.6312896237446,GBP,10.085750566926013,En attente,Pékin,Chine
id_transaction_00000390,Carte,497.87349818793734,CNY,-1.1881701490893395,Complétée,Pékin,Japon
id_transaction_00000626,Carte,-698.5602167098788,CNY,-4.911653108030518,Complétée,Tokyo,Maroc
id_transaction_00000261,Retrait,-740.4348853939099,USD,-13.182128512541286,Complétée,Paris,Royaume-Uni
id_transaction_00000135,Virement International,-1058.003824245317,CNY,-3.334507290400265,Complétée,Johannesburg,Afrique du Sud
id_transaction_00000458,Carte,800.7505609153977,MAD,18.65990291154122,Complétée,Francfort,UE
id_transaction_00000006,Dépôt,54439.24576796131,USD,0.3898911489870418,Complétée,Johannesburg,Allemagne
id_transaction_00000019,Prélèvement,-717.9302529513396,USD,-10.53424337942953,Complétée,Johannesburg,USA
id_transaction_00000725,Dépôt,-1221.9305858284097,CNY,-3.967424471342375,En attente,Casablanca,France
id_transaction_00000360,Dépôt,-287.61696187160464,GBP,-1.6891323737081665,En cours,New York,USA
id_transaction_00000108,Prélèvement,285.35734716799647,GBP,-9.434301891293735,Complétée,New York,Royaume-Uni
id_transaction_00000552,Prélèvement,777.3991431055668,ZAR,6.6242695180759865,Complétée,Casablanca,Royaume-Uni
id_transaction_00000302,Dépôt,3621.0784661520975,GBP,16.019981005167203,Complétée,Tokyo,Maroc
id_transaction_00000153,Retrait,444.7258232918654,GBP,301.56311906415806,Complétée,Pékin,USA
id_transaction_00000923,Virement,1489.8005048507698,CNY,1.1392700198846066,En attente,New York,Royaume-Uni
id_transaction_00000482,Virement,3356.720975618053,MAD,-3.72727896791202,Complétée,Paris,Maroc
id_transaction_00000045,Carte,268.37358112411675,MAD,-9.314950700521319,Complétée,Casablanca,Royaume-Uni
id_transaction_00000365,Virement International,3655.3409317111627,MAD,2.9515131703078286,Complétée,New York,France
id_transaction_00000636,Virement International,457.6023754618001,EUR,10.303764192773151,Complétée,Pékin,Japon
id_transaction_00000918,Prélèvement,-1046.672887631762,JPY,7.768517228246201,Complétée,Tokyo,Chine
id_transaction_00000125,Dépôt,1114.0005266469889,MAD,3.105214420085542,Complétée,Paris,Maroc
id_transaction_00000140,Retrait,-1344.4592170556853,USD,3.0651126685236676,Complétée,Casablanca,USA
id_transaction_00000263,Virement,-844.8447018378553,USD,-9.241293358617167,Complétée,New York,Maroc
id_transaction_00000206,Dépôt,702.8476367844222,JPY,3.774557901537342,Complétée,New York,Japon
id_transaction_00000521,Retrait,2080.034486800772,EUR,14.213341727524089,Complétée,Pékin,Maroc
id_transaction_00000488,Carte,17930.72940627182,USD,11.201514784151765,Complétée,Londres,USA
id_transaction_00000053,Carte,-585.5539513480709,CNY,5.124236768073319,Complétée,Washington DC,Japon
id_transaction_00000785,Virement International,33618.60252908361,MAD,473.9732547905562,En attente,Johannesburg,Maroc
id_transaction_00000278,Virement,20673.83304967913,GBP,5.016769300819846,Complétée,Paris,Royaume-Uni
id_transaction_00000896,Virement,1353.0919554063921,CNY,-1.3813821218650482,En attente,Casablanca,Maroc
id_transaction_00000682,Carte,807.9291717694136,JPY,16.336968740329613,Complétée,Pékin,Chine
id_transaction_00000657,Dépôt,1247.2813305081504,JPY,4.0354961355929095,Complétée,Londres,Japon
id_transaction_00000762,Virement,19.446573840176256,USD,-4.0253688215499475,Complétée,Rabat,USA
id_transaction_00000261,Virement International,1380.9969272033723,MAD,-2.225790819466126,Complétée,Pékin,Maroc
id_transaction_00000064,Dépôt,-769.827763568676,GBP,-11.211707929075299,En attente,Washington DC,USA
id_transaction_00000974,Virement,325.52163521827333,CNY,-5.738454716460271,Complétée,Paris,USA
id_transaction_00000959,Carte,826.2939044228629,CNY,0.8730338248236196,Rejetée,New York,Japon
id_transaction_00000020,Dépôt,1574.2923036288462,GBP,2.415682014214103,Complétée,Rabat,Royaume-Uni
id_transaction_00000479,Virement International,143.33717637407284,EUR,-2.398035934930782,Complétée,Casablanca,USA
id_transaction_00000567,Prélèvement,204.39442721312074,USD,-2.0429462744027145,Complétée,New York,Maroc
id_transaction_00000432,Virement,-346.9079635977532,USD,-9.25665960019403,En attente,Washington DC,USA
id_transaction_00000469,Carte,1265.2209478745935,MAD,-5.043792964345385,Complétée,Tokyo,Royaume-Uni
id_transaction_00000002,Dépôt,1374.1346172972821,USD,13.17338951335101,Complétée,Rabat,Maroc
id_transaction_00000909,Virement,628.1502511189794,EUR,-4.632841959747977,Complétée,Johannesburg,USA
id_transaction_00000251,Retrait,307.8124015370072,EUR,-7.65936619757315,Complétée,Londres,France
id_transaction_00000224,Retrait,-758.9694783532581,MAD,2.1023113538192697,Complétée,Johannesburg,Maroc
id_transaction_00000377,Virement International,-285.57283167258515,USD,-16.6459497488864,Complétée,New York,France
id_transaction_00000103,Virement International,4148.383099810282,JPY,-7.731872048472813,Complétée,Casablanca,USA
id_transaction_00000404,Retrait,803.1673928065763,ZAR,16.31149463254625,Complétée,Londres,UE
id_transaction_00000736,Virement International,-693.0032917708635,JPY,-13.130224228725403,Complétée,Paris,Royaume-Uni
id_transaction_00000249,Carte,1176.1814761847118,EUR,-0.6639751653655983,En attente,New York,Royaume-Uni
id_transaction_00000177,Dépôt,-998.3283529297913,EUR,-1.964217461455732,Complétée,New York,Japon
id_transaction_00000469,Dépôt,385.80473068070415,JPY,7.680415639303156,Complétée,Johannesburg,Allemagne
id_transaction_00000166,Prélèvement,222.69039121720127,GBP,9.675486047392202,Complétée,Francfort,Royaume-Uni
id_transaction_00000936,Virement,104.11372977087814,MAD,-10.296927998363557,Complétée,Londres,Maroc
id_transaction_00000817,Dépôt,-992.7062400338174,USD,-14.110729341810817,En cours,Tokyo,Chine
id_transaction_00000426,Retrait,350.33414972728394,CNY,10.861274246524916,Complétée,Francfort,Royaume-Uni
id_transaction_00000726,Prélèvement,-539.0083565129493,USD,-4.504328949338457,Complétée,Pékin,Royaume-Uni
id_transaction_00000480,Carte,-439.2472465720575,GBP,-12.448303038090113,Rejetée,Pékin,France
id_transaction_00000275,Carte,594.9318321670748,USD,-7.408188829062371,Complétée,Rabat,Allemagne
id_transaction_00000661,Virement,-207.7994183208059,USD,6.877835804499688,Complétée,Casablanca,Royaume-Uni
id_transaction_00000841,Virement International,339.7455003278957,JPY,3.8895648194045545,Complétée,Francfort,Japon
id_transaction_00000050,Prélèvement,2063.0912573852142,MAD,-8.13926134808332,Complétée,Paris,USA
id_transaction_00000148,Virement,5937.775367886201,JPY,-0.6115247000027635,Complétée,Casablanca,Afrique du Sud
id_transaction_00000094,Prélèvement,4387.516407867923,USD,-10.515273341810769,Complétée,Pékin,USA
id_transaction_00000460,Virement,332.7297335581641,USD,8.530229780425085,Complétée,Johannesburg,Maroc
id_transaction_00000746,Prélèvement,1463.992344945708,USD,4.643781530935533,Rejetée,Tokyo,USA
id_transaction_00000019,Retrait,861.5992219052349,CNY,2.3507553091753555,En cours,Rabat,USA
id_transaction_00000415,Virement International,136.1979724916623,EUR,3.3655905631775394,En attente,Londres,France
id_transaction_00000845,Retrait,187.11795408103347,ZAR,-1.8056318955047166,Complétée,Casablanca,Chine
id_transaction_00000020,Retrait,349.70503174837125,USD,3.1563437775139405,Complétée,Francfort,Royaume-Uni
id_transaction_00000652,Virement International,291.708363230561,GBP,5.192387866365935,Complétée,Tokyo,USA
id_transaction_00000864,Dépôt,703.6995706067155,JPY,3.90687013074409,Complétée,Paris,Royaume-Uni
id_transaction_00000714,Carte,108200.8536536553,CNY,4.341445178405563,Complétée,Paris,Allemagne
id_transaction_00000398,Prélèvement,348.0016576586844,JPY,-2.3487022119734817,Complétée,Casablanca,Maroc
id_transaction_00000011,Prélèvement,-500.59840451514776,GBP,-2.1213348513218255,Complétée,Francfort,UE
id_transaction_00000200,Carte,76127.15839821685,ZAR,-3.220453559549278,Complétée,Pékin,Maroc
id_transaction_00000548,Retrait,899.287267602966,EUR,2.529672357940604,Complétée,New York,Royaume-Uni
id_transaction_00000637,Carte,1144.9382510131436,JPY,23.170512650908076,En cours,New York,Japon
id_transaction_00000532,Prélèvement,-1082.6838918453413,EUR,-13.88043715392104,Complétée,Washington DC,USA
id_transaction_00000516,Carte,486.13129243782436,GBP,11.020733201867063,Complétée,Francfort,Allemagne
id_transaction_00000618,Prélèvement,4091.4682612934994,USD,8.004394247724541,Complétée,Washington DC,Maroc
id_transaction_00000204,Virement International,751.3271732678019,EUR,10.866874862259102,Rejetée,Johannesburg,USA
id_transaction_00000331,Prélèvement,4159.482341268314,MAD,-2.611729715717132,En attente,Washington DC,Royaume-Uni
id_transaction_00000070,Virement,4547.991893961623,GBP,7.753505253048872,Complétée,Casablanca,USA
id_transaction_00000813,Retrait,116.29284531846952,GBP,-0.8574161335238353,Complétée,Francfort,UE
id_transaction_00000603,Dépôt,866.0997458077916,EUR,0.03595999463929456,Complétée,New York,Chine
id_transaction_00000129,Retrait,675.0383911144208,CNY,-10.674704236449589,Complétée,New York,Japon
id_transaction_00000837,Retrait,-826.910675182904,CNY,-12.717002311494255,Rejetée,Johannesburg,UE
id_transaction_00000113,Retrait,138.7482964669095,GBP,-11.595784797226795,Complétée,Paris,USA
id_transaction_00000261,Carte,897.2239758607789,GBP,-1.660561065794802,Complétée,Londres,Chine
id_transaction_00000348,Dépôt,1049.929629589917,USD,3.357597146129521,Complétée,Pékin,Chine
id_transaction_00000454,Retrait,1173.7106048707815,CNY,9.359206594446867,Rejetée,Pékin,Chine
id_transaction_00000313,Virement International,936.8890282911601,USD,-6.687482735585745,Complétée,Pékin,Japon
id_transaction_00000775,Prélèvement,749.8423859334329,JPY,7.831237409943667,En attente,Francfort,Maroc
id_transaction_00000145,Retrait,155.4393941327699,USD,0.8602501701210512,En attente,Rabat,Japon
id_transaction_00000915,Dépôt,4078.300438567554,MAD,-1.5413095907360024,Complétée,Rabat,Maroc
id_transaction_00000818,Dépôt,1172.8760132128095,USD,6.281144365201059,Complétée,Paris,USA
id_transaction_00000084,Retrait,-165.20489497668007,USD,-2.4525037644294168,Complétée,Washington DC,Royaume-Uni
id_transaction_00000926,Dépôt,-1649.7280783167735,MAD,-6.534910678575053,Complétée,Washington DC,Royaume-Uni
id_transaction_00000933,Retrait,2201.759887860143,CNY,-33.949120615035554,Complétée,Johannesburg,UE
id_transaction_00000477,Carte,785.6233161433407,MAD,3.6766999568053995,Complétée,Londres,Chine
id_transaction_00000792,Carte,1690.3709966294864,JPY,17.91702284942638,Rejetée,Washington DC,Maroc
id_transaction_00000964,Dépôt,15242.94434549969,CNY,15.479815472577034,Complétée,Casablanca,Royaume-Uni
id_transaction_00000957,Carte,10459.526209110823,USD,-2.8632337909881036,Complétée,Washington DC,Afrique du Sud
id_transaction_00000665,Carte,548.3484819698793,CNY,-0.3328518509009175,Complétée,Tokyo,Royaume-Uni
id_transaction_00000480,Dépôt,492.70537354060616,USD,3.053314144941562,Complétée,Washington DC,Royaume-Uni
id_transaction_00000538,Retrait,-656.884286132157,GBP,-4.637698465759944,Complétée,New York,Maroc
id_transaction_00000643,Prélèvement,88.29186938144426,MAD,-12.952293313248596,En attente,Johannesburg,Allemagne
id_transaction_00000297,Virement International,324.7380248781841,USD,11.086048497538528,En attente,New York,Afrique du Sud
id_transaction_00000092,Prélèvement,1511.6997099496166,CNY,8.875365658072973,Complétée,Rabat,USA
id_transaction_00000039,Carte,-175.44428170287483,USD,-4.3594725835754184,En attente,Londres,Maroc
id_transaction_00000609,Virement International,1395.3843245308033,GBP,-4.93039164484681,Complétée,Washington DC,USA
id_transaction_00000091,Retrait,3196.7614135192443,EUR,-12.762328364715305,Complétée,Paris,USA
id_transaction_00000700,Carte,5.267457708133463,CNY,0.16878232734585463,En attente,Casablanca,Maroc
id_transaction_00000840,Retrait,861.3473347105029,GBP,-2.9563026255044695,Complétée,New York,Allemagne
id_transaction_00000193,Carte,15345.466079752203,EUR,5.474464943067289,Rejetée,Paris,Allemagne
id_transaction_00000283,Carte,1075.4826119342483,CNY,9.623948055971567,Complétée,Londres,Chine
id_transaction_00000513,Retrait,390.1693431124287,USD,4.705013054740066,Complétée,Francfort,Allemagne
id_transaction_00000273,Carte,8528.510162565708,JPY,-0.10196186981342592,Complétée,Johannesburg,USA
id_transaction_00000444,Carte,13004.74086216798,MAD,-9.206411900042568,Complétée,Casablanca,Royaume-Uni
id_transaction_00000512,Virement International,640.2629786937777,JPY,2.6780621174452213,En attente,Washington DC,Royaume-Uni
id_transaction_00000872,Retrait,544.7011790033742,USD,4.867639455923786,Rejetée,Casablanca,USA
id_transaction_00000745,Carte,44.01790452149709,MAD,-0.8584934640980952,Complétée,Londres,Royaume-Uni
id_transaction_00000511,Carte,235.02219910221706,MAD,-6.344171054196274,Complétée,Londres,Chine
id_transaction_00000549,Carte,-580.6912549245502,USD,9.865003026840192,Rejetée,Casablanca,Chine
id_transaction_00000098,Retrait,-468.58585306294265,GBP,-7.7594527133418465,Complétée,Rabat,USA
id_transaction_00000041,Retrait,23646.46493896688,GBP,11.51980283226311,Complétée,New York,Maroc
id_transaction_00000317,Dépôt,1161.0242697269746,EUR,11.013252519009795,Complétée,Tokyo,France
id_transaction_00000633,Virement International,-84.41049982620973,JPY,-8.186207906921656,Complétée,Londres,Afrique du Sud
id_transaction_00000725,Retrait,1284.280683247302,EUR,6.953325610548058,En cours,New York,Chine
id_transaction_00000351,Carte,6010.205148199517,USD,0.9661667980904518,En cours,Johannesburg,Allemagne
id_transaction_00000153,Retrait,18679.92824033051,USD,-5.717061436675407,Complétée,Casablanca,USA
id_transaction_00000370,Carte,7212.8984478574785,CNY,14.568771624080028,En attente,Pékin,Allemagne
id_transaction_00000541,Retrait,-851.0634935750155,ZAR,-7.272694716531647,En attente,Johannesburg,USA
id_transaction_00000393,Virement International,1337.908384437213,GBP,5.219903484269771,Complétée,New York,USA
id_transaction_00000964,Retrait,1612.3260291849367,EUR,12.502929115689895,Complétée,Francfort,Royaume-Uni
id_transaction_00000845,Carte,-303.8262338247205,USD,6.243655641365753,Complétée,Londres,Maroc
id_transaction_00000145,Dépôt,1905.4470475574844,CNY,7.716562836031514,Complétée,Washington DC,Royaume-Uni
id_transaction_00000453,Prélèvement,2123.1688413483425,USD,-8.75197582479612,En attente,Washington DC,Chine
id_transaction_00000589,Prélèvement,864.3837231641046,EUR,11.568238612713863,En attente,New York,Royaume-Uni
id_transaction_00000254,Virement,1588.6268411665824,CNY,-4.5076872142262205,Complétée,Johannesburg,Royaume-Uni
id_transaction_00000842,Dépôt,-179.19913124979553,CNY,-8.617487888913356,Complétée,New York,Maroc
id_transaction_00000073,Carte,1658.837290205533,JPY,141.65884154137015,En attente,Londres,USA
id_transaction_00000136,Prélèvement,253.27500124643495,USD,3.162901588936259,Complétée,New York,Maroc
id_transaction_00000976,Carte,-111.25570567362149,JPY,2.7257194639205746,Complétée,Pékin,Chine
id_transaction_00000920,Virement,-252.34849648841578,GBP,2.6206248642335335,En attente,Pékin,USA
id_transaction_00000686,Dépôt,-381.9162190957434,USD,7.786958371715598,Complétée,New York,Maroc
id_transaction_00000438,Retrait,2411.4027452672217,CNY,11.767215055687846,Complétée,Paris,Royaume-Uni
id_transaction_00000846,Virement,179.89999432069425,GBP,6.03703203037948,En attente,Johannesburg,Maroc
id_transaction_00000193,Carte,1305.4860469325363,ZAR,15.207292928344245,Complétée,Francfort,Chine
id_transaction_00000715,Retrait,-58.11954645369764,GBP,-18.26083320382301,Complétée,Casablanca,Royaume-Uni
id_transaction_00000181,Retrait,10759.6788712602,MAD,2.7278570882135016,Complétée,New York,Japon
id_transaction_00000879,Retrait,1166.6794107848746,ZAR,-9.576666867468298,Complétée,Casablanca,USA
id_transaction_00000557,Virement International,118229.98456767344,CNY,-0.3287194112516518,Complétée,Paris,France
id_transaction_00000700,Virement International,-414.7627428429089,ZAR,-5.349758856107136,Complétée,Paris,Japon
id_transaction_00000971,Dépôt,-78.70256644295739,CNY,5.453671993217832,Complétée,Johannesburg,Maroc
id_transaction_00000479,Retrait,4392.5078413580595,GBP,-5.446089246301574,Complétée,Londres,Maroc
id_transaction_00000516,Dépôt,119.49518434896015,USD,2.803320086268512,Complétée,Pékin,Chine
id_transaction_00000147,Carte,405.7214467164946,GBP,100.38934922869166,En cours,Tokyo,Japon
id_transaction_00000832,Carte,19552.413777809725,ZAR,-8.054415802894479,Complétée,Pékin,Maroc
id_transaction_00000172,Prélèvement,27345.590793489282,JPY,8.47227089878186,Complétée,Casablanca,UE
id_transaction_00000397,Dépôt,-165.30461242152865,CNY,-2.4783040778889864,Complétée,Tokyo,USA
id_transaction_00000783,Carte,-841.4743605905002,EUR,9.785068605818015,En attente,Paris,Maroc
id_transaction_00000296,Carte,344.89291018575693,GBP,3.8159216331230645,Complétée,Washington DC,UE
id_transaction_00000916,Virement International,96.10531941974068,GBP,1.4564586897262184,Complétée,Pékin,Maroc
id_transaction_00000295,Carte,-1171.62178800134,CNY,-6.450278595165114,Complétée,Londres,France
id_transaction_00000290,Carte,-228.14479646459768,EUR,-12.19313303236273,En attente,Pékin,Allemagne
id_transaction_00000474,Dépôt,-463.68545291609803,USD,4.006088769045522,En attente,New York,USA
id_transaction_00000980,Virement International,-252.95469803590368,USD,-7.285751963091678,Complétée,Casablanca,USA
id_transaction_00000683,Carte,-124.59624299830614,GBP,12.60275707212077,Complétée,New York,Royaume-Uni
id_transaction_00000340,Virement,16375.554881542466,JPY,-10.440783198318513,Complétée,Tokyo,USA
id_transaction_00000266,Prélèvement,-19.551269786086152,CNY,0.5653767746022744,Complétée,Tokyo,Maroc
id_transaction_00000537,Carte,307.7302585176094,JPY,-4.206059707632815,En attente,Johannesburg,Japon
id_transaction_00000076,Carte,704.6802545150206,USD,-4.453221389063537,Complétée,Tokyo,France
id_transaction_00000694,Retrait,1684.6367016080576,CNY,-0.7317392584865532,En cours,Francfort,USA
id_transaction_00000834,Carte,809.7435182911734,GBP,-3.1225096789133895,Complétée,Rabat,Japon
id_transaction_00000207,Carte,21294.14428711805,USD,1.621482182755417,Rejetée,Francfort,Japon
id_transaction_00000480,Dépôt,683.1775578740868,CNY,5.342650078865846,Complétée,Pékin,Royaume-Uni
id_transaction_00000442,Virement,1042.0138219114847,JPY,0.16309101540983306,Complétée,Pékin,USA
id_transaction_00000205,Dépôt,2934.5178058004967,EUR,-3.1800421380828032,En attente,New York,Chine
id_transaction_00000474,Retrait,149.01743197274953,ZAR,-0.11477007763140712,Complétée,New York,UE
id_transaction_00000191,Retrait,3102.526655252281,CNY,5.079317626368294,Rejetée,Pékin,Maroc
id_transaction_00000950,Dépôt,3845.810997873171,JPY,5.005269047481614,Complétée,Washington DC,USA
id_transaction_00000950,Virement,3363.911379814848,GBP,-6.526425322321789,En attente,Londres,Maroc
id_transaction_00000140,Prélèvement,2538.2412649686257,MAD,-11.132918484965764,Complétée,Washington DC,Japon
id_transaction_00000744,Retrait,5254.515308784836,CNY,17.681563483452063,En attente,Washington DC,Royaume-Uni
id_transaction_00000618,Virement International,1500.6423769463836,USD,14.090130185707906,Complétée,Casablanca,USA
id_transaction_00000210,Carte,476.64365756681565,JPY,6.86131494014341,Complétée,Francfort,Japon
id_transaction_00000800,Retrait,1904.7536706661308,USD,-0.6346853030134021,Complétée,Casablanca,Maroc
id_transaction_00000896,Dépôt,1059.2336233280214,USD,9.51360936180782,Complétée,New York,Maroc
id_transaction_00000621,Retrait,-327.51539802674995,CNY,-9.46932665988891,Complétée,Londres,Maroc
id_transaction_00000248,Retrait,196.8972315100737,USD,-3.505905072841167,Complétée,Francfort,UE
id_transaction_00000496,Prélèvement,-207.18586183755667,JPY,-0.5839244928581984,Complétée,Casablanca,Maroc
id_transaction_00000174,Virement International,-653.5563712510885,USD,-4.471626203943804,Complétée,Pékin,UE
id_transaction_00000862,Virement,10336.644513590638,EUR,-9.781709433201346,Complétée,New York,Japon
id_transaction_00000822,Carte,-948.4865081475631,USD,-15.875935988819851,En attente,Londres,Maroc
id_transaction_00000154,Prélèvement,441.12360499285336,JPY,9.469448328858931,En attente,New York,USA
id_transaction_00000135,Retrait,-895.8804462450913,USD,-8.138663053801615,Complétée,New York,France
id_transaction_00000102,Dépôt,666.3223870754659,JPY,3.8021767740604617,En attente,Londres,USA
id_transaction_00000872,Carte,-310.32157114650727,MAD,-7.17784753494177,Complétée,Rabat,USA
id_transaction_00000725,Carte,973.9399042908292,CNY,-7.5669582928369925,Complétée,Tokyo,Maroc
id_transaction_00000566,Retrait,-664.1244074752509,GBP,-14.26774501162734,En attente,New York,USA
id_transaction_00000997,Prélèvement,26.63377835597663,MAD,7.732398092221173,En attente,Pékin,USA
id_transaction_00000070,Carte,863.4249492223306,USD,7.777999741635641,En attente,Pékin,Royaume-Uni
id_transaction_00000276,Retrait,-855.9499580541018,USD,-10.023031481835591,Complétée,Washington DC,Maroc
id_transaction_00000629,Carte,861.7135330910415,USD,3.5800789378979045,Complétée,Pékin,Royaume-Uni
id_transaction_00000011,Carte,2639.2285330463537,EUR,3.9364869503984736,Complétée,Francfort,Royaume-Uni
id_transaction_00000138,Virement International,976.2909675722262,CNY,8.479094159446836,Complétée,Tokyo,USA
id_transaction_00000853,Retrait,961.614967464222,JPY,15.265016801597085,Complétée,Pékin,Chine
id_transaction_00000388,Retrait,4225.13384515618,USD,-8.872822250188811,Complétée,Paris,Allemagne
id_transaction_00000358,Virement,745.3877723141023,EUR,-4.388281906383095,Complétée,Pékin,Japon
id_transaction_00000957,Retrait,2815.8216934075317,USD,-14.960641945936391,Complétée,Tokyo,Allemagne
id_transaction_00000108,Retrait,1830.0481171509741,GBP,8.616243352390017,En cours,Washington DC,Chine
id_transaction_00000584,Carte,1606.0361289544444,CNY,6.037366253399495,Complétée,Pékin,USA
id_transaction_00000525,Retrait,913.2489098976023,ZAR,11.166156293620562,Complétée,Londres,Japon
id_transaction_00000556,Dépôt,-37994.09749669087,GBP,-7.227687352726979,Complétée,Pékin,France
id_transaction_00000371,Dépôt,397.9127404513133,MAD,7.506394181100941,En attente,New York,Maroc
id_transaction_00000134,Virement,-958.293502071367,USD,-9.225424028716322,Complétée,Washington DC,Royaume-Uni
id_transaction_00000841,Virement,-223.1293496383703,GBP,-4.5588579110836305,Complétée,Paris,Royaume-Uni
id_transaction_00000427,Retrait,1045.2185609736448,EUR,-7.7964136704667615,En cours,Tokyo,Afrique du Sud
id_transaction_00000110,Virement,-657.4277771747323,EUR,-0.5208164721539985,En cours,Washington DC,Allemagne
id_transaction_00000637,Virement International,-217.9830623759674,MAD,17.175521770446597,Complétée,Casablanca,Maroc
id_transaction_00000240,Retrait,258.7999322148885,USD,8.090275032432645,En attente,Francfort,Royaume-Uni
id_transaction_00000274,Retrait,-4062.8160983673442,USD,47.551400936759755,Complétée,Washington DC,USA
id_transaction_00000718,Carte,1333.589256476644,GBP,13.99544034449027,En attente,Londres,Royaume-Uni
id_transaction_00000463,Carte,6618.1310635312675,JPY,-2.434734324045971,Complétée,Pékin,Maroc
id_transaction_00000319,Virement,3315.9596733981766,USD,-4.33722445450698,Complétée,Francfort,Allemagne
id_transaction_00000997,Retrait,-305.9563780619595,GBP,1.8970265139780103,Complétée,Casablanca,Allemagne
id_transaction_00000309,Virement,119210.1163707461,GBP,-3.528303527106014,Complétée,New York,USA
id_transaction_00000229,Retrait,3063.3171259033206,MAD,2.653574393492291,Complétée,Londres,Maroc
id_transaction_00000787,Retrait,-500.0239453219983,EUR,-8.757523826711566,En cours,New York,Japon
id_transaction_00000532,Retrait,2017.3547431634497,GBP,2.2223808484885255,Complétée,Paris,Japon
id_transaction_00000980,Prélèvement,-263.8026089208794,USD,-8.55893221624039,Complétée,Paris,Chine
id_transaction_00000521,Prélèvement,19917.661769685896,USD,-0.8120114101166616,En attente,Washington DC,USA
id_transaction_00000767,Prélèvement,1257.5968988847576,USD,2.877966317423037,En cours,Tokyo,Royaume-Uni
id_transaction_00000601,Carte,423.2532474112917,MAD,-15.16241443756357,Complétée,Londres,Royaume-Uni
id_transaction_00000928,Virement,577.2801282520326,CNY,-1.4325022092396678,En attente,Tokyo,USA
id_transaction_00000133,Virement,-534.6061564884653,USD,-3.781857035888021,Complétée,Washington DC,USA
id_transaction_00000858,Prélèvement,438.4645755509308,CNY,-0.45410816299581747,En cours,Washington DC,USA
id_transaction_00000463,Virement,1671.4665665319071,USD,-2.3670829748223214,En attente,New York,Japon
id_transaction_00000505,Dépôt,62.3354107453207,USD,5.860093824918453,Complétée,Rabat,Maroc
id_transaction_00000703,Carte,973.7632697019923,MAD,-0.6904714844845383,Complétée,Casablanca,France
id_transaction_00000975,Dépôt,568.2360540727154,MAD,2.557904181452079,Complétée,Pékin,Royaume-Uni
id_transaction_00000546,Carte,94.02879669567159,MAD,-18.593319762022674,Rejetée,Pékin,Royaume-Uni
id_transaction_00000156,Retrait,323.2536052906031,USD,1.1604861664797026,Complétée,Paris,UE
id_transaction_00000455,Virement International,611.2432570558823,USD,3.431381137011647,Complétée,Washington DC,Afrique du Sud
id_transaction_00000387,Virement,-620.2454800860645,JPY,-14.36448228202006,En attente,Paris,USA
id_transaction_00000995,Carte,816.0744534436001,JPY,55.16054857501427,Complétée,New York,Maroc
id_transaction_00000115,Prélèvement,1152.7035921899742,GBP,2.2264170800120904,En attente,Washington DC,Chine
id_transaction_00000009,Retrait,237.50663833711786,MAD,2.6718664644752503,Complétée,Paris,Royaume-Uni
id_transaction_00000173,Virement,709.4852146928147,CNY,4.143988836344763,Rejetée,Francfort,Japon
id_transaction_00000509,Retrait,4877.591107693594,GBP,-0.21174987267433032,Complétée,Londres,Maroc
id_transaction_00000211,Retrait,309.5289080580469,MAD,-14.306548955660222,Complétée,Francfort,Royaume-Uni
id_transaction_00000940,Carte,774.8049604870691,EUR,-0.9107926020965458,Rejetée,Johannesburg,Afrique du Sud
id_transaction_00000031,Carte,-100.58435195710626,MAD,-1.4858325780854793,Complétée,Rabat,USA
id_transaction_00000544,Retrait,24160.286119811306,JPY,14.262434930167139,Complétée,Casablanca,Chine
id_transaction_00000900,Dépôt,4814.783682656742,ZAR,4.4888345863635815,Complétée,Tokyo,Maroc
id_transaction_00000134,Dépôt,137.63170108777234,USD,3.331098947945626,Complétée,New York,Allemagne
id_transaction_00000722,Dépôt,-12.127971832346532,GBP,-5.938884302999534,Complétée,Londres,Royaume-Uni
id_transaction_00000251,Prélèvement,23572.020520808393,USD,8.852142920647818,Rejetée,Casablanca,Maroc
id_transaction_00000158,Retrait,-816.3718874166456,EUR,-4.303738013755049,Complétée,Francfort,France
id_transaction_00000299,Carte,-426.9696447555052,ZAR,0.09869871644431782,En attente,Pékin,USA
id_transaction_00000593,Carte,-66.99312160901025,GBP,3.7734036545709193,En attente,Washington DC,Afrique du Sud
id_transaction_00000341,Retrait,515.0850059466484,JPY,5.767732834170675,Complétée,Pékin,Japon
id_transaction_00000197,Retrait,-286.49212122237714,EUR,3.740438591708533,Complétée,Pékin,Maroc
id_transaction_00000792,Carte,987.7851837596833,CNY,2.286525862505949,Complétée,Francfort,Royaume-Uni
id_transaction_00000546,Retrait,4965.958635809011,CNY,0.680406617061939,En attente,Francfort,UE
id_transaction_00000892,Carte,663.2872760580755,MAD,-0.09900898187197704,Complétée,Francfort,USA
id_transaction_00000591,Virement,-54.362180744542854,EUR,4.432666704164565,En attente,Francfort,Afrique du Sud
id_transaction_00000987,Prélèvement,717.5472888174273,USD,-0.33472740826810643,Complétée,New York,Royaume-Uni
id_transaction_00000138,Prélèvement,1187.2311445706778,USD,3.208876420650811,Complétée,Tokyo,USA
id_transaction_00000843,Prélèvement,559.9711675944836,USD,0.30751344243924006,Complétée,Londres,Royaume-Uni
id_transaction_00000317,Virement,2306.9268700612924,MAD,-5.283669886758157,Complétée,Rabat,Maroc
id_transaction_00000387,Virement,-7308.908963955637,EUR,-16.285706439541464,Complétée,Washington DC,Royaume-Uni
id_transaction_00000329,Dépôt,4864.393930480209,MAD,-5.3508061216421146,Complétée,Pékin,Chine
id_transaction_00000557,Retrait,-92.41611514130693,EUR,3.4162577958979794,Rejetée,Pékin,France
id_transaction_00000015,Dépôt,874.1966010365177,EUR,0.13126266157428823,Complétée,Londres,Allemagne
id_transaction_00000704,Carte,-243.3493841927134,USD,-3.8165611107308584,Complétée,New York,France
id_transaction_00000819,Virement,1184.9266496457067,CNY,1.585879413780051,Complétée,Tokyo,Japon
id_transaction_00000546,Dépôt,672.9998364777226,CNY,-7.185725577401546,Complétée,Pékin,USA
id_transaction_00000847,Virement,648.6990727880925,EUR,-8.244998086901017,En attente,Johannesburg,France
id_transaction_00000530,Dépôt,14659.071538439443,CNY,10.884553606440717,En attente,Pékin,USA
id_transaction_00000024,Retrait,3431.2770854547116,USD,-6.762968031878224,Complétée,Pékin,Royaume-Uni
id_transaction_00000902,Virement,-178.8145068196652,EUR,9.385022942594054,Complétée,New York,France
id_transaction_00000077,Retrait,-959.2250240406357,GBP,-2.9398089449545433,Complétée,Pékin,Japon
id_transaction_00000337,Retrait,-519.223579314925,USD,-5.629340671563264,Complétée,Casablanca,USA
id_transaction_00000108,Carte,1377.6905351869527,USD,6.101492163589875,Complétée,Pékin,Royaume-Uni
id_transaction_00000131,Carte,1685.2385676144654,JPY,14.17779683374934,Rejetée,Tokyo,Allemagne
id_transaction_00000205,Carte,4174.305860495656,ZAR,14.784911195811944,Complétée,Paris,USA
id_transaction_00000567,Retrait,-623.9896843312252,USD,-11.096101840029402,Complétée,Francfort,Allemagne
id_transaction_00000810,Dépôt,-327.3998094047322,USD,-5.986035304104985,Complétée,Casablanca,Allemagne
id_transaction_00000634,Retrait,535.3782753383257,GBP,-1.5477510254021007,En cours,Rabat,Allemagne
id_transaction_00000512,Carte,-603.5826795677912,GBP,-0.9267471162753544,En attente,Johannesburg,Japon
id_transaction_00000923,Virement,1150.0199696815996,USD,11.955359566092628,Rejetée,Francfort,Royaume-Uni
id_transaction_00000273,Retrait,427.1202984387611,JPY,-2.7121694956973883,Complétée,Pékin,Royaume-Uni
id_transaction_00000494,Virement International,-1579.0153418344344,JPY,-4.794297233698429,Complétée,Pékin,Royaume-Uni
id_transaction_00000032,Prélèvement,-6.310295065497257,JPY,5.6036428919289225,Complétée,Paris,Maroc
id_transaction_00000115,Virement International,795.846405880296,CNY,193.75288776112836,Complétée,Washington DC,Japon
id_transaction_00000979,Retrait,11263.491058148422,JPY,59.514883667956056,Rejetée,Johannesburg,Japon
id_transaction_00000016,Virement International,389.8891636088831,EUR,-9.113515939502072,Complétée,Paris,Maroc
id_transaction_00000590,Carte,1325.7039137163392,MAD,-3.8718938111928294,Complétée,Francfort,Royaume-Uni
id_transaction_00000361,Retrait,-123.64552077568146,GBP,17.969733607081352,Complétée,Francfort,Royaume-Uni
id_transaction_00000961,Prélèvement,447.10053244979645,CNY,-4.30892623736709,Complétée,Washington DC,Japon
id_transaction_00000451,Retrait,1152.529073951233,CNY,0.3972640987868843,Complétée,Pékin,USA
id_transaction_00000254,Carte,705.9995557947593,USD,18.986697862517314,Complétée,Pékin,USA
id_transaction_00000125,Retrait,3743.6638376671635,EUR,9.09202109577056,En cours,Pékin,UE
id_transaction_00000677,Virement,-384.3989357272685,USD,3.7806857828979323,Complétée,Rabat,Allemagne
id_transaction_00000227,Virement International,1673.7742356923122,EUR,10.271438763621482,Complétée,Johannesburg,Afrique du Sud
id_transaction_00000305,Retrait,780.7048383385985,CNY,9.127055635503503,En cours,Casablanca,Royaume-Uni
id_transaction_00000853,Prélèvement,112.96969179055174,ZAR,6.259721208283409,Complétée,Pékin,Royaume-Uni
id_transaction_00000154,Carte,336.7395767924213,MAD,9.157351674503659,En attente,New York,Japon
id_transaction_00000559,Dépôt,-9.99097589179297,MAD,4.765781389033167,En attente,New York,Maroc
id_transaction_00000970,Virement International,-148.46177081785504,USD,-26.741877105534726,Complétée,Pékin,Afrique du Sud
id_transaction_00000861,Carte,36888.513371361216,USD,12.799937128997671,En cours,New York,France
id_transaction_00000925,Carte,-252.0698605536253,USD,-10.181792928266404,Complétée,Pékin,Afrique du Sud
id_transaction_00000430,Retrait,4105.257021084162,USD,16.768910153185512,Complétée,Francfort,France
id_transaction_00000163,Carte,735.7407869532958,GBP,-12.907927336948603,Complétée,Paris,Chine
id_transaction_00000045,Carte,1547.6800556941275,GBP,17.2266132960339,Complétée,Londres,USA
id_transaction_00000083,Retrait,4552.480114640808,JPY,-5.888406104213577,Complétée,Johannesburg,Maroc
id_transaction_00000611,Retrait,1830.5288976886368,JPY,10.201189293919906,Rejetée,Casablanca,Japon
id_transaction_00000356,Carte,659.645769942256,JPY,-2.545537021982632,Complétée,New York,Royaume-Uni
id_transaction_00000675,Virement,-399.85661066595105,MAD,14.807425901562013,Complétée,Tokyo,UE
id_transaction_00000529,Retrait,1084.2401726554729,JPY,7.465814645956482,Complétée,New York,Japon
id_transaction_00000537,Dépôt,697.6743878759257,CNY,-1.3198495092192077,Complétée,Francfort,UE
id_transaction_00000640,Carte,7.6557601905957995,JPY,-11.253071410119027,Complétée,New York,USA
id_transaction_00000779,Retrait,12.086876725678223,MAD,-7.222992195759157,Complétée,Casablanca,Maroc
id_transaction_00000120,Prélèvement,290.5002376113833,CNY,-15.444085773249775,En attente,Pékin,Chine
id_transaction_00000487,Retrait,-1850.1206480164337,CNY,-11.615036444046826,Complétée,Washington DC,UE
id_transaction_00000398,Retrait,201.79854134634144,USD,6.558386619517085,Complétée,Casablanca,Japon
id_transaction_00000787,Dépôt,1105.8037217122849,JPY,8.1912589896239,Complétée,Tokyo,Royaume-Uni
id_transaction_00000753,Prélèvement,-815.0223728350028,GBP,9.458296454163376,Complétée,Paris,Maroc
id_transaction_00000178,Prélèvement,-648.7837921457384,USD,-7.144844139154299,Complétée,Pékin,Maroc
id_transaction_00000702,Prélèvement,-204.3820829049547,GBP,-8.738085776647985,Complétée,Johannesburg,Japon
id_transaction_00000882,Prélèvement,-441.8213192477763,USD,-6.448248202845625,Complétée,Casablanca,Maroc
id_transaction_00000570,Virement,1091.4576098282712,MAD,-8.407843367834257,Complétée,Paris,USA
id_transaction_00000703,Carte,1233.853462998847,MAD,0.9981755421616878,En attente,Washington DC,Royaume-Uni
id_transaction_00000464,Carte,4.075222621219041,GBP,-7.059630798318248,Complétée,Paris,Royaume-Uni
id_transaction_00000839,Carte,80658.74817349295,GBP,128.47339998966137,En cours,Londres,USA
id_transaction_00000337,Prélèvement,-85.77278876996411,JPY,-6.996729725301104,Complétée,Paris,USA
id_transaction_00000078,Retrait,703.1401696767828,MAD,14.815802021505888,Complétée,Francfort,Royaume-Uni
id_transaction_00000621,Virement International,-1418.4075992893054,JPY,-1.8866461525210942,Complétée,Tokyo,Japon
id_transaction_00000762,Retrait,1408.01075463066,CNY,13.356731634814533,Complétée,Washington DC,Chine
id_transaction_00000769,Retrait,82.05217414264655,MAD,-15.970364264195737,Complétée,Casablanca,Maroc
id_transaction_00000509,Dépôt,233.79847327718764,USD,-2.906463308803249,En attente,Washington DC,Royaume-Uni
id_transaction_00000440,Dépôt,591.6141528797752,USD,1.7327263356855305,Complétée,Paris,Maroc
id_transaction_00000855,Retrait,1103.8906642105703,MAD,21.373607430816396,Complétée,Francfort,Royaume-Uni
id_transaction_00000469,Virement International,516.6844480197444,EUR,-13.235044986012987,Complétée,Paris,Royaume-Uni
id_transaction_00000468,Virement,-15.283626375846723,USD,-3.7500853045431226,Complétée,Tokyo,USA
id_transaction_00000222,Virement International,-1136.7259468899338,CNY,-3.513764074109397,En attente,Tokyo,USA
id_transaction_00000238,Retrait,1851.4884516786892,GBP,15.581069514037836,Complétée,Francfort,USA
id_transaction_00000350,Retrait,1070.0639597875465,MAD,1.9244107539237363,Complétée,Washington DC,Royaume-Uni
id_transaction_00000938,Retrait,802.9218927929003,MAD,1.903065828743717,Complétée,Casablanca,Royaume-Uni
id_transaction_00000047,Retrait,-371.11243782533575,EUR,7.063268824174254,En cours,Casablanca,France
id_transaction_00000411,Retrait,127.2326348351798,EUR,3.502761428003203,Complétée,Francfort,USA
id_transaction_00000068,Carte,735.7520709731612,CNY,3.5829607971840503,Complétée,New York,Maroc
id_transaction_00000745,Retrait,486.4190639770341,EUR,0.052089888213912694,En attente,Pékin,USA
id_transaction_00000766,Retrait,-977.9266901723312,CNY,-12.795550233121556,En attente,Johannesburg,Maroc
id_transaction_00000258,Retrait,13631.948390612773,CNY,-7.533411722006501,Complétée,Tokyo,Maroc
id_transaction_00000701,Retrait,3647.782461758643,USD,6.755064966050973,Complétée,Rabat,Japon
id_transaction_00000839,Carte,2824.0805935999556,JPY,616.4910396657341,En attente,Casablanca,France
id_transaction_00000991,Dépôt,205.1710503642367,USD,-9.10259832157092,Complétée,New York,Chine
id_transaction_00000878,Carte,5144.327467039609,EUR,-0.5021430762561501,Complétée,Washington DC,Royaume-Uni
id_transaction_00000716,Retrait,1412.6778871833053,USD,10.684497327472535,Complétée,Paris,Royaume-Uni
id_transaction_00000279,Carte,1507.5355001622947,EUR,120.43323886053017,Rejetée,Francfort,Royaume-Uni
id_transaction_00000757,Virement,41746.27047077776,EUR,0.5862198641682834,Complétée,Johannesburg,Royaume-Uni
id_transaction_00000540,Prélèvement,-576.3103455035861,EUR,-10.410202042529171,Complétée,Tokyo,France
id_transaction_00000512,Carte,4362.8265946849815,CNY,18.832879108544407,Complétée,Francfort,Royaume-Uni
id_transaction_00000916,Virement International,1708.9740292016031,CNY,14.58332009658843,Complétée,Johannesburg,Japon
id_transaction_00000245,Virement International,1182.1600324937936,USD,8.270798807005505,En attente,Paris,Chine
id_transaction_00000679,Virement,2211.618544925658,MAD,1.1096544529401928,En cours,Paris,USA
id_transaction_00000540,Carte,5839.1133696604975,GBP,-10.56465015799104,Complétée,Washington DC,Royaume-Uni
id_transaction_00000241,Dépôt,-582.9432588342983,EUR,-2.673751887419275,Complétée,Rabat,Maroc
id_transaction_00000745,Carte,52315.95180674903,USD,5.931568194428761,En attente,Tokyo,USA
id_transaction_00000633,Virement,1533.0487986318549,CNY,-5.984820676518006,Rejetée,New York,USA
id_transaction_00000575,Dépôt,1146.2138291352906,CNY,5.711760593951235,Complétée,Pékin,Royaume-Uni
id_transaction_00000265,Carte,-229.12029320768158,USD,-15.584932464940614,Complétée,Johannesburg,Maroc
id_transaction_00000461,Carte,897.3631389874212,JPY,16.240912944160616,Complétée,Francfort,Royaume-Uni
id_transaction_00000088,Prélèvement,845.1638050325519,MAD,12.578486568076649,Complétée,Tokyo,USA
id_transaction_00000868,Prélèvement,-1009.3499177191112,ZAR,-9.492719264786007,En attente,Washington DC,USA
id_transaction_00000103,Retrait,477.7420204473023,EUR,-0.7758937773435974,En cours,New York,Royaume-Uni
id_transaction_00000124,Carte,926.9705490252893,MAD,6.536635189951778,Complétée,Francfort,Chine
id_transaction_00000998,Virement,-198.27508619136688,USD,-5.760752953927514,Rejetée,Pékin,Chine
id_transaction_00000214,Virement,10889.313205553259,MAD,0.5053759757078353,En attente,Paris,USA
id_transaction_00000133,Virement,1064.0617128432755,JPY,-6.198817613117112,Complétée,Casablanca,Royaume-Uni
id_transaction_00000556,Carte,-240.70764610799029,USD,-7.5970223299506925,Complétée,Londres,Royaume-Uni
id_transaction_00000797,Dépôt,563.9752526882435,CNY,9.463262447026725,Complétée,Pékin,Japon
id_transaction_00000586,Carte,394.37114049251,MAD,7.973824366324927,Complétée,Tokyo,France
id_transaction_00000376,Carte,20.586588883185073,USD,2.655695482013613,Rejetée,Francfort,Maroc
id_transaction_00000740,Carte,494.7530166892064,JPY,-8.449764054272674,Rejetée,Londres,Afrique du Sud
id_transaction_00000131,Retrait,802.1115724229409,MAD,-0.7758707274801484,Complétée,Francfort,Maroc
id_transaction_00000407,Prélèvement,4624.172460257765,JPY,-1.1662592495448427,Complétée,Casablanca,France
id_transaction_00000872,Dépôt,-288.2032663823487,USD,-5.772738882921142,Complétée,New York,Royaume-Uni
id_transaction_00000116,Carte,1260.7571986508437,USD,5.026639261744155,Complétée,New York,Afrique du Sud
id_transaction_00000043,Retrait,-1342.2270327623046,GBP,-18.07673895529346,Rejetée,Pékin,Royaume-Uni
id_transaction_00000139,Carte,432.6723749267023,EUR,-0.6343621038411245,Complétée,Tokyo,UE
id_transaction_00000326,Retrait,2218.430532353386,GBP,8.33188169677209,Complétée,Pékin,Royaume-Uni
id_transaction_00000913,Carte,-199.27164127684125,CNY,4.380545388346366,En attente,Paris,France
id_transaction_00000050,Retrait,82728.07220698893,USD,6.132520161025543,En cours,New York,Allemagne
id_transaction_00000351,Carte,1393.6576299942521,JPY,-7.3166437909535995,Complétée,Londres,Royaume-Uni
id_transaction_00000996,Carte,-1028.4941187225104,USD,-4.404695413494937,Complétée,Francfort,Japon
id_transaction_00000597,Prélèvement,-23.218827858576105,EUR,-6.984776867850685,En attente,Washington DC,Allemagne
id_transaction_00000221,Virement,303.4169564403673,USD,-1.8130344092598536,Complétée,New York,Royaume-Uni
id_transaction_00000011,Carte,1362.451108289441,MAD,-10.153810394038974,Complétée,Tokyo,Royaume-Uni
id_transaction_00000962,Carte,28.67663111878494,JPY,-5.252701894130056,Complétée,Londres,France
id_transaction_00000998,Dépôt,8377.698382524912,MAD,3.4694407207803133,Complétée,Pékin,Chine
id_transaction_00000367,Virement International,472.026923259843,USD,-11.629964738218153,Complétée,Paris,Japon
id_transaction_00000099,Retrait,748.68690055158,USD,-16.46275143852744,En attente,New York,Japon
id_transaction_00000748,Retrait,1822.5218984177795,MAD,-28.93822524040253,Complétée,Londres,Maroc
id_transaction_00000465,Carte,1308.8612656636067,JPY,0.6426629667477242,Complétée,Pékin,Royaume-Uni
id_transaction_00000097,Carte,916.7969696190644,CNY,1.0300820650993652,Complétée,Rabat,UE
id_transaction_00000574,Prélèvement,308.57433417169455,EUR,-4.821205443855528,Complétée,New York,France
id_transaction_00000336,Retrait,1282.3701806180097,GBP,12.305541108957962,Complétée,Rabat,Japon
id_transaction_00000601,Virement International,583.3720183146684,JPY,-2.406926668130361,Complétée,Johannesburg,USA
id_transaction_00000891,Prélèvement,-653.6903859226978,USD,-2.8031893977867073,En attente,New York,Maroc
id_transaction_00000705,Carte,1883.179708568688,GBP,745.4580445168308,Rejetée,New York,USA
id_transaction_00000712,Carte,1436.300237600471,MAD,-4.738756082297438,Complétée,Rabat,Maroc
id_transaction_00000029,Prélèvement,1955.4948305410308,USD,16.172530012314446,Complétée,Pékin,Chine
id_transaction_00000678,Prélèvement,-37.11930805582847,USD,-0.3386824641856103,Complétée,New York,Royaume-Uni
id_transaction_00000772,Carte,-354.17556917448155,USD,5.916997862131381,Rejetée,Tokyo,Maroc
id_transaction_00000468,Dépôt,781.2062901167694,CNY,10.082154287143936,En attente,Casablanca,Maroc
id_transaction_00000549,Dépôt,659.568562471856,GBP,18.072665549115708,Complétée,Tokyo,Maroc
id_transaction_00000286,Prélèvement,4963.247729173514,MAD,-6.272164282948686,En attente,Londres,USA
id_transaction_00000463,Virement,22331.695215414067,USD,17.719185871441177,Complétée,New York,Royaume-Uni
id_transaction_00000291,Carte,854.713260074144,JPY,10.365304822762798,Complétée,New York,Chine
id_transaction_00000902,Carte,1192.6162736943834,JPY,4.908532231196261,Complétée,Pékin,USA
id_transaction_00000514,Virement,765.8807136953797,JPY,4.859572630071522,En attente,Francfort,Maroc
id_transaction_00000938,Prélèvement,427.0162502916057,CNY,8.20965227957244,En attente,Francfort,Maroc
id_transaction_00000421,Virement,-89.45110827477845,GBP,-8.04669409863897,En attente,Tokyo,USA
id_transaction_00000958,Prélèvement,-5.545691427822931,USD,1.5625940408563936,En attente,Pékin,Chine
id_transaction_00000744,Retrait,9726.983363967667,JPY,-8.04086749402618,Complétée,Londres,Maroc
id_transaction_00000055,Prélèvement,-727.8083187807111,EUR,-0.8092544460145321,En attente,Francfort,Royaume-Uni
id_transaction_00000330,Retrait,581.4339540313651,JPY,-4.528842980200758,Complétée,Casablanca,Royaume-Uni
id_transaction_00000069,Carte,1460.1306165691185,JPY,9.2163478000021,Complétée,Londres,Maroc
id_transaction_00000363,Dépôt,1050.857241830176,USD,0.9829445932615908,Complétée,Pékin,Maroc
id_transaction_00000978,Retrait,-881.3464738176575,EUR,-8.02669984534868,Complétée,Tokyo,Japon
id_transaction_00000999,Dépôt,487.7929393639994,EUR,1.5859693583559022,En attente,Johannesburg,Chine
id_transaction_00000309,Prélèvement,-378.0545751240825,CNY,6.796699157719234,En attente,Paris,Maroc
id_transaction_00000866,Retrait,238.85396579312615,MAD,-111.13460699387826,En attente,Pékin,Chine
id_transaction_00000301,Retrait,622.9051948113392,EUR,10.618663910957451,Complétée,Francfort,USA
id_transaction_00000295,Carte,938.6173994848884,MAD,-6.053721729207797,Complétée,Paris,Royaume-Uni
id_transaction_00000116,Prélèvement,65.11983458381394,EUR,-0.791268537348258,En cours,New York,USA
id_transaction_00000410,Virement International,-51.863012283025284,EUR,-4.69495833523987,En attente,Pékin,Japon
id_transaction_00000927,Retrait,-652.487041011765,GBP,-5.771366914961921,Complétée,Pékin,Japon
id_transaction_00000293,Carte,89.06371182431536,MAD,-10.83940653464246,Complétée,Francfort,Allemagne
id_transaction_00000070,Retrait,-827.9926859195742,USD,-16.956986610606993,Complétée,New York,Afrique du Sud
id_transaction_00000048,Retrait,698.6974594403291,USD,-5.093899358812224,En attente,Casablanca,Maroc
id_transaction_00000283,Carte,-420.4948700937972,USD,-6.253540995449641,Complétée,Londres,Maroc
id_transaction_00000481,Carte,391.2341587760513,USD,1.8140916020355218,Complétée,Tokyo,USA
id_transaction_00000240,Virement International,47.3342837664768,MAD,-3.034164062068176,En attente,Johannesburg,Maroc
id_transaction_00000237,Retrait,229.60803733734824,JPY,22.48517607181039,Complétée,New York,USA
id_transaction_00000734,Dépôt,761.5975474996649,CNY,11.23466650079969,Complétée,Casablanca,Maroc
id_transaction_00000722,Dépôt,293.34900746024124,CNY,1.4784156889976137,Complétée,Casablanca,Japon
id_transaction_00000883,Virement International,412.7587726416766,MAD,-4.525565890919055,Complétée,Francfort,France
id_transaction_00000162,Carte,-603.7982664950669,MAD,-4.326632541168045,Complétée,Tokyo,Chine
id_transaction_00000147,Retrait,-1264.195654716243,MAD,-9.177309944185883,En attente,Casablanca,Maroc
id_transaction_00000935,Virement,142.10675368648174,GBP,-8.642444878021074,Complétée,Londres,USA
id_transaction_00000035,Retrait,1395.016870199646,CNY,1.3153536892395508,Complétée,Johannesburg,France
id_transaction_00000613,Carte,238.8362752371107,CNY,-2.7035814172265775,Complétée,Francfort,Royaume-Uni
id_transaction_00000834,Prélèvement,-547.0438948035386,JPY,4.500898371281849,En attente,Johannesburg,Royaume-Uni
id_transaction_00000355,Retrait,-56.76054787594177,USD,-8.927951510551644,Complétée,Tokyo,Allemagne
id_transaction_00000155,Virement,-345.29173581929126,CNY,-7.410385581265886,En attente,Francfort,USA
id_transaction_00000089,Dépôt,16763.74878570238,EUR,-3.280988513974955,Complétée,Tokyo,Chine
id_transaction_00000482,Prélèvement,-315.3627215377112,USD,-8.751220190142174,Complétée,Paris,Allemagne
id_transaction_00000438,Virement,3373.5057712928588,ZAR,8.777704138264337,Complétée,Paris,Afrique du Sud
id_transaction_00000543,Virement International,498.83858189039074,JPY,-0.9682037989408556,Complétée,Johannesburg,Maroc
id_transaction_00000837,Carte,7703.850001517358,JPY,5.134051335728639,Complétée,Paris,Japon
id_transaction_00000325,Prélèvement,-1247.8359549717138,EUR,-0.835883051306312,En attente,New York,Allemagne
id_transaction_00000009,Carte,-252.96739497763895,CNY,-8.250542080144559,En attente,Casablanca,Maroc
id_transaction_00000804,Retrait,17904.962398914082,JPY,-11.953378374443037,Complétée,New York,Royaume-Uni
id_transaction_00000556,Virement International,1001.0499265358378,CNY,-4.170525837705804,Complétée,Pékin,Maroc
id_transaction_00000031,Carte,793.5830598854001,CNY,-8.63430226321562,Complétée,Washington DC,Royaume-Uni
id_transaction_00000361,Virement International,13344.567527959556,JPY,11.80692295523513,Complétée,Tokyo,Japon
id_transaction_00000826,Carte,-138.29883671339007,CNY,-3.795935491615654,Rejetée,Washington DC,Maroc
id_transaction_00000840,Carte,10221.079758845055,JPY,12.358446558581925,Rejetée,New York,Royaume-Uni
id_transaction_00000062,Carte,169.85096494505956,MAD,10.453088724457434,Complétée,Tokyo,Afrique du Sud
id_transaction_00000558,Virement,869.2185482521086,USD,2.405956725632463,En attente,Tokyo,USA
id_transaction_00000011,Prélèvement,1558.9070941625068,GBP,20.03345630049978,Complétée,Pékin,Chine
id_transaction_00000781,Retrait,-206.27485626804332,USD,-3.1439796245484226,Complétée,Johannesburg,Royaume-Uni
id_transaction_00000435,Retrait,510.29944925069833,EUR,-1.1566649944260723,Complétée,Tokyo,Maroc
id_transaction_00000800,Virement International,-732.2511645028234,EUR,0.4328976844275134,Complétée,Rabat,Royaume-Uni
id_transaction_00000312,Prélèvement,231.95582960784085,ZAR,1607.1399944814304,Rejetée,Washington DC,USA
id_transaction_00000320,Retrait,-550.7025495327385,JPY,-8.624647376934298,Complétée,Washington DC,USA
id_transaction_00000376,Carte,39628.78463650214,USD,0.21936274726536809,Rejetée,Tokyo,Chine
id_transaction_00000264,Dépôt,260.69845404092746,USD,-0.174415607978335,Complétée,Pékin,Royaume-Uni
id_transaction_00000119,Dépôt,-550.4492300610424,CNY,-8.97569078425904,En attente,Washington DC,Japon
id_transaction_00000061,Carte,10960.919900619952,USD,-2.5933113715691896,Complétée,Francfort,Maroc
id_transaction_00000608,Carte,8855.543177866666,USD,10.964115220975803,Complétée,New York,Royaume-Uni
id_transaction_00000551,Virement,-674.1736497569208,USD,-3.905965518042776,En attente,Rabat,USA
id_transaction_00000172,Prélèvement,-49.84110173204266,USD,-7.764654967305552,Complétée,Londres,France
id_transaction_00000748,Carte,895.5789864124712,USD,9.642355376271773,Complétée,Casablanca,Royaume-Uni
id_transaction_00000538,Virement International,101507.81352485278,JPY,10.746460872348079,Complétée,Washington DC,Royaume-Uni
id_transaction_00000194,Carte,139.39357594940304,MAD,-18.39975974167173,Complétée,Washington DC,Maroc
id_transaction_00000270,Retrait,-415.1311089939877,JPY,-10.791984948183476,Complétée,Paris,France
id_transaction_00000911,Virement,1277.093052919431,USD,0.2793425006323105,Complétée,Rabat,Allemagne
id_transaction_00000937,Retrait,721.9473597815593,JPY,14.014531644434133,Complétée,Francfort,USA
id_transaction_00000228,Retrait,124.98630196800559,USD,-8.646883479987025,Complétée,Johannesburg,Afrique du Sud
id_transaction_00000501,Retrait,-159.12143405752863,USD,13.053997233691573,Complétée,Casablanca,Maroc
id_transaction_00000420,Prélèvement,713.9908676953102,EUR,11.7320885670431,Complétée,Francfort,USA
id_transaction_00000504,Prélèvement,892.6174634628824,JPY,4.04344132330708,Complétée,Francfort,Royaume-Uni
id_transaction_00000182,Carte,1959.5996588996268,GBP,7.142636644476969,En cours,Pékin,Royaume-Uni
id_transaction_00000266,Virement,-607.1940304469891,GBP,-6.811424857856475,Complétée,Paris,USA
id_transaction_00000571,Retrait,4084.2392821234953,JPY,11.497872891527066,Complétée,Pékin,Royaume-Uni
id_transaction_00000435,Dépôt,-86.88090661788158,GBP,143.25373225481079,Complétée,Washington DC,Maroc
id_transaction_00000226,Prélèvement,-3908.256333688012,GBP,-5.9693161357604465,Complétée,Pékin,Japon
id_transaction_00000211,Carte,1926.3858528866526,JPY,6.9322482642176455,En attente,Paris,Japon
id_transaction_00000022,Carte,-1223.7356060871189,EUR,-5.200711423868232,Complétée,Londres,France
id_transaction_00000809,Prélèvement,1028.2211882986066,USD,-5.302562757442762,Complétée,Paris,France
id_transaction_00000706,Carte,604.2256128420222,EUR,0.8438917822478915,En attente,New York,France
id_transaction_00000004,Virement International,-34.0928294104105,JPY,6.965472136959849,En attente,Londres,USA
id_transaction_00000095,Dépôt,132.7941275764049,GBP,132.31918838730257,Complétée,Casablanca,Royaume-Uni
id_transaction_00000058,Virement,-330.53014748513795,EUR,-7.736698489445499,Complétée,Washington DC,Maroc
id_transaction_00000145,Dépôt,-41.76646615135343,CNY,10.365683642257748,Rejetée,Washington DC,Chine
id_transaction_00000750,Retrait,109.18220955496366,USD,-7.16735383406449,Complétée,New York,Japon
id_transaction_00000263,Virement,463.6082895915579,USD,-11.631676441121257,Complétée,Tokyo,Maroc
id_transaction_00000386,Dépôt,7401.195629446158,MAD,3.8835644639189173,Complétée,Londres,USA
id_transaction_00000020,Retrait,696.2277494320451,GBP,-6.949660901969689,Complétée,Francfort,Maroc
id_transaction_00000686,Virement,-2.161337092333042,GBP,-10.720971325400157,Complétée,Washington DC,Royaume-Uni
id_transaction_00000031,Virement,336.9002337510714,GBP,-14.379388528495912,Complétée,Washington DC,Maroc
id_transaction_00000733,Virement International,1593.2165533427924,CNY,17.837967830803194,Complétée,Johannesburg,Japon
id_transaction_00000624,Carte,-399.1279300829426,GBP,7.029767726715675,Complétée,Francfort,Japon
id_transaction_00000282,Virement International,2024.1036842526655,USD,14.611608292048558,Complétée,Pékin,USA
id_transaction_00000638,Virement International,-41.85441569898387,JPY,7.106903343122722,En attente,New York,Japon
id_transaction_00000181,Retrait,1053.6599368775078,USD,4.073611715497238,Complétée,Tokyo,USA
id_transaction_00000770,Retrait,2734.1148095539475,MAD,73.58115350130828,Complétée,Casablanca,Allemagne
id_transaction_00000723,Retrait,-932.7001837109129,EUR,-16.15054003593891,Rejetée,Washington DC,Royaume-Uni
id_transaction_00000627,Carte,2405.5932085002955,MAD,7.895269930605778,En attente,Londres,France
id_transaction_00000957,Virement International,3653.539319914034,USD,-2.746853527180705,En attente,Casablanca,Maroc
id_transaction_00000159,Retrait,1009.6810597823435,MAD,4.170071761173579,Complétée,Casablanca,Japon
id_transaction_00000398,Virement,746.8060168349252,EUR,-17.7125330737712,Complétée,Francfort,Allemagne
id_transaction_00000424,Carte,-457.22255473203745,CNY,-14.05450370968218,Complétée,Washington DC,USA
id_transaction_00000097,Carte,5449.236061656213,JPY,12.2523174710016,Complétée,Londres,Chine
id_transaction_00000697,Carte,-1664.6115195731581,GBP,-7.308613418961463,En cours,Pékin,Afrique du Sud
id_transaction_00000133,Retrait,753.0987643866753,JPY,2.1032138060817083,Complétée,Londres,Maroc
id_transaction_00000006,Virement,-163.7483080144275,USD,-8.011793598872824,Rejetée,Francfort,USA
id_transaction_00000903,Virement International,407.1398557556174,GBP,-10.833965764700455,Complétée,Casablanca,USA
id_transaction_00000865,Retrait,290.70411449517843,USD,10.846886621976669,Complétée,Casablanca,Allemagne
id_transaction_00000066,Virement,13494.94450594169,GBP,-0.13757491101054597,Complétée,Johannesburg,Maroc
id_transaction_00000331,Virement,-915.3831035913855,GBP,-13.670545097351859,Complétée,Washington DC,USA
id_transaction_00000874,Carte,2101.433368561681,USD,3.680249134692602,Complétée,Tokyo,Royaume-Uni
id_transaction_00000528,Carte,3151.216152902253,JPY,-3.988444944640146,En attente,Washington DC,USA
id_transaction_00000439,Virement International,1305.879265024451,EUR,0.1423762033447593,Rejetée,Rabat,Afrique du Sud
id_transaction_00000786,Carte,-415.14519950249894,ZAR,307.53817503323944,Complétée,Rabat,Maroc
id_transaction_00000945,Retrait,-376.2273698352824,USD,6.818765769113011,En attente,New York,Japon
id_transaction_00000401,Carte,524.5397710290868,EUR,-0.04132519533817991,Complétée,Pékin,Maroc
id_transaction_00000669,Carte,-33.71741800507607,GBP,-5.755559719475593,Complétée,Londres,Royaume-Uni
id_transaction_00000270,Carte,136261.76739888702,JPY,-7.532283280865461,Complétée,Londres,Japon
id_transaction_00000701,Prélèvement,-730.2378476136251,EUR,-10.050065965157675,Complétée,New York,Japon
id_transaction_00000653,Carte,450.2286599667587,EUR,2.554800717772228,En attente,Rabat,France
id_transaction_00000072,Carte,112.03364072926155,USD,8.36824686503524,Complétée,Casablanca,Royaume-Uni
id_transaction_00000440,Prélèvement,4211.01784277052,USD,421.1472907159796,Complétée,Francfort,Japon
id_transaction_00000183,Dépôt,-642.8348878408314,GBP,7.500848935147429,Complétée,New York,Japon
id_transaction_00000452,Retrait,-987.3411627876084,EUR,-11.959946583358107,Complétée,Casablanca,Maroc
id_transaction_00000882,Virement,17819.00469893745,CNY,-5.9349297481660175,En attente,Pékin,Chine
id_transaction_00000539,Retrait,4723.292603382105,USD,-3.0948874240733515,En cours,Francfort,Japon
id_transaction_00000818,Dépôt,1112.0548188010193,USD,-4.808164231983112,Complétée,Washington DC,Maroc
id_transaction_00000281,Dépôt,1528.290586938182,JPY,19.766480756014456,Complétée,Washington DC,Japon
id_transaction_00000950,Virement,2643.7028670285595,MAD,-13.495404217520388,Complétée,Pékin,Royaume-Uni
id_transaction_00000565,Carte,561.6581479194604,USD,21.897299326216157,Rejetée,Londres,Royaume-Uni
id_transaction_00000805,Retrait,413.5969498308321,USD,-6.511226442796926,Complétée,Londres,Royaume-Uni
id_transaction_00000384,Prélèvement,8004.855057789554,USD,13.345756392224757,Complétée,Pékin,Chine
id_transaction_00000099,Retrait,757.9129956545474,JPY,0.733601693230983,En cours,Pékin,Allemagne
id_transaction_00000770,Virement,-211.57931335950332,CNY,8.212243384874533,En attente,Rabat,UE
id_transaction_00000757,Carte,-15766.604382142468,EUR,-8.925986259150598,Complétée,Washington DC,France
id_transaction_00000516,Retrait,-345.07364261887324,USD,-8.975840107287471,Complétée,Casablanca,Allemagne
id_transaction_00000752,Retrait,4177.847294706506,CNY,-0.5514337059904797,En attente,Pékin,UE
id_transaction_00000264,Carte,642.872219575492,MAD,-7.528334739039802,Complétée,Tokyo,Japon
id_transaction_00000800,Carte,1282.2236238454177,JPY,1.67797288831372,Complétée,New York,Japon
id_transaction_00000962,Dépôt,562.2072809719684,EUR,-3.8327671690716576,En attente,Londres,Japon
id_transaction_00000826,Virement,831.722543798125,GBP,2.826829443734818,Complétée,Pékin,Royaume-Uni
id_transaction_00000320,Prélèvement,61259.205668685245,CNY,-8.839935105886564,Complétée,Paris,Maroc
id_transaction_00000052,Carte,-465.2236409551132,GBP,-13.07068943793983,Complétée,Paris,Royaume-Uni
id_transaction_00000375,Retrait,-183.1280218029426,USD,11.026363381556546,Complétée,Casablanca,Maroc
id_transaction_00000586,Retrait,1418.143998020762,JPY,9.885322483638713,Complétée,Casablanca,Japon
id_transaction_00000892,Prélèvement,1024.2410454562596,CNY,0.06704975067648622,Complétée,Casablanca,Royaume-Uni
id_transaction_00000392,Virement,4423.455045860941,CNY,-1.6135593877177836,Complétée,Francfort,Royaume-Uni
id_transaction_00000066,Virement,1855.936716827152,USD,10.418592098385641,En attente,Washington DC,Afrique du Sud
id_transaction_00000256,Prélèvement,828.0237466037435,JPY,4.548060333599538,Complétée,Paris,Maroc
id_transaction_00000788,Retrait,407.7791932242196,JPY,4.695247115719898,Complétée,New York,USA
id_transaction_00000333,Retrait,304.26535795798577,JPY,3.8454718086070407,Complétée,New York,Royaume-Uni
id_transaction_00000463,Prélèvement,-1132.7840110033576,MAD,-1.3714000277395435,Complétée,Casablanca,Afrique du Sud
id_transaction_00000139,Prélèvement,969.9673099351845,CNY,2.2359532093882497,Complétée,Washington DC,France
id_transaction_00000739,Prélèvement,881.3025141570611,USD,-2.283185981622819,Complétée,New York,France
id_transaction_00000010,Prélèvement,6053.614241274638,JPY,3.2005891178438146,En attente,Francfort,USA
id_transaction_00000427,Carte,7572.1782935931615,USD,1.6905415779854245,Complétée,Rabat,Allemagne
id_transaction_00000560,Prélèvement,1187.7399512846102,GBP,16.371415258002607,Complétée,Paris,Maroc
id_transaction_00000105,Carte,-120.38546485455834,EUR,10.17396089109446,En cours,Johannesburg,Allemagne
id_transaction_00000554,Carte,510.497897030596,CNY,-9.98825525089848,Complétée,Rabat,Chine
id_transaction_00000300,Carte,963.6425297026844,CNY,12.448066933092683,En cours,Francfort,Royaume-Uni
id_transaction_00000575,Dépôt,5463.848793734758,EUR,-1.6832150728935442,Complétée,New York,Japon
id_transaction_00000736,Dépôt,308.55022740198206,GBP,2.647381997568242,Complétée,Johannesburg,France
id_transaction_00000980,Retrait,-658.4890556949066,GBP,-4.91253200934552,Complétée,Washington DC,Royaume-Uni
id_transaction_00000885,Virement International,1741.6426409237206,JPY,12.479638230842369,Complétée,Washington DC,Allemagne
id_transaction_00000030,Carte,1153.7913484788892,GBP,-1.3921098289647373,Complétée,Londres,Royaume-Uni
id_transaction_00000137,Retrait,632.1036645763623,CNY,-8.006013093986937,Complétée,Paris,Japon
id_transaction_00000340,Dépôt,6792.162102616094,JPY,22.76923457161556,Complétée,Londres,USA
id_transaction_00000797,Prélèvement,-1182.3925107710097,USD,-16.32324163891666,Complétée,Paris,Maroc
id_transaction_00000545,Virement International,-151.14810303940487,CNY,-1.6004565425148414,Complétée,Londres,Maroc
id_transaction_00000690,Prélèvement,-348.21172273692264,JPY,-11.076442310843113,Complétée,Washington DC,Japon
id_transaction_00000294,Prélèvement,636.9258894981015,GBP,3.9976422468013286,En attente,Londres,UE
id_transaction_00000767,Retrait,1300.7868623440468,GBP,9.477083345584512,Complétée,Casablanca,Chine
id_transaction_00000339,Virement,156934.19571288864,ZAR,3107.070358737664,Complétée,Francfort,France
id_transaction_00000479,Virement International,5181.630597035762,EUR,19.689831942701776,Complétée,Washington DC,USA
id_transaction_00000771,Virement,825.8622471140482,EUR,0.15191784464478708,Complétée,New York,USA
id_transaction_00000240,Carte,10016.284836504992,USD,-5.161562734051587,Rejetée,Tokyo,Maroc
id_transaction_00000509,Retrait,19.737597035196302,MAD,9.84617329273808,Complétée,New York,Maroc
id_transaction_00000783,Carte,854.0086959383952,GBP,-10.781198614257185,En attente,Paris,Japon
id_transaction_00000719,Carte,767.6264464085236,GBP,7.191474795370111,En attente,Washington DC,Royaume-Uni
id_transaction_00000959,Retrait,-24.797971276725548,ZAR,-3.8453794530503194,Rejetée,Tokyo,Royaume-Uni
id_transaction_00000977,Virement,-525.2950400757289,CNY,-11.375202614857024,Complétée,Washington DC,Maroc
id_transaction_00000884,Dépôt,39905.25681721279,USD,11.446008193346238,Complétée,Francfort,Maroc
id_transaction_00000299,Carte,14460.34279380479,CNY,15.935721728244356,En attente,New York,France
id_transaction_00000199,Carte,1011.9966258211449,CNY,7.081284046253828,En attente,Londres,Royaume-Uni
id_transaction_00000074,Virement International,428.32493046345223,CNY,-12.26233673978129,Complétée,Paris,Royaume-Uni
id_transaction_00000684,Retrait,631.469630403546,EUR,6.507750454003903,Complétée,Paris,Japon
id_transaction_00000850,Carte,-366.6565080596058,EUR,-8.681113529377189,Complétée,Londres,France
id_transaction_00000951,Dépôt,151.6990415513368,USD,1.536463011964726,Complétée,Pékin,Maroc
id_transaction_00000802,Virement International,251.12335349964104,USD,1.1373323281029029,Complétée,Washington DC,Maroc
id_transaction_00000697,Prélèvement,1109.6994376341295,USD,-3.2854752200037565,Complétée,Paris,Maroc
id_transaction_00000584,Prélèvement,104307.43081042728,CNY,16.543193864274407,Complétée,Londres,Maroc
id_transaction_00000597,Retrait,1407.1309975465488,EUR,-1.441997249728809,Complétée,New York,France
id_transaction_00000341,Carte,542.7328820630731,EUR,703.186818222051,En attente,Francfort,USA
id_transaction_00000647,Prélèvement,709.6454361618473,JPY,11.593533332429512,Complétée,Paris,USA
id_transaction_00000970,Retrait,63.507361693609084,ZAR,-2.0759291257466765,Complétée,Rabat,Maroc
id_transaction_00000070,Virement International,5159.950539038306,CNY,5.105265462085714,Complétée,Francfort,France
id_transaction_00000553,Prélèvement,831.2186145679082,EUR,-8.550965982998722,Complétée,New York,Royaume-Uni
id_transaction_00000424,Retrait,-314.27806206385355,CNY,-3.125522195849414,Rejetée,Francfort,Japon
id_transaction_00000311,Dépôt,-289.51902567986554,EUR,3.419834408133526,Rejetée,Casablanca,France
id_transaction_00000118,Prélèvement,4658.281840883779,GBP,-84.19801846620294,Complétée,Pékin,Afrique du Sud
id_transaction_00000014,Carte,-423.9840516189804,GBP,-7.8746579351973205,Complétée,Londres,Royaume-Uni
id_transaction_00000516,Carte,-547.3508665961043,JPY,12.40605404720047,Complétée,Johannesburg,Afrique du Sud
id_transaction_00000789,Retrait,621.505395695202,CNY,10.23818382367202,Complétée,Tokyo,USA
id_transaction_00000795,Virement,6731.6476380483155,GBP,4.407825841271072,Complétée,Londres,Royaume-Uni
id_transaction_00000198,Virement International,2045.9723083028202,JPY,6.376521818921265,Complétée,Pékin,Maroc
id_transaction_00000951,Dépôt,4086.7434878083677,USD,-0.96213015992197,Complétée,Casablanca,Japon
id_transaction_00000639,Retrait,1044.7221028097538,GBP,2.6946885852519755,Rejetée,Pékin,Royaume-Uni
id_transaction_00000576,Virement International,-634.0708238079864,GBP,20.943552553347047,Complétée,Tokyo,Maroc
id_transaction_00000826,Dépôt,1935.7874737194416,USD,-1.9547399589061722,En attente,Tokyo,Royaume-Uni
id_transaction_00000115,Virement International,3473.5590272009845,EUR,-7.573988501189025,Complétée,Casablanca,Japon
id_transaction_00000488,Dépôt,12180.67651467229,GBP,10.304545382710486,Complétée,Paris,USA
id_transaction_00000218,Retrait,627.7310758974927,ZAR,1.051881974540514,Complétée,Tokyo,USA
id_transaction_00000601,Prélèvement,-969.7701438333735,USD,-8.196439039789208,Complétée,Washington DC,Maroc
id_transaction_00000299,Retrait,1646.5001655896813,EUR,8.727926705435637,Complétée,Tokyo,Allemagne
id_transaction_00000579,Retrait,-722.5592172584021,USD,-3.341426258106954,Rejetée,New York,USA
id_transaction_00000957,Carte,1263.7171344827157,USD,3.002820663093971,Complétée,Londres,France
id_transaction_00000276,Virement International,634.1027167612024,EUR,8.193206202001376,En attente,Tokyo,Japon
id_transaction_00000252,Prélèvement,-506.88803589674626,USD,-8.786548615634093,Complétée,Casablanca,Maroc
id_transaction_00000036,Retrait,9753.10149464486,JPY,-2.436032632658951,Complétée,Casablanca,France
id_transaction_00000186,Retrait,3317.4791472732204,USD,3.7145644936317264,En attente,Washington DC,USA
id_transaction_00000019,Dépôt,14446.418261467763,USD,-1.652176928507119,Complétée,Paris,France
id_transaction_00000504,Dépôt,-305.8339764468154,USD,-5.331556479158034,Complétée,Pékin,Maroc
id_transaction_00000930,Retrait,-719.2885934558957,USD,7.977135779859809,Complétée,Pékin,UE
id_transaction_00000245,Carte,-29.456974689845083,EUR,2.158838137424711,Complétée,Johannesburg,Afrique du Sud
id_transaction_00000507,Dépôt,211.47850778750936,JPY,17.977488654261712,Complétée,Francfort,Maroc
id_transaction_00000786,Virement,-171.09112748686266,GBP,-1.062246239645959,En attente,Londres,Royaume-Uni
id_transaction_00000152,Dépôt,2658.6157568043245,JPY,9.589291083023603,Complétée,Tokyo,USA
id_transaction_00000808,Dépôt,710.9446081437129,MAD,-9.241664160768305,Complétée,Londres,USA
id_transaction_00000859,Prélèvement,703.9173347705337,USD,0.8343957395907751,Complétée,Tokyo,Allemagne
id_transaction_00000305,Retrait,1635.8897357893766,JPY,2.9213985237113387,En cours,Rabat,Royaume-Uni
id_transaction_00000942,Dépôt,-826.0005822135191,USD,8.248518608561831,Complétée,Paris,Maroc
id_transaction_00000441,Prélèvement,-969.9204942044106,JPY,-6.993933676647907,En cours,Londres,Royaume-Uni
id_transaction_00000827,Prélèvement,91.07354479657403,USD,-3.358559321825605,Complétée,Pékin,Chine
id_transaction_00000959,Prélèvement,124713.75819693098,USD,-1.3302986136215535,Rejetée,Pékin,Maroc
id_transaction_00000289,Carte,629.6573355217618,GBP,-9.936088399072869,Complétée,Paris,Maroc
id_transaction_00000295,Virement International,475.077779646291,JPY,9.306521621777636,En attente,Washington DC,USA
id_transaction_00000433,Virement International,1566.3086369904681,CNY,0.3813877537102073,Complétée,Washington DC,USA
id_transaction_00000115,Retrait,-351.74828553248415,GBP,-3.35188087443317,Complétée,Tokyo,USA
id_transaction_00000970,Virement,15.962347219084961,JPY,-7.807667014669891,En attente,Washington DC,Royaume-Uni
id_transaction_00000102,Carte,816.437477588705,GBP,7.029731648668537,Complétée,Pékin,Chine
id_transaction_00000565,Retrait,1872.739261124891,JPY,18.55220192349045,Rejetée,Pékin,Japon
id_transaction_00000405,Dépôt,-8.643241978808419,GBP,3.288079008508474,En attente,Londres,Royaume-Uni
id_transaction_00000002,Carte,20.9392386978476,MAD,-1.7516521218104213,Complétée,Casablanca,Maroc
id_transaction_00000615,Dépôt,-571.6535872813831,ZAR,-0.00017216956942256445,En attente,Paris,USA
id_transaction_00000538,Prélèvement,121.71134262441876,JPY,7.381639050059636,En attente,New York,USA
id_transaction_00000827,Virement,1884.8532274257122,GBP,-1.8804026460302667,Complétée,Londres,Royaume-Uni
id_transaction_00000492,Carte,36799.791698315974,ZAR,-5.161586786083011,Complétée,Pékin,Afrique du Sud
id_transaction_00000649,Retrait,-69.69660244394049,MAD,14.700421420254603,Complétée,Pékin,Afrique du Sud
id_transaction_00000165,Virement,1079.7736750083595,MAD,8.57289883579962,Complétée,Francfort,USA
id_transaction_00000201,Prélèvement,-225.20390604532884,EUR,-274.3154763465683,Complétée,Pékin,France
id_transaction_00000390,Retrait,343.49341107357833,EUR,11.582569614771462,En attente,Paris,USA
id_transaction_00000890,Virement International,839.9782269291081,EUR,3.522310969254118,Complétée,Johannesburg,Allemagne
id_transaction_00000610,Retrait,-616.1046512524259,GBP,-13.719585185092175,Complétée,Washington DC,Royaume-Uni
id_transaction_00000725,Virement,-675.306464704921,GBP,-1.9488246624275023,Complétée,Londres,Royaume-Uni
id_transaction_00000656,Retrait,110.01869801215815,JPY,-12.206806612228036,En attente,Rabat,Chine
id_transaction_00000389,Carte,-1116.4819120188959,CNY,-5.9215778642210255,En attente,Paris,Maroc
id_transaction_00000408,Virement International,133820.9290741186,JPY,-1.402296866441345,Complétée,Paris,Japon
id_transaction_00000838,Retrait,-202.58260109547052,ZAR,-3.9926390176199407,En attente,Pékin,Royaume-Uni
id_transaction_00000297,Retrait,87.80628878044251,EUR,12.370117305747083,En attente,Londres,Royaume-Uni
id_transaction_00000837,Retrait,157.04126043140315,USD,2.7675394324773963,Complétée,Pékin,USA
id_transaction_00000887,Retrait,-26.511322917425503,MAD,9.891401634581467,Complétée,Tokyo,Royaume-Uni
id_transaction_00000787,Virement International,-725.4740944311887,MAD,-10.580691860783766,Complétée,Washington DC,Royaume-Uni
id_transaction_00000190,Retrait,903.9362450773372,MAD,12.517262623167433,Complétée,Francfort,USA
id_transaction_00000536,Virement,131.61199584861532,CNY,-0.6663773620042042,Complétée,New York,Maroc
id_transaction_00000278,Carte,313.4847215470993,CNY,-9.052590139565734,Rejetée,Tokyo,Royaume-Uni
id_transaction_00000210,Prélèvement,-700.9484804821531,MAD,-7.327436137887745,Complétée,Francfort,France
id_transaction_00000575,Dépôt,686.5204923081837,JPY,414.5345404844374,Rejetée,Pékin,Japon
id_transaction_00000626,Retrait,4767.160793469393,EUR,22.0024147208887,Complétée,Washington DC,Japon
id_transaction_00000193,Virement,807.8580224434697,CNY,9.329378818433522,En attente,Londres,Royaume-Uni
id_transaction_00000562,Retrait,-58.88337588760771,USD,-11.205288041020687,Complétée,Tokyo,Allemagne
id_transaction_00000358,Retrait,450.1025615286398,MAD,13.458182101198641,Complétée,Johannesburg,Royaume-Uni
id_transaction_00000773,Retrait,109083.71981423361,MAD,-8.351209853339366,En attente,Pékin,France
id_transaction_00000667,Virement,193.0893102951067,JPY,10.33473769732512,Complétée,Casablanca,USA
id_transaction_00000155,Virement,20314.46424624534,USD,9.799955310018337,Complétée,Francfort,Royaume-Uni
id_transaction_00000923,Virement,8115.102675126855,USD,5.573890560373526,Complétée,Londres,USA
id_transaction_00000547,Retrait,-1431.9854151183645,JPY,-7.195383470186795,Complétée,Tokyo,Chine
id_transaction_00000728,Retrait,1211.2417373774997,GBP,-0.1183879040249689,Rejetée,Johannesburg,USA
id_transaction_00000262,Prélèvement,828.646787083106,CNY,-6.48403261476665,Complétée,Pékin,Chine
id_transaction_00000443,Carte,-296.43343949929636,GBP,-3.8446769332991044,En attente,Londres,Royaume-Uni
id_transaction_00000420,Carte,534.6595432736891,GBP,-6.61681185425024,Rejetée,Johannesburg,Maroc
id_transaction_00000566,Prélèvement,469.5668363624112,GBP,0.4176151238766499,En attente,Tokyo,Royaume-Uni
id_transaction_00000384,Retrait,-972.1706360632052,MAD,0.5975578915653914,Complétée,Francfort,UE
id_transaction_00000760,Carte,3618.1742971962512,EUR,4.1958426359488525,Complétée,New York,UE
id_transaction_00000705,Retrait,-120.03087953048498,EUR,2.79559763038702,En cours,Washington DC,France
id_transaction_00000590,Virement International,1715.0247100004417,USD,-62.424672569462516,Complétée,Paris,USA
id_transaction_00000997,Dépôt,-153.6567167868476,USD,0.8008897565633122,En attente,New York,Japon
id_transaction_00000364,Carte,21300.549602208295,JPY,16.54825982339337,Rejetée,Pékin,Chine
id_transaction_00000891,Virement,-887.2692874557057,USD,7.468014905747912,Complétée,Washington DC,Royaume-Uni
id_transaction_00000107,Virement International,121.58688936929912,JPY,-6.023712811332781,Complétée,Paris,Japon
id_transaction_00000513,Virement,-182.71297116487324,USD,-7.388621499329882,Complétée,Johannesburg,USA
id_transaction_00000068,Dépôt,-636.4886621640588,MAD,-5.380412167990756,En cours,Londres,Afrique du Sud
id_transaction_00000145,Virement,-390.4096989129472,GBP,-7.155882017242578,Rejetée,Tokyo,Royaume-Uni
id_transaction_00000451,Carte,35962.59748891096,ZAR,18.23425611574293,Complétée,Londres,Royaume-Uni
id_transaction_00000955,Carte,13775.133757911157,USD,-8.09382204988097,Complétée,Casablanca,Maroc
id_transaction_00000679,Virement,885.0131566690372,CNY,-1.9128603613547748,Complétée,Casablanca,Royaume-Uni
id_transaction_00000400,Dépôt,1598.9932747305074,USD,14.768792326085059,Complétée,New York,Maroc
id_transaction_00000397,Virement,7174.454469403359,CNY,13.481706992268574,Complétée,Tokyo,Maroc
id_transaction_00000212,Retrait,-209.06284144385245,EUR,1.1751503893893398,Complétée,Pékin,Maroc
id_transaction_00000895,Retrait,-435.7792008096412,EUR,-1.9927331490464253,Complétée,Johannesburg,Afrique du Sud
id_transaction_00000928,Carte,513.7445301939546,EUR,1.2988720347053366,Complétée,Tokyo,Afrique du Sud
id_transaction_00000891,Retrait,-27.699996667023868,USD,2.275502515853323,Complétée,Francfort,Maroc
id_transaction_00000792,Retrait,851.6429614956637,USD,-4.272366147432597,Complétée,Johannesburg,Allemagne
id_transaction_00000188,Virement,-89.35882318606775,JPY,-1.9571897585236409,Complétée,Paris,USA
id_transaction_00000127,Virement International,701.8854757011792,CNY,-1.8359559952082023,Complétée,Tokyo,Chine
id_transaction_00000402,Carte,-33.239463311153145,JPY,4.749408876855095,Rejetée,Paris,USA
id_transaction_00000156,Retrait,720.1827752067531,MAD,84.37561437712515,Complétée,New York,Maroc
id_transaction_00000516,Dépôt,975.7316053524817,EUR,2.149575098822027,Complétée,New York,Royaume-Uni
id_transaction_00000565,Retrait,-116.57127258910009,GBP,-5.347483934801489,Complétée,New York,Japon
id_transaction_00000769,Virement,678.2189376041629,CNY,-7.46344837126209,En attente,Pékin,USA
id_transaction_00000398,Retrait,-410.2215732427238,GBP,-5.249241408108735,En attente,New York,USA
id_transaction_00000089,Virement,-154.0155989418131,CNY,-10.10815162104987,Complétée,Tokyo,Royaume-Uni
id_transaction_00000267,Prélèvement,1330.2118699750336,JPY,16.77897492616904,Complétée,Londres,Maroc
id_transaction_00000785,Retrait,-980.7604307906134,USD,-13.280286857124054,Complétée,New York,Japon
id_transaction_00000663,Virement,25968.768733390134,CNY,-6.3220842741719805,En attente,Pékin,France
id_transaction_00000700,Dépôt,-47.91879249534401,USD,16.23844961527547,Complétée,Francfort,Maroc
id_transaction_00000588,Carte,873.1579679764508,CNY,1.5105579719516586,Complétée,Tokyo,Maroc
id_transaction_00000896,Carte,604.10925001624,CNY,6.823190967082283,Complétée,Pékin,Afrique du Sud
id_transaction_00000203,Retrait,-850.0511447327484,MAD,-14.871110263291516,En attente,Washington DC,Allemagne
id_transaction_00000565,Dépôt,38859.88138978093,JPY,4.916980538552162,Complétée,Londres,Chine
id_transaction_00000085,Dépôt,726.5756660154223,USD,7.777314258740018,Complétée,Pékin,Chine
id_transaction_00000661,Prélèvement,-457.4753322610985,GBP,-11.171353631183457,Complétée,Pékin,Royaume-Uni
id_transaction_00000264,Carte,-261.9500167331606,EUR,-9.35657274090287,Complétée,Tokyo,Royaume-Uni
id_transaction_00000482,Virement International,1540.5682973351636,USD,2.276146158235945,Complétée,Londres,Afrique du Sud
id_transaction_00000960,Virement,-25.534935840012565,USD,-0.9652854857945812,Complétée,Pékin,Afrique du Sud
id_transaction_00000062,Retrait,-34153.957542003074,JPY,0.08411617022472928,Complétée,New York,USA
id_transaction_00000518,Virement,-326.57923083489516,CNY,-6.4220294842560515,En attente,Paris,Japon
id_transaction_00000072,Retrait,-1002.8383995386495,USD,2.596458335116929,Complétée,Francfort,UE
id_transaction_00000535,Dépôt,-1121.1419993172854,JPY,-16.81600963707927,Complétée,New York,Royaume-Uni
id_transaction_00000073,Retrait,903.4687034240449,GBP,119.1609312709007,Rejetée,Pékin,France
id_transaction_00000932,Carte,24080.23741242262,MAD,10.163298324913212,Complétée,Francfort,Royaume-Uni
id_transaction_00000491,Retrait,865.5437126642337,GBP,11.589318213922223,Complétée,Casablanca,Chine
id_transaction_00000633,Carte,852.4265592344386,USD,5.799025153410028,Rejetée,Casablanca,Maroc
id_transaction_00000621,Virement,612.8759366643367,EUR,9.225330732655479,En attente,Casablanca,Japon
id_transaction_00000768,Carte,7121.95659352096,USD,10.198500477240149,Complétée,Casablanca,Chine
id_transaction_00000855,Carte,209.80040177318153,EUR,1.525752842804617,Complétée,Casablanca,Royaume-Uni
id_transaction_00000134,Retrait,1479.815134379659,EUR,2.666066918397815,En cours,Londres,Japon
id_transaction_00000454,Dépôt,364.5876958737222,MAD,-12.16129616009939,Complétée,Washington DC,Afrique du Sud
id_transaction_00000322,Carte,-130.76900832167564,EUR,1.6703902348648874,Complétée,Pékin,Allemagne
id_transaction_00000686,Retrait,-2444.422407454831,EUR,-10.570276329008617,Complétée,Rabat,Maroc
id_transaction_00000326,Virement,1250.75603442294,USD,-7.066395432156624,Complétée,Johannesburg,Allemagne
id_transaction_00000499,Retrait,593.531497534835,ZAR,13.225171532673816,Complétée,Tokyo,UE
id_transaction_00000060,Carte,765.9554050035455,GBP,-6.099923677239922,Complétée,Francfort,Royaume-Uni
id_transaction_00000630,Virement International,-259.86849249232296,USD,-6.532540551311681,Complétée,New York,USA
id_transaction_00000853,Retrait,502.8761609745058,GBP,1.8776578640467734,Complétée,Tokyo,Royaume-Uni
id_transaction_00000169,Carte,17.443824832361372,MAD,3.5826398528897183,Complétée,Tokyo,Allemagne
id_transaction_00000029,Retrait,-808.5115514379289,ZAR,1.2976353594228835,Complétée,Paris,Japon
id_transaction_00000955,Retrait,-63.85631892717208,USD,-2.760861831150012,Complétée,Francfort,Allemagne
id_transaction_00000855,Retrait,321.59632535753633,MAD,-3.5541263893450443,Complétée,Paris,USA
id_transaction_00000894,Virement,11300.69611294464,USD,390.78708893938153,En attente,Casablanca,France
id_transaction_00000093,Carte,-167.69357297719068,GBP,-0.8194830734621465,Complétée,Tokyo,Royaume-Uni
id_transaction_00000244,Carte,1324.264126975773,CNY,9.10949915581497,Complétée,Casablanca,Chine
id_transaction_00000240,Virement International,-221.86693298021737,GBP,5.689600812253435,En cours,Washington DC,USA
id_transaction_00000105,Virement,-601.4068175633292,JPY,-11.416402742520656,Rejetée,New York,Royaume-Uni
id_transaction_00000269,Dépôt,50.19272148484208,EUR,-7.7114729193201965,Complétée,New York,France
id_transaction_00000864,Prélèvement,274.8287566256279,EUR,0.11110405273592505,Complétée,Paris,Japon
id_transaction_00000322,Carte,739.0905537356132,ZAR,-0.16531492058777175,En attente,Paris,Maroc
id_transaction_00000802,Virement International,567.680272545381,USD,1.8658856473740393,En attente,Rabat,USA
id_transaction_00000766,Retrait,1322.9280835396303,EUR,14.179186840732132,En attente,Tokyo,USA
id_transaction_00000207,Retrait,1446.0167271042224,USD,11.4681716392207,Complétée,Paris,France
id_transaction_00000985,Prélèvement,553.9152780068903,USD,-7.307124197349045,En cours,Pékin,USA
id_transaction_00000299,Dépôt,521.3654775299598,USD,9.746107822496882,Complétée,Tokyo,USA
id_transaction_00000591,Dépôt,557.4076240899602,MAD,-3.652156456426874,Complétée,Pékin,USA
id_transaction_00000515,Carte,-532.1410917027674,CNY,1.5362630794535028,Complétée,Francfort,France
id_transaction_00000586,Prélèvement,1123.423515503674,MAD,1.2198237807159868,Complétée,New York,USA
id_transaction_00000804,Prélèvement,-206.95305876561588,USD,0.03666952956634173,Complétée,Washington DC,Royaume-Uni
id_transaction_00000497,Dépôt,1837.106997392833,CNY,20.420294141425305,Complétée,Pékin,Chine
id_transaction_00000163,Virement,-171.66264470570763,GBP,-14.307286551290598,Complétée,New York,Japon
id_transaction_00000589,Carte,-333.561077802201,EUR,-6.474436856395916,En attente,Paris,France
id_transaction_00000230,Retrait,-760.9881994915359,USD,-6.62114422641073,Complétée,New York,USA
id_transaction_00000479,Carte,-184.74297214519333,CNY,6.587797243110396,Complétée,Paris,Maroc
id_transaction_00000822,Retrait,-429.1155515894842,USD,-6.7570672668352065,En attente,Londres,Royaume-Uni
id_transaction_00000440,Dépôt,-285.72744016432637,GBP,-4.91704176523777,Complétée,Londres,Royaume-Uni
id_transaction_00000986,Virement,1939.5779753497109,GBP,8.760550279560183,Rejetée,Tokyo,USA
id_transaction_00000650,Carte,2360.1705188049905,CNY,14.949802903752289,Complétée,Johannesburg,Maroc
