id_transaction,type_transaction,montant,devise,frais,statut,ville,pays
id_transaction_00000775,Retrait,-438.7962728793224,ZAR,-3.2330057134493773,Complétée,Londres,Chine
id_transaction_00000534,Virement International,1265.6093659031692,JPY,-2.143819993116603,Rejetée,Washington DC,Royaume-Uni
id_transaction_00000078,Virement International,37680.21731769129,CNY,2.548822535253061,Complétée,Pékin,Japon
id_transaction_00000420,Retrait,96836.34147113339,JPY,9.796483299065292,En attente,Washington DC,Japon
id_transaction_00000331,Retrait,-1065.706067815353,MAD,-11.464580965801563,En attente,Londres,Chine
id_transaction_00000746,Prélèvement,394.1371857924698,JPY,26.934332994972507,En attente,Washington DC,USA
id_transaction_00000622,Carte,-26.977935526200667,EUR,2.138678526418372,Complétée,Johannesburg,UE
id_transaction_00000235,Retrait,23543.8779238718,JPY,3.0078776027011487,En attente,Londres,Royaume-Uni
id_transaction_00000712,Retrait,-7.336115053264166,GBP,-8.208512157396754,Complétée,Paris,USA
id_transaction_00000198,Dépôt,1910.9113777262833,CNY,11.661525919849009,Complétée,New York,Maroc
id_transaction_00000601,Virement International,1282.1204224836297,JPY,-1.86448571315056,En cours,Casablanca,Japon
id_transaction_00000044,Virement,517.9703327295043,GBP,0.05435879651170339,Complétée,Tokyo,Japon
id_transaction_00000465,Prélèvement,-450.0666667585052,EUR,-14.271178439113307,En cours,Casablanca,Allemagne
id_transaction_00000538,Dépôt,271.38213695238994,EUR,4.881751515596366,Complétée,Paris,France
id_transaction_00000705,Prélèvement,858.8204110440333,EUR,1.8177898524091618,Complétée,Tokyo,Royaume-Uni
id_transaction_00000508,Prélèvement,260.19820227859117,EUR,7.579365789567476,En attente,Londres,Allemagne
id_transaction_00000606,Retrait,9974.791486148868,EUR,6.407637506054838,Complétée,Londres,Royaume-Uni
id_transaction_00000874,Carte,-575.8048678658405,JPY,-5.248499803806454,Complétée,Washington DC,USA
id_transaction_00000952,Prélèvement,-82.17413483250152,USD,-7.113214715662001,Complétée,Johannesburg,Maroc
id_transaction_00000794,Prélèvement,11691.664560846133,USD,-7.350981072317201,En attente,New York,Maroc
id_transaction_00000608,Carte,-1086.37299499238,MAD,2.063958635917607,En attente,New York,UE
id_transaction_00000555,Virement International,978.898872952447,CNY,-7.117042997330535,Complétée,Paris,USA
id_transaction_00000235,Retrait,351.10488892979083,EUR,21.439271480943525,En attente,Rabat,Royaume-Uni
id_transaction_00000694,Carte,-65.65854916001967,USD,15.43439321123028,Complétée,Tokyo,Maroc
id_transaction_00000136,Retrait,7750.450260620222,MAD,5.460484402282693,Complétée,Francfort,Japon
id_transaction_00000319,Carte,497.0629939445839,MAD,2.4824386779771284,Rejetée,Washington DC,France
id_transaction_00000722,Carte,817.1810228839888,CNY,-12.279123053380225,Complétée,Tokyo,USA
id_transaction_00000831,Retrait,23864.608495594013,JPY,1.2154678576080595,En attente,Washington DC,Royaume-Uni
id_transaction_00000807,Retrait,-334.53649712490846,USD,1.2333159681776262,En attente,Londres,Royaume-Uni
id_transaction_00000850,Carte,10068.760106456724,USD,4.231114125772633,En cours,New York,France
id_transaction_00000026,Carte,1529.1512692630122,JPY,17.28446143811577,En cours,New York,Japon
id_transaction_00000387,Carte,1370.7765210695507,CNY,1.825815213561417,En cours,Tokyo,USA
id_transaction_00000390,Retrait,-274.97065306241484,MAD,-8.340232105329651,Complétée,Paris,Maroc
id_transaction_00000117,Retrait,4224.323640544523,EUR,5.392504326304023,Complétée,Francfort,Japon
id_transaction_00000948,Retrait,-862.5090123456947,USD,-5.876757905827881,Complétée,Paris,Chine
id_transaction_00000474,Dépôt,276.84925425474046,CNY,7.551429355066944,Complétée,Tokyo,Maroc
id_transaction_00000681,Dépôt,1351.5557387137105,CNY,12.296369267641099,Complétée,New York,Afrique du Sud
id_transaction_00000592,Virement,9548.929411216486,CNY,-8.158234392206008,Complétée,Pékin,France
id_transaction_00000249,Retrait,-389.42947952690076,MAD,-3.281376352981689,Complétée,New York,Maroc
id_transaction_00000945,Carte,1377.5737852592883,EUR,16.123302519162607,Complétée,Londres,Maroc
id_transaction_00000933,Prélèvement,3879.2881260494482,MAD,1.113042031241255,Complétée,Pékin,Japon
id_transaction_00000549,Dépôt,504.47477077855524,USD,-1.9022058125173373,Complétée,New York,Maroc
id_transaction_00000223,Carte,25353.486509199178,EUR,5.75328031924598,Complétée,Londres,Japon
id_transaction_00000622,Retrait,2097.5451185573393,JPY,-0.6641816119686652,Complétée,Pékin,Afrique du Sud
id_transaction_00000681,Retrait,318.8960671457753,EUR,-2.0820578840042456,En attente,Paris,Japon
id_transaction_00000951,Carte,315.92431502895,GBP,5.260522305573307,Complétée,Francfort,Royaume-Uni
id_transaction_00000505,Dépôt,4736.268121438667,JPY,6.01042816610961,Complétée,Londres,Royaume-Uni
id_transaction_00000573,Carte,11011.17484929695,USD,7.0986900754749565,Complétée,Pékin,Maroc
id_transaction_00000580,Retrait,339.768145788003,EUR,-2.979908692180465,En attente,Pékin,Maroc
id_transaction_00000560,Dépôt,658.8156880212115,USD,1.980209211952579,Complétée,Tokyo,Allemagne
id_transaction_00000447,Retrait,-552.9677149064806,MAD,-14.149775810493903,Complétée,Paris,USA
id_transaction_00000981,Virement,388.0253599829019,JPY,-0.45591857944456216,Complétée,Paris,USA
id_transaction_00000401,Carte,309.426287349082,GBP,-2.8248828268804003,Complétée,Francfort,Maroc
id_transaction_00000130,Prélèvement,-527.379274029742,USD,256.63804389249793,Complétée,Francfort,USA
id_transaction_00000245,Prélèvement,982.4088805588913,GBP,9.823065303546183,Complétée,Londres,USA
id_transaction_00000813,Retrait,665.4517949424518,EUR,5.699742031862886,En attente,Tokyo,Allemagne
id_transaction_00000535,Virement International,756.1073202149485,EUR,15.26354662117621,Complétée,Tokyo,Chine
id_transaction_00000724,Virement,4451.178334932234,USD,-15.137987595315185,Complétée,Pékin,USA
id_transaction_00000467,Retrait,-190.96695104757475,JPY,-14.326572271821817,Complétée,Casablanca,Chine
id_transaction_00000100,Virement International,5943.662968337536,GBP,6.876390678278216,Complétée,Washington DC,Afrique du Sud
id_transaction_00000538,Carte,854.4513469406636,USD,-7.620829832389874,Complétée,Casablanca,USA
id_transaction_00000831,Prélèvement,219.00030381516868,USD,-10.979470533144,Complétée,Pékin,Afrique du Sud
id_transaction_00000158,Virement,726.0315749649294,JPY,0.6139488498977723,Complétée,Paris,Royaume-Uni
id_transaction_00000832,Prélèvement,316.41613764780186,GBP,-5.206388705452588,Complétée,New York,Royaume-Uni
id_transaction_00000381,Retrait,1861.1049818780589,GBP,-7.087038088127422,Complétée,Tokyo,USA
id_transaction_00000763,Dépôt,1880.8705684211309,GBP,-0.512673356264556,En attente,Londres,Royaume-Uni
id_transaction_00000760,Dépôt,3346.130982078862,JPY,-10.366802156158098,Complétée,New York,Japon
id_transaction_00000268,Virement International,-42.00252087910451,GBP,-7.326556205125598,Complétée,Casablanca,France
id_transaction_00000375,Virement,455.31911700656974,USD,4.491112138360165,Complétée,Tokyo,Royaume-Uni
id_transaction_00000055,Dépôt,13000.67074077705,EUR,6.261965814007779,Complétée,New York,France
id_transaction_00000749,Retrait,1343.3922245408735,ZAR,-0.7633536494592112,Complétée,Pékin,Royaume-Uni
id_transaction_00000219,Dépôt,14543.034490986265,USD,-2.328811181984725,En cours,Tokyo,Maroc
id_transaction_00000929,Carte,47519.08082487986,EUR,8.499819995359648,Complétée,Casablanca,France
id_transaction_00000031,Prélèvement,1180.9800685365442,USD,15.508471463684376,Rejetée,Washington DC,Afrique du Sud
id_transaction_00000194,Dépôt,167.88137121345306,JPY,-3.1647039572092686,Complétée,Londres,Royaume-Uni
id_transaction_00000025,Virement International,1809.9324452640658,ZAR,403.99386142993586,Complétée,Johannesburg,France
id_transaction_00000516,Retrait,-1537.9095116544058,CNY,-5.97166020665644,Complétée,Tokyo,UE
id_transaction_00000912,Virement,-1411.361106307676,EUR,-18.725766988618645,Complétée,Washington DC,Royaume-Uni
id_transaction_00000933,Virement,-506.1168515270748,CNY,-5.470696478785649,En attente,Tokyo,Maroc
id_transaction_00000436,Dépôt,318.83382116312134,EUR,-0.8172342085238764,Complétée,Rabat,USA
id_transaction_00000611,Carte,-155.16107212136058,GBP,-10.152638859674965,En attente,Washington DC,France
id_transaction_00000902,Carte,72668.52619455883,CNY,1.7569572540945968,En attente,Pékin,France
id_transaction_00000842,Dépôt,-193.9322675956089,MAD,12.392790855121358,En cours,New York,Japon
id_transaction_00000118,Dépôt,551.9134290109514,USD,-6.1068456514505405,En attente,Pékin,Chine
id_transaction_00000014,Carte,464.8464603652594,CNY,9.736435899359966,Complétée,Paris,Maroc
id_transaction_00000075,Carte,426.8904639543793,USD,0.4243461850878294,Complétée,Londres,France
id_transaction_00000776,Dépôt,-853.2247608035815,GBP,-14.287838479547261,Complétée,New York,USA
id_transaction_00000006,Prélèvement,-1073.500175669251,GBP,-15.360565094125281,En attente,Rabat,France
id_transaction_00000416,Prélèvement,-332.93869539603816,JPY,1.651390382748839,En attente,Johannesburg,Japon
id_transaction_00000309,Carte,-511.44159275716095,GBP,-9.316090165510094,Complétée,Londres,Japon
id_transaction_00000553,Retrait,2067.7017930930533,MAD,-0.17028968242091302,Complétée,New York,USA
id_transaction_00000216,Virement International,1106.1463842983871,USD,-0.6780801785445956,Complétée,Paris,USA
id_transaction_00000545,Carte,64.00958767554442,EUR,8.025891251894926,En cours,Pékin,Japon
id_transaction_00000174,Retrait,925.8165208941457,GBP,-0.5669658063673815,En cours,Washington DC,Royaume-Uni
id_transaction_00000973,Dépôt,640.0578146962242,EUR,-0.5744043981696558,En attente,Washington DC,Maroc
id_transaction_00000647,Virement,2931.914302080744,USD,-5.115214469494956,Complétée,Pékin,Japon
id_transaction_00000598,Carte,558.4495281609314,GBP,0.7227281706907771,Complétée,Londres,Royaume-Uni
id_transaction_00000539,Prélèvement,1095.3219317874714,USD,7.562714768645309,Complétée,New York,France
id_transaction_00000216,Virement International,246.64168145874638,EUR,3.5551824546817405,En attente,Londres,Maroc
id_transaction_00000124,Prélèvement,428.78590348168143,MAD,-1.6703893271359815,Complétée,Pékin,Maroc
id_transaction_00000193,Virement International,1595.0549776016237,CNY,148.5492183880163,Complétée,Londres,USA
id_transaction_00000889,Retrait,-860.7562150232012,ZAR,-8.082229972901935,Complétée,Francfort,UE
id_transaction_00000133,Dépôt,934.8659177243428,ZAR,0.09384722127223188,Rejetée,Tokyo,USA
id_transaction_00000488,Retrait,734.0914426088136,CNY,10.362443633191159,Complétée,Pékin,Chine
id_transaction_00000296,Dépôt,587.2037753280304,EUR,1.738546927290463,En cours,Londres,Royaume-Uni
id_transaction_00000224,Dépôt,-1614.2308723415663,EUR,-9.327608082058902,Complétée,Paris,Maroc
id_transaction_00000590,Carte,1549.8695813600925,MAD,1.4329370557022059,Complétée,Francfort,Royaume-Uni
id_transaction_00000766,Prélèvement,-945.4665142270705,USD,-15.585525748382441,Complétée,Pékin,Maroc
id_transaction_00000013,Carte,6839.6459600799135,GBP,-9.594809114338837,Complétée,New York,Maroc
id_transaction_00000801,Virement,823.4825770035584,CNY,-0.6607997961334648,Rejetée,Pékin,Japon
id_transaction_00000051,Virement,804.1015857788321,CNY,6.6359190944426505,En attente,Londres,Royaume-Uni
id_transaction_00000855,Prélèvement,1019.5572288124924,CNY,1.26702113209033,Complétée,Pékin,Chine
id_transaction_00000249,Carte,4309.618361795166,CNY,0.9193349874853753,En attente,Casablanca,USA
id_transaction_00000663,Virement,8831.809830560063,USD,-6.884964946107428,Complétée,Washington DC,Royaume-Uni
id_transaction_00000641,Retrait,14778.44081696508,USD,-4.484033043487375,En cours,Pékin,Afrique du Sud
id_transaction_00000750,Retrait,5240.581453501038,MAD,-1.1235528634131988,Complétée,Londres,USA
id_transaction_00000043,Carte,-663.4718311222783,EUR,-2.662377280891042,Rejetée,Washington DC,Afrique du Sud
id_transaction_00000136,Carte,1154.8868468054477,GBP,-1.5629919959819585,Complétée,Pékin,Royaume-Uni
id_transaction_00000546,Virement,179.82510946158726,CNY,-7.541960214842256,Complétée,New York,Afrique du Sud
id_transaction_00000833,Virement International,-972.0529900870324,USD,-14.313540079461188,Complétée,Washington DC,Royaume-Uni
id_transaction_00000110,Carte,888.176591960369,EUR,-1.409153699733519,Complétée,Pékin,France
id_transaction_00000505,Virement,557.0836972349551,EUR,9.618038772500753,Complétée,Johannesburg,Maroc
id_transaction_00000121,Carte,8559.27863526799,JPY,11.771954809130602,Complétée,Londres,Royaume-Uni
id_transaction_00000776,Virement International,809.203201484032,USD,2.3907052322888576,Complétée,Londres,USA
id_transaction_00000719,Carte,18262.169845448174,CNY,17.14903547300742,Complétée,Francfort,Maroc
id_transaction_00000238,Dépôt,211.37834517549626,ZAR,-11.881065941962753,En attente,Casablanca,USA
id_transaction_00000799,Retrait,-1096.09666238124,EUR,-6.129387415735963,Complétée,Francfort,UE
id_transaction_00000810,Virement,1325.1404619957939,USD,7.608399096917802,En attente,Washington DC,USA
id_transaction_00000895,Retrait,2056.386123137124,JPY,7.046798819842762,Rejetée,Pékin,Chine
id_transaction_00000629,Carte,2470.143052973297,GBP,0.7652722056102998,Complétée,Johannesburg,Maroc
id_transaction_00000659,Dépôt,1496.4676379878665,USD,0.8489512272750099,Complétée,Pékin,Japon
id_transaction_00000918,Retrait,1038.6925264726015,JPY,-1.9982180143793782,Complétée,Paris,Japon
id_transaction_00000553,Dépôt,33062.374510130416,ZAR,0.019720363671297925,En attente,Londres,Maroc
id_transaction_00000295,Carte,139.61240464339727,ZAR,10.609877403227381,Complétée,Tokyo,Japon
id_transaction_00000928,Dépôt,129551.05774917206,JPY,2.5590832320759085,Complétée,Pékin,France
id_transaction_00000203,Dépôt,1024.7443940336532,JPY,4.408047257758282,Complétée,Londres,Maroc
id_transaction_00000581,Dépôt,1265.3869371616706,USD,3.9077925010950523,En cours,Washington DC,Japon
id_transaction_00000934,Retrait,888.0328223213289,MAD,8.170909718328092,Complétée,Tokyo,Chine
id_transaction_00000970,Dépôt,295.79301390354874,USD,-11.600729494020655,En cours,Casablanca,Chine
id_transaction_00000497,Dépôt,-605.8118444664907,ZAR,398.8693137305819,Complétée,Londres,USA
id_transaction_00000329,Virement International,3216.3558115887963,JPY,-14.523863068260074,Complétée,Tokyo,Maroc
id_transaction_00000028,Dépôt,-119.32763154113547,USD,-5.6579215000724,Rejetée,New York,UE
id_transaction_00000721,Retrait,-61.13023134232287,GBP,-12.59221235511578,En attente,New York,Afrique du Sud
id_transaction_00000736,Retrait,284.125608334006,GBP,3.639244179242307,Complétée,Francfort,Maroc
id_transaction_00000967,Prélèvement,434.6608797949464,USD,0.6135670238988951,Complétée,Londres,France
id_transaction_00000464,Dépôt,6705.569348131376,USD,-0.8702183283339604,Complétée,Casablanca,Maroc
id_transaction_00000006,Retrait,-714.1949520494687,CNY,1.34825085522156,Complétée,Francfort,Afrique du Sud
id_transaction_00000209,Retrait,-793.4509656099827,MAD,3.5152572099546493,Complétée,Casablanca,Japon
id_transaction_00000198,Retrait,1418.4936284407436,GBP,16.25603766325525,Complétée,Pékin,Chine
id_transaction_00000858,Retrait,789.1218268238842,USD,-0.5006222863524847,Complétée,Casablanca,UE
id_transaction_00000312,Virement International,-736.696177995476,MAD,-7.220401591541052,Complétée,Pékin,Maroc
id_transaction_00000339,Virement International,23262.799273717857,JPY,7.521785476877206,En attente,Francfort,UE
id_transaction_00000948,Prélèvement,1713.7061174500773,EUR,6.7702354090595165,Rejetée,Washington DC,Maroc
id_transaction_00000665,Retrait,408.8956386013774,USD,3.190151287831199,Rejetée,Pékin,Japon
id_transaction_00000960,Dépôt,19126.09428456063,USD,5.295440079035523,En cours,Washington DC,Royaume-Uni
id_transaction_00000992,Carte,736.2314966542365,GBP,3.161500558105733,Complétée,Francfort,USA
id_transaction_00000589,Retrait,-1630.8532929279163,GBP,-17.399179199689964,Complétée,Londres,Royaume-Uni
id_transaction_00000883,Dépôt,988.6700986623381,GBP,11.52248112617912,Complétée,Tokyo,USA
id_transaction_00000672,Carte,3199.515411780403,JPY,61.90521464501635,En attente,Washington DC,Japon
id_transaction_00000945,Retrait,513.0767842859742,JPY,-3.2964239051421673,Complétée,New York,Maroc
id_transaction_00000286,Retrait,896.0534571894545,USD,14.718174825950431,Complétée,Pékin,USA
id_transaction_00000738,Carte,925.2967979071359,JPY,13.539906394226055,Complétée,Johannesburg,Maroc
id_transaction_00000545,Retrait,-233.92399530435864,USD,-2.666718171479328,Rejetée,Londres,Maroc
id_transaction_00000088,Dépôt,13.305241189639503,USD,-14.572714748420893,Complétée,Washington DC,Royaume-Uni
id_transaction_00000659,Retrait,-761.8894652708892,USD,-0.6766455750868721,Complétée,Pékin,Royaume-Uni
id_transaction_00000823,Retrait,74.25311639187856,USD,7.4995431102746295,Complétée,Pékin,France
id_transaction_00000071,Carte,1056.8324303528825,USD,12.382237024165516,Complétée,Paris,USA
id_transaction_00000624,Carte,147.39452668682003,USD,-0.5378843949542054,Complétée,Paris,France
id_transaction_00000733,Dépôt,589.2933706431115,MAD,15.221824363997055,Complétée,Casablanca,Afrique du Sud
id_transaction_00000071,Prélèvement,153887.92034109752,MAD,4.113300824394972,En attente,Washington DC,Maroc
id_transaction_00000276,Virement International,274.27922679369055,USD,10.045537073634808,Complétée,New York,Japon
id_transaction_00000477,Retrait,1247.939248867097,CNY,99.51088971024627,Complétée,Paris,Japon
id_transaction_00000399,Dépôt,80.9672049872832,CNY,-2.8056612450996488,Complétée,Tokyo,UE
id_transaction_00000274,Dépôt,-24.549374447992022,CNY,2.504273913839433,Complétée,Rabat,Royaume-Uni
id_transaction_00000609,Virement,1282.0846542697163,GBP,19.498226445191687,Complétée,Pékin,France
id_transaction_00000591,Dépôt,-872.0512285820904,GBP,-6.344626038457403,En cours,Francfort,USA
id_transaction_00000533,Carte,-4035.1645545807824,MAD,-10.151330028298236,Complétée,Pékin,Maroc
id_transaction_00000772,Carte,246.35536155159477,JPY,0.7372926778867965,En cours,Francfort,UE
id_transaction_00000194,Retrait,399.7284321521136,USD,1.6778218114913295,En attente,Tokyo,Royaume-Uni
id_transaction_00000635,Retrait,1354.2652970481909,USD,4.0315785357035105,Complétée,New York,Maroc
id_transaction_00000751,Retrait,-1331.790456337329,GBP,-12.663330203368606,Complétée,Paris,Royaume-Uni
id_transaction_00000282,Virement,3545.3153568827256,USD,12.042568724452995,Complétée,Rabat,Royaume-Uni
id_transaction_00000675,Carte,1162.6878787758149,ZAR,6.691610946853041,Complétée,Londres,Japon
id_transaction_00000760,Virement International,562.7041455928356,USD,15.219602557594136,En attente,Tokyo,USA
id_transaction_00000257,Carte,1633.9975043689233,ZAR,21.427303590973466,En cours,Rabat,Chine
id_transaction_00000999,Dépôt,698.32442871157,ZAR,8.914073393980154,Complétée,Casablanca,USA
id_transaction_00000062,Retrait,5073.002974097626,USD,4.446326065771711,Complétée,Tokyo,Japon
id_transaction_00000322,Carte,502.076969783659,USD,585.3505977540899,Complétée,Francfort,Royaume-Uni
id_transaction_00000988,Virement International,7079.1066975214235,EUR,-6.930744981421635,Complétée,Paris,USA
id_transaction_00000232,Virement,860.4839813826854,GBP,23.72023986815779,Complétée,Johannesburg,USA
id_transaction_00000050,Dépôt,385.3572021947203,JPY,10.883190156909293,Complétée,New York,Japon
id_transaction_00000746,Retrait,97.78805920404909,MAD,4.931638560547446,Complétée,Londres,Royaume-Uni
id_transaction_00000060,Prélèvement,3572.646789371237,GBP,-3.1615180652133867,Complétée,Tokyo,Maroc
id_transaction_00000292,Carte,-24.39844342413153,CNY,-9.902787359396509,Complétée,Pékin,France
id_transaction_00000114,Retrait,-186.05571204802914,GBP,1.5959151238922744,Complétée,Tokyo,Japon
id_transaction_00000536,Carte,895.468313984357,JPY,-0.5672058255976467,Complétée,Tokyo,USA
id_transaction_00000388,Retrait,418.5129114733402,JPY,-7.683847156892242,Complétée,Pékin,Japon
id_transaction_00000367,Retrait,766.6745822353465,MAD,9.454697668961359,Complétée,Pékin,Royaume-Uni
id_transaction_00000176,Dépôt,246.58386393408682,EUR,-3.6916248378278818,Complétée,Tokyo,Japon
id_transaction_00000130,Dépôt,-508.38302336571064,GBP,-11.885589728206668,Complétée,Pékin,Maroc
id_transaction_00000006,Retrait,-1345.800447657049,JPY,-6.831437150170335,Complétée,Londres,UE
id_transaction_00000836,Carte,1604.8792362693725,JPY,10.627421856900202,Complétée,Pékin,Chine
id_transaction_00000773,Carte,-142.62543574028496,JPY,-2.5460010257555457,Complétée,New York,France
id_transaction_00000103,Dépôt,2187.4122133753617,USD,12.820550221013175,Complétée,New York,Royaume-Uni
id_transaction_00000993,Dépôt,3186.889234109097,GBP,5.079672863598057,Complétée,Tokyo,Chine
id_transaction_00000020,Virement,65248.696428357405,CNY,0.06349055110952406,Complétée,Washington DC,Allemagne
id_transaction_00000479,Retrait,787.5546835640823,USD,10.973719497774333,En attente,Paris,UE
id_transaction_00000156,Prélèvement,-1620.7884891505832,EUR,-19.02996104739873,En attente,Pékin,USA
id_transaction_00000920,Retrait,881.1305635009984,GBP,10.285963685182447,Complétée,Paris,Japon
id_transaction_00000138,Virement,65.62535093174779,USD,3.6143365469074094,En attente,Londres,Afrique du Sud
id_transaction_00000128,Virement International,-546.8078400757876,USD,-11.208396766082412,Complétée,Tokyo,Maroc
id_transaction_00000211,Virement International,1470.7849765130063,USD,10.097251947703217,Complétée,New York,Japon
id_transaction_00000893,Carte,1571.8492262300556,GBP,12.417469742615722,En attente,Paris,Royaume-Uni
id_transaction_00000955,Carte,1844.1364578916464,EUR,4.800186943090137,En attente,Londres,France
id_transaction_00000870,Virement,-97.09915758130956,USD,-1.3817358871605956,En cours,New York,Japon
id_transaction_00000480,Prélèvement,518.4981171132104,EUR,10.816865678085941,Complétée,Pékin,France
id_transaction_00000409,Carte,37250.17464467755,CNY,10.547629242646638,En cours,Washington DC,Allemagne
id_transaction_00000145,Prélèvement,-68.01309635835628,USD,5.576700545425139,En attente,Washington DC,France
id_transaction_00000240,Virement International,-1322.6786973939134,MAD,-18.65262876972609,Complétée,Paris,Maroc
id_transaction_00000797,Prélèvement,-1373.9205364890522,USD,-12.04283188798578,Complétée,Johannesburg,USA
id_transaction_00000951,Retrait,-348.92871284308933,CNY,9.719734268955008,En attente,Casablanca,USA
id_transaction_00000852,Retrait,6994.281171650002,EUR,10.726326816625129,En cours,Pékin,Allemagne
id_transaction_00000627,Carte,1331.4417700750837,MAD,7.430940703641703,Complétée,Paris,USA
id_transaction_00000935,Prélèvement,-776.7404741398253,MAD,-8.716697507703003,Complétée,New York,UE
id_transaction_00000601,Prélèvement,281.18508566152525,USD,8.49735340942858,Complétée,Washington DC,Afrique du Sud
id_transaction_00000895,Carte,742.367448588611,CNY,-6.286250756020128,Complétée,Londres,Royaume-Uni
id_transaction_00000970,Carte,211.1216808116751,MAD,-8.603840365415426,Complétée,Pékin,Japon
id_transaction_00000351,Virement,303.3272068689847,USD,4.344586098113519,Complétée,Washington DC,Japon
id_transaction_00000728,Carte,4232.977436190974,MAD,2.173719580243158,Complétée,Washington DC,France
id_transaction_00000032,Carte,79.85935811068316,JPY,12.282166543084436,Complétée,New York,Japon
id_transaction_00000741,Carte,-579.448193360506,USD,-11.046382282401321,En cours,Francfort,Maroc
id_transaction_00000281,Prélèvement,673.0810504526032,EUR,1.254447431578746,Complétée,New York,Allemagne
id_transaction_00000133,Carte,290.0060343159561,JPY,0.9304986376546491,Complétée,Pékin,Japon
id_transaction_00000187,Virement,-205.46101327095607,USD,-3.3660966271735218,Complétée,Casablanca,USA
id_transaction_00000134,Retrait,19435.357818769422,EUR,1.7674867824770213,Complétée,New York,USA
id_transaction_00000934,Carte,2882.1488865360216,EUR,19.8547958067364,Complétée,Tokyo,Japon
id_transaction_00000657,Carte,3.49708596018894,GBP,-4.42410239635126,Rejetée,Francfort,Maroc
id_transaction_00000267,Virement International,-436.41257690925795,CNY,6.4522624175056436,En attente,Washington DC,USA
id_transaction_00000989,Retrait,476.04705372661897,EUR,11.475332129409619,Complétée,Francfort,Japon
id_transaction_00000043,Retrait,979.7498777302231,GBP,2.1901110396595276,En attente,Washington DC,Maroc
id_transaction_00000240,Virement International,7241.158728056548,USD,14.458257550520472,Complétée,Casablanca,Japon
id_transaction_00000449,Virement,1081.0449950098027,USD,146.67627193969253,Complétée,Tokyo,Maroc
id_transaction_00000207,Virement International,-163.11454481292867,USD,-10.960222894995873,Complétée,Paris,Maroc
id_transaction_00000045,Prélèvement,447.4106146664701,GBP,-9.781343641890086,Complétée,Tokyo,Royaume-Uni
id_transaction_00000463,Virement,4323.742695333645,USD,17.873688103973752,Complétée,New York,Allemagne
id_transaction_00000390,Prélèvement,1051.8042865849197,JPY,-3.7595347463893534,Complétée,Pékin,Japon
id_transaction_00000827,Dépôt,41.112550055012036,JPY,13.499306064096093,Complétée,Londres,Maroc
id_transaction_00000362,Retrait,1236.5684407596777,JPY,0.829352830335262,Complétée,New York,Japon
id_transaction_00000867,Dépôt,208.3046207453587,USD,-2.6998062504607754,Complétée,Londres,Maroc
id_transaction_00000392,Carte,12283.507198232295,USD,-6.7723553393099385,En attente,Londres,Royaume-Uni
id_transaction_00000513,Retrait,-903.5665863768285,EUR,-11.76125876476123,Complétée,Francfort,Japon
id_transaction_00000217,Prélèvement,9.655141412035732,GBP,-10.168400957602373,Complétée,Johannesburg,Afrique du Sud
id_transaction_00000467,Prélèvement,107.47687092322474,JPY,-11.685136089635979,Complétée,Johannesburg,Chine
id_transaction_00000809,Virement International,4356.983995081828,JPY,-11.660963798053512,En attente,Paris,USA
id_transaction_00000835,Dépôt,-625.27708514509,EUR,-12.919566515822517,Complétée,Rabat,Chine
id_transaction_00000474,Carte,31.377634501669206,EUR,-3.94552609889758,En cours,Francfort,USA
id_transaction_00000278,Retrait,-265.53845118093375,EUR,-11.254851260444504,Complétée,Washington DC,UE
id_transaction_00000850,Prélèvement,57.856100025907324,JPY,4.353079095897601,Complétée,New York,Maroc
id_transaction_00000379,Carte,1141.9572568388814,CNY,-1.731815208892372,Complétée,Pékin,Chine
id_transaction_00000527,Virement International,1323.7156036087295,EUR,-4.206341316834087,En cours,New York,USA
id_transaction_00000955,Retrait,1510.4502224943285,GBP,-6.623423156388282,Complétée,Tokyo,USA
id_transaction_00000048,Prélèvement,167.22527223335265,EUR,-0.666915025123358,Complétée,Francfort,Royaume-Uni
id_transaction_00000265,Virement International,6009.003442520157,ZAR,-0.9837273808899605,Complétée,Johannesburg,USA
id_transaction_00000676,Carte,143.9165517611259,MAD,-2.2025054465424683,Complétée,Paris,Afrique du Sud
id_transaction_00000884,Virement International,1304.4496203531976,JPY,-3.0592683698683745,En attente,Washington DC,Japon
id_transaction_00000378,Retrait,31015.073364208278,GBP,12.522700887689501,En attente,Paris,USA
id_transaction_00000831,Prélèvement,118226.07052630692,CNY,20.08272275053831,Complétée,New York,Maroc
id_transaction_00000404,Prélèvement,63.1357051765317,EUR,-2.2410373019698513,Complétée,Johannesburg,Afrique du Sud
id_transaction_00000806,Prélèvement,-1392.9344373530785,JPY,-8.682578698958181,Complétée,Johannesburg,Maroc
id_transaction_00000872,Carte,2699.7122895332345,JPY,12.650482816560487,Complétée,Londres,Royaume-Uni
id_transaction_00000640,Virement,1742.9473291074069,EUR,-6.810027835697853,Rejetée,Washington DC,USA
id_transaction_00000540,Dépôt,61.7597128261483,CNY,11.237647950528457,Complétée,Tokyo,Royaume-Uni
id_transaction_00000903,Dépôt,6484.459304395699,GBP,9.947072566735358,Complétée,Johannesburg,Royaume-Uni
id_transaction_00000507,Retrait,2150.642527681048,USD,-17.498834783228958,Complétée,New York,Japon
id_transaction_00000002,Carte,-190.66667611757066,GBP,68.61398954851677,Rejetée,Pékin,Chine
id_transaction_00000939,Virement,1174.9387243021736,EUR,-8.006620407780424,Complétée,New York,Afrique du Sud
id_transaction_00000164,Carte,-685.6289660033076,GBP,-13.172433539540922,En attente,Londres,Royaume-Uni
id_transaction_00000136,Prélèvement,-1064.8847924621282,USD,0.2693308425515122,En attente,Tokyo,USA
id_transaction_00000743,Dépôt,84.26388074646013,CNY,10.252995365274138,Complétée,New York,Maroc
id_transaction_00000004,Carte,671.1584121793046,EUR,-13.445568408407084,En cours,Pékin,Chine
id_transaction_00000275,Retrait,596.5721537866876,GBP,2.130335227475713,Complétée,Paris,Japon
id_transaction_00000278,Dépôt,7612.247713975545,GBP,8.634692262661229,Complétée,Francfort,Royaume-Uni
id_transaction_00000130,Virement International,-306.0214885985415,JPY,-2.2065291509663325,Complétée,Londres,France
id_transaction_00000203,Retrait,-423.6357373453983,USD,2.7968804053963714,Complétée,Londres,Japon
id_transaction_00000552,Dépôt,-41.11590272816818,EUR,-6.042433309125504,Complétée,New York,France
id_transaction_00000414,Retrait,-649.5352343194189,USD,-16.679243773386926,Complétée,New York,Royaume-Uni
id_transaction_00000769,Carte,992.2159822227113,JPY,-0.9419545142280139,En attente,Pékin,France
id_transaction_00000457,Virement International,120.56002420645035,ZAR,-5.61715030030252,Complétée,Paris,Afrique du Sud
id_transaction_00000785,Dépôt,4411.843697874952,MAD,-14.50983872960315,Complétée,Pékin,France
id_transaction_00000540,Carte,660.8691667306855,GBP,-0.5760705024298485,Complétée,Tokyo,Maroc
id_transaction_00000578,Carte,-371.1918192541457,MAD,2.972842812426213,Complétée,Tokyo,Allemagne
id_transaction_00000807,Dépôt,20075.960111104505,CNY,19.36800974922287,Rejetée,Pékin,Maroc
id_transaction_00000837,Virement International,16.417501612147703,JPY,7.312420184850438,En attente,New York,Chine
id_transaction_00000886,Dépôt,9772.603115730193,EUR,-0.37791032527236457,Complétée,Paris,USA
id_transaction_00000972,Retrait,468.73673508627263,JPY,-1.398876968223055,Complétée,Washington DC,Royaume-Uni
id_transaction_00000993,Retrait,713.6088949130728,GBP,13.48617265276988,En attente,Paris,USA
id_transaction_00000148,Dépôt,167541.10085591103,CNY,4.260917536577059,Complétée,Londres,USA
id_transaction_00000408,Retrait,211.45650104550765,CNY,-4.866283961586494,Complétée,Paris,USA
id_transaction_00000418,Prélèvement,630.7668235162564,USD,-4.663415098193512,Complétée,Tokyo,Maroc
id_transaction_00000726,Carte,1476.4447157119275,USD,15.608381597889284,Complétée,New York,France
id_transaction_00000576,Carte,263.7747139883933,GBP,-14.402077611473818,En cours,Tokyo,USA
id_transaction_00000817,Dépôt,-88.27478307522154,EUR,0.12106460024994359,Complétée,Tokyo,Royaume-Uni
id_transaction_00000961,Carte,436.3966301183038,USD,9.529706183839227,Complétée,Francfort,USA
id_transaction_00000554,Retrait,1369.2820653710548,CNY,10.721733379706876,Complétée,Pékin,Japon
id_transaction_00000740,Retrait,413.20644629086627,CNY,125.84116224190399,Complétée,New York,Maroc
id_transaction_00000873,Carte,926.9923815714441,JPY,1.5412343336987275,Complétée,Londres,USA
id_transaction_00000799,Retrait,5560.592774827977,GBP,-0.4515491270689589,Complétée,Londres,Royaume-Uni
id_transaction_00000485,Carte,-492.65368032611684,GBP,-7.81668251778249,En attente,Washington DC,Royaume-Uni
id_transaction_00000702,Retrait,14594.094372332938,USD,0.5218185456909836,Complétée,Tokyo,USA
id_transaction_00000455,Retrait,90.4694335992499,USD,-5.517883557938238,En cours,New York,USA
id_transaction_00000319,Virement International,426.1389346827754,USD,6.200376829413286,Rejetée,Pékin,Maroc
id_transaction_00000729,Carte,87.35612800165984,USD,-6.3129495130702304,Complétée,Rabat,Maroc
id_transaction_00000937,Carte,867.5255968805993,USD,4.237139347551176,Complétée,Tokyo,Japon
id_transaction_00000185,Virement,1096.5056119227897,ZAR,12.749469954059451,Complétée,Tokyo,USA
id_transaction_00000895,Prélèvement,5006.70264358914,JPY,13.844905694974898,En cours,New York,Japon
id_transaction_00000340,Virement,34045.66452749292,EUR,4.147423015456711,Complétée,Rabat,Maroc
id_transaction_00000472,Virement,1039.81756067277,JPY,-9.115034223985795,Complétée,Pékin,Royaume-Uni
id_transaction_00000942,Prélèvement,-330.62281967573097,ZAR,-5.327791334071992,Complétée,Casablanca,Royaume-Uni
id_transaction_00000735,Prélèvement,515.7545954273426,MAD,2.986606587409364,Complétée,Rabat,France
id_transaction_00000423,Retrait,-509.1941566496225,GBP,1.662604141316916,Complétée,Francfort,Royaume-Uni
id_transaction_00000503,Prélèvement,-668.8917994153798,ZAR,-9.000127648187185,En attente,Londres,Afrique du Sud
id_transaction_00000551,Dépôt,1471.5931678226136,EUR,17.978203200028638,En cours,Francfort,Royaume-Uni
id_transaction_00000967,Virement,4288.851069949753,USD,7.085859945232499,En cours,Johannesburg,Royaume-Uni
id_transaction_00000067,Retrait,-327.01077201314513,GBP,-10.65149502829211,Rejetée,New York,Royaume-Uni
id_transaction_00000102,Virement,-148.66368315959824,CNY,-5.339778265233595,En attente,Tokyo,Afrique du Sud
id_transaction_00000354,Virement International,-1374.7751783786885,GBP,-9.711744078120983,En attente,New York,Royaume-Uni
id_transaction_00000071,Virement,-2691.9857758963863,CNY,-12.756369473929677,Complétée,Tokyo,Japon
id_transaction_00000812,Retrait,911.3649624574273,EUR,-0.3593140963086725,Complétée,Pékin,Allemagne
id_transaction_00000148,Retrait,493.83218357065925,MAD,-6.840756310179677,Complétée,Washington DC,Maroc
id_transaction_00000711,Retrait,3262.219375891052,USD,1.8646294298160533,Complétée,New York,USA
id_transaction_00000020,Retrait,1101.6366473710348,USD,-3.3419483876224794,Complétée,New York,Allemagne
id_transaction_00000823,Carte,-974.4887609363481,MAD,-2.6418168026942803,Complétée,New York,Afrique du Sud
id_transaction_00000116,Retrait,-549.8174023689545,MAD,-7.34473055065054,Complétée,Francfort,Royaume-Uni
id_transaction_00000452,Retrait,5828.00935330111,MAD,-11.560967477402663,Complétée,Paris,Afrique du Sud
id_transaction_00000156,Virement,-285.5088824416497,JPY,-13.972586499319377,En cours,Francfort,Japon
id_transaction_00000446,Prélèvement,567.9461147629655,USD,356.98442920403,Complétée,New York,USA
id_transaction_00000699,Carte,-196.78687300534057,GBP,-3.3717929499494224,Complétée,Pékin,USA
id_transaction_00000923,Retrait,5145.534236462394,JPY,11.396860372548495,Complétée,Washington DC,USA
id_transaction_00000840,Retrait,28.796516571694895,GBP,-10.62999652086976,En attente,Pékin,USA
id_transaction_00000907,Dépôt,-1218.8508499196319,GBP,4.531973846425382,Complétée,Washington DC,Chine
id_transaction_00000386,Retrait,-199.32304840679421,USD,-121.64925488072117,En cours,Francfort,Allemagne
id_transaction_00000990,Retrait,1224.5296496443752,USD,0.9535555162797653,Complétée,Casablanca,Allemagne
id_transaction_00000784,Virement,352.89418028222667,EUR,-11.427227158830036,Complétée,Paris,Maroc
id_transaction_00000296,Virement International,72.74907073887124,USD,5.876372665708512,En attente,Tokyo,Royaume-Uni
id_transaction_00000121,Dépôt,-671.5908285786649,JPY,-2.6718187053934637,Complétée,Paris,Maroc
id_transaction_00000719,Dépôt,7924.052224033758,USD,-6.4313065532104,Complétée,Paris,Chine
id_transaction_00000870,Virement,1326.1753263884534,GBP,-6.3790755626343225,Complétée,Tokyo,Royaume-Uni
id_transaction_00000686,Virement,11585.823262606069,CNY,-2.988095903460853,Complétée,Francfort,Maroc
id_transaction_00000862,Carte,423.52965509087284,MAD,-2.7996592610910502,Complétée,Pékin,Maroc
id_transaction_00000686,Retrait,1382.809338215721,GBP,1.2253053890030179,Complétée,Casablanca,Chine
id_transaction_00000963,Retrait,677.5891421969563,JPY,11.303462826935984,En attente,Pékin,Royaume-Uni
id_transaction_00000953,Retrait,-358.8731279350659,GBP,6.649760537443946,Complétée,Casablanca,Japon
id_transaction_00000946,Retrait,1126.160403231036,GBP,3.611085388722087,Complétée,Johannesburg,Royaume-Uni
id_transaction_00000919,Virement,-413.32078833180265,USD,-8.471491055993564,En attente,Washington DC,USA
id_transaction_00000329,Carte,1118.3068802454459,CNY,32.03584950637959,Complétée,Francfort,Japon
id_transaction_00000748,Retrait,-1.135362263813306,GBP,-7.439408365852462,Complétée,Casablanca,Royaume-Uni
id_transaction_00000467,Retrait,370.8106392785688,JPY,8.719377962057887,Complétée,Paris,Maroc
id_transaction_00000956,Carte,612.9603829399334,JPY,10.407841842506489,Complétée,Londres,Allemagne
id_transaction_00000501,Retrait,-797.1648984879574,GBP,-5.540320094586176,Complétée,Washington DC,Royaume-Uni
id_transaction_00000216,Retrait,992.0748145568303,EUR,16.915433124292733,En cours,Francfort,USA
id_transaction_00000605,Prélèvement,23532.71744044689,JPY,3.7544324895131855,En attente,New York,France
id_transaction_00000691,Dépôt,6526.15659789299,USD,0.8368615738958605,En attente,Tokyo,USA
id_transaction_00000934,Retrait,-282.7628591098684,CNY,-1.7399272575745561,Complétée,Rabat,USA
id_transaction_00000612,Retrait,-198.6892852052954,GBP,1.0844872590994967,Complétée,Londres,UE
id_transaction_00000655,Retrait,300.91610408566225,EUR,-7.146721199773451,Complétée,Londres,Maroc
id_transaction_00000624,Carte,-122.95431165486764,MAD,1.9154751737072284,Complétée,Tokyo,Afrique du Sud
id_transaction_00000858,Prélèvement,-619.5661937032218,USD,-3.742522944995806,Rejetée,Tokyo,Maroc
id_transaction_00000227,Dépôt,723.5652908083027,CNY,6.531475027043067,Complétée,Tokyo,France
id_transaction_00000983,Virement,23341.2699769042,JPY,2.5059447783975117,Complétée,Pékin,USA
id_transaction_00000985,Carte,-1154.9332064977139,CNY,-14.37869302392053,En attente,Johannesburg,Maroc
id_transaction_00000269,Prélèvement,1300.2295576891759,MAD,22.744539148349592,Complétée,Pékin,Maroc
id_transaction_00000376,Dépôt,24.886594010774445,JPY,-1.7250696162455403,En attente,Washington DC,Japon
id_transaction_00000817,Prélèvement,12.637722704014891,MAD,-4.782362415271579,Complétée,Rabat,USA
id_transaction_00000755,Retrait,1372.4150333162793,ZAR,10.928117347275876,Complétée,Pékin,USA
id_transaction_00000453,Retrait,2216.1039871116227,CNY,-4.655538057901713,Complétée,Johannesburg,Afrique du Sud
id_transaction_00000243,Retrait,-173.63794819007614,EUR,-11.106332972896958,Complétée,Francfort,Allemagne
id_transaction_00000773,Virement,1578.383428580813,USD,18.13016794324584,Complétée,Tokyo,USA
id_transaction_00000735,Virement,905.8693931667368,USD,0.9511678510768125,Complétée,New York,Royaume-Uni
id_transaction_00000458,Retrait,1110.6594769334092,USD,22.26496970243164,Complétée,Pékin,Japon
id_transaction_00000204,Virement International,1138.7689308965255,JPY,-2.837646438223447,Complétée,Londres,France
id_transaction_00000460,Prélèvement,742.8483839670266,CNY,0.12149453031167212,Complétée,Casablanca,Japon
id_transaction_00000637,Prélèvement,279.9110753020011,EUR,-6.82832541860468,Complétée,Casablanca,France
id_transaction_00000868,Virement,67446.93828086164,CNY,8.694599358849906,En attente,Tokyo,Royaume-Uni
id_transaction_00000603,Prélèvement,21504.61713306865,CNY,552.3701219197852,Complétée,Pékin,Chine
id_transaction_00000649,Retrait,1037.2493332354722,EUR,1.3730277046355823,Complétée,Pékin,Chine
id_transaction_00000967,Dépôt,3306.6275781288614,EUR,1.412418919102433,Complétée,Francfort,Royaume-Uni
id_transaction_00000338,Dépôt,-96.41212916082327,CNY,-6.700729391893252,Complétée,New York,Maroc
id_transaction_00000055,Dépôt,-891.1254415651919,JPY,-10.04714965634735,En attente,Paris,Maroc
id_transaction_00000393,Dépôt,-1364.2997369247428,JPY,-2.3598307862635934,Complétée,Francfort,UE
id_transaction_00000518,Prélèvement,666.9564793135646,ZAR,12.9917084853078,Complétée,Casablanca,France
id_transaction_00000157,Carte,168.1321358127268,CNY,0.7592727270216413,Complétée,New York,USA
id_transaction_00000827,Dépôt,404.18230060032096,EUR,4.332657668507517,Complétée,Casablanca,USA
id_transaction_00000452,Virement International,149.92549556795842,JPY,-7.246401837511846,En attente,Tokyo,USA
id_transaction_00000355,Prélèvement,17.742396514083907,USD,-15.254878463706387,En attente,Tokyo,France
id_transaction_00000652,Dépôt,980.875840974909,ZAR,10.97939736087018,En attente,Paris,USA
id_transaction_00000609,Dépôt,120502.95999443611,MAD,10.360844674185362,Complétée,Washington DC,France
id_transaction_00000544,Prélèvement,-711.6954351962571,MAD,45.879378037515366,En attente,New York,USA
id_transaction_00000112,Virement,1694.4983353426535,GBP,-3.947727861940975,Complétée,Tokyo,France
id_transaction_00000063,Dépôt,-406.7937860760537,USD,-6.44346485509591,Complétée,Tokyo,USA
id_transaction_00000834,Retrait,857.3911147644742,EUR,15.763833885663164,Complétée,Casablanca,USA
id_transaction_00000778,Retrait,11555.727254475458,CNY,-3.6005979205627296,Complétée,Johannesburg,Maroc
id_transaction_00000515,Retrait,-282.61235389807825,USD,-9.193461885455974,Complétée,Johannesburg,Allemagne
id_transaction_00000552,Carte,24661.84671939377,GBP,-1.548132851400978,En attente,Rabat,Royaume-Uni
id_transaction_00000734,Dépôt,-805.2129014591529,USD,-16.543237553020436,Complétée,New York,Maroc
id_transaction_00000082,Carte,761.6363157531648,JPY,-2.186129520729728,Complétée,Tokyo,Royaume-Uni
id_transaction_00000373,Virement,62.73768702127819,EUR,-2.127897548313028,En attente,New York,Maroc
id_transaction_00000353,Virement International,326.401208114954,CNY,32.00666328307054,En attente,Paris,USA
id_transaction_00000449,Dépôt,994.8662062292027,CNY,10.61854214754836,Rejetée,Pékin,Royaume-Uni
id_transaction_00000458,Retrait,2655.915516569027,USD,-6.739759825888723,En cours,Tokyo,Allemagne
id_transaction_00000786,Carte,79561.74929203991,CNY,-4.082405207571214,Complétée,Francfort,USA
id_transaction_00000057,Virement International,219.45423883730257,USD,0.7113385316429026,En attente,Paris,Allemagne
id_transaction_00000775,Carte,1883.0367905537887,CNY,12.975875233454094,Rejetée,Pékin,Chine
id_transaction_00000445,Virement International,-642.7234999037646,CNY,4.910991927222494,Complétée,Paris,Maroc
id_transaction_00000593,Retrait,-423.66446030505574,GBP,3.4228268817100282,Complétée,Pékin,Maroc
id_transaction_00000841,Retrait,-164.93353655727446,CNY,-15.064763189976688,En attente,Johannesburg,Royaume-Uni
id_transaction_00000934,Virement International,1304.8583225203993,USD,4.451228420968581,Complétée,Francfort,Allemagne
id_transaction_00000264,Dépôt,4470.534389151571,CNY,7.835079721963865,En attente,Paris,France
id_transaction_00000319,Virement International,-152.1667616423515,USD,-12.008583799572047,Complétée,Tokyo,Allemagne
id_transaction_00000974,Carte,211.6792007583236,GBP,-11.027063490326892,Complétée,New York,Royaume-Uni
id_transaction_00000211,Dépôt,1371.5633317551153,JPY,8.31113656912574,Complétée,Johannesburg,Maroc
id_transaction_00000195,Carte,7658.2038676807215,JPY,11.343041947898346,Rejetée,New York,Afrique du Sud
id_transaction_00000450,Retrait,5168.751770843737,MAD,8.852290740424287,Complétée,Paris,Maroc
id_transaction_00000301,Virement,16289.271474679936,USD,-72.13616252714941,Complétée,New York,Afrique du Sud
id_transaction_00000923,Prélèvement,57.89481021412496,CNY,-1.9879563153885549,En attente,Paris,Royaume-Uni
id_transaction_00000145,Virement International,276.03506286595933,JPY,-11.014459223692036,En attente,Paris,Royaume-Uni
id_transaction_00000493,Prélèvement,1826.9242049618124,EUR,7.574374742504724,Complétée,Londres,Chine
id_transaction_00000739,Dépôt,-440.03445695965104,MAD,7.9144351404378765,Complétée,Rabat,USA
id_transaction_00000270,Prélèvement,-689.6944997227744,EUR,-2.649053457649379,En cours,Pékin,Chine
id_transaction_00000317,Virement,1378.5804824140755,USD,13.354703246830997,Complétée,Tokyo,USA
id_transaction_00000117,Prélèvement,-278.1112880528866,ZAR,-3.3631392294761797,Complétée,New York,USA
id_transaction_00000914,Dépôt,721.5097991690413,USD,-2.031595218821918,En attente,Casablanca,Maroc
id_transaction_00000933,Dépôt,3758.122016169392,USD,336.3563101134623,En attente,Johannesburg,USA
id_transaction_00000728,Retrait,4415.276281579019,JPY,-10.703256002087418,Complétée,Washington DC,Royaume-Uni
id_transaction_00000269,Dépôt,427.88206897453534,GBP,1.902295412112124,En cours,Francfort,Royaume-Uni
id_transaction_00000762,Virement,648.0278166381613,EUR,-6.313908587823316,Complétée,New York,USA
id_transaction_00000330,Virement International,30781.218296030973,JPY,-16.129121701954645,Complétée,Londres,Royaume-Uni
id_transaction_00000922,Prélèvement,843.4151497001974,MAD,4.9851725260811435,Complétée,Francfort,Japon
id_transaction_00000252,Virement,10367.722280875536,CNY,1.8017524088303345,Rejetée,Londres,Maroc
id_transaction_00000039,Retrait,410.05044577505896,EUR,-5.974378086207504,En attente,Pékin,USA
id_transaction_00000584,Carte,741.2413885684546,USD,-9.089570137882191,Complétée,Tokyo,Royaume-Uni
id_transaction_00000642,Prélèvement,52.812936704916126,USD,-13.920335465383776,Complétée,Casablanca,Japon
id_transaction_00000508,Carte,4937.621103101982,CNY,-7.274439490977961,En attente,Pékin,Maroc
id_transaction_00000735,Carte,6256.816827314512,MAD,0.07685696649016904,Rejetée,New York,France
id_transaction_00000448,Retrait,-317.0106916705116,USD,11.125335987619856,Complétée,Francfort,Japon
id_transaction_00000531,Virement International,265.28856430883343,CNY,-1.6264853502729517,Complétée,Casablanca,USA
id_transaction_00000241,Dépôt,-336.45350306582134,USD,-12.205185104442776,Complétée,New York,Afrique du Sud
id_transaction_00000702,Carte,-167.65772734290113,JPY,-6.747180879751416,Complétée,Paris,Royaume-Uni
id_transaction_00000464,Virement International,34963.22453590792,EUR,1.3023515619182024,Complétée,Pékin,USA
id_transaction_00000281,Virement,796.8480320004268,GBP,0.27712119531338253,Complétée,Pékin,Maroc
id_transaction_00000204,Retrait,94.60457203522043,USD,4.35663510105414,Complétée,Casablanca,Japon
id_transaction_00000088,Dépôt,9097.934349071627,USD,2.572461673472266,En attente,Johannesburg,Chine
id_transaction_00000030,Virement International,-632.4008662882785,GBP,4.291187268667843,En attente,Johannesburg,France
id_transaction_00000051,Retrait,1377.6828705696855,MAD,23.178459842958198,En attente,Pékin,Chine
id_transaction_00000663,Virement,3116.4511989100874,USD,22.71462054722008,En attente,New York,Maroc
id_transaction_00000510,Carte,1602.125161218442,CNY,-3.4996184731273674,Complétée,New York,Royaume-Uni
id_transaction_00000350,Dépôt,949.8667737318692,USD,8.446746181515707,En attente,New York,Royaume-Uni
id_transaction_00000789,Carte,5103.584483656084,GBP,-7.964528350618104,Complétée,Londres,Chine
id_transaction_00000281,Dépôt,1037.073743821717,JPY,8.255523762714462,En attente,Paris,Chine
id_transaction_00000597,Retrait,44.51935629966806,ZAR,14.25516420150085,Complétée,Washington DC,Afrique du Sud
id_transaction_00000432,Virement,-577.6165820948014,CNY,-8.316425605058445,Complétée,New York,Royaume-Uni
id_transaction_00000626,Carte,1391.7558820758238,EUR,-1.5720776508528802,Complétée,Londres,Japon
id_transaction_00000809,Virement International,1327.9522014480183,MAD,8.649822493679732,Complétée,Rabat,USA
id_transaction_00000022,Retrait,-464.849158594296,JPY,9.158865449231492,Complétée,Londres,Royaume-Uni
id_transaction_00000501,Retrait,763.1037222130242,EUR,17.385854780925243,Complétée,Francfort,Chine
id_transaction_00000085,Carte,135028.50146117902,USD,5.689520137731362,Complétée,Casablanca,USA
id_transaction_00000554,Prélèvement,-761.2433922295373,MAD,-2.9750456720766545,En attente,Paris,UE
id_transaction_00000454,Retrait,4855.206941053336,GBP,2.9621221205023556,Complétée,Rabat,Maroc
id_transaction_00000830,Retrait,52.35987266201715,JPY,-10.976541196149988,Complétée,Pékin,Royaume-Uni
id_transaction_00000937,Virement,213.82906783645953,MAD,-9.313660910336132,Complétée,New York,USA
id_transaction_00000818,Dépôt,2534.563881491319,GBP,9.903545906115312,Complétée,Pékin,Chine
id_transaction_00000045,Virement,-49.191196382057115,MAD,-4.480325021975967,En attente,Rabat,Japon
id_transaction_00000198,Retrait,-1083.3340681666446,EUR,-8.80903626284881,Complétée,Tokyo,USA
id_transaction_00000435,Carte,-628.4726338083311,JPY,-8.033409359948372,Complétée,Washington DC,USA
id_transaction_00000517,Retrait,1394.3863942059638,ZAR,14.985556248466057,Complétée,Washington DC,Royaume-Uni
id_transaction_00000116,Carte,21654.730575511443,MAD,-8.760208634719419,Complétée,Francfort,Royaume-Uni
id_transaction_00000824,Virement International,316.33743983515546,JPY,-3.7423465634320197,Complétée,Londres,Japon
id_transaction_00000176,Dépôt,11756.149984999593,EUR,2.1403944885353736,Complétée,Pékin,Chine
id_transaction_00000655,Virement,732.15186862817,CNY,7.556086680193669,Complétée,Francfort,USA
id_transaction_00000386,Carte,1431.7590213460821,EUR,11.351058289538816,Complétée,Washington DC,USA
id_transaction_00000832,Retrait,-857.0151696651092,USD,-6.443197276246305,Complétée,Francfort,UE
id_transaction_00000158,Retrait,43445.33672315215,CNY,-5.235232101971451,Rejetée,Washington DC,USA
id_transaction_00000772,Prélèvement,297.5912279543687,MAD,-11.935050726496929,Complétée,Tokyo,Royaume-Uni
id_transaction_00000888,Carte,136.5268542507592,USD,-4.6740130245403035,En attente,Casablanca,France
id_transaction_00000366,Dépôt,338.94731560194253,USD,8.128410279883504,Complétée,Tokyo,Maroc
id_transaction_00000976,Retrait,579.6974149879228,CNY,7.669200126941121,Complétée,Francfort,Allemagne
id_transaction_00000383,Retrait,-439.4701398358146,ZAR,14.37642051359575,Complétée,Pékin,UE
id_transaction_00000531,Virement,-160.50969753757704,GBP,-5.6734931860843565,En attente,Tokyo,Royaume-Uni
id_transaction_00000999,Retrait,130.02156841060037,EUR,-5.809853171746393,En attente,Casablanca,France
id_transaction_00000325,Prélèvement,1778.223195336106,MAD,-4.104857778906768,Complétée,Paris,Afrique du Sud
id_transaction_00000887,Virement International,2989.2208625670096,MAD,-4.4503601994918975,Complétée,Washington DC,Royaume-Uni
id_transaction_00000951,Virement,1630.8322496987448,EUR,18.667617600620897,Complétée,Casablanca,Royaume-Uni
id_transaction_00000240,Retrait,1327.8237610435121,EUR,8.930725918154284,Complétée,Casablanca,Maroc
id_transaction_00000887,Carte,7809.259786331349,CNY,4.762832165268381,Complétée,New York,France
id_transaction_00000262,Virement,393.74862929984465,GBP,-3.059319981519141,Complétée,Tokyo,Royaume-Uni
id_transaction_00000389,Virement,-14.420621439723163,CNY,2.3690463779903386,Complétée,Washington DC,USA
id_transaction_00000708,Retrait,815.0200653369286,CNY,7.809468317167783,Rejetée,Casablanca,Japon
id_transaction_00000221,Dépôt,404.5512328879025,ZAR,1.1455568701403989,En attente,Paris,USA
id_transaction_00000057,Prélèvement,1371.358012916809,USD,7.850536659742563,En attente,Casablanca,Afrique du Sud
id_transaction_00000105,Prélèvement,660.1316408696694,USD,6.18779567527738,En attente,Paris,Royaume-Uni
id_transaction_00000006,Dépôt,873.2342270472395,CNY,9.320025835254988,En attente,Francfort,Maroc
id_transaction_00000184,Dépôt,15925.613952991882,GBP,1.5159278385093597,En cours,Francfort,Japon
id_transaction_00000708,Dépôt,454.32317916714345,USD,-0.3305323331203365,Rejetée,Pékin,Japon
id_transaction_00000240,Carte,5482.197889096191,JPY,7.8288199302434265,Complétée,Washington DC,Maroc
id_transaction_00000898,Carte,950.7879600808837,JPY,-1.447570305843656,Complétée,New York,France
id_transaction_00000502,Retrait,-135.29775195144282,USD,1.77281530960571,Complétée,Washington DC,USA
id_transaction_00000790,Carte,-534.0015807688826,USD,4.019909667603308,Complétée,Paris,Royaume-Uni
id_transaction_00000736,Retrait,807.1009285823095,EUR,3.845261228061072,Complétée,Paris,USA
id_transaction_00000060,Virement International,455.86227508104173,EUR,10.503793914289968,Complétée,New York,Allemagne
id_transaction_00000061,Prélèvement,964.651046236318,ZAR,-5.686746857567695,En attente,Francfort,Royaume-Uni
id_transaction_00000667,Virement International,570.9055957501258,USD,-10.067362382256423,En attente,Paris,Royaume-Uni
id_transaction_00000876,Retrait,-806.1004486546063,EUR,-6.714084282342172,Complétée,Pékin,Royaume-Uni
id_transaction_00000752,Prélèvement,3806.303535138736,ZAR,2.9304924464680635,Complétée,Pékin,USA
id_transaction_00000394,Prélèvement,1235.901464216688,EUR,5.777229597136025,Complétée,Londres,Maroc
id_transaction_00000818,Prélèvement,-473.3100444330206,MAD,-0.7960513840139845,En attente,Casablanca,Allemagne
id_transaction_00000737,Retrait,-735.5715696073779,MAD,-10.360728016055223,Complétée,Paris,Maroc
id_transaction_00000030,Dépôt,1290.4102092904322,USD,-4.175286135592068,Complétée,Paris,Royaume-Uni
id_transaction_00000098,Dépôt,1431.8955601239413,CNY,2.0093124205192345,Complétée,Londres,Maroc
id_transaction_00000530,Dépôt,556.9789184329971,JPY,0.615457112701737,Rejetée,Pékin,UE
id_transaction_00000014,Retrait,10192.472643539002,EUR,-2.246888960782041,En cours,New York,USA
id_transaction_00000908,Virement,-492.41491588519057,EUR,1.7660431595075128,Complétée,Pékin,Royaume-Uni
id_transaction_00000656,Retrait,1718.9611029209955,GBP,10.297745672992946,Complétée,Londres,Maroc
id_transaction_00000300,Prélèvement,146.98781809431165,ZAR,-3.6463739472050323,Complétée,Londres,France
id_transaction_00000598,Prélèvement,946.9868905692313,EUR,18.41308296939033,En attente,New York,Chine
id_transaction_00000106,Prélèvement,-521.2260573514224,USD,9.677788027233202,Rejetée,Francfort,Afrique du Sud
id_transaction_00000209,Retrait,880.399753857638,JPY,11.971356672410419,Complétée,New York,Japon
id_transaction_00000557,Prélèvement,-767.0943597582537,USD,-10.131909015090251,Complétée,Tokyo,UE
id_transaction_00000218,Prélèvement,-921.7368390446721,MAD,-15.257776733493138,Rejetée,Rabat,Allemagne
id_transaction_00000694,Retrait,-998.1341826256916,CNY,-7.696412338976029,Complétée,Paris,UE
id_transaction_00000144,Virement,594.8324598629056,MAD,34.26952762730369,Complétée,Tokyo,France
id_transaction_00000239,Carte,-326.17138029183434,EUR,2.249887854011318,Rejetée,New York,Japon
id_transaction_00000200,Retrait,402.74582841962103,USD,11.342540863910317,Complétée,Johannesburg,Allemagne
id_transaction_00000229,Retrait,20239.710464952324,CNY,-13.955234962981944,Complétée,Londres,Maroc
id_transaction_00000879,Carte,-158.50903887992592,CNY,6.585264013008921,En attente,New York,France
id_transaction_00000697,Virement,622.4690084105032,CNY,-10.77198969272521,Complétée,Pékin,Maroc
id_transaction_00000743,Prélèvement,246.24259877331687,GBP,8.40236116402417,Complétée,Rabat,Japon
id_transaction_00000107,Prélèvement,1888.3362384743828,USD,-8.567140974132261,Complétée,Paris,Maroc
id_transaction_00000151,Prélèvement,-1022.2893400734848,MAD,-6.134873283236893,En attente,Johannesburg,Royaume-Uni
id_transaction_00000006,Retrait,4722.6074291775285,MAD,-0.6474624436241259,Complétée,Pékin,USA
id_transaction_00000341,Prélèvement,1154.7832583417774,JPY,13.30483737267841,Complétée,Tokyo,Afrique du Sud
id_transaction_00000345,Carte,5592.1794571344535,JPY,16.549033497070887,Complétée,Tokyo,Royaume-Uni
id_transaction_00000809,Retrait,6392.97592512594,USD,7.619961609941546,Rejetée,Pékin,Chine
id_transaction_00000982,Carte,-24.240621986768303,ZAR,0.351368814155431,Complétée,Paris,Royaume-Uni
id_transaction_00000272,Dépôt,2102.87629898403,CNY,2.0178210771779423,Complétée,Pékin,USA
id_transaction_00000499,Virement International,-500.9404477382386,MAD,0.10198833282572117,En attente,Johannesburg,France
id_transaction_00000686,Retrait,-8.749153053771806,GBP,718.4353305925822,Complétée,Tokyo,Royaume-Uni
id_transaction_00000206,Virement,187.6598420149612,MAD,-13.40978900732594,Complétée,Johannesburg,Maroc
id_transaction_00000003,Virement International,6259.954687059206,GBP,-3.3364635222895265,Complétée,Johannesburg,Royaume-Uni
id_transaction_00000685,Carte,437.9806558589422,USD,-6.277982870217667,Complétée,Pékin,UE
id_transaction_00000678,Prélèvement,5382.037235476582,EUR,13.7344016430951,Complétée,Paris,Japon
id_transaction_00000494,Carte,3484.9176801348085,JPY,-6.958638322699197,En attente,Londres,Maroc
id_transaction_00000796,Virement International,1620.4947713556066,CNY,3.810206644968609,Complétée,Paris,Japon
id_transaction_00000537,Virement,9510.754833010149,USD,-7.27504680477145,Complétée,Washington DC,Royaume-Uni
id_transaction_00000209,Retrait,1368.586053758922,USD,9.437108618813603,Complétée,Casablanca,USA
id_transaction_00000912,Carte,5947.631121671187,USD,10.889317912998887,En cours,Pékin,Japon
id_transaction_00000926,Retrait,1507.1795592918645,CNY,-2.0216386799798034,Complétée,Londres,Maroc
id_transaction_00000815,Retrait,1045.7740134643795,EUR,-8.013279813981317,Complétée,Tokyo,Chine
id_transaction_00000516,Dépôt,928.0577743628733,ZAR,-14.887804377436655,En attente,Tokyo,Afrique du Sud
id_transaction_00000465,Retrait,434.95011022437467,USD,-2.1825136986721185,En attente,Washington DC,USA
id_transaction_00000955,Dépôt,9556.973943636971,GBP,-3.9200580041220734,Complétée,Londres,Royaume-Uni
id_transaction_00000066,Retrait,-235.98198375076004,ZAR,-2.619411834337588,Rejetée,Tokyo,USA
id_transaction_00000804,Prélèvement,1801.4141909264026,JPY,15.235246399700369,Complétée,Johannesburg,Maroc
id_transaction_00000627,Retrait,-361.49365283664577,EUR,-2.0347720913060154,En attente,Tokyo,France
id_transaction_00000870,Carte,1547.3418060694821,MAD,-4.495320461401691,Complétée,Paris,Japon
id_transaction_00000946,Virement International,70.89601402889389,EUR,2.084797215727724,Complétée,Londres,USA
id_transaction_00000601,Carte,268.9852988734257,GBP,-8.174865369768654,Complétée,Washington DC,USA
id_transaction_00000660,Prélèvement,-412.8878535867768,JPY,-8.456378362914641,Complétée,Paris,France
id_transaction_00000908,Carte,-448.7114230690064,GBP,-11.79494563910837,Complétée,Pékin,Royaume-Uni
id_transaction_00000291,Virement,500.69062245792736,GBP,3.4184127075884936,En cours,New York,Afrique du Sud
id_transaction_00000354,Retrait,1295.511128212244,USD,2.837148266300277,Rejetée,Pékin,Maroc
id_transaction_00000842,Retrait,-65.5489219069874,EUR,8.59628743202481,Complétée,Casablanca,USA
id_transaction_00000096,Retrait,2617.0635009711555,CNY,2.4216524299314557,Complétée,Casablanca,Chine
id_transaction_00000831,Carte,-99.6911917843612,USD,-4.1820257152310445,Complétée,Casablanca,France
id_transaction_00000263,Dépôt,1197.4901186521108,USD,13.150117168611041,Complétée,Tokyo,Afrique du Sud
id_transaction_00000033,Virement,1147.6416931378858,GBP,-5.927037675354579,Complétée,New York,Royaume-Uni
id_transaction_00000652,Retrait,404.19004263796444,EUR,-0.9399521826118535,Complétée,Francfort,Japon
id_transaction_00000987,Dépôt,577.2052337153785,MAD,7.867694276576627,Complétée,Tokyo,Allemagne
id_transaction_00000892,Prélèvement,1918.2153280569373,USD,1.9569964962071857,En cours,Rabat,USA
id_transaction_00000713,Retrait,171.43001158773848,JPY,-4.881263366324602,Complétée,Washington DC,UE
id_transaction_00000536,Virement,39.906340590151046,MAD,2.0378338705757892,Complétée,Francfort,Allemagne
id_transaction_00000048,Carte,1832.3515281906753,MAD,11.161491702776011,En attente,Francfort,France
id_transaction_00000142,Retrait,85.41140556598316,USD,-0.7392259543516788,Complétée,New York,Maroc
id_transaction_00000280,Prélèvement,989.7997780850927,GBP,-7.170793274558313,Complétée,New York,Royaume-Uni
id_transaction_00000308,Retrait,792.2957138660349,GBP,6.226151775495962,En cours,Londres,Maroc
id_transaction_00000986,Carte,-1618.8695572475663,MAD,-15.143000439531416,En attente,Londres,France
id_transaction_00000318,Virement,-508.22338254950114,CNY,5.780170114566519,Complétée,Tokyo,USA
id_transaction_00000197,Virement International,62218.99327426707,USD,2.0613953407768504,Complétée,Londres,France
id_transaction_00000326,Retrait,231.1319993821935,USD,0.7577559457898806,En attente,Pékin,UE
id_transaction_00000331,Prélèvement,-424.656912110579,ZAR,-4.544276367032018,Complétée,Rabat,Japon
id_transaction_00000608,Prélèvement,319.22453277034884,CNY,1.0744710912628062,Complétée,Paris,Maroc
id_transaction_00000200,Carte,-788.0116422227726,GBP,-17.17534097356599,Complétée,Pékin,Royaume-Uni
id_transaction_00000300,Retrait,264.6977390713482,USD,-5.09289919517212,Complétée,Johannesburg,Japon
id_transaction_00000011,Virement International,135.84468395889422,MAD,-0.020466572168541752,Complétée,Tokyo,France
id_transaction_00000340,Virement,1176.4807833600105,USD,-8.83485411424796,Complétée,Pékin,Maroc
id_transaction_00000316,Dépôt,33.07039232223735,USD,219.7051904788991,En attente,Pékin,France
id_transaction_00000290,Retrait,-1820.0179207484625,CNY,-249.4689290379705,Complétée,Paris,France
id_transaction_00000615,Retrait,1874.1144018511336,MAD,0.09479026133769963,Complétée,New York,UE
id_transaction_00000206,Carte,1011.0635167341593,USD,8.50919602840163,En attente,Tokyo,UE
id_transaction_00000227,Retrait,288.96703350910104,EUR,-0.7870799762923326,Complétée,New York,USA
id_transaction_00000735,Retrait,-374.869184171479,USD,-9.30709370358904,Complétée,Washington DC,Royaume-Uni
id_transaction_00000360,Carte,1185.0408447009486,USD,10.371970743055535,En attente,Tokyo,USA
id_transaction_00000862,Prélèvement,782.5261526942375,USD,6.99606594511989,Complétée,Francfort,Maroc
id_transaction_00000033,Retrait,297.7244200344785,EUR,19.424298517933998,En cours,Casablanca,Royaume-Uni
id_transaction_00000517,Retrait,127650.40611973417,USD,5.26118759439274,En attente,Washington DC,Afrique du Sud
id_transaction_00000611,Retrait,-766.1996124677918,USD,-12.992628569948891,Complétée,New York,Japon
id_transaction_00000269,Retrait,-602.4003155788722,EUR,-5.175468816887338,Complétée,Francfort,USA
id_transaction_00000454,Carte,8764.409370520014,MAD,-9.309696333822856,Complétée,Londres,Chine
id_transaction_00000256,Carte,9.976900496500548,USD,4.812055179982076,Complétée,Rabat,Afrique du Sud
id_transaction_00000476,Dépôt,763.9231588323088,ZAR,-3.882276271424767,Complétée,Pékin,Japon
id_transaction_00000286,Retrait,767.2907710113946,USD,14.789293676371233,Complétée,Londres,Maroc
id_transaction_00000557,Prélèvement,-623.3338563224423,USD,6.570964203429577,Complétée,New York,France
id_transaction_00000653,Virement International,64122.71024961873,JPY,4.957940991480769,Complétée,Casablanca,Maroc
id_transaction_00000483,Dépôt,9693.832193396116,USD,19.3912209617163,Complétée,Francfort,UE
id_transaction_00000092,Carte,1484.0871184323958,MAD,-0.6806221776158612,En attente,Tokyo,Maroc
id_transaction_00000776,Virement International,-5.758442622266955,JPY,-4.767280789399915,Complétée,Casablanca,USA
id_transaction_00000152,Dépôt,-1143.3224726437215,MAD,-1.9375312315053295,Complétée,New York,Royaume-Uni
id_transaction_00000400,Carte,1045.3872599738972,GBP,-1.6080785310567345,En cours,Johannesburg,Japon
id_transaction_00000265,Prélèvement,4014.27318779725,USD,6.197367005803698,Complétée,Rabat,Allemagne
id_transaction_00000586,Prélèvement,1279.161106014769,USD,18.90555031716012,Complétée,Casablanca,Maroc
id_transaction_00000865,Dépôt,794.5517049251695,ZAR,-7.181733942352914,En attente,Paris,Maroc
id_transaction_00000372,Retrait,690.0137384031298,GBP,-2.947368297997932,Complétée,Londres,Maroc
id_transaction_00000967,Retrait,-239.66889691735878,GBP,-1.1044725873170718,Complétée,Casablanca,USA
id_transaction_00000415,Retrait,616.9759165718586,USD,-3.47072296387375,Rejetée,Londres,Afrique du Sud
id_transaction_00000271,Carte,537.8400400804779,GBP,-4.7411863396393725,Complétée,Londres,Royaume-Uni
id_transaction_00000119,Retrait,-804.8107800239483,JPY,-9.799262405301963,Rejetée,Washington DC,Japon
id_transaction_00000762,Prélèvement,260.69491205870554,MAD,-11.746304414222525,Complétée,Francfort,Royaume-Uni
id_transaction_00000576,Prélèvement,-109.71248531013805,CNY,-75.01609317140866,Complétée,New York,Maroc
id_transaction_00000699,Carte,478.86530059206734,JPY,0.7087384068290259,Complétée,Londres,Chine
id_transaction_00000465,Virement International,1608.1655764082957,ZAR,1.0087669544166333,Complétée,Paris,Maroc
id_transaction_00000964,Retrait,243.47985264022552,JPY,-3.435554885257999,Complétée,Washington DC,USA
id_transaction_00000682,Virement,-214.24574854430932,JPY,1.1491782041218768,Complétée,Paris,USA
id_transaction_00000116,Carte,-413.99589401431786,GBP,-13.192074027535664,En attente,Casablanca,Royaume-Uni
id_transaction_00000140,Prélèvement,-844.6296280321181,USD,-18.51376637062784,Complétée,Tokyo,Maroc
id_transaction_00000486,Virement International,6368.476024358397,USD,0.12579984393680732,Complétée,Tokyo,Royaume-Uni
id_transaction_00000537,Prélèvement,876.9911669443239,USD,5.577949685171794,Complétée,Pékin,Japon
id_transaction_00000927,Carte,2077.755076077766,JPY,7.1742213462233355,En attente,Londres,Maroc
id_transaction_00000768,Virement International,1491.9124552995468,ZAR,7.7908745936240305,Rejetée,Londres,Allemagne
id_transaction_00000441,Virement,648.2826264521037,MAD,3.825749393380256,Complétée,Pékin,USA
id_transaction_00000974,Dépôt,-1459.6223366846025,GBP,-13.02450953760318,Complétée,Casablanca,Maroc
id_transaction_00000686,Virement,-284.5391922267984,EUR,-1.509399560210408,En attente,Paris,Allemagne
id_transaction_00000046,Retrait,1327.1251195665607,CNY,4.6658167619445585,Complétée,Tokyo,Royaume-Uni
id_transaction_00000692,Retrait,-551.9449143133947,JPY,2.016952949168684,Complétée,New York,Royaume-Uni
id_transaction_00000538,Virement,622.5168735582342,ZAR,6.2757869004720614,Complétée,Johannesburg,Royaume-Uni
id_transaction_00000217,Carte,736.4800160625934,ZAR,-3.4843364136604924,Complétée,Francfort,USA
id_transaction_00000681,Carte,445.8847778993064,MAD,-3.513174799339475,Complétée,Pékin,Japon
id_transaction_00000014,Virement International,330.423119250388,JPY,1.4912682427485358,Complétée,Pékin,Maroc
id_transaction_00000615,Retrait,560.212970785185,ZAR,1.5562886504930447,Complétée,Londres,Royaume-Uni
id_transaction_00000128,Dépôt,390.950476000472,USD,12.94010835947265,Complétée,Johannesburg,Maroc
id_transaction_00000562,Prélèvement,629.1059669558842,MAD,-6.143458856287764,Complétée,Casablanca,Allemagne
id_transaction_00000193,Virement,-597.6859565966014,USD,-15.016188108177264,En attente,Washington DC,USA
id_transaction_00000874,Carte,605.9544969457445,ZAR,0.509300966586058,Complétée,Tokyo,USA
id_transaction_00000341,Virement,2039.9567820728855,MAD,-11.162141703147554,Complétée,Pékin,Maroc
id_transaction_00000969,Virement,3745.7478881678185,CNY,9.21256135884657,Complétée,Pékin,Allemagne
id_transaction_00000240,Prélèvement,320.44069075358175,CNY,-5.79634895826904,En cours,Pékin,Japon
id_transaction_00000322,Carte,11218.206687121663,USD,6.795083537670836,Complétée,New York,Chine
id_transaction_00000971,Virement,2021.331353879509,USD,-5.655831979842325,Complétée,New York,USA
id_transaction_00000538,Retrait,20888.141864323225,JPY,-4.61206701760434,En attente,Paris,Maroc
id_transaction_00000686,Retrait,476.2742002723064,MAD,-5.289292049103831,Complétée,Washington DC,Japon
id_transaction_00000139,Prélèvement,750.2518816594929,USD,6.796122785862005,En attente,Pékin,France
id_transaction_00000223,Dépôt,873.8650869846219,EUR,2.785857559827733,Rejetée,New York,UE
id_transaction_00000032,Prélèvement,9776.243426126559,USD,-6.541849689641263,Complétée,Casablanca,France
id_transaction_00000379,Retrait,289.55515739869134,JPY,4.14268225984598,Complétée,Pékin,Maroc
id_transaction_00000416,Virement International,-284.39410644135876,USD,3.584214634593093,Complétée,Washington DC,USA
id_transaction_00000117,Prélèvement,1676.9612454882686,USD,3.945965329845013,Complétée,Johannesburg,Allemagne
id_transaction_00000127,Prélèvement,815.256352325809,CNY,-13.73800142558514,Complétée,Londres,France
id_transaction_00000388,Prélèvement,7325.394301012524,EUR,-6.467198197104865,Complétée,New York,Afrique du Sud
id_transaction_00000045,Retrait,1480.219036483522,USD,14.127545124925973,En attente,Casablanca,Allemagne
id_transaction_00000637,Carte,407.44229845616167,MAD,-5.101458711855613,Complétée,New York,USA
id_transaction_00000121,Carte,986.7610670201981,JPY,6.574770687944631,Complétée,Francfort,Royaume-Uni
id_transaction_00000424,Prélèvement,-1051.6485403845018,EUR,10.03260559915577,Complétée,Casablanca,Maroc
id_transaction_00000031,Retrait,5023.268150707065,USD,-3.644130093106644,Complétée,Paris,USA
id_transaction_00000735,Carte,1898.9347551732585,USD,10.330454431395458,Complétée,Londres,USA
id_transaction_00000341,Carte,422.3279408466187,MAD,9.691164464293607,En attente,Rabat,Japon
id_transaction_00000210,Retrait,-1245.3170056040167,JPY,-4.994098460916704,Complétée,Casablanca,Maroc
id_transaction_00000148,Virement,-844.3005914322683,ZAR,-9.90750757056373,Complétée,Paris,Japon
id_transaction_00000638,Prélèvement,564.8533545977718,EUR,10.374369432106224,En cours,Francfort,USA
id_transaction_00000578,Virement,695.2735239373867,ZAR,3.2007710113314687,Complétée,Londres,USA
id_transaction_00000878,Carte,602.4217910106158,JPY,-6.341977308496689,En attente,New York,Chine
id_transaction_00000596,Carte,667.9826864032136,MAD,-5.820371926823076,Complétée,Londres,Royaume-Uni
id_transaction_00000179,Dépôt,12845.393445966387,EUR,2.8783336119862613,Complétée,Paris,USA
id_transaction_00000829,Prélèvement,9369.65425323771,USD,-7.004178839867126,Complétée,Francfort,USA
id_transaction_00000966,Retrait,3648.600965965722,CNY,337.6260224652215,En attente,Pékin,Royaume-Uni
id_transaction_00000060,Virement,410.31939448524787,USD,0.5854466915747567,Complétée,Washington DC,Royaume-Uni
id_transaction_00000853,Retrait,-1967.9676656264764,GBP,6.1452564632912425,Complétée,Tokyo,Chine
id_transaction_00000827,Prélèvement,-702.9920687385373,JPY,-6.204113068702591,En attente,Francfort,USA
id_transaction_00000515,Prélèvement,1069.6916064870811,USD,8.238634977439975,Complétée,Londres,Afrique du Sud
id_transaction_00000920,Retrait,1340.8518297289042,CNY,10.415222308566152,En attente,New York,Chine
id_transaction_00000983,Prélèvement,1114.1793677165542,USD,0.11329980277146312,Complétée,New York,Japon
id_transaction_00000692,Carte,964.0906775516797,MAD,1.2413344111021019,Complétée,Francfort,USA
id_transaction_00000056,Dépôt,249.71511556247233,MAD,-2.4120517551599114,Complétée,Paris,UE
id_transaction_00000947,Dépôt,219.8649926444797,MAD,-7.634298969988065,Complétée,Casablanca,Allemagne
id_transaction_00000224,Retrait,1628.8626753222325,GBP,13.805238884314633,Complétée,Paris,Japon
id_transaction_00000110,Virement International,891.3853568821039,ZAR,6.043291133109435,En attente,Casablanca,USA
id_transaction_00000405,Carte,7932.664356316229,USD,0.3897568584782496,En attente,Casablanca,USA
id_transaction_00000322,Carte,963.1103033248804,JPY,0.04067669821860154,En attente,Washington DC,USA
id_transaction_00000023,Carte,-6.684661295749834,GBP,-2.7687248410901466,En attente,Londres,Chine
id_transaction_00000492,Virement,-836.2348591948693,USD,0.04996679535663873,Complétée,Rabat,Allemagne
id_transaction_00000106,Prélèvement,1501.7266493183593,USD,14.039024629768939,En attente,Johannesburg,Maroc
id_transaction_00000694,Carte,-719.1111459531061,CNY,-4.664750988105594,Complétée,Casablanca,Maroc
id_transaction_00000901,Virement International,1791.9131623302706,JPY,15.726653453751492,Rejetée,Rabat,Royaume-Uni
id_transaction_00000083,Virement,-581.9833235868779,USD,0.5783743921677305,En attente,Londres,USA
id_transaction_00000855,Retrait,857.6568214964,GBP,-0.633296298198589,Complétée,Washington DC,Allemagne
id_transaction_00000390,Prélèvement,1232.3739596051696,JPY,-3.713264650934856,Complétée,Casablanca,Royaume-Uni
id_transaction_00000801,Carte,-299.45678261946864,ZAR,7.879284349219712,Complétée,Washington DC,Maroc
id_transaction_00000614,Carte,470.59919353321334,USD,-12.551025255635839,Complétée,Paris,Maroc
id_transaction_00000927,Retrait,-299.62277190654584,JPY,53.21351503832093,Complétée,Casablanca,Royaume-Uni
id_transaction_00000869,Virement,-420.33290666629466,CNY,1.8213808708093637,Complétée,Tokyo,France
id_transaction_00000110,Prélèvement,36850.412156965474,JPY,-13.244439308620535,Complétée,Johannesburg,Afrique du Sud
id_transaction_00000516,Carte,1398.3654144528527,JPY,8.663188157434394,Complétée,New York,Japon
id_transaction_00000862,Prélèvement,1407.8847916781997,USD,7.470665890586574,Complétée,Londres,USA
id_transaction_00000806,Dépôt,1431.9717417743536,MAD,-12.446022103776613,Complétée,Pékin,Maroc
id_transaction_00000863,Virement,996.2679795649391,USD,9.224110843686624,En cours,Johannesburg,USA
id_transaction_00000772,Retrait,1257.1813837244295,EUR,-0.5159449336223902,Rejetée,Francfort,Royaume-Uni
id_transaction_00000781,Carte,655.7647638919341,EUR,-2.59119980364364,Complétée,Pékin,Maroc
id_transaction_00000985,Dépôt,313.6332718943844,GBP,-5.5772459758319295,Complétée,Francfort,Royaume-Uni
id_transaction_00000733,Carte,496.31546633868703,MAD,9.393421360775395,Complétée,New York,Maroc
id_transaction_00000103,Retrait,1048.3568346426355,MAD,-14.781462329161418,Complétée,Pékin,USA
id_transaction_00000290,Carte,-292.7143194561005,USD,-2.2479352241490433,Complétée,Tokyo,Maroc
id_transaction_00000064,Carte,6977.95337442046,MAD,15.591507093508458,Complétée,Rabat,Maroc
id_transaction_00000934,Carte,-8.654506643579737,JPY,-12.2910568696391,Complétée,Tokyo,France
id_transaction_00000052,Retrait,4950.979854188223,USD,5.58583981628278,Complétée,Washington DC,Afrique du Sud
id_transaction_00000221,Dépôt,489.9373095954084,JPY,11.575699753295599,Complétée,Londres,Chine
id_transaction_00000678,Retrait,735.839362447592,GBP,16.326073170093935,Complétée,Francfort,USA
id_transaction_00000449,Prélèvement,1814.2690079433503,USD,-3.0149449857073654,Complétée,New York,UE
id_transaction_00000848,Prélèvement,-725.7976341843117,CNY,-11.087357924438315,Complétée,Washington DC,Allemagne
id_transaction_00000227,Retrait,315.5659554615254,GBP,-9.579541085223628,Complétée,Londres,Afrique du Sud
id_transaction_00000143,Dépôt,-283.92548090279627,EUR,-3.3374877379610544,Complétée,Casablanca,USA
id_transaction_00000066,Dépôt,4066.680620179727,JPY,7.311529508061719,En cours,Pékin,Royaume-Uni
id_transaction_00000206,Dépôt,4451.222903146501,JPY,-2.486852570724743,Rejetée,Londres,Maroc
id_transaction_00000117,Carte,729.6941587782335,JPY,-7.819381356142009,En attente,New York,Japon
id_transaction_00000524,Carte,794.0966279524832,EUR,10.831119012125395,Complétée,Pékin,Japon
id_transaction_00000986,Carte,140.7671149278426,CNY,-10.828303515635739,Complétée,Tokyo,France
id_transaction_00000198,Prélèvement,140.64383760845567,USD,-1.8871241866456732,Complétée,Londres,Chine
id_transaction_00000165,Carte,-18.813066496776173,JPY,-6.4039243176006275,En cours,Pékin,France
id_transaction_00000305,Virement,390.0044667432628,GBP,-2.4748345723558813,Rejetée,Tokyo,Royaume-Uni
id_transaction_00000098,Carte,-388.2859805669523,MAD,3.060525244613272,Complétée,Tokyo,France
id_transaction_00000647,Retrait,105.02984508523627,EUR,-8.857991166311162,En attente,Londres,USA
id_transaction_00000471,Dépôt,-1678.7851886490753,EUR,0.45246451307601543,En attente,Tokyo,Maroc
id_transaction_00000171,Retrait,-731.8484237046074,MAD,-8.344616590224895,En attente,Washington DC,Royaume-Uni
id_transaction_00000032,Prélèvement,1783.2880678731267,JPY,4.889876060060502,Complétée,New York,France
id_transaction_00000165,Virement International,1167.1362987650305,USD,5.823489890135007,Complétée,Paris,Japon
id_transaction_00000858,Virement International,-904.8698809937392,USD,-8.203493300172667,Complétée,New York,Royaume-Uni
id_transaction_00000356,Retrait,6.259444991398084,MAD,-2.8789522946085517,Complétée,New York,Japon
id_transaction_00000062,Retrait,738.3341373027469,EUR,2.9309416682633302,En cours,Francfort,USA
id_transaction_00000569,Dépôt,794.6414738516462,GBP,-4.829681780597007,Complétée,Pékin,Chine
id_transaction_00000506,Virement,6450.063890551504,EUR,5.030671688161186,En attente,Casablanca,USA
id_transaction_00000597,Retrait,26082.140299196024,EUR,1.3342322790304966,Complétée,Londres,France
id_transaction_00000246,Virement International,1399.2378646749014,USD,24.1042520499541,Complétée,Paris,Japon
id_transaction_00000240,Retrait,-401.3360366392519,USD,8.467570730974158,Complétée,Johannesburg,Maroc
id_transaction_00000625,Retrait,442.0054194513705,EUR,-1.5986977377168632,Complétée,Washington DC,Japon
id_transaction_00000466,Virement International,-837.3343833810023,USD,-5.30680894315731,Complétée,New York,Japon
id_transaction_00000964,Retrait,198.84350235327906,EUR,0.5650585862698767,Complétée,Francfort,Allemagne
id_transaction_00000540,Virement International,953.8737427346512,CNY,0.4223528729834536,Complétée,Londres,Japon
id_transaction_00000859,Retrait,297.5093365511944,JPY,-5.401110945368212,En attente,Tokyo,Japon
id_transaction_00000345,Virement,1233.7368679119354,ZAR,3.502208857635405,Complétée,Londres,Maroc
id_transaction_00000301,Virement International,828.2647562355864,USD,-0.39857553002262325,Complétée,New York,Afrique du Sud
id_transaction_00000347,Retrait,-1261.382043395834,MAD,-10.648197895650888,En attente,Pékin,UE
id_transaction_00000352,Retrait,-351.62139353550674,MAD,-0.44823746299208267,Complétée,Casablanca,Royaume-Uni
id_transaction_00000674,Dépôt,895.5359793933615,CNY,7.818161372734085,Complétée,Paris,Maroc
id_transaction_00000751,Prélèvement,2169.175209382781,CNY,36.813334159125304,Complétée,Pékin,Japon
id_transaction_00000598,Carte,-803.7257334482084,EUR,-10.456455101128075,Complétée,Londres,Royaume-Uni
id_transaction_00000524,Virement International,1109.8975563774272,JPY,12.709671859394323,En cours,Casablanca,Royaume-Uni
id_transaction_00000761,Carte,396.00591528990174,GBP,0.4694858350653357,Complétée,Casablanca,USA
id_transaction_00000202,Carte,-636.7429881006486,JPY,5.220071719304033,En attente,Casablanca,Maroc
id_transaction_00000568,Carte,1615.336096832974,JPY,15.657081950685718,Complétée,New York,Japon
id_transaction_00000620,Carte,110.27581108229953,JPY,-9.794941056989213,En attente,Tokyo,Japon
id_transaction_00000647,Carte,1261.0005308939797,CNY,-3.9149880363312066,Complétée,Paris,USA
id_transaction_00000911,Retrait,2921.8399817638438,JPY,-4.445966695084869,Complétée,Londres,Chine
id_transaction_00000111,Carte,126912.69015028316,EUR,13.553037801216313,Complétée,Rabat,Chine
id_transaction_00000021,Retrait,8779.331677985285,JPY,0.9967208953444429,Rejetée,Casablanca,Japon
id_transaction_00000126,Carte,-708.3474684376919,CNY,-14.01113789702229,Complétée,New York,Royaume-Uni
id_transaction_00000823,Retrait,-469.35920520315415,MAD,-20.000390363652876,Complétée,Francfort,Maroc
id_transaction_00000370,Dépôt,117.68439916451644,MAD,-3.879522313826567,Complétée,Francfort,UE
id_transaction_00000019,Virement,885.8117478519666,MAD,70.85110497189912,En attente,Tokyo,Royaume-Uni
id_transaction_00000492,Carte,-315.7342619242239,GBP,1.880707461197911,En cours,Rabat,USA
id_transaction_00000756,Dépôt,-112.81104232601717,USD,-0.72790095513826,En attente,Pékin,Afrique du Sud
id_transaction_00000003,Retrait,-682.0871735342483,EUR,5.395134970264545,En attente,Johannesburg,Royaume-Uni
id_transaction_00000054,Virement,-1246.399457926047,GBP,8.915834864043802,Complétée,New York,France
id_transaction_00000245,Virement International,1154.731773791448,EUR,9.485807718900066,En attente,Tokyo,France
id_transaction_00000781,Prélèvement,11760.85157877756,USD,11.36880017030292,Complétée,Pékin,Chine
id_transaction_00000097,Dépôt,25756.916722356116,JPY,-31.696995379806097,En attente,Johannesburg,USA
id_transaction_00000028,Dépôt,13269.23747608389,GBP,3.155290248429112,Complétée,Paris,Maroc
id_transaction_00000946,Retrait,7273.998870173533,JPY,21.62464048713862,En attente,Paris,Maroc
id_transaction_00000172,Dépôt,650.389505866224,GBP,12.658477611589474,Complétée,New York,Maroc
id_transaction_00000138,Retrait,-678.1286696871147,MAD,-4.26793155413855,Complétée,Casablanca,Chine
id_transaction_00000523,Dépôt,3074.5818859088376,MAD,-13.201764991864128,En attente,Washington DC,UE
id_transaction_00000361,Carte,586.0937413218985,GBP,-10.54370584945945,Complétée,Londres,Royaume-Uni
id_transaction_00000164,Retrait,389.31644637420345,GBP,-6.873643454481926,Complétée,Londres,Royaume-Uni
id_transaction_00000404,Carte,1545.7734984967265,USD,7.9882751274556645,En attente,Washington DC,Royaume-Uni
id_transaction_00000038,Virement International,9026.301855735554,JPY,9.680994463672594,Complétée,Londres,Maroc
id_transaction_00000903,Dépôt,17.203473273718203,USD,9.866331400492456,Complétée,Pékin,Chine
id_transaction_00000843,Retrait,1785.5225747778004,CNY,7.81933516197604,Rejetée,Francfort,Royaume-Uni
id_transaction_00000933,Virement International,-599.8283607399517,USD,-2.875529890970321,Complétée,Londres,Maroc
id_transaction_00000153,Retrait,-219.69312365066878,USD,-4.564692533040229,Complétée,Pékin,USA
id_transaction_00000020,Retrait,-938.9811440103507,MAD,328.0752493162712,En attente,Tokyo,Afrique du Sud
id_transaction_00000484,Retrait,5438.243983487606,USD,2.7101420154427567,Complétée,New York,Chine
id_transaction_00000806,Retrait,213.2948672390564,EUR,-7.982858002900165,Complétée,Francfort,UE
id_transaction_00000162,Retrait,-710.5401683390907,EUR,4.595082117671576,Complétée,New York,USA
id_transaction_00000375,Carte,-1220.8345148046556,USD,-13.298638557101587,Complétée,New York,Japon
id_transaction_00000537,Carte,-26.755700335643326,GBP,605.7207390133742,Complétée,Rabat,Maroc
id_transaction_00000491,Dépôt,-35.55123575150924,EUR,-8.595677707250452,Complétée,Pékin,Afrique du Sud
id_transaction_00000878,Virement International,4562.976608373056,MAD,5.4723635847279954,Complétée,Washington DC,Japon
id_transaction_00000433,Carte,2481.178232915333,CNY,-3.0599308029005465,En attente,New York,Maroc
id_transaction_00000557,Virement,84.39522441508251,CNY,-3.0001394571131046,En attente,Washington DC,USA
id_transaction_00000171,Carte,1384.2774608140624,JPY,4.377859264993044,Complétée,Casablanca,USA
id_transaction_00000812,Carte,447.26573725071546,EUR,7.822601227410006,Complétée,Londres,Royaume-Uni
id_transaction_00000198,Dépôt,635.6060075655395,JPY,-2.170842450422972,En attente,Pékin,Royaume-Uni
id_transaction_00000154,Carte,5762.84110296017,JPY,13.745112814423187,Complétée,Casablanca,Royaume-Uni
id_transaction_00000227,Dépôt,1668.6372388750815,USD,-0.0919757670160175,En attente,Tokyo,Maroc
id_transaction_00000770,Carte,5364.465445655644,JPY,9.36180646871875,Complétée,Johannesburg,Japon
id_transaction_00000024,Carte,1596.606017423127,EUR,-2.6635062231160687,Complétée,Casablanca,Chine
id_transaction_00000820,Retrait,2874.6741699152517,EUR,11.883076697567637,Complétée,Francfort,Allemagne
id_transaction_00000520,Retrait,1692.8314936129746,GBP,10.172889072444066,Rejetée,Washington DC,Chine
id_transaction_00000783,Dépôt,764.7802217545409,MAD,3.648105724299584,Complétée,New York,Maroc
id_transaction_00000498,Virement International,1139.352990216353,EUR,5.096958413437814,Complétée,Francfort,Allemagne
id_transaction_00000084,Carte,-65.53847015616873,JPY,0.24461537592602323,Complétée,Londres,Japon
id_transaction_00000752,Carte,-750.4954310505394,USD,-14.77313230894444,Complétée,Londres,Royaume-Uni
id_transaction_00000688,Prélèvement,2872.743614593809,USD,-7.018513850596629,Complétée,Rabat,Maroc
id_transaction_00000718,Dépôt,-1028.3981174557307,USD,-5.656802078443147,Complétée,New York,Maroc
id_transaction_00000004,Dépôt,218.0823304117761,MAD,-1.97759840827203,Complétée,Francfort,France
id_transaction_00000198,Prélèvement,431.92684331488533,EUR,-0.39223982407799873,Complétée,Francfort,USA
id_transaction_00000551,Prélèvement,627.2172000972761,MAD,1.1179120665208986,Complétée,Casablanca,Maroc
id_transaction_00000640,Carte,-589.255884067698,USD,12.795752075529663,Complétée,Paris,UE
id_transaction_00000927,Carte,53.329601587056686,JPY,-12.67742870245576,En attente,Londres,USA
id_transaction_00000390,Carte,600.0099765696531,GBP,-1.9400912696001642,En cours,Pékin,Maroc
id_transaction_00000770,Prélèvement,1267.6273778951636,EUR,-4.843891520329504,Complétée,Johannesburg,USA
id_transaction_00000464,Retrait,59.67044654766704,JPY,7.247425958744304,Complétée,Pékin,Chine
id_transaction_00000073,Dépôt,1167.9331866996786,EUR,-1.0116512882907926,Complétée,Casablanca,Japon
id_transaction_00000252,Virement International,1061.8654516045608,EUR,4.748722955510983,Complétée,Paris,Maroc
id_transaction_00000781,Carte,487.0001668062364,USD,-1.2828219079238847,En attente,New York,Royaume-Uni
id_transaction_00000020,Carte,307.1738206082873,MAD,-10.022745863962417,En attente,Pékin,Maroc
id_transaction_00000741,Prélèvement,-42.37077089961866,USD,3.243798717570435,En attente,Pékin,UE
id_transaction_00000544,Virement International,663.5464407681924,EUR,6.836089620560103,Complétée,Paris,Royaume-Uni
id_transaction_00000592,Prélèvement,283.3528368466177,EUR,14.482858769996689,Complétée,New York,Royaume-Uni
id_transaction_00000702,Dépôt,257.2554537702879,CNY,15.923360988427682,Complétée,Londres,Maroc
id_transaction_00000424,Retrait,1191.3763089453969,CNY,3.38783530992906,Complétée,Pékin,USA
id_transaction_00000216,Carte,431.69334466925005,MAD,7.128169097032633,En attente,Francfort,Maroc
id_transaction_00000320,Retrait,277.0182435814045,EUR,2.117499961122378,Complétée,Pékin,Chine
id_transaction_00000156,Virement International,69.99170532194216,USD,-8.601629582860248,Complétée,Rabat,USA
id_transaction_00000467,Prélèvement,-963.8827887277324,EUR,-4.571257735451369,En attente,Pékin,Allemagne
id_transaction_00000963,Carte,739.6481352866997,CNY,-13.664704462387405,Complétée,Paris,Maroc
id_transaction_00000055,Retrait,-635.2807494509162,MAD,-2.6738240435135516,En cours,New York,Afrique du Sud
id_transaction_00000661,Retrait,366.5883642089204,GBP,-3.6847128852970252,Complétée,Johannesburg,Royaume-Uni
id_transaction_00000780,Retrait,640.4493101847631,ZAR,5.780494253271275,Complétée,Johannesburg,USA
id_transaction_00000934,Dépôt,803.0662817949519,ZAR,1.869177769175383,En cours,Tokyo,Japon
id_transaction_00000764,Dépôt,-275.09197079228886,USD,-7.304843263035541,En attente,New York,France
id_transaction_00000767,Carte,314.3392385690404,USD,-6.0783379812036555,En attente,Washington DC,USA
id_transaction_00000040,Carte,4669.157022748641,USD,10.963082486876477,Rejetée,Washington DC,Royaume-Uni
id_transaction_00000128,Dépôt,237.30513245235105,ZAR,18.43579610439966,Complétée,Tokyo,Royaume-Uni
id_transaction_00000489,Prélèvement,-232.83740032109006,GBP,-1.0048360449696245,En attente,Pékin,Royaume-Uni
id_transaction_00000631,Virement International,4388.785560532239,CNY,-6.496926507946585,Complétée,Paris,USA
id_transaction_00000531,Carte,-178.75969319314913,GBP,1.107893393264268,Rejetée,Pékin,Chine
id_transaction_00000155,Dépôt,4676.662004987345,EUR,9.146629729869831,Complétée,Londres,Maroc
id_transaction_00000794,Carte,40.525169453453145,GBP,-5.30001725078358,En attente,New York,Royaume-Uni
id_transaction_00000983,Retrait,1928.4401251549848,GBP,0.735379038136518,Complétée,Londres,Chine
id_transaction_00000058,Virement International,11204.786617731324,USD,2.4105932557736853,Complétée,Washington DC,Japon
id_transaction_00000732,Prélèvement,-1647.5734619451282,GBP,-14.763786090399744,Complétée,Francfort,Allemagne
id_transaction_00000504,Carte,-294.7882565000476,CNY,56.69797904902765,Complétée,Rabat,Maroc
id_transaction_00000069,Virement,-476.7573415345523,USD,4.660164284017609,Complétée,New York,Maroc
id_transaction_00000224,Dépôt,69.6906561881737,GBP,-5.694727121161027,Complétée,Tokyo,Maroc
id_transaction_00000803,Carte,11248.306111694405,GBP,1.4709868683331058,En cours,Washington DC,UE
id_transaction_00000592,Dépôt,1311.7017418546388,USD,10.529327149983917,Complétée,Francfort,Royaume-Uni
id_transaction_00000736,Retrait,-689.5317620915076,JPY,0.3007327739132464,Complétée,Paris,UE
id_transaction_00000070,Virement International,4392.054677136536,USD,18.272563986627663,Rejetée,New York,Maroc
id_transaction_00000110,Carte,1562.2536548391868,EUR,13.407912854435693,Complétée,Pékin,USA
id_transaction_00000988,Dépôt,12737.306992383403,CNY,-7.663645454830909,Complétée,Johannesburg,Afrique du Sud
id_transaction_00000324,Carte,4550.539207050854,MAD,-4.306238422855308,Complétée,Pékin,Royaume-Uni
id_transaction_00000545,Retrait,2082.9815708501555,USD,13.181056098367836,Rejetée,Tokyo,Allemagne
id_transaction_00000021,Retrait,-299.277167346139,GBP,-5.423234805607621,En attente,Londres,Royaume-Uni
id_transaction_00000085,Prélèvement,-38.68083833833896,CNY,2.3982247491551982,En attente,Londres,USA
id_transaction_00000789,Carte,278.67974292498695,USD,-7.979869537995566,Complétée,Londres,Royaume-Uni
id_transaction_00000657,Retrait,-142.9079426938971,EUR,4.336845603208458,Complétée,New York,Chine
id_transaction_00000239,Dépôt,1581.832196669497,JPY,17.690527875997883,Complétée,Paris,Royaume-Uni
id_transaction_00000264,Retrait,-523.4892872157536,USD,-2.25021265087463,Complétée,Francfort,USA
id_transaction_00000914,Virement International,787.543767291005,ZAR,11.497603809425495,Complétée,Casablanca,Royaume-Uni
id_transaction_00000800,Retrait,-271.3458310377172,JPY,-4.784754590230425,Complétée,Johannesburg,Maroc
id_transaction_00000073,Prélèvement,5193.558409510529,MAD,6.6536778867913515,En attente,New York,Royaume-Uni
id_transaction_00000395,Retrait,4418.257793737231,JPY,-7.020392915551734,En attente,Paris,Royaume-Uni
id_transaction_00000674,Carte,7887.889206637952,MAD,9.811383031449303,Complétée,New York,France
id_transaction_00000319,Prélèvement,23.479865770946276,USD,2.024091892746118,Complétée,Paris,France
id_transaction_00000918,Carte,1066.6691149910496,CNY,-1.86567228003421,Complétée,Tokyo,Japon
id_transaction_00000815,Dépôt,576.4492334170355,CNY,-1.7708476472237944,Complétée,New York,France
id_transaction_00000716,Retrait,45316.77020524259,USD,2.9107021343609008,Rejetée,Paris,Maroc
id_transaction_00000806,Dépôt,-239.44050680687485,JPY,-15.319688666717916,En attente,Rabat,Maroc
id_transaction_00000097,Carte,-444.41041147652334,EUR,555.3674408781679,Rejetée,Washington DC,Allemagne
id_transaction_00000487,Carte,365.0432857564024,JPY,-0.22726994703551906,Rejetée,Londres,Maroc
id_transaction_00000960,Virement,22057.144553130758,ZAR,12.573141004092367,Rejetée,Washington DC,Royaume-Uni
id_transaction_00000061,Carte,159.25919937551976,MAD,8.104981346397278,Complétée,Casablanca,Allemagne
id_transaction_00000432,Retrait,5438.983694505201,MAD,5.4667737266406755,Rejetée,Casablanca,Maroc
id_transaction_00000115,Retrait,1294.714008016467,CNY,14.651574750933666,Complétée,Tokyo,Royaume-Uni
id_transaction_00000044,Carte,-162.7441270218743,MAD,-12.50636063327898,En attente,Washington DC,France
id_transaction_00000004,Virement,1745.879703285268,EUR,3.4162245990837725,Complétée,Washington DC,Afrique du Sud
id_transaction_00000760,Retrait,1570.8732649647131,ZAR,-1.8184806911257283,Complétée,Pékin,Afrique du Sud
id_transaction_00000070,Virement,1043.111062196513,CNY,0.15885936113093724,Rejetée,Londres,France
id_transaction_00000672,Virement International,236.95596655462813,CNY,-14.399219428406106,Complétée,Rabat,Japon
id_transaction_00000813,Dépôt,413.3237115479113,USD,6.198502336849573,Complétée,Londres,USA
id_transaction_00000335,Dépôt,984.5195148612687,USD,22.82161989605995,Complétée,Pékin,France
id_transaction_00000584,Dépôt,1104.1975585827595,USD,8.66797100410012,Complétée,Casablanca,Chine
id_transaction_00000276,Carte,1587.2144612392744,MAD,2.626179380240823,Complétée,Tokyo,Royaume-Uni
id_transaction_00000737,Prélèvement,-51.20428101012607,CNY,2.05604927570858,Complétée,Pékin,Chine
id_transaction_00000424,Virement International,-178.2781771619102,JPY,-1.90397614224704,Complétée,Rabat,Royaume-Uni
id_transaction_00000384,Carte,-379.5648074226524,MAD,-0.5943806124363764,Complétée,Johannesburg,Maroc
id_transaction_00000740,Retrait,381.9028404838389,USD,2.05503808822074,Complétée,Casablanca,Maroc
id_transaction_00000574,Retrait,4369.606259635901,CNY,9.667624039620044,En attente,Casablanca,Maroc
id_transaction_00000985,Virement,996.2781603444404,EUR,12.073796779670882,En attente,New York,Allemagne
id_transaction_00000706,Carte,103.80873219791152,GBP,-1.3155948050768629,Complétée,Paris,Royaume-Uni
id_transaction_00000972,Retrait,7695.691025856526,ZAR,6.615106320457917,Complétée,Paris,Japon
id_transaction_00000048,Virement,355.6876314162282,JPY,-6.580077387087914,Complétée,Johannesburg,Royaume-Uni
id_transaction_00000485,Prélèvement,486.693376467678,USD,13.555136340958175,En attente,New York,Chine
id_transaction_00000403,Dépôt,1167.434134953177,USD,2.5029588189128535,Complétée,Paris,Maroc
id_transaction_00000978,Retrait,-883.0571544553703,CNY,-4.484767632613823,Complétée,Washington DC,Afrique du Sud
id_transaction_00000697,Dépôt,792.0527687247812,USD,0.9282903605194104,Complétée,New York,Maroc
id_transaction_00000780,Carte,952.6191455345181,CNY,-0.9840661136658682,Complétée,Londres,France
id_transaction_00000521,Retrait,427.51195844559993,USD,-1.3064740743267782,Complétée,Paris,Chine
id_transaction_00000092,Retrait,522.1757108019957,ZAR,7.849133624576084,Complétée,Francfort,Japon
id_transaction_00000698,Virement,4375.748654510953,GBP,4.825296167776968,Complétée,New York,Royaume-Uni
id_transaction_00000538,Virement International,-682.1186062070809,CNY,-5.650850202833351,Complétée,Londres,USA
id_transaction_00000162,Dépôt,1305.7186177433477,CNY,9.99344588549139,Complétée,Tokyo,Maroc
id_transaction_00000986,Dépôt,-666.5074066619273,USD,-7.040200765598477,Complétée,New York,USA
id_transaction_00000961,Dépôt,2222.824138716085,USD,9.201314779277276,En attente,Pékin,USA
id_transaction_00000232,Retrait,-558.9468905785737,MAD,-3.471155900439407,En attente,Tokyo,Royaume-Uni
id_transaction_00000735,Prélèvement,580.0558326206298,GBP,-1.0730145345486797,Complétée,Londres,Royaume-Uni
id_transaction_00000148,Retrait,4114.292338048523,USD,17.11508101981067,Complétée,Casablanca,Allemagne
id_transaction_00000595,Prélèvement,12551.97307752896,MAD,4.633764674108359,Complétée,Washington DC,USA
id_transaction_00000096,Carte,2641.2509203931886,JPY,-1.338029337388849,En cours,Washington DC,Japon
id_transaction_00000072,Prélèvement,1549.6726239224413,JPY,4.71662999801201,En attente,Washington DC,Maroc
id_transaction_00000465,Retrait,1165.052816311741,USD,-4.145564839926181,Complétée,New York,Chine
id_transaction_00000852,Retrait,214.14153647575213,USD,730.7592032384161,Complétée,New York,Japon
id_transaction_00000035,Retrait,3782.8040985296166,JPY,-3.161876841348815,Complétée,Francfort,Royaume-Uni
id_transaction_00000096,Carte,31628.092686539625,JPY,9.74057635635304,Complétée,Casablanca,Japon
id_transaction_00000100,Retrait,270.7096829177676,MAD,-13.597845828032817,Complétée,Rabat,Japon
id_transaction_00000644,Virement International,-360.2162166254643,JPY,2.5058971754186494,Complétée,Washington DC,USA
id_transaction_00000567,Virement,1477.3026109032066,CNY,1.351811307498492,Complétée,Tokyo,France
id_transaction_00000699,Virement,955.5367711306683,USD,-2.6086565676185565,Complétée,New York,Maroc
id_transaction_00000477,Carte,544.4643887820471,GBP,14.603235178608614,En cours,Paris,Afrique du Sud
id_transaction_00000920,Carte,923.4755996820618,USD,-3.8513633980353488,Complétée,Londres,France
id_transaction_00000198,Virement International,-686.8424878956533,USD,-5.2255501571547756,Rejetée,Washington DC,USA
id_transaction_00000423,Virement International,965.1462269639977,EUR,-2.8719396241961013,En cours,Washington DC,Japon
id_transaction_00000236,Prélèvement,211.18804589021846,USD,-0.2816120044531587,Complétée,Johannesburg,Japon
id_transaction_00000708,Retrait,154.289217665354,USD,-3.075738499470863,Complétée,Casablanca,USA
id_transaction_00000599,Retrait,-96.88729672119462,USD,-6.9544472562233315,Complétée,Casablanca,Chine
id_transaction_00000706,Carte,760.7587364311773,CNY,0.3637115149485348,Complétée,Casablanca,Royaume-Uni
id_transaction_00000882,Carte,12844.753147770512,USD,2.8392415446602635,Complétée,Casablanca,USA
id_transaction_00000238,Prélèvement,-499.4579249498803,USD,-7.187075497665293,En attente,Casablanca,UE
id_transaction_00000944,Virement International,-296.7836892822893,JPY,-7.666821325147029,Rejetée,Londres,USA
id_transaction_00000313,Dépôt,-647.4152321514929,ZAR,-6.437217339933178,En attente,New York,Chine
id_transaction_00000193,Dépôt,577.9078139539812,JPY,-4.1979471578666425,Complétée,Londres,UE
id_transaction_00000181,Virement,554.0509088288577,USD,6.4574229562273455,Complétée,Pékin,Royaume-Uni
id_transaction_00000238,Virement,4345.997665990412,EUR,9.854541395338146,Complétée,Paris,Japon
id_transaction_00000582,Retrait,950.2890631751352,EUR,5.184983156453632,Complétée,Londres,Royaume-Uni
id_transaction_00000889,Retrait,-649.7027720140246,EUR,2.941055296935692,Complétée,Johannesburg,France
id_transaction_00000698,Virement,821.8472651023051,CNY,1.7357619024850037,Complétée,Tokyo,USA
id_transaction_00000492,Dépôt,-1003.7242434858214,USD,0.5690958199614178,Complétée,Tokyo,Chine
id_transaction_00000875,Prélèvement,1641.584701259576,CNY,-4.2358240965216725,Rejetée,Pékin,Maroc
id_transaction_00000267,Carte,163.78743977284017,GBP,-12.011704550649487,En attente,Washington DC,Royaume-Uni
id_transaction_00000978,Virement,370.6328724167264,EUR,412.32546396061554,En attente,Londres,USA
id_transaction_00000918,Retrait,-9.38330335715284,MAD,2.3564075365603108,En attente,Paris,UE
id_transaction_00000513,Carte,-496.26309569590387,GBP,-2.3837710759596034,Complétée,Washington DC,Royaume-Uni
id_transaction_00000892,Prélèvement,-489.7082995250148,CNY,-30.368002045501996,Complétée,New York,Royaume-Uni
id_transaction_00000936,Carte,19079.95866517023,USD,4.401513373096392,Complétée,Tokyo,Chine
id_transaction_00000636,Virement International,238.31351350032588,USD,4.402758003087155,Complétée,Casablanca,Royaume-Uni
id_transaction_00000590,Virement,674.9310490577113,USD,16.428717218537525,Complétée,Londres,Maroc
id_transaction_00000199,Virement International,670.3562983692474,ZAR,5.989091007731405,Complétée,Tokyo,France
id_transaction_00000102,Virement,65617.670144281,MAD,-6.081704263435227,En attente,Paris,Chine
id_transaction_00000287,Virement International,-138.86481837531983,USD,-2.9264189786264607,En attente,Tokyo,USA
id_transaction_00000046,Virement International,311.14991654475375,USD,-7.659078575364021,Complétée,New York,Afrique du Sud
id_transaction_00000770,Dépôt,3049.975826057645,USD,-6.4546059564857226,Complétée,Casablanca,USA
id_transaction_00000424,Dépôt,-251.713494560894,JPY,-10.931892608480748,En cours,Johannesburg,Japon
id_transaction_00000330,Dépôt,-254.79645137092143,CNY,-2.0641601661198647,Complétée,Casablanca,Royaume-Uni
id_transaction_00000248,Virement,63.076130196864824,GBP,-8.513882761380728,Complétée,Tokyo,Royaume-Uni
id_transaction_00000737,Retrait,-13.876782005453833,GBP,-8.092751734482544,Complétée,Francfort,Royaume-Uni
id_transaction_00000839,Carte,2000.5882981150244,MAD,-11.112974340074278,Complétée,Londres,Royaume-Uni
id_transaction_00000862,Carte,346.92623056471666,CNY,-1.3714125548392442,En cours,New York,USA
id_transaction_00000128,Dépôt,649.4290673863567,GBP,-3.6437632996274063,Complétée,Francfort,France
id_transaction_00000234,Virement International,-474.32471588658075,USD,-11.810942244342172,Complétée,Washington DC,USA
id_transaction_00000082,Dépôt,979.1600893025395,USD,22.24845397418624,Complétée,Pékin,Maroc
id_transaction_00000728,Dépôt,632.0725802952236,CNY,12.006607429884195,Complétée,New York,Maroc
id_transaction_00000515,Carte,-929.0790778642842,USD,-3.6971968917747526,Complétée,Francfort,Maroc
id_transaction_00000086,Virement International,441.18459652347036,ZAR,3.995985537865912,Complétée,Londres,Japon
id_transaction_00000742,Retrait,1704.3247807559142,USD,-6.83756941601582,En cours,Casablanca,UE
id_transaction_00000201,Virement,1086.244907367468,CNY,7.067224130633752,Complétée,Rabat,Royaume-Uni
id_transaction_00000316,Carte,350.0791366848533,USD,-9.445480072898661,Complétée,Casablanca,Allemagne
id_transaction_00000928,Dépôt,902.9710839545073,JPY,-3.0658085180801153,Complétée,Paris,USA
id_transaction_00000802,Virement,457.5572956330806,GBP,-3.0385415317875877,En cours,Paris,Japon
id_transaction_00000633,Dépôt,885.8139930428833,USD,321.4471445264886,En cours,Washington DC,USA
id_transaction_00000552,Prélèvement,1312.2804591684924,EUR,7.129967863278656,En cours,Pékin,Afrique du Sud
id_transaction_00000852,Virement,-500.1144497420511,USD,-17.62774364998902,Complétée,Paris,Japon
id_transaction_00000737,Carte,-860.765969990632,GBP,71.71161160833444,Complétée,Londres,Allemagne
id_transaction_00000195,Dépôt,981.0724341792334,GBP,-2.2948547244520254,En attente,Washington DC,USA
id_transaction_00000214,Carte,1106.110415035008,EUR,-12.120942864375525,Complétée,New York,Maroc
id_transaction_00000160,Virement,326.08906512340036,GBP,9.53426654921427,Complétée,Johannesburg,USA
id_transaction_00000695,Carte,522.9446209481093,GBP,4.937054965280535,Complétée,Londres,Royaume-Uni
id_transaction_00000887,Retrait,-566.4354539096483,GBP,10.29442398723631,En cours,New York,USA
id_transaction_00000242,Carte,24388.29585549059,EUR,8.395917223938131,En attente,Francfort,Royaume-Uni
id_transaction_00000890,Carte,1413.203107017042,JPY,4.473553341158187,Complétée,Londres,Royaume-Uni
id_transaction_00000992,Dépôt,352.58405360932124,CNY,-2.586585321197891,En attente,Rabat,Maroc
id_transaction_00000291,Retrait,565.2511985571784,EUR,0.7302579597788723,Complétée,New York,Maroc
id_transaction_00000191,Virement International,9227.056734600912,USD,-3.8235211673245653,Complétée,Londres,France
id_transaction_00000043,Prélèvement,219.9234256735942,GBP,-11.560087573919684,Complétée,Pékin,Chine
id_transaction_00000087,Prélèvement,736.879427784623,GBP,9.799921236307151,En attente,Washington DC,France
id_transaction_00000562,Prélèvement,596.6515774153631,CNY,1.2160897028372029,Rejetée,Pékin,Maroc
