id,nom,prenom,genre,age,pays,ville,type_etablissement,etablissement,niveau,email,moyenne,absence,diplome
STU_001584,Bennani,Rachid,m,10,Allemagne,Málaga,Middle School,Oxford High School,4º Primaria,sofía.perez128@edu,21.54396529002622,7,Máster
STU_000103,Garcia,Charlotte,m,8,UK,Vancouver,Secondary School,Eton College,Grade 9,martín.garcía669@school.edu,24.920850824789017,10,High School Diploma
STU_001580,Martin,Jules,f,13,France,Oujda,Université,École Ibn Sina,3ème AC,marie.schmidt272@edu,8.772157615705314,9,Baccalauréat
STU_000902,Martín,Clara,f,6,USA,Los Angeles,Middle School,Stanford University,Grade 2,arthur.durand173@school.edu,12.137016053230514,5,Master
STU_000994,Sqalli,Sophie,f,5,Maroc,Oujda,Lycée,Lycée Henri IV,Master 1,ali.alaoui413@edu,10.132648863450292,9,Doctorat
STU_001318,González,Isabella,f,10,Espagne,Sevilla,Primaria,Einstein Grundschule,Year 2,ben.schneider851@edu,12.56860184027745,12,Doctorado
STU_001674,Taylor,Emma,m,7,Canada,Manchester,Elementary School,King's Primary School,Grade 12,salma.sqalli64@school.edu,22.775730025691843,9,Bachelor's Degree
STU_001956,Petit,Alexander,f,10,Maroc,Vancouver,Universidad,TU Berlin,2º Bachillerato,john.smith294@school.edu,9.919316888875512,9,Máster
STU_000773,Wagner,Paula,m,21,Allemagne,München,Gymnasium,St. Mary's Primary,2ème AC,rachid.chakir252@school.edu,18.588177826276688,7,Baccalauréat
STU_000002,García,Álvaro,f,9,Espagne,Valencia,Universidad,North High School,2º Curso,zineb.tazi929@school.edu,10.07723350768885,17,Licence
STU_001586,Fassi,Noah,m,15,Maroc,Rabat,Lycée,Lycée Moulay Youssef,Terminale,ethan.roy289@school.edu,23.12704905721261,5,Brevet
STU_000522,Hoffmann,Isabella,f,19,Allemagne,Leipzig,Grundschule,Kant-Gymnasium,Third Year,lea.leroy678@school.edu,10.217953815425354,5,Bachelor
STU_001245,Leroy,Mohamed,m,7,USA,Boston,École Primaire,UCL,Klasse 2,emily.evans650@school.edu,20.878611907153534,1,Licence
STU_001770,Martin,Emily,m,8,Canada,Oxford,University,Montreal High School,Grade 10,arthur.thomas567@school.edu,25.95882977300345,1,PhD
STU_000433,López,Youssef,f,19,Espagne,Zaragoza,Universidad,École Hassan II,1º Curso,mehdi.sqalli474@school.edu,12.571849863275018,7,Máster
STU_000216,Davies,Benjamin,m,9,USA,Ottawa,Elementary School,UBC,Year 2,sophia.garcia765@school.edu,17.820913186882855,3,Master's
STU_001565,Johnson,Olivia,m,8,UK,Vancouver,Secondary School,Pine Elementary,Grade 3,evelyn.rodriguez188@edu,19.834748314390858,7,A-Level
STU_000671,Brown,Inès,f,8,UK,Edmonton,University,McGill University,First Year,william.davies274@school.edu,11.409690939255965,5,A-Level
STU_001675,Williams,Ahmed,m,5,Espagne,Agadir,Secondary School,Westminster Primary,Grade 9,felix.schmidt227@school.edu,24.41135362436399,10,Baccalauréat
STU_000793,Moreau,Ikram,f,14,Maroc,Bordeaux,Lycée,Collège Averroès,2ème Bac,lukas.becker272@school.edu,9.544320488060933,9,Master's Degree
STU_000539,Jones,Daniel,m,6,Canada,Oxford,Primary School,Universität Hamburg,Grade 2,harry.brown135@school.edu,26.157822775444004,9,PhD
STU_001669,El Amrani,Lucas,m,8,Maroc,Frankfurt,École Primaire,Lycée Mohammed V,4º Primaria,liam.smith470@edu,19.765339540079527,6,Master
STU_001361,Weber,Manon,m,21,Maroc,Rabat,Université,Imperial College London,CM1,sophia.jones1@school.edu,20.012547123627414,14,Doctorat
STU_001798,Thomas,Camille,m,23,Maroc,Lille,Gymnasium,Université Cadi Ayyad,Second Year,mateo.gómez949@edu,24.044853078039594,8,Master
STU_001699,Dupont,Ava,m,7,USA,Boston,Elementary School,Westminster School,Grade 8,emily.roy866@school.edu,21.986072685029697,2,A-Level
STU_001736,Evans,Amelia,m,7,Canada,Edmonton,Secondary School,Oxford High School,Grade 4,alejandro.martín968@school.edu,19.564359705885092,6,Certificat Primaire
STU_001225,Schneider,Noah,f,6,Maroc,Sevilla,Lycée,Colegio Picasso,Klasse 8,ava.johnson571@edu,9.791499887950359,9,PhD
STU_000367,Williams,William,f,11,USA,Chicago,High School,McGill University,Klasse 3,daniel.rodriguez649@school.edu,12.178521202950787,1,Master's
STU_001585,García,Jules,m,6,Maroc,Málaga,Primaria,Lycée Mohammed V,2. Semester,louise.martin779@school.edu,21.08463832029939,5,Baccalauréat
STU_000495,Becker,Martín,m,14,France,Lille,École Primaire,University of Cambridge,Tronc Commun,noah.dupont784@school.edu,18.903297953718777,7,Master
STU_001916,Roy,Oliver,f,14,USA,Ottawa,Universität,McGill University,Grade 10,jonas.meyer218@school.edu,10.471828280201356,1,PhD
STU_001762,Fernández,Lina,f,17,Allemagne,München,Grundschule,Goethe-Gymnasium,1ère Bac,oliver.taylor901@edu,10.237893570176531,9,Abitur
STU_000367,Martínez,Matthew,f,15,USA,Frankfurt,Gymnasium,Collège Averroès,Grade 4,harper.smith995@school.edu,9.284965074685095,4,Master's Degree
STU_000045,Williams,Lukas,m,8,France,Frankfurt,High School,Lycée Condorcet,Klasse 5,emily.brown851@school.edu,24.327053323813153,8,Master
STU_001256,Bernard,Fatima,f,8,France,Lille,École Primaire,Collège Al Khawarizmi,Terminale,charlotte.anderson987@edu,8.877759906652392,1,Brevet
STU_001904,Schmidt,Ava,m,8,USA,Montreal,Elementary School,University of Cambridge,Grade 1,mia.jones197@school.edu,24.94960612226575,7,PhD
STU_001224,Tazi,Sanae,m,14,France,Oujda,École Primaire,École Élémentaire Victor Hugo,Freshman,charlie.wilson339@school.edu,19.709546179045546,13,Baccalauréat
STU_000031,Durand,Jonas,f,6,Allemagne,Marrakech,Secondary School,Franklin Middle School,Year 4,evelyn.rodriguez89@school.edu,9.60502005822097,9,PhD
STU_001042,Benjelloun,Louise,f,10,Allemagne,Bilbao,Primary School,Calgary High School,3º ESO,ines.simon769@school.edu,10.30621923293139,4,Master's Degree
STU_001572,Evans,Karim,m,11,Allemagne,Barcelona,Elementary School,Colegio Goya,Klasse 9,maría.fernández932@school.edu,24.73569924263107,3,PhD
STU_000046,Schmidt,Lina,f,5,Allemagne,Stuttgart,Universität,Collège Al Ghazali,Klasse 5,sophia.martin465@school.edu,12.447477995767361,12,Doktor
STU_000027,Williams,Mohamed,m,8,France,Strasbourg,Lycée,Colegio Goya,2ème Bac,jacob.thomas486@school.edu,25.44996547355606,0,PhD
STU_000693,Thomas,Valeria,f,15,Espagne,Paris,University,Collège Al Ghazali,Klasse 9,john.miller405@school.edu,11.806550344558834,7,Abitur
STU_000038,Hoffmann,Zineb,m,9,Canada,Houston,Elementary School,Lycée Henri IV,1ère année,luis.muller485@school.edu,17.501542843497333,7,Master
STU_000147,Meyer,Hugo,m,19,Maroc,Berlin,École Primaire,Washington Elementary,2ème année,sophia.rodriguez963@school.edu,25.783536802505342,8,Brevet
STU_001620,Evans,Mehdi,m,13,UK,Zaragoza,Middle School,Lincoln Elementary,Third Year,emily.macdonald707@school.edu,25.690564641676847,8,High School Diploma
STU_001190,Robert,Chloé,m,19,Maroc,Marrakech,Lycée,Lycée Hassan II,S3,john.brown488@school.edu,24.117307706057296,7,Master
STU_001627,López,Noah,m,5,USA,Manchester,Secondary School,Université Mohammed V,Grade 4,martín.martínez797@edu,18.415065500253938,19,PhD
STU_000145,Thomas,Salma,m,20,Allemagne,Oxford,Université,Einstein Grundschule,2ème Bac,jessica.smith764@school.edu,24.005469759871396,2,Licence
STU_001635,Schmidt,Finn,f,8,Allemagne,Los Angeles,Gymnasium,Goethe Grundschule,Klasse 9,ikram.idrissi716@school.edu,8.311289667853716,8,Doktor
STU_001706,Dupont,Oliver,m,8,Canada,Vancouver,Primary School,Imperial College London,Postgraduate,manon.petit165@school.edu,24.406496915999156,5,Licence
STU_000228,Idrissi,Ethan,m,12,France,Oujda,Université,Oak Elementary,1ère année,marie.hoffmann597@school.edu,23.594129333518698,2,Master
STU_001956,Rodríguez,Emilia,m,9,UK,Boston,Secondary School,UBC,Freshman,amina.alaoui551@edu,23.794690031557387,5,Bachelor's
STU_001094,Martin,Emma,m,8,Canada,Los Angeles,Gymnasium,Lycée Louis le Grand,Year 11,isabella.smith165@school.edu,19.60964514531657,9,Baccalauréat
STU_000215,Leroy,Salma,m,13,Maroc,Cambridge,Grundschule,Goethe-Gymnasium,Doctorat,alexander.smith732@school.edu,19.297620259366916,8,Máster
STU_000402,Fassi,Martina,f,14,Allemagne,Leipzig,Secundaria,Instituto Giner de los Ríos,1º Curso,leo.simon726@school.edu,9.236763954271838,2,Master
STU_000142,Anderson,Amelia,f,4,UK,Oxford,University,Toronto High School,Grade 10,george.smith293@school.edu,8.391541397283712,10,High School Diploma
STU_000056,Davis,Julia,m,12,Canada,Vancouver,Secondary School,Toronto High School,Grade 3,manon.simon623@edu,24.10453526793573,5,Master's
STU_001660,Idrissi,Paula,m,4,France,Fès,Grundschule,UC Berkeley,Klasse 12,john.smith294@school.edu,19.775617744504245,5,Máster
STU_001886,Müller,Sophia,m,8,France,Düsseldorf,Gymnasium,Kennedy Middle School,Klasse 4,thomas.evans665@school.edu,20.765941658211425,8,Abitur
STU_000326,Durand,Lucía,f,9,Canada,Bordeaux,Gymnasium,Mozart Grundschule,3. Semester,lucas.tremblay959@school.edu,12.071239709460043,3,Brevet
STU_000179,Williams,Oscar,m,8,USA,Birmingham,Middle School,Pine Elementary,3ème AC,chloe.thomas799@school.edu,20.319435554653168,6,PhD
STU_001622,MacDonald,Emilia,f,21,Espagne,Zaragoza,Primaria,Universität Heidelberg,1ère AC,lina.meyer385@school.edu,12.858519134540048,9,ESO
STU_000844,Moreau,Karim,f,13,Maroc,Hamburg,Université,Eton College,S2,harper.brown110@school.edu,10.335763204833462,0,Licence
STU_001819,MacDonald,Ava,m,8,USA,Strasbourg,Lycée,St. Mary's Primary,Third Year,daniel.williams720@school.edu,25.263941480834827,11,High School Diploma
STU_000613,Meyer,Leo,m,18,Allemagne,Bilbao,Universität,Einstein Grundschule,Klasse 3,harry.smith379@school.edu,18.89142611462126,9,Abitur
STU_000147,Schulz,Liam,f,9,Maroc,Lille,Lycée,Lycée Janson de Sailly,Tronc Commun,ines.petit679@edu,12.617733943171126,0,Brevet
STU_000567,Meyer,Zineb,m,10,France,Frankfurt,Université,Humboldt-Gymnasium,5ème,leo.simon402@school.edu,19.38553231987261,1,Máster
STU_001763,Petit,Alexander,m,8,UK,Edmonton,Elementary School,Harvard University,Grade 2,harry.brown135@school.edu,18.749291929932674,10,Master's Degree
STU_001794,Davis,Amina,m,8,Allemagne,Toulouse,École Primaire,Roosevelt Elementary,Grade 7,john.brown488@school.edu,19.229949931463644,4,Brevet
STU_001388,Garcia,John,m,7,UK,Boston,Secondary School,Universität München,Grade 6,amelia.johnson985@school.edu,24.764658805795882,6,PhD
STU_000207,Gómez,Mehdi,m,14,Maroc,Granada,Lycée,Yale University,1ère Bac,emilia.schneider240@school.edu,24.865600058620394,1,Baccalauréat
STU_001710,Davis,Chloe,m,20,Allemagne,Rabat,Universität,King's Primary School,6. Semester,paul.schulz488@school.edu,24.062220997749936,2,Bachillerato
STU_000631,Meyer,Ethan,m,9,Allemagne,Quebec City,Universität,Kant-Gymnasium,4ème,alexander.anderson877@school.edu,21.77232902707987,5,Doktor
STU_001827,Chakir,Harry,f,5,Allemagne,Hamburg,Lycée,Oak Elementary,CP,mia.roy199@school.edu,10.15785478935425,9,Doctorado
STU_001361,Taylor,Sophie,m,10,France,Seattle,Universität,Universität Heidelberg,4º Curso,sanae.elamrani723@edu,23.82849563063917,9,Master
STU_001151,MacDonald,John,f,23,Espagne,Málaga,Primaria,Instituto Ramón y Cajal,Graduate,joseph.rodriguez694@school.edu,9.393740162889875,9,Abitur
STU_001760,Sqalli,Charlie,m,21,France,Paris,Université,Eton College,1ère AC,thomas.evans665@school.edu,17.76457294948886,9,Doctorat
STU_001012,Johnson,Amelia,m,7,Canada,Liverpool,University,Westminster Primary,Third Year,ava.williams779@school.edu,18.84689078659346,8,Bachelor's
STU_001959,Fassi,Finn,m,7,France,Rabat,Lycée,Lycée Mohammed V,1ère AC,amelia.williams880@school.edu,18.002386211177885,6,Licence
STU_001175,Hoffmann,Noah,f,9,Allemagne,Köln,Grundschule,Universität Heidelberg,3. Semester,elias.schulz114@school.edu,9.816917629529941,9,Bachelor
STU_001820,Hoffmann,Anna,f,9,Allemagne,Hamburg,Grundschule,Universität Heidelberg,Year 4,ikram.alaoui178@edu,12.674664130698634,6,Bachelor
STU_000496,Anderson,Hugo,m,8,France,Bordeaux,Secondary School,École Al Massira,1ère AC,sofía.sánchez167@school.edu,24.780789093849364,5,Bachelor
STU_001872,Sánchez,Lucas,f,9,France,Rabat,École Primaire,Sorbonne Université,Seconde,sophia.muller299@school.edu,9.858950390822022,-1,Licence
STU_000206,Taylor,Mohamed,m,7,Canada,Marrakech,Lycée,Cedar Elementary,1. Semester,mia.martin228@school.edu,19.960713658661767,10,Bachelor's Degree
STU_001931,Meyer,Lukas,m,8,Allemagne,Stuttgart,Universität,Lycée Descartes,S2,sofía.sánchez167@school.edu,18.820656823980418,7,Máster
STU_000383,Meyer,Sofía,m,24,Maroc,Granada,High School,École Mohammed V,1º Bachillerato,youssef.elamrani277@school.edu,18.075178168140507,8,Baccalauréat
STU_000544,Wilson,Thomas,m,7,Canada,Barcelona,Secondary School,Universität Heidelberg,3. Semester,anna.hoffmann699@school.edu,20.655352419389047,8,High School Diploma
STU_000691,Thomas,Sanae,m,21,USA,Stuttgart,Collège,Schiller Grundschule,1ère AC,ava.evans972@school.edu,23.306316335604677,8,ESO
STU_000051,Smith,Amelia,m,8,UK,Edinburgh,University,McGill University,5ème année,thomas.thomas560@edu,18.923552842012338,6,High School Diploma
STU_001819,Martínez,Mateo,f,20,Espagne,Sevilla,Primaria,Universidad Complutense,1º ESO,ethan.wilson326@school.edu,12.665809473726851,2,Grado
STU_001628,Rodríguez,Louis,f,9,Espagne,Sevilla,Primaria,Colegio Cervantes,1º Curso,charlie.brown50@school.edu,9.004440210735613,9,Grado
STU_000118,Moreau,Valeria,m,12,Espagne,Fès,Université,Cambridge High School,Terminale,isabella.taylor333@school.edu,25.061381895237957,1,Master
STU_001847,Bernard,Leon,f,22,Maroc,Granada,Primaria,Colegio Goya,Première,karim.benali419@school.edu,8.957120233523828,3,Máster
STU_000194,Williams,Emily,m,3,France,Casablanca,École Primaire,École Mohammed V,4º Primaria,lucas.tremblay826@school.edu,20.03836887942598,9,Baccalauréat
STU_001708,Taylor,Emily,f,7,Canada,London,Secondary School,Eton College,Grade 12,ines.simon258@school.edu,12.959866188579632,9,High School Diploma
STU_001037,Alaoui,Alejandro,m,19,Canada,Nantes,Grundschule,Instituto Ramón y Cajal,1º Bachillerato,isla.thomas683@school.edu,24.80543028677502,5,Master
STU_001323,Thomas,Daniela,m,14,Canada,Vancouver,Secondary School,École Jules Ferry,Graduate,david.davis576@edu,24.756430238528175,5,PhD
STU_001705,Martín,Pablo,f,11,Espagne,Sevilla,Primaria,Collège Pierre et Marie Curie,3º Primaria,emma.tremblay543@edu,11.633953123979243,18,Doctorado
STU_001790,Miller,Fatima,f,13,UK,Boston,Secondary School,Université Paris-Saclay,Klasse 12,elias.weber252@school.edu,8.998040021025805,6,Master
STU_000852,González,Sofía,f,22,Espagne,Casablanca,Primaria,Colegio Velázquez,Tronc Commun,jonas.fischer509@school.edu,10.389820738741358,8,ESO
STU_000714,Roy,María,m,6,France,Oxford,Université,Université Mohammed V,6ème,karim.fassi657@edu,17.601559536702055,6,Brevet
STU_001367,Bennani,Noah,m,9,Maroc,Barcelona,Lycée,Einstein Grundschule,Licence 3,isabella.johnson956@school.edu,18.65044632902145,10,Brevet
STU_001055,Tremblay,Jack,m,14,Maroc,Montreal,Collège,Lycée Mohammed V,Master 1,sophia.williams800@school.edu,19.766241437900916,7,Master
STU_000353,Brown,Charlotte,f,8,USA,Chicago,University,Colegio Picasso,Year 13,harry.davies592@school.edu,12.486715622612476,4,PhD
STU_001370,Petit,Matthew,m,15,France,Lyon,Université,Universidad de Salamanca,Tronc Commun,mia.becker530@school.edu,21.10048331971943,16,Brevet
STU_000980,Gómez,Jules,f,9,Allemagne,Granada,Collège,Collège Averroès,Klasse 8,emma.tremblay916@edu,11.71926718790532,8,Bachelor's
STU_000948,Taylor,Charlotte,m,9,Allemagne,Marseille,Middle School,Universidad Complutense,Klasse 1,julia.martín873@edu,18.374577462920357,9,Master
STU_001609,Meyer,Louise,f,9,France,Toronto,Universität,Université Paris-Saclay,5. Semester,james.rodriguez718@school.edu,12.169097803786752,7,Bachelor's
STU_000605,Fassi,Noah,f,23,Maroc,Málaga,Collège,Lycée Condorcet,3ème AC,leo.gómez977@school.edu,8.924398092076338,6,Doctorat
STU_001585,Hoffmann,Elias,m,9,Allemagne,München,Gymnasium,Kennedy Middle School,Klasse 5,amelia.brown215@school.edu,20.186822750720832,8,Abitur
STU_000845,Fernández,Sophie,f,7,Canada,Lyon,University,Kennedy Middle School,CM1,sofía.martín825@school.edu,12.659346561959367,3,Master
STU_000792,Benjelloun,Pablo,m,14,France,Fès,Secondary School,Université Ibn Tofail,2ème Bac,alejandro.martínez717@school.edu,23.462425208783106,2,Baccalauréat
STU_001750,Martin,Jessica,f,12,UK,London,Primary School,University of Oxford,Grade 3,emma.martin121@school.edu,11.229387571988038,2,Master's
STU_000662,Brown,Julia,m,4,Canada,Toulouse,Secondary School,Pine Elementary,Year 9,ava.brown103@edu,19.999314255552367,19,Bachelor's Degree
STU_001113,Smith,Noah,m,6,Maroc,Montreal,Secondary School,Vancouver High School,Grade 10,lucía.martínez187@school.edu,20.98350782402415,6,Master
STU_001250,Wagner,Evelyn,m,9,Allemagne,München,Gymnasium,Roosevelt Elementary,3. Semester,laila.benali435@school.edu,24.302460032804625,8,Doktor
STU_001445,Johnson,Ben,f,9,USA,Liverpool,Secondary School,Schiller-Gymnasium,Grade 6,lucía.rodríguez818@school.edu,12.130323063342928,8,Baccalauréat
STU_000091,Schulz,Mia,m,10,France,Barcelona,Primaria,École Al Massira,Grade 11,thomas.smith255@school.edu,24.717463497677638,7,Bachelor's Degree
STU_001452,Schneider,Emma,m,11,Allemagne,Düsseldorf,Grundschule,Lycée Mohammed V,Klasse 5,leo.thomas443@school.edu,20.31215874343041,5,Bachelor
STU_001111,Anderson,Noah,m,7,Allemagne,Stuttgart,Grundschule,Roosevelt Elementary,Klasse 12,finn.schmidt916@edu,19.20016798107222,5,High School Diploma
STU_000335,Schneider,Jacob,m,8,Canada,Bristol,High School,Mozart Grundschule,First Year,jessica.brown400@school.edu,23.55363666391147,3,Máster
STU_001057,Bernard,Ikram,f,22,Maroc,Lille,Collège,Université Mohammed V,Tronc Commun,elias.becker61@school.edu,9.981150312299969,16,Doctorat
STU_001456,Evans,Michael,m,4,Canada,Düsseldorf,High School,Schiller-Gymnasium,Sophomore,sophie.johnson146@school.edu,18.70104698594553,3,Bachelor's Degree
STU_001564,Benjelloun,Sophie,m,14,Maroc,Tanger,Universität,Sorbonne Université,4º Curso,sarah.dupont873@edu,19.601682287335517,8,Brevet
STU_000463,Pérez,Marie,m,7,Maroc,Edmonton,Secondary School,Colegio Velázquez,Grade 6,daniela.fernández489@school.edu,24.98787652749916,1,Master
STU_000054,Brown,William,m,8,Canada,Cambridge,Secondary School,Vancouver High School,Grade 6,valeria.martín38@school.edu,20.460573866035666,9,Bachelor's Degree
STU_000445,Fernández,Sarah,m,11,USA,Stuttgart,High School,Lincoln Elementary,Year 1,mia.weber242@edu,24.72728935371886,0,GCSE
STU_000813,Thomas,Álvaro,f,11,UK,Quebec City,Secondary School,École Ibn Sina,Second Year,ikram.bennani399@school.edu,12.629546481476616,1,PhD
STU_000013,Johnson,Hugo,m,17,Canada,Oxford,High School,Harvard University,6. Semester,thomas.williams117@school.edu,20.15014234396389,8,Bachelor's
STU_000466,Williams,Amelia,m,7,USA,Bristol,École Primaire,Maple Elementary,S2,alejandro.garcía590@edu,23.85624523605262,3,Bachelor
STU_000248,Wilson,William,m,6,Canada,Toronto,Primary School,UCL,Grade 1,amelia.taylor335@edu,24.058410392336107,9,Bachelor's Degree
STU_000659,Robert,Sanae,m,10,Maroc,Tanger,Collège,Université Paris-Saclay,Master 1,jack.anderson560@school.edu,19.820414345437143,3,Baccalauréat
STU_001428,Taylor,Camille,m,15,Maroc,Frankfurt,Université,Collège Pierre et Marie Curie,3º Curso,thomas.brown576@school.edu,24.596742096624315,2,Licence
STU_000179,Gómez,Louise,f,8,Canada,Nantes,Universität,École Élémentaire Victor Hugo,CM1,thomas.jones738@school.edu,12.666074671646303,4,Bachelor
STU_001095,Fassi,Matthew,f,9,Allemagne,Nantes,Primaria,East High School,1. Semester,liam.martin933@school.edu,10.096264445645112,7,Master
STU_001073,Martinez,Sarah,m,21,USA,Toronto,Université,LSE,CE2,daniela.martínez132@edu,19.206264967387366,8,Master
STU_001715,Becker,Youssef,m,8,Canada,Düsseldorf,École Primaire,Imperial College London,Klasse 9,clara.petit1@school.edu,20.439154505110167,5,Master
STU_001226,Smith,Charlie,m,8,UK,Houston,Elementary School,University of Toronto,Master 1,sofía.martínez182@edu,24.499967083028285,7,Master
STU_000145,Meyer,Michael,f,9,Maroc,Tanger,Gymnasium,Université Hassan II,Klasse 5,salma.sqalli64@school.edu,9.850661306193071,4,Master
STU_000718,Jones,Emilia,m,25,USA,Cambridge,Université,University of Toronto,Máster,harry.brown135@school.edu,17.493841652285003,3,Doctorado
STU_001236,Martínez,Mathis,f,11,Espagne,Málaga,Primaria,Colegio Picasso,3º Primaria,william.smith435@school.edu,12.207694773514797,9,ESO
STU_001355,García,Leo,m,10,Espagne,Málaga,Primaria,Instituto Giner de los Ríos,3º Primaria,arthur.moreau100@school.edu,17.613518598055816,11,Doctorado
STU_001285,Fischer,Álvaro,f,11,Allemagne,Lille,Universität,Collège Al Khawarizmi,CE2,clara.dupont234@school.edu,12.517304347352649,5,High School Diploma
STU_000664,Johnson,William,m,4,Allemagne,Paris,Secondary School,Colegio Velázquez,2º ESO,zineb.bennani171@school.edu,18.114950092949883,11,High School Diploma
STU_001125,Johnson,Amelia,m,8,UK,Edinburgh,University,Cambridge High School,Grade 11,william.johnson571@school.edu,21.588278410768098,8,PhD
STU_001709,Durand,Aicha,m,7,USA,Edmonton,High School,Westminster School,1ère Bac,ikram.sqalli428@school.edu,25.59529616718362,8,PhD
STU_000171,Idrissi,Emily,m,8,Espagne,Granada,Primary School,Mozart Grundschule,5. Semester,jonas.schulz116@school.edu,19.651697309110553,8,PhD
STU_000693,Wilson,Manon,f,7,Canada,Nantes,Elementary School,TU Berlin,Year 13,sophia.becker961@edu,13.129366874150088,8,A-Level
STU_001194,MacDonald,William,m,14,France,Oxford,Middle School,Lycée Condorcet,Year 7,lily.brown535@school.edu,17.34424747262329,5,Licence
STU_000751,Fassi,Charlie,m,11,Maroc,Tanger,Collège,Collège Jean Moulin,4º Curso,ava.miller195@school.edu,21.118902861751003,12,Master
STU_000753,Fischer,Martín,m,21,Maroc,Sevilla,Lycée,Université Cadi Ayyad,Year 10,valeria.martín38@school.edu,24.822715929358264,8,Baccalauréat
STU_001482,Chakir,Aicha,m,9,France,Oujda,Grundschule,Lycée Moulay Youssef,CE2,laila.elamrani308@school.edu,21.96413566444021,9,Baccalauréat
STU_000892,Jones,Harry,f,5,Canada,Marrakech,Lycée,Schiller Grundschule,5º Primaria,mia.tremblay126@edu,12.859096563608464,9,Brevet
STU_000754,Hoffmann,Emily,m,7,Allemagne,Manchester,University,Universidad Complutense,Grade 6,emma.garcía302@school.edu,24.63280108480336,6,PhD
STU_000214,Martínez,María,f,19,Espagne,Sevilla,Primaria,Colegio Cervantes,Year 7,david.rodriguez812@school.edu,10.486293710531006,7,Bachillerato
STU_001461,Sqalli,Thomas,f,7,Canada,Oxford,Elementary School,Imperial College London,2ème AC,lina.schulz827@school.edu,9.075854466908812,16,Bachelor's
STU_000375,Durand,Fatima,f,8,Espagne,Paris,Universität,Université Paris-Saclay,1ère AC,hassan.bennani215@school.edu,9.44754258863645,8,Licence
STU_000779,Chakir,Manon,f,6,Maroc,Strasbourg,Université,Einstein Grundschule,3ème,thomas.evans949@school.edu,12.850205794051487,9,Doctorat
STU_001197,Martínez,Isabella,m,19,UK,Ottawa,Middle School,Lycée Henri IV,Grade 5,noah.brown600@school.edu,24.60893500942796,9,Bachelor's Degree
STU_000664,Schneider,Felix,f,16,Allemagne,Birmingham,Universität,Goethe Grundschule,5ème année,ali.alaoui413@edu,9.964399458276304,3,Abitur
STU_000963,Williams,Mia,m,5,USA,Toronto,Elementary School,Westminster School,Postgraduate,ikram.sqalli478@school.edu,21.493901438264317,3,Bachelor's Degree
STU_001652,Martinez,Ikram,f,10,Maroc,Düsseldorf,Lycée,Universität Heidelberg,Klasse 2,sanae.benjelloun463@school.edu,9.763051977538948,6,Baccalauréat
STU_000828,Müller,Noah,m,9,Canada,Bilbao,Collège,Kennedy Middle School,6ème,charlie.thomas189@school.edu,24.561862688970905,8,Licence
STU_001782,Jones,Charlotte,m,9,UK,Vancouver,Secondary School,University of Cambridge,Grade 2,felix.weber752@school.edu,24.1226778088034,9,Master's Degree
STU_000179,Dupont,Clara,m,10,Espagne,Bilbao,Universität,Maple Elementary,6. Semester,rachid.chakir252@school.edu,20.508336940887975,8,Master
STU_000340,Wilson,Daniel,f,10,Allemagne,Fès,Gymnasium,Universidad de Salamanca,Grade 7,emilia.becker877@school.edu,11.89363907030907,3,Grado
STU_001660,Tazi,Ali,m,6,France,Tanger,Lycée,Cambridge High School,1º Primaria,felix.schneider936@school.edu,25.318586895833075,2,Master
STU_001032,El Amrani,Lena,m,20,France,Oujda,Lycée,Instituto Lope de Vega,3ème AC,emilia.schmidt327@edu,19.128176030220995,17,Licence
STU_001739,Schneider,Clara,m,8,USA,Houston,Primary School,Cedar Elementary,Year 1,amine.sqalli493@school.edu,24.66528665100297,7,PhD
STU_001925,Johnson,William,m,14,UK,Houston,High School,Colegio Velázquez,First Year,jack.anderson489@school.edu,18.82030473087257,4,PhD
STU_000111,Idrissi,Jules,m,13,Maroc,Bilbao,École Primaire,École Al Massira,Grade 4,salma.elamrani960@school.edu,25.397410369159232,6,Baccalauréat
STU_001059,Martin,Hugo,m,7,Allemagne,Oxford,Primaria,King's Primary School,Seconde,nour.sqalli859@school.edu,18.074238303828352,1,Baccalauréat
STU_000631,Davies,John,m,16,USA,Montreal,Middle School,Lycée Condorcet,Year 7,alejandro.garcía590@edu,23.00672794210915,4,Bachelor's Degree
STU_000229,García,Sofía,f,6,Espagne,Bilbao,Primaria,Colegio Cervantes,3º Primaria,chloe.roy869@school.edu,12.456672309597142,12,Grado
STU_000448,Brown,Emily,m,9,Canada,Cambridge,Secondary School,Universität Hamburg,Grade 6,isabella.davis55@edu,25.00471616104052,5,A-Level
STU_001792,Benali,John,m,14,Espagne,Lyon,Secundaria,Eton College,Klasse 3,isabella.anderson177@school.edu,20.299787865741497,5,Bachelor's Degree
STU_001209,Benjelloun,Marwa,m,11,Maroc,Frankfurt,Lycée,Kennedy Middle School,Klasse 1,emma.tremblay543@edu,24.02648120364121,9,Master
STU_001751,Schneider,Leo,m,8,Allemagne,Lyon,Universität,Université Paris-Saclay,Tronc Commun,anthony.brown562@school.edu,25.677553934951938,8,Master
STU_000519,Rodriguez,Liam,m,9,USA,Montreal,Elementary School,Mozart Grundschule,Grade 8,felix.schmidt227@school.edu,25.289960164123567,6,Bachelor's Degree
STU_001318,MacDonald,Michael,f,13,Maroc,Berlin,Collège,Pine Elementary,Klasse 6,alexander.smith732@school.edu,8.366437140893607,2,Licence
STU_001317,Benjelloun,Anthony,m,11,Allemagne,Vancouver,École Primaire,University of Cambridge,6. Semester,aicha.tazi126@edu,19.74008798757668,8,Master
STU_000859,Tazi,Lily,m,10,Maroc,Marrakech,Université,LSE,Licence 2,alexander.anderson77@school.edu,24.15591851273809,13,Baccalauréat
STU_000004,Dupont,Léa,m,5,Allemagne,Seattle,Universität,King's Primary School,Grade 3,emma.smith767@school.edu,25.630145432387348,4,Master
STU_001602,Müller,Oscar,f,11,Maroc,Lyon,Lycée,École Ibn Sina,Seconde,ben.wagner251@edu,8.670225851217669,8,Master
STU_001097,Robert,Emily,m,8,Allemagne,Málaga,Gymnasium,Eton College,Grade 12,noah.smith555@school.edu,24.604721626292154,9,Abitur
STU_000074,Anderson,Ali,m,12,Canada,Cambridge,Secondary School,University of Alberta,Grade 2,jessica.brown995@school.edu,20.457809027450107,7,High School Diploma
STU_000547,Sánchez,Matthew,m,7,Canada,Boston,Primary School,North High School,Year 2,daniela.martín343@school.edu,25.5708647002682,9,Bachelor's
STU_000781,Tremblay,Emilia,m,21,Maroc,Marseille,High School,Collège Voltaire,4ème,leo.robert562@edu,24.204014519501914,8,Doctorat
STU_000862,Bennani,Arthur,m,12,Maroc,Strasbourg,École Primaire,Université Cadi Ayyad,1º ESO,sanae.benjelloun463@school.edu,19.20615356390565,1,Brevet
STU_001124,Dupont,Inès,m,11,Maroc,Agadir,Lycée,North High School,2ème Bac,isabella.smith878@school.edu,19.033193609824416,10,Certificat Primaire
STU_001906,Becker,Julia,f,5,Espagne,San Francisco,University,Lycée Henri IV,Tronc Commun,marie.wagner525@school.edu,10.381519561087861,2,Master
STU_001721,Martínez,María,f,10,Espagne,Zaragoza,Secundaria,Colegio Picasso,3º Primaria,isla.taylor500@school.edu,12.190908874507421,1,Grado
STU_001579,Dupont,Harry,m,9,Canada,Barcelona,Elementary School,Instituto Lope de Vega,Grade 1,emma.miller842@school.edu,24.296666879189353,6,Bachelor's
STU_001879,Schneider,Zoé,m,11,Allemagne,Stuttgart,Lycée,Kant-Gymnasium,Klasse 1,amine.sqalli493@school.edu,17.696618267655555,5,ESO
STU_000206,Evans,Emma,f,10,Canada,Quebec City,Elementary School,University of Oxford,Year 8,marwa.benjelloun201@school.edu,9.279419731679933,16,Bachelor's
STU_000555,Rodriguez,William,m,10,Allemagne,Meknès,Grundschule,Universität Hamburg,Grade 5,nour.tazi146@school.edu,24.65412550431152,6,Baccalauréat
STU_000255,Becker,Nour,m,5,Allemagne,München,Gymnasium,Goethe-Gymnasium,3º Curso,charlie.thomas862@school.edu,25.108630807477603,1,Abitur
STU_001534,Gómez,Manuel,f,10,Espagne,Zaragoza,Primaria,Universidad Complutense,Year 5,camille.dupont221@school.edu,12.814576691069462,7,ESO
STU_000692,Becker,Daniela,f,8,Allemagne,München,Gymnasium,Goethe-Gymnasium,4º Curso,noah.evans460@edu,13.001379032390222,4,Doktor
STU_001454,Hoffmann,Mehdi,m,9,Maroc,Düsseldorf,École Primaire,Universidad de Salamanca,Grade 5,olivia.smith553@edu,19.19419272250585,1,Brevet
STU_001784,Martin,Hannah,f,18,Allemagne,Berlin,École Primaire,École Al Massira,Year 4,james.tremblay263@school.edu,10.134750639061249,18,Bachelor's
STU_001990,Davies,Lukas,m,9,France,New York,Université,University of Oxford,2ème Bac,nour.tazi146@school.edu,25.981914029524127,8,PhD
STU_001981,Taylor,Noah,m,7,Allemagne,Miami,Universität,Victoria Primary,2º Bachillerato,mathis.moreau180@school.edu,25.94476472770874,4,Master
STU_001953,Fassi,Hannah,m,18,France,Tanger,Université,Universidad Complutense,Graduate,manon.dupont929@edu,23.914271210959047,5,Baccalauréat
STU_000906,Brown,Inès,m,3,Canada,Oxford,Elementary School,Universität Heidelberg,Licence 3,lukas.becker272@school.edu,25.595196144009506,9,PhD
STU_001426,Johnson,Valeria,m,8,USA,Boston,Primary School,Instituto Lope de Vega,Grade 11,paul.schneider863@school.edu,22.23627505783145,9,PhD
STU_000594,López,Inès,m,10,UK,Montreal,Université,École Mohammed V,Terminale,ikram.sqalli428@school.edu,18.893056992808372,1,Brevet
STU_000091,Weber,Jack,m,8,UK,Miami,Primary School,Université Grenoble Alpes,Grade 4,mia.jones143@school.edu,25.532101376861622,-1,High School Diploma
STU_001569,Thomas,Thomas,m,7,UK,Cambridge,Secondary School,North High School,Year 1,ethan.roy454@school.edu,24.547483054660837,9,Master's
STU_001000,Taylor,Thomas,m,4,Maroc,Manchester,Secondary School,UBC,Sophomore,hugo.durand4@school.edu,22.10911156014565,6,Bachelor's Degree
STU_001536,Williams,Jules,m,5,USA,Liverpool,University,Colegio Picasso,Grade 9,harper.brown110@school.edu,15.919588799188679,7,A-Level
STU_001316,Taylor,Jessica,m,7,Canada,Düsseldorf,High School,Instituto Lope de Vega,Klasse 3,william.johnson531@edu,20.927598713782437,8,Bachelor's
STU_000634,El Amrani,Matthew,m,8,USA,Marrakech,High School,University of Cambridge,4ème,elias.weber654@school.edu,19.73672669277522,9,Master
STU_001179,Brown,Noah,m,7,Canada,Bristol,Primary School,Kennedy Middle School,Grade 8,james.jones420@school.edu,25.485295991699246,2,Master
STU_001565,Martínez,Mia,f,9,Espagne,Paris,Secundaria,Colegio Cervantes,1º Primaria,anthony.rodriguez816@school.edu,12.286957616627483,10,Bachelor
STU_000303,Brown,Oscar,m,7,USA,Seattle,Elementary School,Montreal High School,Tronc Commun,mehdi.benali376@edu,20.094078980519782,3,PhD
STU_001683,Becker,Lena,m,11,Maroc,Bilbao,Grundschule,Westminster Primary,Doctorat,noah.brown665@school.edu,20.225241452555153,1,Doktor
STU_001857,Evans,Ava,m,8,USA,Winnipeg,Elementary School,North High School,Grade 8,noah.thomas754@school.edu,24.620720246122648,9,PhD
STU_001092,Schulz,Harry,m,9,UK,Ottawa,Secondary School,Stanford University,Grade 12,paul.wagner270@school.edu,24.598480229866844,8,High School Diploma
STU_001905,Rodríguez,Daniela,f,6,Espagne,Barcelona,Universidad,Collège Al Khawarizmi,4º Curso,thomas.garcia759@school.edu,12.088031503133388,5,Bachillerato
STU_000407,El Amrani,Manon,m,7,Allemagne,Bilbao,Primary School,Pine Elementary,4º Curso,isabella.martin519@school.edu,19.36730825261148,9,ESO
STU_000043,Pérez,Sophie,m,8,Allemagne,Düsseldorf,Secondary School,Collège Al Ghazali,Klasse 4,mateo.fernández274@school.edu,25.628341788699323,9,Máster
STU_000928,Petit,Léa,f,20,Espagne,San Francisco,Universidad,Colegio Cervantes,3º Curso,jacob.jones321@school.edu,9.068300129495256,8,Doctorado
STU_000994,Williams,Karim,m,22,Maroc,Oujda,Université,Collège Pierre et Marie Curie,Tronc Commun,nour.fassi240@school.edu,24.794673452119866,6,Master's Degree
STU_001879,Dupont,Elias,m,9,France,Bilbao,Primaria,École Hassan II,Grade 10,ben.schneider851@edu,17.178455229954473,5,Master
STU_000646,Schneider,Marie,m,9,Maroc,Tanger,Primaria,Maple Elementary,3ème,jack.roy642@school.edu,21.011825387188644,10,Master's Degree
STU_000237,Hoffmann,Clara,m,9,Allemagne,New York,Gymnasium,Schiller Grundschule,Klasse 1,omar.tazi211@school.edu,18.953500552901378,5,Bachillerato
STU_000074,Thomas,Jack,f,5,Allemagne,Quebec City,Primary School,Collège Al Khawarizmi,Freshman,sophia.davis138@school.edu,12.287668203097667,4,GCSE
STU_001649,Tazi,Ali,f,21,France,Frankfurt,Secundaria,Lycée Condorcet,1. Semester,emily.anderson637@school.edu,10.905532479237918,9,Brevet
STU_000043,Weber,Evelyn,m,21,Allemagne,Marrakech,University,University of Oxford,4ème,isla.johnson606@school.edu,24.260929939339942,3,Master
STU_000282,Smith,Jules,m,8,Maroc,Tanger,Collège,Universidad de Salamanca,4º Primaria,martín.gómez419@school.edu,26.451216669355027,7,PhD
STU_000479,Fischer,Hugo,m,5,Allemagne,Tanger,Collège,Eton College,Master 1,emma.smith767@school.edu,19.523062153980725,8,Brevet
STU_001826,Tremblay,John,m,5,USA,Oxford,Secondary School,Goethe Grundschule,3. Semester,louis.martin537@school.edu,24.888058115467903,9,Master's
STU_001888,El Amrani,Joseph,m,19,UK,Edinburgh,Secondary School,Colegio Cervantes,Year 13,ikram.sqalli478@school.edu,24.049180011056684,17,Bachelor's
STU_001003,Dupont,Daniel,m,15,Maroc,Lyon,Gymnasium,Kennedy Middle School,Grade 12,camille.robert158@edu,19.215965261394523,8,ESO
STU_000345,Rodriguez,Mia,m,10,Allemagne,Houston,High School,Goethe-Gymnasium,Grade 12,lukas.meyer417@school.edu,19.780401209536567,5,Bachelor's Degree
STU_001829,Durand,Lucía,m,7,France,Paris,Universität,Lycée Descartes,Terminale,anna.meyer743@edu,20.780125979069368,9,Licence
STU_001520,Schneider,Clara,m,19,Allemagne,Lyon,École Primaire,Colegio Velázquez,Seconde,john.martinez501@school.edu,19.16479633008793,9,Master
STU_001988,Davis,John,m,9,USA,Stuttgart,Secondary School,University of Cambridge,Second Year,jacob.jones556@school.edu,24.8458465986173,2,PhD
STU_000962,Rodríguez,Louis,f,22,Espagne,Madrid,Primaria,St. Mary's Primary,2º ESO,emily.evans808@school.edu,12.168388871812095,9,Grado
STU_000994,Fassi,María,m,6,Allemagne,Oujda,Primaria,Lycée Moulay Youssef,Sophomore,ava.brown205@school.edu,18.822400557086837,13,Máster
STU_000834,Robert,Finn,m,14,Allemagne,Cambridge,Primary School,Victoria Primary,Grade 11,felix.weber500@school.edu,19.2271662954573,8,Licence
STU_000075,Müller,Elias,f,8,Allemagne,Stuttgart,Grundschule,Goethe-Gymnasium,Klasse 5,david.johnson221@school.edu,8.746882733157122,8,Doktor
STU_000712,López,Julia,f,19,Espagne,Strasbourg,Secundaria,Instituto Giner de los Ríos,4º Primaria,sophia.brown328@school.edu,11.001002154226338,1,Bachillerato
STU_001777,Idrissi,Emily,m,5,USA,Toulouse,Middle School,Schiller Grundschule,4º Curso,emilia.schmidt649@school.edu,17.727529090442687,10,PhD
STU_000987,Sqalli,Ali,m,22,Maroc,Bordeaux,École Primaire,Kant-Gymnasium,Year 10,thomas.garcia628@school.edu,24.91219422859376,10,Baccalauréat
STU_000694,Evans,Mathis,f,6,Canada,Edmonton,Middle School,Eton College,Year 9,chloe.robert275@school.edu,11.02832319869746,5,Bachelor's Degree
STU_001271,Weber,Amine,f,6,Espagne,Nantes,Primaria,Universität München,Year 8,william.davies1@school.edu,11.391120120301082,4,Máster
STU_000649,Tazi,Lucía,f,5,Allemagne,Oxford,École Primaire,Schiller Grundschule,Year 4,zoe.thomas733@edu,10.309825538663487,8,ESO
STU_000349,Sqalli,Harry,m,9,Allemagne,Sevilla,Gymnasium,Kant-Gymnasium,First Year,emily.brown297@edu,20.244358178253904,1,Master
STU_000714,Schmidt,Lina,m,12,Allemagne,München,Universität,Universität München,Klasse 12,harry.taylor689@edu,24.14674777757218,17,Abitur
STU_001288,Dupont,Emma,m,21,Maroc,Lille,Gymnasium,Franklin Middle School,4ème,sophie.johnson146@school.edu,19.31872254497528,8,Bachelor's Degree
STU_001293,Taylor,Isabella,f,12,USA,Seattle,Middle School,Jefferson Elementary,1ère Bac,william.williams729@school.edu,11.959692277232701,3,Bachelor's
STU_000971,Gómez,Sanae,f,9,Allemagne,Köln,Primary School,South High School,Klasse 1,mia.martin941@edu,8.740934086279136,9,Master
STU_001552,Jones,Mia,m,8,UK,Ottawa,Lycée,Central High School,Klasse 4,paula.fernández826@school.edu,25.467046354058304,8,Master
STU_001506,Durand,Louis,m,9,Espagne,Tanger,Gymnasium,Humboldt-Gymnasium,Master 1,hassan.bennani215@school.edu,17.013976572265115,9,Licence
STU_001724,Tremblay,Matthew,m,9,UK,Montreal,Secondary School,Central High School,Grade 2,leon.muller597@school.edu,25.328583752922142,8,High School Diploma
STU_001715,Bennani,Emma,m,11,Maroc,Tanger,Université,Collège Jean Moulin,Première,martín.lópez22@edu,24.650334427455498,11,Baccalauréat
STU_000443,Evans,Finn,m,7,Canada,Madrid,Secondary School,North High School,Grade 2,daniel.williams720@school.edu,26.301690102732696,4,Master
STU_001747,Johnson,Alejandro,m,5,UK,Seattle,Secondary School,Collège Pierre et Marie Curie,Year 6,chloe.taylor875@school.edu,19.19290996983235,9,Master's
STU_001458,Bernard,Rachid,f,18,Allemagne,Strasbourg,Primary School,Goethe Grundschule,6ème,ali.benjelloun495@edu,10.693055409569467,1,Máster
STU_000111,Robert,Isabella,m,6,Maroc,Quebec City,Collège,École Al Massira,Grade 11,paula.lópez897@edu,19.313073646319992,8,Bachelor
STU_001636,Dupont,Emma,m,15,Maroc,Nantes,École Primaire,École Jean Jaurès,6º Primaria,daniel.gonzález483@school.edu,19.01770296955344,0,Bachelor
STU_000682,Becker,Gabriel,m,4,France,Casablanca,Université,Lycée Descartes,Year 5,daniel.martínez954@edu,19.1960001812607,8,Doctorat
STU_001583,Evans,Alexander,m,8,Canada,Miami,Middle School,École Pasteur,Licence 3,ines.petit679@edu,22.01933674708805,8,GCSE
STU_001423,Martín,Isla,m,19,Allemagne,Toulouse,Lycée,University of Oxford,Grade 8,matthew.smith485@edu,25.25273789254841,7,ESO
STU_001151,Sánchez,Clara,m,19,France,Düsseldorf,Université,South High School,6ème,lucas.petit580@school.edu,25.365123287479772,15,Master
STU_000234,Williams,Oliver,f,8,Maroc,Düsseldorf,Gymnasium,Oxford High School,Grade 6,alejandro.martínez609@school.edu,10.897871146492289,3,PhD
STU_001951,Taylor,Mia,m,8,Canada,Quebec City,Secondary School,Colegio Goya,Second Year,lucas.fernández287@school.edu,20.451451358127464,8,PhD
STU_001051,Miller,Alejandro,m,8,Canada,Marrakech,Secondary School,Lycée Louis le Grand,Première,charlotte.martinez65@school.edu,26.240002857719773,-1,Master's
STU_001501,González,Sofía,f,20,Espagne,Sevilla,Secundaria,Colegio Cervantes,3º Primaria,sophia.anderson692@school.edu,12.30100001399505,15,ESO
STU_001805,Dupont,Valeria,m,10,France,Casablanca,Primaria,Universidad de Salamanca,Second Year,marie.hoffmann572@school.edu,24.805894165962158,8,Master
STU_001678,Gómez,Alba,f,19,Espagne,Zaragoza,Universidad,Collège Pierre et Marie Curie,S6,lily.wilson114@school.edu,9.35912485347043,4,ESO
STU_000773,Sqalli,Camille,m,18,Maroc,Valencia,Primaria,Universidad Complutense,Terminale,lea.robert768@school.edu,22.613387814907117,4,Doctorat
STU_000725,Thomas,Salma,m,15,Maroc,Fès,Lycée,École Élémentaire Victor Hugo,4º Curso,matthew.smith630@school.edu,18.21561169683698,9,Doctorat
STU_001736,Bennani,Omar,m,15,Maroc,Paris,Collège,Instituto Ramón y Cajal,5º Primaria,martín.garcía122@school.edu,18.451111610684954,14,Master
STU_000672,Chakir,Arthur,f,12,France,Tanger,Lycée,Lincoln Elementary,Grade 12,amine.sqalli493@school.edu,12.697594877707676,8,Licence
STU_001286,MacDonald,Jack,m,13,Canada,Edinburgh,Secondary School,Cambridge High School,Postgraduate,james.roy430@edu,19.780405102364877,2,Bachelor's
STU_000463,Fassi,Amina,f,9,Maroc,Frankfurt,Lycée,École Mohammed V,2ème Bac,marie.schmidt90@school.edu,10.06080570894724,5,Master
STU_000490,Taylor,Lucía,f,6,France,New York,Primaria,Lycée Hassan II,Grade 9,liam.smith470@edu,10.621552321289224,9,Master
STU_000468,Rodríguez,Lucía,f,15,Espagne,Zaragoza,Université,Universidad Complutense,1º Curso,aicha.tazi126@edu,9.641067820352315,4,Máster
STU_000698,Smith,Alexander,m,12,USA,Toronto,Lycée,Universität München,5. Semester,alba.fernández433@school.edu,24.952037206609248,4,Master's
STU_001351,Smith,Jacob,f,9,UK,Tanger,Secondary School,Schiller-Gymnasium,S2,lea.weber617@edu,12.6149955916079,8,Master's
STU_000731,López,Mia,m,8,UK,Casablanca,University,Colegio Velázquez,Grade 4,ethan.taylor443@school.edu,19.769886598195633,9,Master's Degree
STU_001910,Brown,Jack,m,8,UK,Edinburgh,University,University of Cambridge,6º Primaria,mathis.petit23@school.edu,17.913794806728358,8,PhD
STU_000684,Miller,Laila,m,5,Maroc,Berlin,Secundaria,Lycée Mohammed V,1º Bachillerato,noah.johnson460@edu,21.757149924727056,9,Master
STU_001630,López,Daniel,f,19,Espagne,Paris,Secondary School,Instituto Lope de Vega,Grade 2,thomas.jones69@school.edu,10.606795917027362,14,Grado
STU_001751,Schneider,Chloe,m,10,Allemagne,Stuttgart,Universität,Universität Heidelberg,5ème,elias.muller91@edu,19.436498969233483,0,Doktor
STU_001895,Taylor,Amelia,m,8,UK,Oxford,Secondary School,Cambridge High School,Year 13,sanae.idrissi879@school.edu,24.429461541825233,9,PhD
STU_001668,Miller,Rachid,m,9,USA,Toronto,Elementary School,UC Berkeley,Postgraduate,finn.wagner714@school.edu,25.12294486259554,8,Bachelor's
STU_001074,Martinez,Emily,m,10,USA,Montreal,Middle School,Lincoln Elementary,Doctorat,jessica.evans182@school.edu,16.9907305236403,9,Master's
STU_001725,Smith,Ali,m,20,Allemagne,Casablanca,Lycée,Lycée Hassan II,Klasse 10,lily.wilson114@school.edu,18.534629947114656,14,Máster
STU_000138,Schneider,Leon,m,14,Allemagne,München,Gymnasium,Goethe Grundschule,Klasse 5,mehdi.fassi422@school.edu,17.959217780508613,9,Abitur
STU_001610,González,Karim,f,23,Espagne,Zaragoza,Secundaria,Universidad Complutense,3º ESO,isabella.smith30@school.edu,12.428326660380637,16,Master
STU_000994,Benali,Liam,m,10,Canada,San Francisco,Elementary School,Colegio Velázquez,Tronc Commun,jack.wilson666@school.edu,23.61445857196027,2,A-Level
STU_000011,Sánchez,Karim,m,10,Maroc,Tanger,Université,Université Lyon 1,2ème AC,charlotte.brown807@school.edu,18.745221701227628,5,Baccalauréat
STU_000421,Rodriguez,Oliver,m,21,USA,Marrakech,University,Schiller-Gymnasium,Klasse 6,amelia.brown638@school.edu,19.533156902584217,9,Master's
STU_000496,Gómez,Lea,f,9,Maroc,London,High School,North High School,Klasse 11,salma.benali830@edu,10.066203505988932,5,GCSE
STU_001355,Thomas,Marwa,m,10,Canada,Miami,Middle School,Collège Pierre et Marie Curie,2º Primaria,martín.garcía122@school.edu,18.558969361517583,4,Bachelor's Degree
STU_001804,Tremblay,Thomas,m,6,Allemagne,Barcelona,Elementary School,Calgary High School,Year 13,harry.jones509@school.edu,19.389549908640856,8,PhD
STU_001173,Hoffmann,Emma,m,20,Allemagne,Manchester,Gymnasium,Goethe Grundschule,Year 13,sophie.johnson146@school.edu,23.851705846864217,8,Abitur
STU_001296,Davies,Ethan,m,7,USA,Stuttgart,Middle School,Colegio Picasso,S2,thomas.smith255@school.edu,18.11230219326464,0,Master
STU_001581,Martin,Sanae,m,11,Maroc,Berlin,Collège,École Pasteur,Grade 12,charlie.taylor749@school.edu,24.43917545494783,8,Master
STU_001184,Leroy,Omar,m,11,France,Toulouse,University,Collège Ibn Khaldoun,Fourth Year,james.roy583@school.edu,24.24408335629765,13,Bachelor
STU_000235,Gómez,Lucía,f,22,Espagne,Zaragoza,Secundaria,Universidad Complutense,2º Curso,mia.martin228@school.edu,11.557839883506805,12,Licence
STU_001912,El Amrani,Sanae,m,11,Maroc,Tanger,Secondary School,Lycée Hassan II,1ère AC,valeria.sánchez323@edu,19.53784336467647,7,Licence
STU_001693,Sqalli,Oscar,m,8,USA,New York,Elementary School,Lycée Moulay Youssef,Terminale,isla.thomas683@school.edu,23.652801946953456,11,Brevet
STU_000743,Müller,Manon,m,9,Maroc,Lille,École Primaire,Collège Ibn Khaldoun,4ème,john.davis376@school.edu,18.70162194081831,5,Master
STU_001895,Benjelloun,Amelia,m,8,UK,Zaragoza,Secondary School,Stanford University,Grade 9,emily.johnson814@school.edu,22.325762803698957,8,A-Level
STU_001364,Becker,Lucas,f,12,Canada,Lyon,Secondary School,St. Mary's Primary,2º ESO,mia.martinez527@school.edu,10.554800266595441,8,Master
STU_000098,Alaoui,Gabriel,m,19,Maroc,Fès,Collège,École Hassan II,Seconde,jacob.evans832@school.edu,24.976495726939,16,Master's
STU_000637,Johnson,Charlotte,f,19,UK,Manchester,Secondary School,St. Mary's Primary,Second Year,zoe.thomas733@edu,8.640488448743941,8,PhD
STU_000991,Becker,Daniel,m,14,UK,Miami,Primaria,Université Hassan II,1º ESO,jonas.fischer509@school.edu,19.314255404254773,2,Abitur
STU_001622,Taylor,Ali,f,8,Allemagne,Düsseldorf,Secondary School,Sorbonne Université,1º Bachillerato,paul.fischer190@school.edu,10.68671445622252,1,ESO
STU_000405,Fernández,Noah,m,11,Espagne,Houston,Gymnasium,King's Primary School,Grade 3,leo.lópez516@school.edu,18.98566947000438,4,Bachelor's Degree
STU_001951,Thomas,Noah,m,6,Canada,Tanger,Secondary School,Lycée Hassan II,Year 6,zoe.martin112@school.edu,24.399948252354115,7,Master's
STU_001013,Bennani,Mia,m,11,Canada,Sevilla,Secondary School,École Mohammed V,Year 4,harry.smith48@school.edu,19.245753816329355,0,Master's Degree
STU_001309,Jones,John,m,5,Canada,Winnipeg,Primary School,Instituto Lope de Vega,Klasse 9,gabriel.moreau213@school.edu,21.26363176355079,10,Bachelor's Degree
STU_001785,Alaoui,Benjamin,f,4,Espagne,Málaga,Primaria,Eton College,Grade 6,ikram.idrissi716@school.edu,12.734959738150149,9,High School Diploma
STU_000567,Roy,Lina,m,15,USA,Houston,Primary School,Vancouver High School,Grade 11,jacob.taylor100@school.edu,19.688895183269487,8,A-Level
STU_001533,Leroy,Olivia,m,7,Allemagne,Chicago,Universität,St. Mary's Primary,Klasse 8,ines.moreau803@edu,19.46153000591427,6,Bachelor
STU_000695,Chakir,Mateo,m,6,Allemagne,Marrakech,Université,Université Paris-Saclay,Klasse 6,marie.schulz688@school.edu,21.118260785724264,9,Brevet
STU_000495,Schneider,Leon,m,13,USA,Toulouse,Université,Collège Al Ghazali,Grade 12,louise.petit609@school.edu,24.062171482555804,7,Certificat Primaire
STU_001167,Martin,Arthur,f,15,Espagne,Granada,Primaria,Colegio Cervantes,3º ESO,amelia.taylor952@school.edu,9.721790366803678,3,Bachillerato
STU_001351,Benjelloun,Noah,m,9,USA,Meknès,Primaria,Maple Elementary,4º Curso,james.martinez410@edu,21.00806655346104,9,Master's Degree
STU_000683,Alaoui,Elias,m,7,Maroc,Meknès,Université,Mozart Grundschule,1. Semester,jack.davies694@school.edu,24.598320267247203,4,Master's Degree
STU_000285,Davis,Anthony,m,9,Canada,San Francisco,Lycée,Pine Elementary,5. Semester,salma.elamrani960@school.edu,21.364921362442082,5,PhD
STU_000608,Jones,Charlie,m,4,Canada,New York,Elementary School,University of Cambridge,Grade 2,hannah.schneider327@edu,25.233646868901904,3,Bachelor's
STU_001042,Martínez,Martina,f,20,Espagne,Zaragoza,Universidad,Universidad Complutense,4º Primaria,alba.martínez18@school.edu,9.40585195219436,1,Bachillerato
STU_001851,Simon,Youssef,f,9,Espagne,Meknès,Elementary School,UCL,Grade 3,ali.chakir389@school.edu,9.406831867542545,9,Grado
STU_001805,Evans,Clara,m,3,UK,London,Primary School,Westminster Primary,Grade 2,noah.martin293@edu,19.41952519134511,10,PhD
STU_000101,Tazi,Emma,m,20,France,Tanger,Lycée,Lycée Mohammed V,Doctorat,isabella.smith165@school.edu,25.112638187550097,6,Licence
STU_001401,Bennani,Alejandro,f,15,Maroc,Lyon,École Primaire,Goethe-Gymnasium,5º Primaria,lucía.martínez214@edu,12.724295232578795,9,Master
STU_001889,González,Nour,f,23,Espagne,Madrid,Universidad,Instituto Giner de los Ríos,1º Curso,sophia.jones1@school.edu,10.057864207048727,2,ESO
STU_000412,Davies,Lucía,f,10,Maroc,Málaga,Elementary School,Calgary High School,1. Semester,daniel.gonzález483@school.edu,9.236855003627078,6,Master
STU_000560,Johnson,Oliver,m,9,Canada,Ottawa,Middle School,LSE,Second Year,amine.chakir96@school.edu,25.438167951136514,9,Master
STU_000208,Bernard,Louise,f,7,Allemagne,Boston,École Primaire,University of Toronto,Year 10,jules.moreau393@edu,10.558561361568549,2,GCSE
STU_001073,Chakir,Léa,m,12,Maroc,Casablanca,Lycée,École Hassan II,Seconde,louis.martin537@school.edu,23.756723046498543,8,Doctorat
STU_001399,Taylor,Jessica,m,6,UK,Ottawa,Secondary School,University of Cambridge,Year 2,lukas.wagner155@school.edu,18.428121062809268,2,GCSE
STU_000630,Brown,Ava,m,9,USA,Marseille,Secondary School,University of Alberta,First Year,matthew.smith630@school.edu,24.685977300845884,7,Bachelor's
STU_000101,Alaoui,Mateo,m,14,Maroc,Barcelona,Lycée,Lycée Descartes,Première,hugo.perez123@edu,20.99716337431175,9,Baccalauréat
STU_001969,Rodríguez,Alba,f,23,Espagne,Zaragoza,Universidad,UC Berkeley,2º Curso,sanae.bennani510@school.edu,9.270771110959753,2,ESO
STU_001308,Smith,Luis,f,5,UK,Edmonton,Secondary School,Central High School,Grade 10,hugo.perez368@edu,10.306763241613904,1,Bachelor's
STU_001047,González,Lucía,f,21,Espagne,Málaga,Universidad,Universidad Complutense,2ème AC,isla.davies543@school.edu,9.65419365223018,16,ESO
STU_000162,Gómez,Léo,f,22,Espagne,Ottawa,Primaria,Universidad de Barcelona,3º ESO,maría.perez688@school.edu,12.573188262695366,1,Bachillerato
STU_001262,Pérez,Amine,m,11,Maroc,Bilbao,Collège,Universität München,Year 9,sophie.taylor87@school.edu,24.841061867226394,5,Baccalauréat
STU_001416,Rodriguez,Álvaro,m,10,USA,Winnipeg,Primary School,Schiller Grundschule,Grade 9,emma.tremblay543@edu,16.55905011535077,7,PhD
STU_000658,Martin,Sophia,f,23,France,San Francisco,Universität,Pine Elementary,6ème,lucas.petit580@school.edu,10.55162027071282,1,Master's Degree
STU_001237,Petit,Clara,m,7,Maroc,Stuttgart,Primaria,TU Berlin,Licence 1,marie.becker762@school.edu,17.965328856588275,1,Baccalauréat
STU_001890,Schmidt,Marie,f,9,Allemagne,Berlin,Grundschule,Imperial College London,Klasse 4,isla.williams306@school.edu,8.88576890530716,3,Doktor
STU_001242,Jones,Evelyn,m,7,France,Los Angeles,Secondary School,Madison Middle School,Year 13,alejandro.martín449@edu,20.792153712949123,15,Certificat Primaire
STU_000849,Wilson,Emma,m,7,Canada,Montreal,Secondary School,École Mohammed V,Year 4,oliver.williams716@school.edu,25.013368786092386,6,Master's
STU_001904,Fischer,Sanae,m,11,France,Düsseldorf,Université,École Ibn Sina,Doctorat,olivia.wilson209@school.edu,22.662429494521636,9,Doctorat
STU_000563,Wilson,William,m,14,UK,Boston,University,Cambridge High School,5ème année,raphaël.martin127@edu,23.501485809501826,7,High School Diploma
STU_001767,Wilson,Aicha,m,9,Canada,Winnipeg,Primary School,Schiller Grundschule,Grade 5,amelia.brown638@school.edu,19.40556464621751,6,Baccalauréat
STU_000275,Taylor,William,m,6,UK,Edmonton,Secondary School,Calgary High School,Third Year,emma.martin299@school.edu,17.540399824639195,1,High School Diploma
STU_000793,Martin,Emily,m,7,USA,Cambridge,University,Instituto Lope de Vega,Senior,mehdi.benali447@school.edu,20.76241911059936,6,PhD
STU_000542,Martinez,Emily,m,5,USA,Seattle,Secondary School,Jefferson Elementary,Junior,noah.brown550@school.edu,23.865225976827006,1,Máster
STU_001305,Thomas,Ahmed,f,7,Maroc,Rabat,Secondary School,Kant-Gymnasium,4º Curso,ikram.alaoui738@school.edu,9.133776720225967,4,Certificat Primaire
STU_000818,Becker,Gabriel,m,7,UK,Málaga,University,Cambridge High School,3º ESO,sarah.leroy44@school.edu,25.078195964543752,8,Master's
STU_001857,Smith,Noah,m,8,Canada,Houston,Elementary School,Harvard University,Year 13,oliver.jones747@school.edu,21.101200247990292,0,Baccalauréat
STU_001366,Fassi,Alejandro,f,20,Canada,Tanger,Middle School,Université Paris-Saclay,1ère Bac,ethan.martin133@school.edu,12.287038342526689,7,Baccalauréat
STU_000936,Smith,Julia,m,10,Allemagne,Granada,Gymnasium,Colegio Velázquez,Klasse 6,sophie.brown953@school.edu,19.90783463020042,9,Máster
STU_001908,Schmidt,Louis,m,19,Allemagne,Bilbao,Universität,Colegio Velázquez,Grade 3,karim.bennani833@edu,25.473036823860717,9,Master
STU_000899,González,María,f,22,Espagne,Sevilla,Universidad,Lycée Mohammed V,4º Primaria,paul.becker934@edu,12.484445865969159,16,Doctorado
STU_000575,Jones,Rachid,m,14,Canada,Boston,Universität,Collège Molière,5ème,karim.tazi573@school.edu,19.286748064457214,6,PhD
STU_001158,Thomas,Isabella,m,6,USA,Leipzig,Middle School,North High School,Year 5,ethan.anderson802@school.edu,19.538820978833552,1,Bachelor's Degree
STU_001297,Tremblay,Daniela,m,16,Canada,Winnipeg,Secondary School,École Ibn Sina,Grade 4,chloe.brown844@school.edu,17.795281591851698,7,Master's Degree
STU_001426,Wilson,Thomas,m,3,UK,Bristol,High School,Westminster School,Klasse 5,hugo.gonzález570@school.edu,23.79626185975007,10,Bachelor
STU_001950,Fischer,Jonas,f,21,Allemagne,München,Grundschule,Goethe-Gymnasium,Klasse 3,martina.martínez970@edu,9.229767216282115,8,Baccalauréat
STU_000484,Moreau,Valeria,f,11,France,Tanger,Universidad,Instituto Ramón y Cajal,Master 1,mohamed.chakir379@school.edu,12.729327539940366,5,Licence
STU_000426,Idrissi,Hugo,f,8,Espagne,New York,Universität,Universidad de Salamanca,1º ESO,lucas.bernard398@school.edu,9.086606123029737,1,Brevet
STU_001534,Alaoui,Karim,m,21,France,Oujda,Secundaria,Lycée Janson de Sailly,6º Primaria,john.garcia449@school.edu,24.201453132015963,13,Baccalauréat
STU_001396,Dupont,Amelia,f,23,Espagne,Nantes,Secondary School,Adams Middle School,Licence 2,harry.taylor37@school.edu,9.161082537565452,5,Grado
STU_001118,Meyer,Aicha,m,18,Allemagne,Stuttgart,Gymnasium,Goethe Grundschule,Grade 6,aicha.chakir571@school.edu,19.389289201847642,9,Doktor
STU_000275,Jones,Mia,m,7,Canada,Edmonton,Primaria,Madison Middle School,Second Year,martín.martínez797@edu,20.257523520458864,10,Bachelor's Degree
STU_001020,Schneider,James,m,9,USA,Montreal,Primary School,King's Primary School,Second Year,emma.davis414@school.edu,24.663136028661327,9,PhD
STU_000409,Martin,Alexander,m,7,Canada,Bilbao,Secondary School,Adams Middle School,Grade 6,amine.chakir663@school.edu,20.585994909803837,9,Master's Degree
STU_001570,García,Lina,f,8,Maroc,Frankfurt,University,Lycée Louis le Grand,4. Semester,james.martinez149@school.edu,9.805424584230959,15,Baccalauréat
STU_000261,Garcia,Luis,f,13,Allemagne,Barcelona,Gymnasium,Instituto Ramón y Cajal,Klasse 3,jack.smith356@school.edu,9.369158617021107,5,Bachelor's Degree
STU_001175,Bennani,Aicha,m,15,France,Bordeaux,Université,Colegio Velázquez,Licence 1,lucas.garcía368@edu,19.72091038151665,13,Master
STU_001450,Chakir,Karim,f,21,France,Nantes,École Primaire,Collège Averroès,Tronc Commun,liam.tremblay220@school.edu,12.221331741961986,14,Doctorat
STU_000059,Davies,Felix,f,9,Maroc,Stuttgart,Secondary School,Jefferson Elementary,Year 5,laila.elamrani308@school.edu,9.67270926186793,15,Bachelor
STU_001802,Schneider,Sarah,m,4,Allemagne,Leipzig,Gymnasium,Kant-Gymnasium,Licence 1,omar.chakir932@edu,25.41887216540901,7,PhD
STU_000298,Bennani,Martín,m,6,Maroc,Lyon,University,Lycée Mohammed V,Klasse 4,jacob.johnson493@school.edu,20.064871628991927,6,ESO
STU_000904,Bennani,María,m,11,France,Birmingham,Collège,Colegio Velázquez,1ère AC,lea.leroy721@school.edu,18.269486392453015,8,Licence
STU_000200,García,Raphaël,f,10,UK,Bilbao,Gymnasium,Sorbonne Université,Máster,zoe.thomas733@edu,11.779376182642107,12,Master's Degree
STU_001405,Hoffmann,Marie,f,19,Maroc,Leipzig,Grundschule,Universität Heidelberg,Year 7,gabriel.dupont125@school.edu,10.433640912815434,1,Abitur
STU_001109,Taylor,Emily,m,9,USA,Liverpool,Secondary School,Kennedy Middle School,Máster,lucía.martínez632@school.edu,24.36045932659141,4,PhD
STU_000583,Roy,Amelia,m,6,Maroc,New York,Primary School,Harvard University,Grade 4,arthur.thomas567@school.edu,24.20564951369413,8,GCSE
STU_000283,Dupont,Ikram,m,8,Canada,Winnipeg,Middle School,Pine Elementary,Grade 5,david.smith268@school.edu,25.046422349894865,8,Master
STU_001049,Evans,Amelia,m,9,UK,Zaragoza,Primary School,McGill University,Grade 9,zoe.petit103@school.edu,23.9985828044489,4,GCSE
STU_001952,Jones,Charlie,f,4,Canada,Bristol,École Primaire,TU Berlin,Year 9,lena.becker890@edu,10.498334142600136,6,Doktor
STU_000427,Tazi,Chloe,m,8,France,Seattle,Secondary School,Harvard University,Sophomore,chloe.martin411@edu,23.531579444349795,1,Master's
STU_001998,Smith,Zineb,m,12,France,Oujda,Lycée,École Élémentaire Victor Hugo,Klasse 9,omar.sqalli681@school.edu,23.038398411287016,5,Baccalauréat
STU_000926,Anderson,John,f,10,Maroc,Rabat,Primaria,Calgary High School,1ère année,clara.leroy140@school.edu,12.129148597685607,5,Certificat Primaire
STU_000631,Martin,Martina,m,7,Canada,Valencia,Lycée,Lincoln Elementary,Grade 2,harry.brown23@edu,19.300808936425188,5,Master
STU_001445,Taylor,Benjamin,m,10,UK,Miami,Secondary School,Eton College,Year 8,amine.benjelloun639@edu,21.937050094949488,8,Master's
STU_000394,Moreau,Gabriel,m,21,France,Strasbourg,Lycée,École Ibn Sina,5ème,harry.brown135@school.edu,16.071855161723693,5,Doctorat
STU_000232,Becker,Oliver,m,9,UK,Liverpool,Middle School,Goethe Grundschule,Grade 9,noah.brown550@school.edu,22.908337414383645,7,A-Level
STU_000762,Williams,Martín,f,7,Maroc,Edmonton,Lycée,Collège Al Ghazali,Year 13,lucía.lópez206@edu,12.271501740409867,8,Certificat Primaire
STU_000842,Roy,Hannah,m,9,Canada,Boston,Primary School,École Hassan II,S3,hugo.leroy391@school.edu,19.973484777021596,6,Bachelor's Degree
STU_001047,MacDonald,Hannah,m,21,France,Montreal,Lycée,Colegio Goya,Grade 11,paul.becker938@school.edu,23.443882947513682,2,Doctorat
STU_001897,Evans,Sophia,m,3,USA,Houston,Primary School,Maple Elementary,Grade 11,omar.elamrani801@school.edu,20.549051629629016,9,PhD
STU_001961,Brown,Marwa,f,15,USA,Liverpool,Primary School,University of Oxford,5º Primaria,lea.petit235@school.edu,10.464978063226395,8,Brevet
STU_001156,Brown,Amelia,f,15,USA,Edinburgh,University,St. Mary's Primary,Grade 7,ali.benali32@school.edu,9.152160234765741,9,High School Diploma
STU_000964,Schulz,Mathis,m,9,USA,Edmonton,Universität,Cambridge High School,Klasse 6,emma.fernández926@school.edu,19.330951524145483,6,PhD
STU_000453,Schmidt,Lina,f,14,Allemagne,München,Grundschule,Schiller-Gymnasium,Third Year,charlotte.rodriguez998@school.edu,10.156192938108745,14,Doktor
STU_000743,González,Leo,f,20,Espagne,London,Secundaria,Instituto Giner de los Ríos,1º ESO,noah.dupont784@school.edu,13.22615642681272,5,Bachillerato
STU_000349,Sqalli,Camille,f,11,Maroc,Barcelona,Collège,École Jean Jaurès,Grade 7,ali.chakir744@school.edu,12.066876291563068,5,Doctorat
STU_000570,Anderson,Hugo,m,8,Allemagne,Miami,Middle School,Instituto Ramón y Cajal,Klasse 4,anna.muller255@school.edu,25.365703271162104,4,Master
STU_000785,Brown,Oscar,f,6,UK,Houston,Grundschule,Montreal High School,Grade 8,finn.fischer634@edu,9.287423065077384,8,Master's
STU_001289,Rodríguez,María,f,23,Espagne,Valencia,Universidad,Colegio Velázquez,3º Curso,lea.weber617@edu,12.510881643411981,9,ESO
STU_001407,Gómez,Ethan,f,21,France,Barcelona,University,Yale University,4º Primaria,david.rodriguez680@school.edu,8.772794596438183,9,Master
STU_000173,Wilson,Sophia,m,11,USA,Edinburgh,Secondary School,Westminster School,Year 1,chloe.anderson613@school.edu,23.638869314471126,8,A-Level
STU_000335,Martinez,Emma,m,5,Canada,Ottawa,Secondary School,TU Berlin,Year 9,gabriel.thomas11@school.edu,23.834326137821943,5,Grado
STU_001679,Wagner,Lina,m,19,Allemagne,Stuttgart,Gymnasium,Schiller-Gymnasium,Klasse 12,leo.rodríguez441@edu,18.258698067383545,4,Abitur
STU_000271,Martin,Noah,m,9,Canada,Los Angeles,Elementary School,Harvard University,Year 11,isabella.thomas933@school.edu,25.86484645978951,4,PhD
STU_000996,López,Mia,f,10,USA,Stuttgart,Secondary School,King's Primary School,Grade 11,zoe.durand899@school.edu,12.19225558850924,9,Master's Degree
STU_000906,Thomas,Emma,m,9,Allemagne,Bordeaux,Secondary School,Collège Al Khawarizmi,Year 3,david.rodriguez680@school.edu,24.936376009868596,1,Baccalauréat
STU_000750,Wilson,Emily,m,14,USA,Winnipeg,High School,Oxford High School,Year 10,leon.muller597@school.edu,19.240509520616236,10,High School Diploma
STU_001902,Petit,Jessica,m,10,Maroc,Lyon,École Primaire,Colegio Picasso,Klasse 10,charlotte.martinez65@school.edu,17.937845123646515,7,Baccalauréat
STU_001552,El Amrani,Hugo,m,6,Allemagne,Marrakech,École Primaire,Vancouver High School,6. Semester,john.brown488@school.edu,25.01940219388269,13,Master's Degree
STU_001408,Anderson,Noah,f,7,Canada,Stuttgart,Elementary School,Goethe Grundschule,Klasse 4,lea.fischer971@edu,10.96791463243362,9,Master's Degree
STU_000024,González,Lea,f,6,Espagne,Sevilla,Secundaria,Instituto Giner de los Ríos,1º Curso,isabella.wilson819@school.edu,10.000133203226772,9,Bachillerato
STU_001851,Anderson,Jessica,m,9,UK,Liverpool,University,Lycée Mohammed V,Klasse 2,amina.chakir581@school.edu,20.62869552233977,4,GCSE
STU_000642,García,Martina,f,21,Espagne,Valencia,Universidad,Colegio Cervantes,1º Curso,hannah.wagner527@school.edu,12.527951975564598,3,ESO
STU_001308,Williams,Emily,m,17,Maroc,San Francisco,Secondary School,École Al Massira,Máster,william.martin628@school.edu,20.12616680255887,9,Bachelor's Degree
STU_001584,Hoffmann,Leon,m,8,Allemagne,München,Gymnasium,Goethe-Gymnasium,3. Semester,noah.martin853@school.edu,19.36077726366963,4,Doktor
STU_001283,Roy,Aicha,m,21,France,Oxford,Lycée,Montreal High School,Seconde,karim.elamrani649@school.edu,21.217438776652717,7,Licence
STU_000357,Taylor,Liam,f,7,Canada,London,Secondary School,Toronto High School,Grade 8,hugo.leroy391@school.edu,10.199886170056397,9,Master's Degree
STU_001056,Petit,Karim,m,8,Allemagne,Lyon,Lycée,Yale University,5. Semester,camille.petit110@edu,18.631765101780523,7,Baccalauréat
STU_001333,Martin,James,f,9,USA,Frankfurt,Elementary School,McGill University,Year 2,william.johnson818@school.edu,10.301684418937157,8,Master's
STU_000215,Taylor,Emma,m,7,Canada,Oxford,Secondary School,Instituto Ramón y Cajal,Grade 3,gabriel.thomas711@school.edu,26.099844081963553,7,Master
STU_001579,Tazi,Evelyn,f,16,Allemagne,San Francisco,Middle School,Goethe-Gymnasium,Year 1,ethan.wilson430@edu,11.83528744745194,0,Baccalauréat
STU_001595,Sqalli,Youssef,m,8,Allemagne,München,Université,Victoria Primary,5ème année,hugo.lópez782@school.edu,20.169512703818903,3,Bachelor
STU_000534,Alaoui,Hugo,m,10,Allemagne,Calgary,High School,McGill University,4º Curso,amelia.brown215@school.edu,25.63886631146621,7,Master's Degree
STU_001919,Roy,Ben,f,23,Maroc,Tanger,Université,Universität Heidelberg,Terminale,chloe.leroy239@edu,11.944125643344,8,PhD
STU_001409,Taylor,Lina,m,9,France,Köln,Secondary School,UC Berkeley,S3,oliver.macdonald561@edu,18.045749372674464,7,Baccalauréat
STU_000528,Meyer,Ahmed,m,4,France,Rabat,Gymnasium,Universität Heidelberg,Klasse 4,sanae.benjelloun463@school.edu,17.795046091759847,9,Master
STU_000629,Taylor,Chloe,m,18,USA,Vancouver,Secundaria,Université Grenoble Alpes,Klasse 11,william.johnson571@school.edu,20.914884190532625,3,Master
STU_000036,Durand,Mathis,m,12,Allemagne,Strasbourg,Secondary School,Oxford High School,Grade 4,noah.weber302@school.edu,20.88216822089417,14,Baccalauréat
STU_001913,Jones,Jack,f,19,Canada,Boston,Secondary School,Eton College,1ère Bac,ali.alaoui160@school.edu,10.506185377391107,9,High School Diploma
STU_000282,López,Lucía,f,21,Espagne,Sevilla,Primaria,Colegio Cervantes,1º Primaria,mohamed.tazi828@school.edu,12.500698018485398,4,Máster
STU_001212,Johnson,Jonas,m,8,Espagne,San Francisco,Middle School,University of Oxford,Senior,isla.brown960@edu,25.405387155245563,8,PhD
STU_001916,Bennani,Aicha,f,8,Maroc,Lille,École Primaire,Lycée Condorcet,CP,lea.weber121@school.edu,12.339837920438406,6,Brevet
STU_001465,Weber,Sophie,m,14,France,Tanger,Université,Calgary High School,CM1,paula.rodríguez758@school.edu,19.760536384537573,0,Baccalauréat
STU_001377,Becker,Jessica,m,6,Allemagne,Cambridge,Elementary School,University of Toronto,Máster,nour.idrissi819@school.edu,23.504097704967762,1,Bachelor's
STU_001760,Rodríguez,Sofía,f,23,Espagne,Madrid,Primaria,Universidad de Barcelona,1º Curso,john.jones392@school.edu,9.079595856690068,10,ESO
STU_001240,Meyer,Raphaël,m,13,Espagne,Miami,Secondary School,Washington Elementary,4º Primaria,james.smith997@school.edu,21.34465926586774,2,Licence
STU_001233,Smith,Noah,m,7,Maroc,Agadir,Gymnasium,University of Toronto,Year 7,ikram.idrissi716@school.edu,25.701116217858072,7,Master
STU_001550,García,Valeria,f,6,Espagne,München,Secundaria,UCL,Year 7,benjamin.wilson111@school.edu,12.441659402014754,18,Doctorado
STU_000620,Tremblay,Liam,m,13,Canada,Houston,Secondary School,Oxford High School,Year 8,isabella.thomas434@school.edu,19.631221197364983,5,Bachelor's
STU_001023,Brown,Jack,m,8,Canada,Bristol,Secondary School,Maple Elementary,Grade 3,emily.roy866@school.edu,18.090461176794125,9,Master's Degree
STU_001660,Evans,Mohamed,m,8,France,Chicago,École Primaire,École Hassan II,Year 13,anthony.brown562@school.edu,21.54837364883774,7,Master
STU_001344,Hoffmann,Isabella,m,20,Canada,Nantes,Grundschule,Oxford High School,S3,lucas.simon602@school.edu,20.172691488043903,2,Baccalauréat
STU_000497,Becker,Poppy,m,14,USA,Bristol,École Primaire,TU Berlin,1ère AC,david.jones377@school.edu,18.057850665917375,7,Master
STU_000659,Fassi,Daniel,f,14,Allemagne,Boston,Grundschule,École Ibn Sina,4º Curso,amine.benjelloun843@school.edu,12.551699164834787,2,Master's
STU_000025,García,Mateo,f,23,Espagne,Málaga,Primaria,Instituto Ramón y Cajal,3º Curso,charlie.davies565@school.edu,10.170002142585606,16,Grado
STU_001806,Fassi,Noah,f,13,Maroc,Granada,Université,École Hassan II,2ème AC,hugo.lópez654@school.edu,9.532665458571788,2,Licence
STU_000048,Smith,Emily,f,7,USA,Chicago,University,UBC,Grade 5,ines.petit679@edu,10.721713334297117,5,PhD
STU_001661,Durand,Jules,m,13,France,San Francisco,Université,Universidad Complutense,4º Primaria,amine.benali443@school.edu,19.420135430928184,8,Licence
STU_000719,Fernández,Poppy,m,17,Allemagne,Granada,University,Colegio Picasso,6. Semester,amine.chakir663@school.edu,21.069953768355415,8,Master's Degree
STU_001555,Garcia,Daniel,f,4,Espagne,Bordeaux,Collège,Université Ibn Tofail,4º Curso,charlotte.wilson97@edu,9.856961901384317,10,Master
STU_001247,Williams,Mia,m,11,UK,Zaragoza,Secondary School,Instituto Lope de Vega,First Year,poppy.williams485@school.edu,21.28942359988905,5,Master's
STU_000797,Petit,Hugo,m,11,France,Marrakech,École Primaire,École Jules Ferry,6ème,karim.bennani535@school.edu,17.299784770474158,5,Baccalauréat
STU_000189,Sqalli,Mehdi,m,9,Allemagne,Köln,Université,Victoria Primary,1º ESO,pablo.rodríguez102@school.edu,19.164552463779664,6,Master
STU_001945,Sánchez,John,f,8,Allemagne,Berlin,École Primaire,Roosevelt Elementary,CP,jack.macdonald278@school.edu,8.88006293022638,2,PhD
STU_001745,Becker,Emilia,m,9,Allemagne,Fès,Gymnasium,École Jules Ferry,Grade 4,amelia.taylor466@school.edu,24.12279954916792,8,Abitur
STU_000180,Jones,Camille,m,8,Canada,Oxford,Primaria,Imperial College London,Première,hannah.schneider944@school.edu,20.277291609415574,1,Master
STU_001576,Taylor,Rachid,m,15,UK,San Francisco,Secondary School,Oxford High School,Year 2,paul.fischer104@school.edu,26.01121468312076,9,Licence
STU_001246,Fassi,Sanae,f,11,France,Tanger,Université,Université Paris-Saclay,1ère Bac,james.smith710@edu,12.595986845088492,6,Licence
STU_000317,Taylor,Noah,m,8,Allemagne,Köln,Secondary School,Kant-Gymnasium,3ème année,noah.evans800@school.edu,24.36447998517461,13,Master
STU_000325,Hoffmann,Sanae,m,23,Maroc,Fès,Collège,Colegio Velázquez,Terminale,sofía.fernández615@school.edu,19.69547700791432,8,Doctorat
STU_001282,Fernández,Mia,f,14,Espagne,Madrid,Primaria,Instituto Lope de Vega,1º ESO,raphaël.petit892@school.edu,9.858518373646719,5,Grado
STU_001082,Sqalli,Lina,m,5,Espagne,Düsseldorf,École Primaire,Lycée Louis le Grand,Grade 7,ines.moreau758@school.edu,18.95322148112706,9,High School Diploma
STU_000539,Johnson,Álvaro,m,8,USA,Birmingham,Middle School,Franklin Middle School,Year 9,oscar.williams978@school.edu,24.040636096055096,1,Bachelor's Degree
STU_001752,Chakir,Martín,m,6,Maroc,Tanger,Lycée,Universidad Complutense,Klasse 4,noah.evans934@school.edu,19.403058202249355,1,Baccalauréat
STU_000996,Fernández,Matthew,m,10,Canada,Vancouver,Secundaria,Lincoln Elementary,Grade 10,sanae.fassi516@school.edu,23.905600095270778,3,Bachelor's
STU_000101,Martin,Thomas,m,8,USA,Edinburgh,Universität,Harvard University,Première,amine.benali878@school.edu,24.878925230262425,8,Master
STU_000546,Johnson,Raphaël,m,7,UK,Vancouver,Secondary School,Colegio Cervantes,Year 11,matthew.johnson571@school.edu,17.05545467120934,6,A-Level
STU_001282,Williams,Mateo,f,8,Allemagne,Köln,Universität,Universidad de Salamanca,1º Curso,noah.fischer611@school.edu,12.78642141303444,2,Máster
STU_000716,Williams,Mia,f,7,Canada,London,Primary School,Victoria Primary,Year 10,charlie.taylor749@school.edu,12.241553920983218,9,PhD
STU_000180,Davies,Poppy,f,21,Espagne,Málaga,University,Universidad de Barcelona,4º Primaria,matthew.johnson459@school.edu,9.187961677867772,1,Master's Degree
STU_001638,Smith,Mehdi,f,5,Allemagne,Granada,Primary School,Jefferson Elementary,CM1,david.brown839@school.edu,12.646554640415548,6,Máster
STU_000711,Fernández,Arthur,m,9,France,Barcelona,École Primaire,Universität Hamburg,Grade 5,sophie.brown314@school.edu,20.259386964079845,6,GCSE
STU_001124,Petit,Lucas,m,9,France,Toulouse,École Primaire,Lycée Descartes,Klasse 7,jacob.brown474@school.edu,23.60719882545212,0,Baccalauréat
STU_001002,Brown,Ava,m,5,Canada,Houston,Secondary School,Pine Elementary,Doctorat,rachid.chakir252@school.edu,17.46718439472229,2,Bachelor's
STU_001438,Smith,Mehdi,f,18,Canada,Fès,Primaria,Vancouver High School,Second Year,liam.tremblay467@school.edu,12.478159049591333,6,GCSE
STU_000192,Simon,Inès,f,20,Espagne,München,Universidad,Universidad de Barcelona,1º Curso,isla.taylor500@school.edu,9.803873808115902,9,ESO
STU_001413,Alaoui,Chloé,f,23,Espagne,Köln,Universidad,Instituto Lope de Vega,Klasse 5,emma.jones395@school.edu,9.516894962624871,13,Grado
STU_001399,Smith,Harry,m,9,UK,Frankfurt,University,Franklin Middle School,First Year,mia.roy815@school.edu,17.791060720986664,2,PhD
STU_001260,Martínez,Sofía,m,5,Espagne,Quebec City,Elementary School,Colegio Goya,2ème AC,charlie.brown654@school.edu,23.287270359615995,7,Licence
STU_000178,Schneider,Elias,f,21,Allemagne,Houston,Grundschule,Goethe-Gymnasium,Freshman,oliver.johnson982@school.edu,12.297724503239337,4,Abitur
STU_001047,Miller,Harry,f,7,Canada,Boston,University,Westminster Primary,Year 1,mehdi.benjelloun905@school.edu,9.542012302353411,8,Bachelor's
STU_001658,González,Jack,f,16,Espagne,Valencia,Primaria,Colegio Picasso,1. Semester,sophie.davies745@school.edu,10.032815138992255,16,ESO
STU_000787,Schulz,Ethan,m,21,Allemagne,Boston,Grundschule,Maple Elementary,Year 1,harry.davies986@school.edu,17.248287860366037,5,Master
STU_000296,Wilson,Daniel,f,5,Allemagne,Seattle,Secondary School,Victoria Primary,5º Primaria,emma.smith363@edu,10.012265939576746,7,ESO
STU_001822,Rodríguez,Lucía,f,9,Espagne,Zaragoza,Primaria,Instituto Lope de Vega,1º Curso,michael.garcia216@school.edu,12.751050314769746,6,Bachillerato
STU_001996,Simon,Emma,m,7,Canada,Oxford,Secondary School,Calgary High School,Grade 7,felix.schmidt259@edu,25.817701293670915,2,PhD
STU_000205,Johnson,Ava,m,17,Canada,Birmingham,Elementary School,East High School,Second Year,laila.fassi201@school.edu,18.337355810080723,2,PhD
STU_000056,Schmidt,Elias,f,11,Espagne,Köln,Université,Kant-Gymnasium,Klasse 5,lena.schulz973@school.edu,9.638461783282455,3,Abitur
STU_000781,Benali,Matthew,m,9,France,Berlin,École Primaire,École Hassan II,CE1,benjamin.wilson111@school.edu,20.487330011938106,5,Bachelor
STU_000714,Rodriguez,Amelia,m,10,UK,Winnipeg,University,McGill University,First Year,poppy.williams485@school.edu,24.306804960065197,6,GCSE
STU_001789,Thomas,Felix,m,8,Canada,Bordeaux,Middle School,Collège Voltaire,Tronc Commun,lina.hoffmann136@edu,19.470362594393276,9,Abitur
STU_001714,Robert,Manuel,m,6,Maroc,Düsseldorf,Lycée,Franklin Middle School,Licence 3,noah.meyer50@school.edu,17.50484146534199,2,Brevet
STU_000624,González,Martina,f,22,Espagne,Zaragoza,Universidad,Universidad Complutense,1º Curso,omar.sqalli681@school.edu,9.707157676289205,9,Máster
STU_001053,Moreau,Martín,f,9,France,Tanger,Lycée,Colegio Velázquez,2º Primaria,laila.benjelloun663@school.edu,12.133715761017195,1,Brevet
STU_000955,Chakir,Raphaël,m,6,France,Manchester,Lycée,Kennedy Middle School,3ème AC,william.davis712@school.edu,23.93081598710377,1,Master
STU_000460,Pérez,Leo,f,21,Espagne,Sevilla,Universidad,Colegio Velázquez,Tronc Commun,ava.evans529@school.edu,9.771366730412774,4,ESO
STU_001079,Chakir,Martín,m,15,Maroc,Bordeaux,École Primaire,Collège Ibn Khaldoun,Year 4,ahmed.bennani603@school.edu,18.509454577885027,5,Máster
STU_001266,Simon,Elias,m,8,Allemagne,Köln,Gymnasium,Schiller-Gymnasium,3º Primaria,álvaro.perez322@school.edu,24.703246066069724,9,Master's Degree
STU_000473,Leroy,Valeria,m,9,Maroc,New York,Lycée,Universidad de Salamanca,Klasse 12,mia.martin941@edu,18.233202289865677,15,Máster
STU_000029,Petit,Sofía,m,12,France,Zaragoza,Lycée,Universidad Complutense,Klasse 4,david.rodriguez680@school.edu,24.892137720710792,8,Baccalauréat
STU_001946,Fernández,Ava,m,13,Canada,Edmonton,Middle School,Adams Middle School,2º Primaria,manuel.perez575@school.edu,19.908677654463858,10,High School Diploma
STU_000962,Müller,Leon,m,8,Allemagne,Stuttgart,Universität,Universität Heidelberg,Year 13,noah.fischer611@school.edu,18.754803308499522,4,Abitur
STU_000519,Benali,Ali,m,15,France,Lyon,Lycée,École Hassan II,Grade 10,louis.bernard977@school.edu,24.612039377117473,5,Licence
STU_001143,Robert,Emma,m,8,France,Lille,Collège,Humboldt-Gymnasium,First Year,ben.becker964@edu,18.517718441652413,6,Certificat Primaire
STU_001476,Evans,Alba,m,8,UK,Sevilla,Primary School,Colegio Goya,Year 2,noah.thomas750@school.edu,24.322038142007443,7,Bachelor
STU_001915,Rodríguez,Lucía,f,6,Espagne,Zaragoza,Universidad,Universidad de Barcelona,6º Primaria,isabella.thomas655@edu,12.373339354756235,7,Máster
STU_001910,Jones,Sophia,m,9,Canada,Leipzig,Primary School,University of Cambridge,Grade 4,camille.dupont244@school.edu,18.636808684246546,13,Bachelor's Degree
STU_001123,Williams,Noah,f,8,Canada,Düsseldorf,Lycée,Instituto Lope de Vega,Grade 6,sofía.sánchez167@school.edu,12.475752908992249,5,Bachelor's Degree
STU_000753,Fernández,Ava,f,14,USA,Zaragoza,Elementary School,Colegio Velázquez,Seconde,valeria.gonzález427@edu,8.305382540549747,16,Master
STU_001233,Schneider,Jonas,m,7,Allemagne,Leipzig,Gymnasium,Goethe-Gymnasium,Klasse 4,alexander.macdonald755@edu,22.22014507512435,9,Abitur
STU_000750,López,James,f,21,Espagne,Valencia,Universidad,Instituto Lope de Vega,2º Curso,lena.wagner691@edu,11.997805698204013,5,Bachillerato
STU_000813,Martin,Sophia,m,12,USA,Houston,High School,UBC,Klasse 8,mateo.gómez141@school.edu,20.720130902356395,7,Baccalauréat
STU_001184,Wagner,John,m,8,Canada,Winnipeg,Lycée,University of Toronto,3ème année,laila.alaoui425@school.edu,19.95743018572578,8,Abitur
STU_001234,Martin,Lukas,m,19,Allemagne,Frankfurt,Lycée,Cedar Elementary,Licence 1,olivia.williams889@school.edu,25.811865946657136,8,Máster
STU_001419,Williams,Isla,m,12,Allemagne,Nantes,Lycée,Université Grenoble Alpes,Year 13,sophie.johnson146@school.edu,25.060935637999613,9,Master
STU_000781,Davis,Sophia,f,10,Canada,Málaga,Lycée,McGill University,2º Primaria,emilia.hoffmann111@edu,10.850529211069926,9,GCSE
STU_001149,Sqalli,Isabella,f,8,Canada,Málaga,Université,Universidad Complutense,3ème AC,emily.taylor458@school.edu,9.94384621359712,2,Licence
STU_001401,Roy,Emily,f,4,UK,Edinburgh,University,St. Mary's Primary,Grade 4,finn.schulz911@school.edu,12.184332536956887,8,PhD
STU_001538,García,Lucía,f,21,Espagne,Málaga,Primaria,Universidad Complutense,6ème année,alba.martínez355@school.edu,12.672903424998506,9,ESO
STU_000370,González,Sofía,f,21,Espagne,Sevilla,Secundaria,Colegio Cervantes,Grade 11,ava.evans529@school.edu,9.517858115656164,8,ESO
STU_001925,Rodríguez,Mia,f,14,Espagne,Paris,Collège,Universidad Complutense,4º Primaria,amelia.brown215@school.edu,12.563468392857686,4,ESO
STU_001935,Johnson,Emma,m,17,USA,Houston,University,South High School,Máster,sarah.leroy44@school.edu,15.044808021346505,3,PhD
STU_001552,Rodríguez,Poppy,m,10,Espagne,Winnipeg,University,Roosevelt Elementary,Freshman,sophie.taylor87@school.edu,25.667208361834017,7,Master's
STU_001380,González,Mehdi,f,22,Espagne,Zaragoza,Universidad,Instituto Lope de Vega,1º Curso,jessica.evans182@school.edu,11.775017480477906,9,ESO
STU_001034,Weber,Paul,m,4,Canada,Lyon,Lycée,Madison Middle School,Grade 1,alba.martín651@school.edu,25.67979365982337,4,Master
STU_001107,Rodríguez,Alba,f,15,Espagne,Zaragoza,Universität,Collège Voltaire,5ème,pablo.martínez29@school.edu,8.75913390006699,6,Baccalauréat
STU_000949,Becker,Benjamin,m,12,Canada,Edinburgh,Elementary School,Maple Elementary,Grade 2,david.brown839@school.edu,23.468757941506368,4,Bachelor's
STU_001144,Williams,Charlotte,m,7,Canada,Edmonton,Primary School,École Jean Jaurès,Second Year,oliver.jones936@school.edu,19.296085764384628,2,PhD
STU_001814,Hoffmann,Leon,f,14,Allemagne,Berlin,Universität,Université Cadi Ayyad,5. Semester,leo.rodríguez441@edu,12.125878112908246,16,Abitur
STU_000021,Davies,Jules,m,7,Allemagne,Valencia,Middle School,Cambridge High School,Year 9,salma.chakir943@edu,25.77190706089398,10,High School Diploma
STU_001527,Martin,Emily,m,5,Maroc,Boston,Collège,Oxford High School,Klasse 8,amelia.jones824@school.edu,19.139976436053637,3,Baccalauréat
STU_001349,Rodríguez,Daniel,m,20,Maroc,Köln,Gymnasium,Schiller Grundschule,Grade 3,ben.schulz723@school.edu,25.28005489152891,9,PhD
STU_000990,Wilson,Álvaro,m,6,Allemagne,Boston,Collège,Colegio Goya,Klasse 9,matthew.johnson459@school.edu,24.633512415862924,8,ESO
STU_000613,Miller,Emily,m,8,USA,Manchester,Primary School,MIT,Grade 4,daniela.lópez320@edu,19.803522064472194,9,Bachelor
STU_001874,Wagner,Lukas,m,8,USA,Köln,Elementary School,Westminster School,Graduate,noah.roy304@school.edu,24.284967270273995,7,PhD
STU_001055,Rodriguez,James,m,4,Allemagne,London,Secondary School,University of Toronto,1º ESO,mateo.martínez671@school.edu,25.765376515590653,4,High School Diploma
STU_001403,Davis,Léo,m,9,Allemagne,New York,University,Collège Ibn Khaldoun,1º Bachillerato,ines.moreau758@school.edu,19.824762641917697,11,Baccalauréat
STU_000586,Pérez,Ali,m,10,Maroc,Casablanca,Secundaria,Colegio Picasso,CE2,hugo.lópez200@school.edu,22.741474903643876,5,Licence
STU_001695,Garcia,Oliver,m,9,France,Berlin,Middle School,Kant-Gymnasium,Terminale,nour.benali755@edu,24.323297863149392,2,High School Diploma
STU_000986,Tremblay,Chloe,m,9,Canada,Lyon,Primaria,École Mohammed V,Grade 4,alba.fernández433@school.edu,19.348775481210772,14,Master
STU_000530,Alaoui,Thomas,f,5,Allemagne,New York,École Primaire,Oak Elementary,4º ESO,chloe.robert275@school.edu,10.568053405167678,4,Máster
STU_001346,Roy,Jacob,m,8,UK,Boston,University,King's Primary School,Year 11,hugo.lópez512@school.edu,23.50804688296996,9,GCSE
STU_000763,Smith,Paul,m,20,Allemagne,Leipzig,Universität,Goethe-Gymnasium,3ème année,amelia.brown215@school.edu,19.20518593087518,8,Bachelor
STU_000166,Sánchez,Daniela,f,22,Espagne,Zaragoza,Universidad,Universidad de Barcelona,3º ESO,alexander.anderson877@school.edu,12.835878093740389,16,Bachillerato
STU_000906,MacDonald,Noah,m,20,Maroc,Cambridge,Secondary School,Washington Elementary,2ème Bac,michael.garcia216@school.edu,19.77891147481729,8,Bachelor's
STU_001451,Wilson,William,m,6,UK,Oxford,Middle School,Victoria Primary,Fourth Year,karim.sqalli492@edu,22.60663564100303,8,PhD
STU_001322,Thomas,Aicha,m,8,UK,Miami,University,Goethe-Gymnasium,6ème,martín.rodríguez273@edu,19.338337636781638,4,Baccalauréat
STU_001387,Johnson,Noah,m,9,UK,Barcelona,Secondary School,LSE,5º Primaria,emily.roy866@school.edu,15.924761301489566,8,Brevet
STU_000220,Gómez,María,f,20,Espagne,Málaga,Universidad,Instituto Lope de Vega,3º Curso,olivia.evans89@school.edu,9.318688437472176,9,Bachillerato
STU_001001,Schmidt,Harry,f,9,Allemagne,Leipzig,Grundschule,Universität Heidelberg,S3,elias.schulz842@school.edu,9.472314777436718,3,Bachelor
STU_001533,MacDonald,Lucía,f,8,Allemagne,Nantes,Universität,Universität Heidelberg,1º Primaria,lucía.martínez187@school.edu,9.221086732737717,9,Master
STU_001712,El Amrani,Liam,f,15,Maroc,Fès,Collège,Universität Hamburg,Year 10,ali.fassi327@school.edu,10.951800412475176,2,Master
STU_000831,Smith,Emily,m,8,UK,Lyon,High School,Lycée Hassan II,Grade 11,charlotte.martin948@school.edu,25.151524120008816,9,PhD
STU_001965,El Amrani,Amina,f,9,Espagne,Düsseldorf,Lycée,Toronto High School,Klasse 7,isla.thomas683@school.edu,12.1285161931009,4,Brevet
STU_000367,Robert,Inès,m,22,Espagne,Zaragoza,Primaria,Collège Al Ghazali,3ème AC,harper.rodriguez191@school.edu,19.51424657100169,1,ESO
STU_000540,Schmidt,Álvaro,m,20,Allemagne,Berlin,Gymnasium,Universität Heidelberg,4. Semester,jack.martin301@edu,19.476719432364114,1,Doktor
STU_001620,Fernández,Noah,m,9,France,Ottawa,Lycée,Instituto Lope de Vega,First Year,james.brown691@edu,17.752429119355547,6,GCSE
STU_001099,Martínez,Lucía,f,7,Espagne,Málaga,Primaria,Universidad de Salamanca,1º Primaria,julia.rodríguez700@edu,12.381037912608873,15,ESO
STU_001912,Robert,Noah,m,10,Maroc,Rabat,Université,Lincoln Elementary,2ème Bac,lena.muller710@school.edu,25.163802398974905,1,PhD
STU_000553,Gómez,Inès,f,8,USA,Granada,Primary School,Lycée Moulay Youssef,4º Curso,john.rodriguez827@school.edu,10.237013864754289,15,Doktor
STU_000361,Tazi,Poppy,f,6,Maroc,Bilbao,Secondary School,Lycée Louis le Grand,3ème,poppy.davies424@school.edu,9.690129322855505,14,Master
STU_000507,Becker,Zineb,m,9,UK,Tanger,Middle School,École Jules Ferry,Master 1,thomas.smith255@school.edu,25.17745097060668,7,Master
STU_000960,Roy,Hannah,m,6,USA,New York,High School,Eton College,Year 1,joseph.johnson56@school.edu,23.63287611450763,5,Abitur
STU_001910,Tremblay,James,m,7,Canada,Oxford,Secondary School,Eton College,Grade 8,jonas.schulz479@school.edu,18.718993766187985,8,PhD
STU_001262,Müller,Mehdi,m,16,Espagne,Quebec City,Gymnasium,LSE,5. Semester,emilia.weber77@school.edu,19.29713316610329,8,Master
STU_001048,Evans,Amelia,m,8,UK,Oxford,Secondary School,Colegio Picasso,Grade 9,alexander.smith732@school.edu,25.746828545802604,7,GCSE
STU_000927,Fernández,Inès,m,5,France,Valencia,Middle School,École Hassan II,Klasse 8,isla.thomas683@school.edu,19.138147972755448,10,PhD
STU_000525,Meyer,Amelia,f,5,UK,London,Secondary School,King's Primary School,Grade 10,álvaro.gómez390@school.edu,12.538918660328214,8,PhD
STU_001634,López,María,f,21,Espagne,Zaragoza,Universidad,Lycée Henri IV,2º ESO,olivia.brown909@school.edu,12.151303234358549,9,ESO
STU_001165,Simon,Charlotte,m,14,Maroc,Toulouse,Lycée,École Al Massira,3º Curso,jonas.wagner185@edu,20.93691374931214,6,Abitur
STU_000075,Martin,Mia,f,9,Allemagne,Toulouse,Secondary School,École Jules Ferry,Grade 1,sarah.martin882@edu,10.088978790026696,8,Brevet
STU_000383,Benjelloun,Mateo,m,8,Espagne,Strasbourg,Primaria,Instituto Lope de Vega,Terminale,noah.thomas754@school.edu,25.198192004331347,8,Doctorado
STU_001236,Brown,George,m,9,USA,Houston,Elementary School,Eton College,First Year,david.garcia949@school.edu,25.64636407838124,9,Bachelor's
STU_000138,Schmidt,Noah,m,21,Allemagne,München,Gymnasium,Kant-Gymnasium,3. Semester,alexander.smith19@school.edu,20.363045080652675,16,Abitur
STU_000103,Dupont,Leon,m,10,Maroc,Hamburg,Lycée,Victoria Primary,Year 4,ethan.wilson913@school.edu,16.511272700457543,8,Bachillerato
STU_000342,Smith,Oliver,m,7,Canada,Oxford,Elementary School,Eton College,Third Year,jacob.brown411@school.edu,20.544501119917662,8,PhD
STU_000720,Davies,Mia,m,6,USA,Lyon,Primary School,King's Primary School,Grade 8,lina.schulz760@school.edu,19.75216970384106,18,PhD
STU_001185,Jones,Arthur,m,10,USA,Seattle,High School,Imperial College London,Tronc Commun,gabriel.thomas711@school.edu,25.048530034248614,8,Bachelor's
STU_000422,Fernández,Amelia,m,8,Canada,New York,Secondary School,Westminster Primary,Grade 4,hugo.fernández619@edu,26.201484504221007,1,Máster
STU_001690,Martin,Amelia,f,5,UK,Boston,Secondary School,Montreal High School,Grade 6,maría.rodríguez228@school.edu,8.62924767820539,2,PhD
STU_001028,Evans,Emma,f,7,Canada,Manchester,Elementary School,Toronto High School,Year 1,pablo.fernández846@school.edu,9.658081628803302,2,Doctorado
STU_001341,Chakir,Sanae,f,5,France,Madrid,Lycée,Université Mohammed V,Grade 5,amelia.brown215@school.edu,12.1363788088148,6,Baccalauréat
STU_000940,Williams,Mia,m,9,Canada,Seattle,Primary School,University of Oxford,CM2,leo.gómez977@school.edu,19.73450383959931,5,Bachelor's Degree
STU_000699,Brown,David,m,10,France,Toulouse,Collège,Université Grenoble Alpes,Klasse 7,daniela.sánchez8@edu,17.09278285980481,3,Certificat Primaire
STU_001368,Dupont,John,m,8,Canada,Strasbourg,Lycée,Lycée Janson de Sailly,4ème,daniel.martinez128@school.edu,20.73070666582445,8,Certificat Primaire
STU_001956,Bennani,Jonas,m,20,Maroc,Köln,École Primaire,UBC,6. Semester,isla.taylor500@school.edu,25.155738744126932,-1,Baccalauréat
STU_001756,Davies,William,m,5,Canada,Zaragoza,Secondary School,Kant-Gymnasium,Year 2,jacob.thomas486@school.edu,21.923843604054028,8,A-Level
STU_000642,Wilson,William,m,5,USA,Cambridge,Secondary School,Kennedy Middle School,Grade 8,youssef.fassi715@edu,19.999950933435905,8,A-Level
STU_000712,Chakir,Mateo,m,11,France,Fès,École Primaire,Université Paris-Saclay,Grade 11,clara.leroy640@school.edu,25.02752839423904,7,Master
STU_000903,Hoffmann,Paul,m,8,Canada,New York,Universität,Collège Molière,Senior,clara.petit1@school.edu,25.29803101666893,7,Bachelor's Degree
STU_001117,Brown,Felix,m,6,Canada,Boston,Elementary School,Toronto High School,Year 2,mia.jones468@school.edu,21.57893722017751,1,Bachelor's
STU_001756,Martin,Sarah,m,14,Canada,New York,Primaria,North High School,S6,ahmed.bennani453@school.edu,19.426869661329867,6,Bachelor's Degree
STU_000922,Schulz,Noah,m,22,Maroc,Lille,Universität,UCL,Year 12,paula.fernández48@school.edu,18.51325070408219,5,Master
STU_000085,Chakir,Mateo,m,9,Allemagne,Marrakech,Primary School,Instituto Giner de los Ríos,6ème,luis.muller485@school.edu,24.35151370561637,10,Doctorado
STU_000098,Hoffmann,Lucas,m,8,Allemagne,Seattle,Secondary School,Sorbonne Université,Doctorat,lena.fischer601@school.edu,20.25055272388216,7,Máster
STU_001269,Simon,Hugo,m,14,Maroc,Marrakech,High School,École Al Massira,Terminale,mia.schmidt932@school.edu,24.83527764868375,1,Master
STU_000316,Jones,Daniel,m,5,France,Nantes,Lycée,Cambridge High School,1º ESO,marie.hoffmann572@school.edu,23.695390866154398,9,Baccalauréat
STU_001165,Thomas,Sanae,m,11,Maroc,Rabat,Universidad,École Hassan II,2ème Bac,valeria.martín38@school.edu,23.876796275385757,8,Licence
STU_000562,Petit,Manuel,f,21,Espagne,Zaragoza,Universidad,Colegio Velázquez,CM1,youssef.fassi553@edu,11.602849620295945,16,Bachillerato
STU_000372,Rodríguez,Aicha,f,19,Espagne,Stuttgart,Secundaria,Universidad Complutense,2ème Bac,daniela.lópez320@edu,10.854732706101917,6,Master
STU_000723,Tremblay,George,m,9,Canada,London,Middle School,UCL,4º Primaria,lina.fischer247@school.edu,23.59731564234257,14,GCSE
STU_000860,Benali,Michael,m,8,Maroc,Fès,École Primaire,Collège Molière,Terminale,emma.garcia778@edu,19.297749749290965,2,Master
STU_000415,Pérez,Ethan,f,20,Espagne,Lille,École Primaire,École Élémentaire Victor Hugo,Klasse 4,isla.davies543@school.edu,8.643289393432676,5,Master
STU_001969,Sqalli,Daniel,f,21,Maroc,Rabat,Lycée,Collège Pierre et Marie Curie,Postgraduate,sofía.sánchez796@school.edu,10.152843290967425,3,Master
STU_001232,Brown,Charlotte,f,4,Canada,Edinburgh,Primary School,University of Oxford,Graduate,daniel.martínez367@school.edu,10.872257305046437,7,Bachelor's
STU_001073,Brown,Charlie,m,9,Canada,Marrakech,Elementary School,Harvard University,Grade 1,benjamin.anderson77@school.edu,21.04209734963105,6,Bachelor's Degree
STU_001746,Brown,Noah,m,12,UK,Tanger,Secondary School,Maple Elementary,Grade 2,isabella.smith924@school.edu,20.45657990748748,9,PhD
STU_000008,Wagner,Sanae,m,20,Maroc,Bordeaux,Lycée,Harvard University,Terminale,thomas.davies671@school.edu,23.132591904696135,14,Licence
STU_001570,García,Inès,m,11,Canada,Houston,Primary School,Schiller Grundschule,Year 1,harry.brown23@edu,20.25987744065863,9,Master's Degree
STU_001463,Rodríguez,Zoé,f,21,Espagne,Zaragoza,Universidad,Universidad Complutense,3º Primaria,arthur.leroy665@school.edu,12.229557694076027,3,ESO
STU_001357,Brown,William,f,9,USA,Edmonton,High School,Lycée Condorcet,Year 1,zineb.elamrani970@school.edu,10.564583526648853,8,GCSE
STU_001613,Chakir,Jessica,m,15,Maroc,Oxford,Université,MIT,2ème année,emma.smith341@school.edu,24.07955640372377,13,Doctorat
STU_000647,Smith,Jack,m,6,UK,Marrakech,Primary School,Westminster School,Grade 2,lucía.garcía602@school.edu,21.083460616306382,8,GCSE
STU_000483,Petit,Álvaro,m,9,France,Lille,Lycée,Lycée Descartes,Doctorat,lena.muller710@school.edu,25.14990736825654,1,Brevet
STU_001911,Fassi,Léo,m,15,Maroc,Marrakech,Lycée,Collège Al Khawarizmi,3ème AC,noah.tremblay880@school.edu,24.980881854812232,6,Doctorat
STU_001743,Chakir,Sanae,m,5,Allemagne,Barcelona,Middle School,École Ibn Sina,3º Curso,hannah.schneider327@edu,24.39444735007263,5,Certificat Primaire
STU_000191,Schneider,Raphaël,m,14,France,Toulouse,University,Oak Elementary,3º ESO,aicha.benali199@school.edu,20.14785246833999,8,Licence
STU_001676,García,Lucía,f,21,Espagne,Sevilla,Primaria,Universidad de Barcelona,1º Bachillerato,isabella.davis295@school.edu,10.857972955168872,5,Máster
STU_000008,Petit,Sanae,m,19,Maroc,Fès,Secundaria,Colegio Velázquez,Postgraduate,paul.fischer658@edu,23.75068641215423,1,Baccalauréat
STU_000492,Johnson,Julia,f,5,Canada,Manchester,Elementary School,St. Mary's Primary,Grade 6,sophia.johnson859@edu,11.913344069952993,7,A-Level
STU_000588,Wagner,Charlotte,m,9,Allemagne,Edmonton,Grundschule,Goethe-Gymnasium,First Year,marie.hoffmann597@school.edu,18.26403784951158,9,Master's
STU_000389,Gómez,Alba,f,20,Espagne,Valencia,Primaria,Instituto Giner de los Ríos,1ère AC,fatima.elamrani958@school.edu,9.351720355155154,9,ESO
STU_000208,Rodríguez,Lukas,f,24,Espagne,Zaragoza,Universidad,Lycée Henri IV,4º ESO,oscar.wilson279@school.edu,11.708115131409285,13,Master
STU_000931,Smith,Jules,f,7,UK,London,Primary School,University of Oxford,Klasse 7,laila.elamrani308@school.edu,8.226211350205888,9,PhD
STU_000690,Pérez,Alejandro,m,7,Maroc,Houston,University,Cambridge High School,Grade 6,isabella.anderson177@school.edu,25.727226982034146,8,Bachelor's Degree
STU_000998,Chakir,Emily,m,8,Allemagne,Meknès,Grundschule,Schiller-Gymnasium,1ère AC,harry.brown135@school.edu,20.679041233505178,9,Baccalauréat
STU_000019,Bernard,Thomas,f,9,Maroc,Tanger,Lycée,Kant-Gymnasium,Grade 10,emily.taylor458@school.edu,9.267432545598648,9,Master
STU_000165,Hoffmann,Noah,m,20,Allemagne,Zaragoza,Universität,Université Paris-Saclay,Klasse 12,liam.smith69@school.edu,17.876080607580118,12,Doktor
STU_000482,Roy,Emily,m,10,Allemagne,Lille,Elementary School,Toronto High School,Year 13,mateo.martín561@edu,20.447204650379078,5,Baccalauréat
STU_001903,Martín,Manuel,m,15,Espagne,Stuttgart,Primaria,Collège Averroès,4º Primaria,thomas.davies671@school.edu,20.58147109273189,8,ESO
STU_001991,Fischer,Sofía,f,22,Espagne,Málaga,Primaria,Universidad Complutense,3º Primaria,william.johnson571@school.edu,9.375063953185766,19,ESO
STU_001011,Garcia,Noah,m,9,Canada,München,Secondary School,Collège Al Ghazali,Year 9,anthony.brown562@school.edu,24.931189944798927,0,A-Level
STU_000204,Rodríguez,Evelyn,f,14,Espagne,München,Secundaria,Universidad Complutense,1º Primaria,benjamin.brown520@edu,9.627563095358148,12,Bachillerato
STU_000028,González,Lucía,f,20,Espagne,Zaragoza,Universidad,Universidad Complutense,1º Bachillerato,valeria.garcía665@school.edu,9.651207346154305,7,Bachillerato
STU_001019,Evans,Sofía,m,19,UK,Quebec City,Primary School,South High School,4º ESO,amelia.smith666@edu,19.075978180405315,5,Master's Degree
STU_001441,Müller,Lucas,f,11,Allemagne,Köln,Grundschule,Calgary High School,4. Semester,david.smith268@school.edu,8.880148016427368,3,Licence
STU_001421,Jones,Jonas,f,17,Allemagne,München,Grundschule,Goethe-Gymnasium,3. Semester,jack.martin301@edu,12.118212875430606,8,Abitur
STU_000733,López,Daniela,f,10,Espagne,Valencia,Universidad,Instituto Giner de los Ríos,Grade 12,joseph.garcia258@school.edu,9.198654859476097,8,Bachillerato
STU_000530,Schmidt,Jonas,m,7,Allemagne,Hamburg,Gymnasium,Universität München,4ème année,emma.gonzález940@edu,25.71725866753819,2,Doktor
STU_000442,Wilson,Emily,f,7,Canada,Boston,Secondary School,Washington Elementary,Graduate,mateo.lópez65@school.edu,8.385111781964165,7,A-Level
STU_001395,Smith,Mathis,f,8,Canada,Quebec City,Secondary School,Mozart Grundschule,Grade 5,chloe.leroy239@edu,12.177755737403167,13,PhD
STU_000281,Taylor,Elias,m,18,Allemagne,Rabat,Gymnasium,Université Mohammed V,Tronc Commun,matthew.johnson787@school.edu,17.427415317986583,7,Master
STU_000777,Martin,Noah,m,7,Canada,Houston,University,Harvard University,Grade 3,lily.davies625@school.edu,25.74195818663237,3,PhD
STU_000423,González,Alba,f,6,Espagne,Quebec City,Universidad,Instituto Giner de los Ríos,5. Semester,benjamin.martin40@school.edu,11.141375512351818,5,GCSE
STU_000749,Fassi,Lena,m,16,France,Lille,École Primaire,École Hassan II,Klasse 6,lucas.martin240@school.edu,24.365588678769548,9,Baccalauréat
STU_000300,Johnson,Sophia,m,9,France,Paris,Elementary School,Cambridge High School,Grade 9,ali.elamrani602@school.edu,18.673551682704478,8,Bachelor's
STU_001072,Chakir,Ikram,m,10,Maroc,Fès,Primary School,Université Hassan II,4º Curso,harry.evans981@school.edu,18.048594961978694,8,Doctorat
STU_000647,Garcia,Amina,m,7,Maroc,Barcelona,École Primaire,Montreal High School,Fourth Year,lucía.garcía602@school.edu,22.723475923944797,8,PhD
STU_000297,Chakir,Zineb,m,15,Maroc,Bordeaux,Collège,Université Hassan II,Première,john.rodriguez827@school.edu,22.04522530936643,4,Doctorat
STU_000241,Brown,Noah,m,6,Canada,Oxford,Elementary School,University of Toronto,Grade 5,amelia.taylor335@edu,26.150957909506612,8,Master's
STU_001053,Tazi,Noah,m,8,USA,Miami,Lycée,Université Mohammed V,1º Bachillerato,aicha.elamrani226@edu,25.430164111635833,6,Master
STU_001490,Chakir,Mohamed,m,10,France,Granada,École Primaire,Universidad de Barcelona,4ème,ines.dupont620@edu,24.562880046267892,6,Bachelor's Degree
STU_000922,Anderson,Fatima,f,13,Maroc,Manchester,Gymnasium,Eton College,1ère Bac,martina.fernández895@school.edu,11.009567233837812,9,Bachelor's
STU_001180,Simon,Amina,m,13,Allemagne,Cambridge,Gymnasium,École Élémentaire Victor Hugo,Première,salma.elamrani960@school.edu,25.28159197221694,2,PhD
STU_000922,Meyer,George,m,8,Espagne,Lyon,Primaria,Lycée Hassan II,CE1,william.johnson571@school.edu,24.45519455098642,7,Abitur
STU_001786,Müller,Marie,m,21,USA,Miami,Lycée,McGill University,Grade 2,poppy.davies254@school.edu,19.239622701676243,6,GCSE
STU_000233,Meyer,Léo,m,8,Allemagne,Miami,École Primaire,Mozart Grundschule,3. Semester,lea.leroy424@edu,21.720458619570145,7,Baccalauréat
STU_001242,Williams,Harry,m,9,USA,Winnipeg,Lycée,Lincoln Elementary,Second Year,ava.johnson465@edu,19.888544539810553,9,Bachelor's Degree
STU_001988,González,Daniela,f,6,Espagne,Valencia,Secondary School,Instituto Giner de los Ríos,1º ESO,olivia.macdonald449@edu,12.255039737785161,16,ESO
STU_001371,Pérez,Youssef,m,6,Allemagne,Quebec City,Lycée,Schiller Grundschule,Klasse 12,david.brown691@school.edu,23.769879320448307,2,Abitur
STU_000253,Fassi,Alexander,m,8,Canada,Tanger,École Primaire,École Mohammed V,1º ESO,oscar.evans214@school.edu,21.468337317671782,5,Master
STU_001288,Sánchez,Emma,f,8,Espagne,Miami,Secondary School,Kant-Gymnasium,5. Semester,jules.leroy979@school.edu,10.014894706747342,6,Máster
STU_001055,Rodríguez,Charlotte,m,21,Maroc,Casablanca,Lycée,Université Hassan II,1º ESO,martín.sánchez420@school.edu,19.506784472544556,8,ESO
STU_000364,Martin,Noah,m,14,Espagne,Bilbao,École Primaire,Sorbonne Université,2ème AC,jacob.davies418@school.edu,17.670338735863748,5,Certificat Primaire
STU_001392,Bernard,Ikram,m,18,France,Meknès,Primary School,Schiller Grundschule,Première,leon.hoffmann380@school.edu,19.22655609567282,8,Master
STU_000570,Jones,Lucas,m,4,Canada,Manchester,École Primaire,Maple Elementary,Year 1,karim.benali419@school.edu,25.37058132442266,5,Master
STU_000171,Smith,John,m,7,Allemagne,Frankfurt,Secondary School,Victoria Primary,Year 13,martín.garcía639@school.edu,25.85351405753941,6,PhD
STU_001138,Bernard,Manon,f,22,Maroc,Tanger,Collège,Université Mohammed V,S3,isabella.wilson819@school.edu,12.64184550299219,2,Doctorat
STU_000224,García,Fatima,f,14,Espagne,Sevilla,Secundaria,Colegio Cervantes,Klasse 10,noah.martin464@school.edu,9.655321515060265,17,Bachillerato
STU_001783,Davis,Hugo,m,13,Canada,Vancouver,Primary School,Westminster School,S6,ahmed.benali114@school.edu,24.877252634306238,9,PhD
STU_000381,El Amrani,Manon,m,23,Maroc,Tanger,Université,École Mohammed V,Master 1,ali.sqalli397@school.edu,18.457250633487533,8,Doctorat
STU_000410,Smith,Alejandro,m,21,Allemagne,Quebec City,Universität,Westminster School,5. Semester,clara.robert874@school.edu,18.56170106538301,7,Licence
STU_001469,López,William,m,5,Maroc,Manchester,École Primaire,Colegio Picasso,2º Bachillerato,lea.meyer391@school.edu,20.320254583213174,1,PhD
STU_000538,Tazi,Marie,f,9,France,Tanger,École Primaire,École Al Massira,6. Semester,anna.meyer375@edu,10.33561424700686,0,Baccalauréat
STU_001880,Roy,Emily,m,7,Canada,Oxford,Secondary School,Imperial College London,Grade 11,hugo.dupont199@school.edu,25.376721953084477,8,Baccalauréat
STU_001457,Williams,Inès,m,5,USA,Ottawa,Primary School,Einstein Grundschule,CM1,lena.becker296@school.edu,17.717278550090146,2,Máster
STU_001416,Tremblay,Noah,m,7,Maroc,Lille,Primary School,Calgary High School,Grade 11,amelia.davis723@school.edu,19.929464238310228,9,Master's Degree
STU_001958,Moreau,Ali,m,8,Maroc,Paris,Lycée,Université Mohammed V,Klasse 11,ava.wilson879@school.edu,25.151931162206196,9,Master's Degree
STU_000729,Roy,Louise,m,9,France,Bordeaux,Université,Kant-Gymnasium,1ère année,marie.becker762@school.edu,18.124915502732406,7,Baccalauréat
STU_000763,Martinez,Jack,m,8,Canada,Cambridge,High School,Central High School,Klasse 3,manon.bernard674@school.edu,23.884992591242575,1,Baccalauréat
STU_001751,Dupont,Valeria,m,18,Maroc,Bilbao,Secondary School,University of Oxford,Tronc Commun,jack.roy428@school.edu,25.004432472484662,1,Master
STU_001338,Petit,Fatima,f,20,USA,Vancouver,Lycée,Einstein Grundschule,Grade 2,marie.schneider755@edu,10.355488274981074,5,Brevet
STU_001257,Durand,Hugo,f,13,Maroc,Hamburg,Lycée,Colegio Cervantes,5º Primaria,karim.elamrani649@school.edu,12.248963764301653,8,Bachelor's
STU_000853,Sqalli,Zoé,f,10,Allemagne,Lille,École Primaire,Colegio Cervantes,Master 1,omar.idrissi911@school.edu,9.242030583230123,8,Baccalauréat
STU_001975,Schneider,Youssef,f,18,Allemagne,Edmonton,Grundschule,Collège Averroès,5ème,james.smith176@school.edu,10.48875573562491,10,Certificat Primaire
STU_001180,Fernández,Amina,f,9,Allemagne,Berlin,Grundschule,Goethe-Gymnasium,1º Bachillerato,oscar.wilson279@school.edu,10.539538163802515,7,Bachelor
STU_000178,Schneider,Sophia,m,9,USA,Toulouse,High School,École Élémentaire Victor Hugo,Tronc Commun,william.rodriguez950@school.edu,18.428875809495274,5,PhD
STU_000422,Martín,Ali,m,9,France,Zaragoza,High School,Colegio Picasso,Grade 11,martín.gómez777@school.edu,18.58156958333645,9,Master's
STU_001519,Tremblay,John,m,12,USA,Houston,Elementary School,Vancouver High School,Grade 1,clara.leroy140@school.edu,25.583495418210067,8,Master's
STU_000591,Taylor,Laila,m,14,USA,Leipzig,Elementary School,Pine Elementary,Grade 6,charlie.taylor749@school.edu,21.54804994121516,7,Baccalauréat
STU_000620,Smith,Rachid,m,10,Espagne,Málaga,Primaria,Instituto Lope de Vega,6º Primaria,elias.schmidt348@edu,21.342926201662195,0,ESO
STU_001506,García,Lucía,f,22,Espagne,Madrid,Secundaria,Instituto Giner de los Ríos,S6,pablo.gonzález46@school.edu,10.134404962795475,17,Bachelor
STU_001341,Müller,Noah,f,20,Allemagne,Los Angeles,Grundschule,Kant-Gymnasium,2º ESO,mia.jones864@school.edu,8.532056541091384,9,Bachelor
STU_001946,Moreau,Chloé,m,12,UK,Los Angeles,Secondary School,LSE,Klasse 12,martín.lópez637@edu,20.007995180490745,8,PhD
STU_000809,Fernández,Sanae,f,22,Espagne,Granada,Secundaria,Université Cadi Ayyad,1º Bachillerato,olivia.williams80@school.edu,10.636714344223158,15,Máster
STU_000779,Becker,Chloé,m,8,Allemagne,Köln,Elementary School,Colegio Velázquez,Klasse 2,ethan.wilson906@school.edu,23.532189847313333,7,PhD
STU_001128,Robert,Charlie,m,10,Maroc,Bordeaux,Lycée,Colegio Goya,Grade 10,lukas.wagner155@school.edu,24.100607186632786,4,Baccalauréat
STU_001119,Leroy,Jacob,m,9,Maroc,Miami,Lycée,Pine Elementary,CE1,sofía.martínez449@edu,25.152502262264836,8,PhD
STU_001794,Thomas,Clara,m,11,France,Stuttgart,Université,Colegio Goya,CM2,amine.tazi984@school.edu,19.856748080203843,8,Doctorat
STU_001856,Johnson,Mia,m,7,Canada,London,Primary School,École Jean Jaurès,Grade 3,amelia.davis723@school.edu,21.235544798727236,8,Bachelor's Degree
STU_000819,Hoffmann,Gabriel,f,24,Espagne,Granada,Primaria,Colegio Cervantes,3º Primaria,álvaro.fernández77@school.edu,9.042479315569437,7,Máster
STU_000300,Roy,Jessica,m,22,Canada,London,Grundschule,Universidad Complutense,Year 6,noah.schulz631@school.edu,19.29604624522518,9,Bachelor's Degree
STU_001998,Benali,Jonas,f,21,Allemagne,Hamburg,Lycée,Lycée Hassan II,Première,mia.wagner484@school.edu,12.529772124317333,5,Master
STU_001825,Rodríguez,Ikram,f,21,Espagne,Granada,Universidad,Universidad de Barcelona,1º ESO,chloe.macdonald71@edu,12.568079744820098,7,Doctorado
STU_001917,Wagner,Anthony,f,15,Allemagne,Meknès,École Primaire,École Al Massira,Klasse 10,sarah.leroy44@school.edu,12.716148556014344,3,Master
STU_000010,Davis,Emily,m,11,Canada,Edmonton,Secondary School,Toronto High School,Year 13,chloe.leroy239@edu,25.32502933139246,10,Bachelor's Degree
STU_000544,Schulz,Daniel,m,9,Canada,Cambridge,Primary School,South High School,Year 4,martina.rodríguez446@school.edu,25.25435489249714,4,Master's
STU_000751,Pérez,Ikram,f,9,Maroc,Liverpool,Université,Maple Elementary,Klasse 4,mia.roy199@school.edu,10.385664925705306,10,Master
STU_000638,Fernández,Benjamin,f,20,Espagne,Sevilla,Primaria,Instituto Lope de Vega,Year 13,anna.becker82@school.edu,11.975108131770849,6,Grado
STU_001165,Jones,Youssef,m,15,Maroc,Lille,École Primaire,Universidad de Barcelona,3ème,emilia.wagner715@school.edu,24.612554210234176,9,GCSE
STU_001192,Gómez,Emma,m,7,UK,Cambridge,Middle School,University of Cambridge,Year 13,emma.garcía302@school.edu,24.062092556080945,1,Master's Degree
STU_000665,Hoffmann,Laila,f,6,Allemagne,Leipzig,Grundschule,Universität Heidelberg,Klasse 3,pablo.rodríguez102@school.edu,12.273052099608606,5,Bachelor
STU_001696,Martin,Alejandro,f,12,Allemagne,Stuttgart,High School,Colegio Velázquez,Terminale,william.smith201@school.edu,12.430335066149661,8,Bachelor's
STU_001482,Tremblay,Emily,m,7,UK,Manchester,Middle School,Collège Al Ghazali,Fourth Year,david.brown691@school.edu,20.973528433167306,2,PhD
STU_001654,Schneider,George,m,10,Allemagne,Tanger,Middle School,Westminster School,3ème année,mohamed.fassi450@edu,23.638884082160605,9,Doctorado
STU_000731,Schulz,Leon,f,5,USA,Oxford,University,Goethe Grundschule,1º ESO,emily.roy713@school.edu,12.16447253862256,11,Bachelor's
STU_001266,Martínez,Martina,m,9,Espagne,Bordeaux,Secundaria,Universidad Complutense,5ème année,fatima.sqalli808@school.edu,22.381166165759225,3,Bachillerato
STU_000637,Petit,Anna,f,15,Allemagne,Marrakech,Grundschule,Universität Heidelberg,4ème,karim.alaoui589@school.edu,12.78825148964565,2,Bachelor
STU_001469,Taylor,Chloe,m,11,Canada,Cambridge,Elementary School,École Mohammed V,2º Bachillerato,evelyn.johnson507@school.edu,20.56004476709608,3,Bachelor's Degree
STU_001149,Simon,Alexander,f,4,UK,Edmonton,Elementary School,Colegio Goya,Year 6,lea.simon175@school.edu,9.720298510212737,8,PhD
STU_000819,Rodriguez,Charlotte,m,7,UK,Winnipeg,Primary School,Washington Elementary,Licence 1,manon.leroy670@school.edu,24.982540303570094,10,PhD
STU_000561,Weber,Alexander,m,8,Canada,Casablanca,Grundschule,King's Primary School,Second Year,ethan.roy454@school.edu,24.986560093465684,10,Master
STU_001001,López,Ava,m,17,France,Leipzig,Secondary School,Roosevelt Elementary,Master 2,noah.smith210@school.edu,24.82293905797744,9,Brevet
STU_000524,El Amrani,Paul,m,15,France,Bristol,Lycée,Universidad de Salamanca,Freshman,daniel.miller417@school.edu,24.05454032156255,13,Master
STU_001550,Chakir,David,m,7,USA,Birmingham,High School,Universidad de Barcelona,Senior,evelyn.smith621@school.edu,18.45035611767637,8,Master's
STU_000631,Moreau,Louise,m,9,Maroc,Ottawa,Collège,Collège Averroès,Terminale,gabriel.thomas711@school.edu,24.542281477312308,10,Doctorat
STU_001140,Fischer,Emily,f,8,Allemagne,Lyon,Lycée,Université Ibn Tofail,Second Year,liam.macdonald408@edu,10.198815472359879,4,Master
STU_001371,Petit,Amina,m,15,Maroc,Tanger,École Primaire,Mozart Grundschule,2º Primaria,olivia.williams80@school.edu,24.991943474722493,5,Brevet
STU_000840,Durand,Lily,m,6,Canada,Los Angeles,Secondary School,Collège Molière,Second Year,mehdi.chakir638@school.edu,18.773324331596328,7,Brevet
STU_001396,Simon,Isabella,m,9,Allemagne,Granada,Lycée,St. Mary's Primary,Grade 9,evelyn.garcia625@school.edu,25.665325046430482,3,Master's Degree
STU_000385,Pérez,Valeria,m,15,Espagne,Köln,Primaria,Humboldt-Gymnasium,Klasse 4,alejandro.gómez297@edu,24.517780639485814,17,Doctorado
STU_001683,López,Mathis,m,9,Allemagne,Berlin,Secondary School,Colegio Velázquez,4ème,julia.perez962@school.edu,19.352490878528783,6,Baccalauréat
STU_000945,Schmidt,Lina,m,8,Allemagne,Köln,Gymnasium,Goethe-Gymnasium,3. Semester,matthew.martinez848@school.edu,18.855425039355197,4,Doktor
STU_001837,Martin,Nour,m,10,France,Marseille,École Primaire,Mozart Grundschule,Year 13,isabella.davis295@school.edu,20.00702496248234,9,PhD
STU_001006,Petit,Noah,m,6,France,Marseille,Elementary School,Pine Elementary,Klasse 4,clara.simon747@edu,21.97619553723375,5,Certificat Primaire
STU_000010,Rodríguez,María,f,23,Espagne,Valencia,Universidad,Goethe Grundschule,Première,karim.tazi959@edu,10.219952737489516,7,ESO
STU_001571,Brown,Daniela,f,14,Allemagne,Vancouver,Gymnasium,Instituto Giner de los Ríos,First Year,lucía.rodríguez818@school.edu,9.693243768368005,10,Máster
STU_000539,Bernard,Charlotte,m,10,Espagne,Edmonton,Lycée,Lycée Louis le Grand,Master 1,elias.becker375@edu,24.886243551135557,5,Bachelor's
STU_000900,Jones,Inès,m,7,Canada,London,Lycée,Maple Elementary,Second Year,rachid.fassi583@school.edu,26.273089928044598,8,PhD
STU_000697,Thomas,John,m,9,UK,San Francisco,Secondary School,Colegio Velázquez,Grade 11,jacob.jones556@school.edu,20.232019839159214,9,Master's Degree
STU_001069,Tremblay,Louis,f,7,Maroc,Toulouse,Université,North High School,Klasse 3,william.rodriguez950@school.edu,11.32455347498206,2,Certificat Primaire
STU_000148,Garcia,Mateo,m,12,Canada,Hamburg,Secondary School,Vancouver High School,Postgraduate,emily.taylor458@school.edu,21.1405638719504,9,PhD
STU_001010,Hoffmann,Jonas,m,7,Maroc,Ottawa,Secondary School,Lycée Louis le Grand,Year 5,sofía.martín825@school.edu,17.744673280729614,4,PhD
STU_001180,Sqalli,Mehdi,m,10,Canada,Vancouver,Gymnasium,Jefferson Elementary,Terminale,emma.williams693@school.edu,18.7026020341711,8,Master
STU_000798,Smith,Oliver,m,8,USA,Birmingham,Middle School,South High School,Grade 7,aicha.benjelloun554@school.edu,24.135159484769943,5,Bachelor's Degree
STU_000782,Tremblay,Amine,f,5,Espagne,Cambridge,Lycée,Université Hassan II,Grade 4,mia.johnson489@edu,10.342613250942865,7,Bachelor's Degree
STU_001426,El Amrani,Mohamed,m,8,Allemagne,Rabat,École Primaire,École Al Massira,Première,raphaël.petit892@school.edu,24.8286679287091,8,Baccalauréat
STU_001323,Bennani,Amina,m,9,France,Marseille,École Primaire,South High School,Year 1,james.martinez410@edu,25.119018325797565,9,ESO
STU_001159,Thomas,Daniel,m,5,Allemagne,München,École Primaire,Lincoln Elementary,3ème,luis.muller485@school.edu,19.210580182412222,7,Máster
STU_000167,Durand,Arthur,m,8,France,Tanger,Secondary School,Université Cadi Ayyad,6ème,martina.perez416@school.edu,26.196640439038568,8,Baccalauréat
STU_000971,Martin,Alejandro,m,7,Allemagne,Boston,Universität,University of Alberta,Klasse 4,leo.lópez516@school.edu,24.913734535835793,5,Abitur
STU_000646,Martin,Harry,m,10,Canada,Montreal,Lycée,Collège Al Ghazali,4º Primaria,manuel.perez319@edu,19.196941000718347,6,Master
STU_000850,Sqalli,Lucía,f,19,Espagne,Zaragoza,Secundaria,Universidad Complutense,1º Curso,hassan.alaoui941@school.edu,11.912704281523546,6,Máster
STU_000701,Becker,Gabriel,m,9,Espagne,Paris,Middle School,Roosevelt Elementary,Klasse 4,rachid.chakir219@school.edu,17.108085559650906,9,Máster
STU_001216,Durand,Evelyn,f,7,France,Paris,Lycée,Lycée Louis le Grand,Year 6,william.martinez954@school.edu,8.919585915596258,9,A-Level
STU_000199,Becker,Omar,m,5,Maroc,Paris,Secondary School,Cedar Elementary,5º Primaria,raphaël.durand702@school.edu,19.374508538866536,2,Brevet
STU_000873,Meyer,Lina,f,14,Allemagne,Köln,Universität,LSE,Première,jack.tremblay334@school.edu,12.682603439119235,2,Abitur
STU_001949,Jones,Emily,m,14,USA,Los Angeles,Secondary School,Madison Middle School,2ème AC,jonas.becker880@school.edu,18.853778852772088,7,Master's Degree
STU_001355,Schneider,Jack,m,13,Allemagne,Boston,High School,Oak Elementary,1º ESO,arthur.thomas567@school.edu,21.321387683627727,7,Master
STU_000985,González,Amina,m,17,Allemagne,München,École Primaire,Cambridge High School,4. Semester,anna.meyer743@edu,19.43295385871424,8,Doktor
STU_000712,Hoffmann,Manuel,f,10,Allemagne,Leipzig,Grundschule,Collège Molière,S2,noah.thomas750@school.edu,9.677912087737713,3,Bachelor
STU_000201,Martin,Finn,f,5,Canada,Calgary,Secondary School,Roosevelt Elementary,Grade 3,ahmed.chakir648@school.edu,12.53901098941201,6,PhD
STU_000105,Schulz,Camille,f,12,France,Oujda,Lycée,Lycée Descartes,Klasse 4,lucas.bernard398@school.edu,9.494667129110743,7,Doctorat
STU_001224,El Amrani,Lucía,f,10,Maroc,Rabat,Lycée,Pine Elementary,Grade 9,charlotte.brown807@school.edu,9.617895896290158,1,Doctorat
STU_000202,Williams,James,m,7,USA,Edmonton,Primary School,Cedar Elementary,Première,ines.moreau637@edu,20.989901037402063,6,PhD
STU_001936,Thomas,Harry,m,8,France,Chicago,Collège,Einstein Grundschule,4º Curso,liam.johnson622@school.edu,16.89403331671579,9,Bachelor's Degree
STU_001806,Williams,Thomas,m,7,USA,Oxford,Secondary School,Washington Elementary,Grade 10,finn.schmidt916@edu,22.541965671999847,9,Bachelor's Degree
STU_000473,Williams,Olivia,f,8,Canada,Toulouse,Secondary School,Stanford University,Grade 11,james.johnson234@school.edu,10.3866810927565,6,PhD
STU_001138,Gómez,Thomas,m,20,Espagne,Barcelona,Universidad,Colegio Velázquez,3º Primaria,felix.schneider936@school.edu,18.59840134273584,9,Doctorado
STU_000630,Davies,Isabella,m,8,UK,Oxford,University,St. Mary's Primary,Grade 6,charlotte.anderson868@school.edu,24.82496756765987,8,High School Diploma
STU_001661,Sánchez,Martina,m,9,Allemagne,Quebec City,Gymnasium,Roosevelt Elementary,3º Curso,paula.fernández48@school.edu,25.137507969417086,2,Brevet
STU_001797,Jones,Daniel,m,8,France,Tanger,Collège,Lycée Condorcet,2ème Bac,anthony.rodriguez816@school.edu,24.943138122470796,3,Master
STU_000146,El Amrani,Pablo,m,10,France,Toulouse,Université,Université Lyon 1,Master 1,mehdi.elamrani944@school.edu,21.264299770113382,7,Baccalauréat
STU_000310,Brown,Charlie,f,9,France,Chicago,Secondary School,Einstein Grundschule,Grade 12,benjamin.smith243@edu,9.551853464921939,1,PhD
STU_001243,Thomas,Daniel,f,21,France,Frankfurt,École Primaire,Université Ibn Tofail,Klasse 4,matthew.williams653@school.edu,12.512662080730824,10,Brevet
STU_000892,Martin,Ava,m,7,USA,Boston,Secondary School,Calgary High School,Grade 3,fatima.benali419@school.edu,25.442267660292803,9,PhD
STU_000315,Martín,Isabella,m,15,Allemagne,Birmingham,Primaria,École Ibn Sina,1. Semester,matthew.brown256@edu,18.863325508444643,2,Bachelor
STU_001425,Davies,Hugo,m,20,Maroc,Fès,Lycée,Collège Al Khawarizmi,Grade 8,ines.dupont562@school.edu,20.69403958574687,8,Doctorat
STU_000994,Bernard,Emma,m,8,Maroc,Casablanca,Collège,Instituto Giner de los Ríos,4ème,sophia.anderson614@school.edu,25.03164026502197,6,Licence
STU_001486,Bernard,Oliver,m,9,Maroc,Edmonton,Primary School,Montreal High School,Grade 10,finn.schmidt515@edu,21.15109688283338,1,Licence
STU_000409,Chakir,Mathis,m,9,France,Berlin,Université,Kant-Gymnasium,2ème année,isla.davies543@school.edu,22.646074152079645,8,Doctorat
STU_000178,Rodríguez,Valeria,m,6,Espagne,Sevilla,Universidad,Calgary High School,Postgraduate,emma.gonzález650@edu,20.538164500443976,6,Máster
STU_001839,Wagner,Jules,m,22,Maroc,Tanger,Lycée,Schiller-Gymnasium,Klasse 5,rachid.sqalli103@school.edu,19.434650598142532,15,Baccalauréat
STU_001572,Moreau,Mia,m,10,Espagne,San Francisco,Primary School,Lycée Mohammed V,1ère AC,hannah.schneider944@school.edu,18.53986025641088,3,High School Diploma
STU_001973,Martinez,Emilia,m,8,USA,Birmingham,Gymnasium,Université Grenoble Alpes,4º Primaria,emily.wilson281@school.edu,21.74891006680562,4,A-Level
STU_001199,Brown,Amelia,m,7,UK,Winnipeg,Secondary School,Lincoln Elementary,Master 1,daniela.lópez177@school.edu,19.690838866091095,5,High School Diploma
STU_000316,García,Arthur,m,8,Maroc,Oujda,Middle School,UBC,Second Year,louis.martin537@school.edu,25.54961287822512,10,Baccalauréat
STU_000575,Pérez,Mia,m,16,USA,Houston,Middle School,Victoria Primary,Doctorat,pablo.fernández846@school.edu,19.545578714943648,9,GCSE
STU_000815,Alaoui,Louis,m,16,France,Oujda,Collège,Imperial College London,1º ESO,david.williams204@edu,18.23958014469271,14,Bachelor
STU_001452,Taylor,Rachid,m,6,Canada,Vancouver,Secondary School,Roosevelt Elementary,Grade 3,laila.fassi201@school.edu,19.669344329598896,9,PhD
STU_000558,Bernard,Michael,m,7,France,Frankfurt,Elementary School,Goethe-Gymnasium,2ème Bac,oliver.macdonald773@edu,23.206744258561777,3,Master
STU_000969,El Amrani,Lucas,m,12,Maroc,Cambridge,Lycée,Harvard University,S5,ava.williams58@school.edu,18.33933059316388,3,Doctorat
STU_001092,El Amrani,Sanae,f,8,Maroc,Berlin,Lycée,École Jules Ferry,2ème Bac,lucas.garcía368@edu,12.1783610541838,7,Doctorat
STU_000720,Bennani,Marie,m,20,Maroc,Lille,Elementary School,Kant-Gymnasium,Grade 10,lucas.martin414@school.edu,24.720399171742358,6,Master's Degree
STU_001690,García,Mehdi,f,20,Espagne,Berlin,Secundaria,Universidad Complutense,2º ESO,marwa.idrissi581@school.edu,12.306563834079602,6,Bachillerato
STU_001683,Benali,Emma,m,8,France,Manchester,Middle School,Lycée Moulay Youssef,First Year,karim.alaoui589@school.edu,18.711825640157073,4,ESO
STU_001778,Brown,Thomas,m,8,Canada,New York,Secondary School,King's Primary School,Sophomore,felix.meyer399@school.edu,25.686982422143444,6,Master's Degree
STU_001272,Evans,Emily,m,13,UK,Rabat,Secondary School,Collège Al Khawarizmi,Year 13,isabella.tremblay779@school.edu,24.75074937968273,7,Master's Degree
STU_001349,Williams,Lena,f,8,Canada,Cambridge,Elementary School,King's Primary School,Grade 3,lena.schmidt699@school.edu,10.272428187250759,4,Bachelor's Degree
STU_000833,Becker,Isabella,m,6,Canada,Düsseldorf,Secondary School,École Ibn Sina,Grade 5,lea.meyer656@school.edu,26.20351202111759,9,PhD
STU_001317,Simon,Poppy,m,8,Maroc,Berlin,Gymnasium,Lycée Condorcet,Grade 9,maría.martínez325@edu,21.045246826065164,10,Licence
STU_000163,Miller,Jonas,m,15,Canada,New York,Elementary School,École Jules Ferry,5º Primaria,james.johnson234@school.edu,23.65411975045547,5,PhD
STU_000976,Moreau,Jonas,f,15,Maroc,Fès,Collège,Lycée Condorcet,5ème,sofía.martínez182@edu,9.521247353211333,8,Doctorat
STU_001272,Alaoui,Sophia,m,15,France,Oujda,Collège,TU Berlin,Year 9,daniel.martínez25@school.edu,18.75133483136913,2,Licence
STU_000841,Hoffmann,Julia,m,9,Canada,Houston,Gymnasium,Westminster School,Klasse 9,lina.wagner911@school.edu,20.88033559364267,3,Bachelor's Degree
STU_000543,Davis,Oscar,m,7,USA,Toronto,Secondary School,Franklin Middle School,Klasse 10,alejandro.garcía590@edu,24.23909433698941,8,Bachelor's Degree
STU_001377,Durand,Amina,m,5,Espagne,Valencia,Université,Colegio Velázquez,Klasse 4,daniela.sánchez583@edu,19.446302766994165,1,Grado
STU_001657,Williams,Mia,m,8,USA,Los Angeles,Secondary School,Westminster School,Year 1,william.garcia787@school.edu,21.688957840473705,6,GCSE
STU_001125,Fassi,Marwa,m,9,Allemagne,Bilbao,Université,École Ibn Sina,1ère année,ikram.benali921@school.edu,18.49227244903885,8,Bachillerato
STU_001921,Fernández,Noah,m,9,Canada,Oxford,Elementary School,Harvard University,Year 1,sophia.brown328@school.edu,18.959628222854917,2,Bachelor's
STU_000163,Leroy,Léo,m,8,Maroc,Granada,Université,Central High School,4º Curso,mia.johnson980@edu,18.881448832359983,-1,Baccalauréat
STU_001267,Thomas,Marwa,m,13,Canada,Miami,High School,Westminster School,1ère Bac,alexander.smith732@school.edu,24.210232461361585,4,Master
STU_001336,Evans,Sarah,m,9,France,Bilbao,Université,Colegio Velázquez,Graduate,lina.becker428@school.edu,23.84768034845001,7,Brevet
STU_000306,Sqalli,Zineb,f,9,Maroc,Nantes,Collège,Victoria Primary,4º Primaria,marwa.sqalli115@school.edu,9.426630963700202,3,Doctorat
STU_000209,Fernández,Louise,f,15,Allemagne,Madrid,Universität,Oxford High School,3ème,emily.roy911@school.edu,12.08108802096671,4,Doctorado
STU_000814,Weber,Sophia,f,9,USA,Vancouver,Secondary School,École Pasteur,3º ESO,daniel.fernández531@school.edu,11.684022111394112,9,Master's
STU_001763,Dupont,Oscar,m,9,UK,Strasbourg,Universität,Stanford University,5ème,marie.hoffmann572@school.edu,25.524373283630027,7,Master
STU_000785,Idrissi,Emma,m,10,Maroc,Edmonton,Lycée,Lycée Hassan II,Year 13,john.davis825@school.edu,16.940468550190722,4,Doctorat
STU_001572,Idrissi,Sophie,m,9,Allemagne,Meknès,Lycée,Calgary High School,Première,leo.gonzález406@school.edu,19.47963699030084,6,Master
STU_001701,Pérez,Noah,m,9,Espagne,Düsseldorf,High School,Collège Averroès,Licence 3,emma.durand799@school.edu,18.321657762007867,3,Licence
STU_000852,Martin,James,f,7,UK,Vancouver,Lycée,Universität München,2º Bachillerato,mia.johnson224@school.edu,12.88632098530871,1,Bachelor's
STU_001389,Petit,John,m,13,France,Paris,Collège,Cedar Elementary,1º Bachillerato,mia.wilson874@edu,25.44393802248083,10,PhD
STU_000813,Johnson,George,f,12,UK,Oxford,Secondary School,Oxford High School,Year 10,charlie.thomas252@edu,11.826614880231432,7,ESO
STU_000505,Rodriguez,Olivia,m,11,USA,Tanger,Middle School,Stanford University,Sophomore,evelyn.rodriguez89@school.edu,21.496985896490315,5,Bachelor's Degree
STU_001270,Jones,Jack,m,7,Canada,Edmonton,Secondary School,Pine Elementary,Year 10,harry.smith467@school.edu,17.931748821949036,2,Bachelor's
STU_000945,Benjelloun,Lena,m,7,Maroc,Barcelona,Grundschule,Colegio Picasso,Year 8,emma.martin299@school.edu,25.123229723361682,2,Master's Degree
STU_001024,Johnson,Emily,m,10,UK,Los Angeles,University,Roosevelt Elementary,First Year,ikram.elamrani736@school.edu,20.21172484296521,8,Master's
STU_001353,Thomas,Mohamed,m,11,Maroc,Marseille,Collège,Universität Heidelberg,Year 5,charlie.brown50@school.edu,20.26867479691706,7,Doktor
STU_001410,MacDonald,Valeria,m,7,Canada,Liverpool,Lycée,TU Berlin,Year 1,oscar.wilson279@school.edu,25.016217088688194,2,GCSE
STU_001892,Müller,Amina,m,5,Canada,Cambridge,Universität,Cambridge High School,5ème année,lina.wagner901@school.edu,20.57270092952829,6,Master
STU_000346,Johnson,Noah,m,9,UK,San Francisco,Secondary School,Pine Elementary,Grade 4,oliver.taylor316@school.edu,25.110494514709387,8,Bachelor's
STU_000656,Davies,Chloe,m,8,Canada,Winnipeg,Middle School,Universität München,Year 8,ava.johnson465@edu,25.031210478929157,9,Master's
STU_001933,Fernández,Emilia,m,5,Allemagne,Düsseldorf,Universität,Goethe Grundschule,Klasse 3,manon.moreau711@school.edu,19.956640813964587,1,Doktor
STU_001538,Müller,Leon,m,7,Allemagne,Vancouver,Lycée,Montreal High School,Terminale,isabella.evans348@school.edu,19.481642390175978,9,Master
STU_001377,Brown,Benjamin,m,9,Canada,Houston,Secondary School,Kennedy Middle School,Third Year,paul.schneider863@school.edu,18.805064686165736,7,A-Level
STU_001885,López,Lily,m,12,USA,Strasbourg,Middle School,Washington Elementary,Postgraduate,daniel.williams558@school.edu,21.159469070250672,8,Máster
STU_001059,García,Lucía,f,15,Espagne,Stuttgart,Primaria,Humboldt-Gymnasium,1º Curso,valeria.garcía665@school.edu,9.33266357897735,9,Máster
STU_001475,García,Matthew,m,9,Espagne,Málaga,Primaria,Colegio Cervantes,3º Primaria,lina.muller815@edu,24.467243124127098,0,Bachelor's
STU_001789,Wilson,James,m,7,UK,Vancouver,Secondary School,King's Primary School,Grade 10,hugo.dupont974@school.edu,19.53317792728329,9,Bachelor's
STU_000757,Bernard,Pablo,m,22,Allemagne,Casablanca,Universität,Kennedy Middle School,1ère AC,lucas.martin414@school.edu,24.243854767356318,6,Master
STU_000296,García,Sofía,f,22,Espagne,Valencia,Primaria,Universidad Complutense,1º Curso,evelyn.brown120@school.edu,9.202697344045994,5,Máster
STU_001026,Gómez,Charlie,f,9,Canada,Winnipeg,Elementary School,Lycée Hassan II,Grade 1,ines.robert821@edu,9.66122425872426,4,GCSE
STU_001342,Wagner,Chloe,m,13,Allemagne,Strasbourg,Primary School,Kant-Gymnasium,2ème AC,emilia.schneider240@school.edu,20.989930272792456,14,Abitur
STU_001813,González,Harry,m,9,Canada,Marseille,Lycée,Humboldt-Gymnasium,2ème AC,ava.macdonald760@edu,18.205223704123203,11,ESO
STU_001471,Martin,Rachid,m,9,USA,Hamburg,Secondary School,Collège Voltaire,1ère année,benjamin.tremblay499@school.edu,21.969469724095724,10,Abitur
STU_001347,García,Pablo,f,12,Espagne,Madrid,Primaria,Universidad Complutense,Year 1,mia.weber644@edu,12.533380776773921,5,Abitur
STU_000299,Fischer,Noah,m,6,Allemagne,Lyon,École Primaire,École Al Massira,Second Year,daniela.rodríguez779@school.edu,22.32367248216606,3,PhD
STU_001376,Jones,Karim,m,20,France,Lille,Université,McGill University,6ème année,jacob.thomas486@school.edu,21.850566675648796,6,Licence
STU_000764,Wilson,Benjamin,m,7,UK,Boston,High School,Yale University,5ème année,james.smith710@edu,25.236358167050795,9,PhD
STU_000654,Martin,Rachid,m,11,France,Paris,Université,Westminster School,S1,lina.hoffmann136@edu,19.956040409880195,7,Licence
STU_001455,Wilson,Mia,f,16,USA,Bristol,Middle School,North High School,Grade 6,leo.petit202@school.edu,12.795985663690558,4,Bachelor's Degree
STU_001677,Schneider,Manuel,f,10,Maroc,Paris,Middle School,North High School,Klasse 7,emma.muller909@school.edu,12.879067940105033,7,Master's
STU_000596,Smith,Amelia,m,4,UK,Quebec City,Secondary School,Collège Molière,Second Year,sanae.benjelloun230@edu,21.211024884085962,10,PhD
STU_000974,Leroy,Matthew,m,15,France,Ottawa,Université,Lycée Descartes,Year 13,joseph.rodriguez694@school.edu,19.0469473136015,8,Doctorat
STU_000753,Jones,Marie,m,7,USA,Lyon,Elementary School,St. Mary's Primary,Grade 8,ava.miller195@school.edu,20.41329463790393,3,Bachelor's Degree
STU_000868,Leroy,Noah,m,9,Canada,Edmonton,Primary School,UCL,Grade 3,benjamin.brown520@edu,25.391037428609156,5,Bachelor's Degree
STU_000550,Brown,William,m,6,Espagne,Madrid,Secondary School,Colegio Cervantes,Klasse 4,noah.martin293@edu,18.211715176042837,5,Doctorado
STU_000383,Smith,Sophia,m,8,Allemagne,Hamburg,Primary School,Toronto High School,Grade 4,laila.benjelloun909@school.edu,24.88923456669692,6,PhD
STU_001620,Williams,Louis,m,8,Canada,Manchester,Universität,Toronto High School,Grade 1,valeria.garcía665@school.edu,19.066910173995364,8,Master's
STU_001654,Benjelloun,Jules,m,9,Maroc,Oujda,Université,South High School,Doctorat,mohamed.alaoui936@school.edu,19.550450426083614,8,Bachelor's Degree
STU_001751,Martín,Sanae,f,18,Espagne,Granada,Primaria,Washington Elementary,Year 8,noah.tremblay880@school.edu,12.710322462055387,5,ESO
STU_000972,Martínez,Noah,f,18,Espagne,Málaga,Secundaria,Instituto Lope de Vega,1º Bachillerato,amina.chakir581@school.edu,9.597440800162776,6,Bachillerato
STU_000108,Hoffmann,Isla,f,15,Allemagne,Rabat,Grundschule,Toronto High School,Grade 2,poppy.jones510@school.edu,9.948025953915517,14,Abitur
STU_000468,Sánchez,Isabella,f,16,Espagne,Edmonton,Secondary School,Instituto Giner de los Ríos,Grade 3,thomas.smith271@school.edu,12.575159314896885,2,A-Level
STU_001798,López,Lucía,f,21,Espagne,Boston,Universidad,Colegio Goya,Year 6,matthew.rodriguez726@school.edu,10.92296666320649,9,Doctorado
STU_001118,Bennani,Alexander,m,9,France,Rabat,École Primaire,Université Paris-Saclay,S5,amine.sqalli493@school.edu,20.457561861434222,8,Licence
STU_001011,Johnson,Ethan,m,9,USA,Montreal,Secondary School,Université Lyon 1,Year 13,james.johnson234@school.edu,24.928365220866986,13,PhD
STU_000585,Taylor,Oscar,m,16,USA,Los Angeles,Elementary School,Pine Elementary,6ème année,james.roy152@school.edu,19.94927131708773,8,Licence
STU_001826,Martinez,Mathis,m,7,USA,San Francisco,University,Sorbonne Université,4ème année,sofía.fernández391@school.edu,24.138190211765195,6,Master's Degree
STU_001927,Chakir,María,m,9,Allemagne,Bilbao,Primaria,Collège Pierre et Marie Curie,Grade 4,rachid.chakir252@school.edu,24.775887461924945,7,Master
STU_001018,Wilson,Liam,m,9,UK,Winnipeg,Secondary School,Toronto High School,Year 2,finn.fischer951@school.edu,19.305033191082813,9,High School Diploma
STU_000765,Martin,Emily,m,7,Maroc,Boston,Secondary School,Oxford High School,Tronc Commun,leo.simon726@school.edu,19.45631571920383,1,Bachelor's
STU_001225,Petit,Álvaro,m,17,France,Oujda,Université,Lycée Hassan II,6. Semester,ali.fassi806@school.edu,19.18577052928295,8,Master
STU_000155,Garcia,Sofía,m,8,UK,Quebec City,Secondary School,Goethe Grundschule,4º Curso,evelyn.garcia625@school.edu,16.873942752908214,9,Master's Degree
STU_000964,Rodríguez,Ava,f,8,Espagne,Sevilla,Primaria,Colegio Cervantes,4º Curso,emilia.schmidt649@school.edu,11.734398982641157,7,Bachillerato
STU_000098,El Amrani,Ava,f,10,Maroc,Lille,High School,Lycée Hassan II,2ème AC,salma.elamrani960@school.edu,9.848589484295061,14,Licence
STU_000081,González,Rachid,f,20,Espagne,Málaga,Primaria,Universidad de Salamanca,Grade 7,sophia.brown512@school.edu,12.71489268191755,8,ESO
STU_001696,González,Julia,m,12,Allemagne,Toronto,Elementary School,Stanford University,Terminale,hugo.martin652@school.edu,25.580019923155245,10,GCSE
STU_001859,Becker,Hugo,m,18,Maroc,Fès,Lycée,Lycée Mohammed V,3ème AC,zoe.leroy425@school.edu,20.09487870121502,8,Doctorat
STU_001064,Chakir,Daniel,m,6,France,Barcelona,Lycée,Lycée Henri IV,CE2,matthew.miller469@school.edu,19.89005962114966,9,ESO
STU_001355,Gómez,Leo,f,11,Espagne,Zaragoza,Primaria,Universidad Complutense,3º Primaria,mia.martinez527@school.edu,12.316010936005743,7,ESO
STU_000342,Williams,William,m,9,Allemagne,Stuttgart,Secondary School,Université Paris-Saclay,Graduate,louis.martin537@school.edu,22.021544560255712,9,High School Diploma
STU_001942,Davies,Mehdi,m,11,Canada,Málaga,Middle School,Lincoln Elementary,5. Semester,alba.fernández821@school.edu,24.66636804298711,17,High School Diploma
STU_000869,Fernández,Marie,f,9,Maroc,Marseille,Secondary School,Lycée Mohammed V,Grade 12,emma.leroy420@school.edu,12.767896060908626,9,Máster
STU_000284,Meyer,Alba,m,19,Allemagne,Köln,Universität,Schiller-Gymnasium,2ème AC,ahmed.bennani453@school.edu,16.79626225549015,19,Doktor
STU_000970,Thomas,Martín,m,5,UK,Ottawa,University,Lycée Moulay Youssef,Second Year,marie.hoffmann572@school.edu,17.176051277769687,9,GCSE
STU_001902,Schmidt,Ahmed,f,9,Allemagne,Köln,Universität,Université Mohammed V,Klasse 4,camille.dupont221@school.edu,12.257693640502257,1,Baccalauréat
STU_000994,Dupont,William,m,8,Canada,Ottawa,Secondary School,Lycée Henri IV,Première,charlotte.smith462@school.edu,24.739191615045293,10,Bachelor's
STU_001225,Bennani,John,m,8,Allemagne,Lyon,École Primaire,Universität Hamburg,Terminale,charlotte.brown624@edu,20.91866680772084,5,High School Diploma
STU_001092,Williams,Charlotte,f,7,Canada,Cambridge,Primary School,King's Primary School,Grade 3,david.davis780@edu,12.863091782054333,2,GCSE
STU_000565,Martin,Louis,m,7,Canada,Rabat,École Primaire,Oxford High School,Grade 11,lina.weber53@school.edu,18.910436294371436,8,High School Diploma
STU_000776,Müller,Sofía,f,19,Allemagne,München,Gymnasium,Instituto Ramón y Cajal,3. Semester,omar.chakir932@edu,12.477529375167704,7,Doktor
STU_000145,Sánchez,Amelia,m,8,UK,Chicago,Secundaria,Universität München,Klasse 4,ethan.anderson802@school.edu,19.258810530021787,7,Grado
STU_001745,Müller,Michael,m,16,Allemagne,Rabat,Gymnasium,Kant-Gymnasium,Graduate,charlotte.johnson274@school.edu,20.47578070536637,6,GCSE
STU_000424,Hoffmann,Charlie,m,12,Allemagne,Toulouse,Lycée,Collège Al Khawarizmi,Première,emilia.schmidt906@school.edu,20.00297159577864,9,Doctorado
STU_001963,Taylor,Alejandro,m,11,USA,Birmingham,Secondary School,Universidad Complutense,S4,thomas.davis746@edu,23.42753008928306,5,Máster
STU_000467,Fernández,Rachid,m,10,Allemagne,Frankfurt,Collège,École Ibn Sina,Klasse 1,elias.hoffmann590@school.edu,21.158866168588784,1,Brevet
STU_001881,Chakir,Sanae,m,15,Maroc,München,Lycée,TU Berlin,5ème,mia.jones468@school.edu,24.148723421408242,7,Licence
STU_000342,Dupont,Léo,m,9,France,London,École Primaire,Lycée Descartes,Master 1,lucía.fernández464@school.edu,21.3527531050934,5,Baccalauréat
STU_001459,Taylor,María,f,17,Canada,Cambridge,École Primaire,Instituto Ramón y Cajal,1º Curso,liam.smith470@edu,12.74854613656824,10,Doctorat
STU_001301,Schneider,Mehdi,m,8,UK,Birmingham,Secondary School,Victoria Primary,First Year,lucas.martin414@school.edu,18.395377834978746,9,High School Diploma
STU_001520,Petit,Louis,m,11,France,Casablanca,Université,Collège Pierre et Marie Curie,2ème Bac,mia.jones468@school.edu,24.69019539971446,4,Licence
STU_000964,Weber,Amine,m,19,France,Strasbourg,Secondary School,Goethe-Gymnasium,Year 13,leo.robert562@edu,21.309188236489405,7,Master
STU_001639,Sánchez,John,m,7,France,Stuttgart,École Primaire,TU Berlin,2ème année,lucas.rodríguez864@school.edu,25.083848638961634,7,Baccalauréat
STU_000867,Martin,Daniela,m,7,Maroc,Meknès,École Primaire,Adams Middle School,4º Curso,louis.robert238@school.edu,20.329045058558638,9,Brevet
STU_000886,García,Charlie,f,9,Maroc,Strasbourg,Lycée,Toronto High School,3ème AC,manuel.martínez346@edu,10.486752136516396,6,Bachelor
STU_000134,Becker,Emilia,m,8,Allemagne,Leipzig,Grundschule,Collège Pierre et Marie Curie,6. Semester,amine.bennani998@school.edu,20.030076712926466,7,Doktor
STU_000829,Schneider,Evelyn,m,8,Allemagne,Leipzig,Collège,Universität Hamburg,1ère AC,harper.rodriguez52@school.edu,19.23185707279706,1,Abitur
STU_000053,Pérez,Lea,m,9,Espagne,Málaga,Primaria,Universidad de Salamanca,5. Semester,harry.smith18@edu,19.049488151327203,5,PhD
STU_001013,Dupont,Jacob,m,13,Espagne,Edinburgh,Middle School,Schiller-Gymnasium,3º ESO,aicha.bennani375@school.edu,16.82022487934881,13,Brevet
STU_000134,Bennani,Louise,m,22,Maroc,Bordeaux,École Primaire,Universität Hamburg,Sophomore,jack.tremblay204@school.edu,20.697594010511924,0,Certificat Primaire
STU_000274,Robert,Karim,m,20,Maroc,Frankfurt,École Primaire,Kant-Gymnasium,Première,ben.wagner213@school.edu,21.452764528236415,2,Master
STU_000398,Becker,Ava,m,14,Canada,Seattle,Secondary School,UBC,Postgraduate,ethan.macdonald140@school.edu,21.64756020802949,8,PhD
STU_001879,Becker,Sofía,m,6,Canada,Granada,Primaria,Université Paris-Saclay,1. Semester,felix.schulz950@school.edu,25.29846114113726,7,Baccalauréat
STU_000255,El Amrani,Jonas,f,22,Espagne,Bordeaux,High School,LSE,Year 11,lucas.fernández123@school.edu,8.653542992670003,9,GCSE
STU_000081,Williams,Sophia,m,11,Allemagne,Edmonton,Elementary School,Central High School,Fourth Year,lea.weber617@edu,21.53885107296565,2,Bachelor
STU_000824,Martin,Olivia,m,7,UK,Chicago,Universität,Cedar Elementary,Graduate,amina.chakir581@school.edu,24.79281867996071,7,Bachelor's
STU_001968,Williams,Manuel,m,9,UK,Seattle,University,Cambridge High School,Klasse 1,manon.petit165@school.edu,19.49434310166105,1,GCSE
STU_000675,Thomas,Sanae,m,6,Maroc,Tanger,Primary School,Adams Middle School,Klasse 2,nour.idrissi819@school.edu,19.249580222948495,4,A-Level
STU_001446,Martínez,Sofía,f,9,Espagne,Valencia,Universidad,Colegio Cervantes,2ème Bac,matthew.rodriguez726@school.edu,9.436493308816672,1,Grado
STU_000687,Rodríguez,Paula,f,10,Espagne,Valencia,Universidad,Westminster School,2ème Bac,gabriel.martin234@school.edu,10.1017926385995,18,Doctorado
STU_000469,Dupont,Léo,m,21,France,Oujda,Université,Université Mohammed V,3ème,william.davies1@school.edu,23.609584055499298,7,Baccalauréat
STU_000096,Robert,Mathis,m,21,Maroc,Berlin,Collège,Lycée Louis le Grand,Freshman,paul.schulz488@school.edu,20.316125320025943,4,Baccalauréat
STU_000923,Evans,Jessica,m,4,Canada,Houston,Secondary School,Westminster School,Grade 3,chloe.taylor241@school.edu,20.319624245303718,9,PhD
STU_000427,El Amrani,Emily,f,16,Canada,Boston,Secondary School,Madison Middle School,5ème,harry.evans981@school.edu,13.060102439354354,8,Master
STU_000523,García,Manuel,m,20,Espagne,Meknès,Primaria,Universidad Complutense,1º ESO,mia.johnson224@school.edu,25.12855626762873,7,Baccalauréat
STU_001867,Evans,Charlotte,m,7,UK,London,Secondary School,Westminster School,Year 8,thomas.davies671@school.edu,20.78883383524216,9,Bachelor's
STU_000570,Jones,Hugo,m,7,Maroc,Boston,Secondary School,Kennedy Middle School,Grade 10,james.garcia85@edu,21.099285315728753,2,A-Level
STU_001000,López,Paula,m,14,Espagne,Fès,Universidad,Colegio Velázquez,Year 4,isabella.brown142@school.edu,21.542308900226864,2,Grado
STU_000571,Roy,Evelyn,m,8,France,Paris,Elementary School,Universidad de Salamanca,Grade 11,isabella.johnson996@school.edu,16.638538427532897,18,Doctorado
STU_000610,Davis,Jack,m,5,Espagne,Toronto,Lycée,Instituto Lope de Vega,1º ESO,paul.schneider737@school.edu,21.36807243963625,1,Master's Degree
STU_001273,Benjelloun,Felix,m,22,France,Bordeaux,École Primaire,Roosevelt Elementary,1. Semester,john.martinez740@edu,18.749216589134157,1,Doctorat
STU_001989,Roy,Martín,m,11,Allemagne,Oxford,Primary School,Einstein Grundschule,Terminale,zineb.fassi416@school.edu,22.40573857216659,1,High School Diploma
STU_001570,Müller,Martina,m,8,USA,Tanger,Lycée,Montreal High School,Klasse 7,harry.thomas469@school.edu,18.465679329518757,15,Master
STU_000760,Pérez,Zineb,m,19,Espagne,Lyon,Secundaria,Instituto Lope de Vega,1º ESO,hugo.lópez782@school.edu,23.760910773637967,0,Doctorado
STU_001158,Martin,Charlotte,m,6,USA,Chicago,University,Calgary High School,Grade 11,laila.benali235@school.edu,24.811735221494555,9,PhD
STU_001842,Thomas,James,m,8,USA,New York,Secondary School,Pine Elementary,6. Semester,lena.becker890@edu,20.450267031867824,6,Bachelor's
STU_001368,Weber,Hugo,m,15,Maroc,Frankfurt,Lycée,Lycée Hassan II,2ème Bac,harry.smith18@edu,21.039614132304692,7,Doctorat
STU_001092,Thomas,Emma,m,8,Canada,Edmonton,University,Cedar Elementary,Year 8,hugo.martin974@school.edu,19.65300065882525,9,Brevet
STU_001378,Leroy,Mia,m,21,Maroc,Lille,High School,Vancouver High School,Klasse 4,mateo.fernández274@school.edu,22.64100389392783,1,PhD
STU_001904,Chakir,Sarah,f,15,Allemagne,Paris,Gymnasium,Universität München,Première,harry.evans981@school.edu,9.698984616158054,8,Máster
STU_000194,Chakir,Alexander,m,12,USA,Edmonton,Elementary School,Calgary High School,Grade 10,nour.bennani431@school.edu,23.834722011178542,8,PhD
STU_001842,Jones,Mia,m,9,USA,Edmonton,Lycée,Madison Middle School,Year 2,ines.simon769@school.edu,23.597331651014358,6,High School Diploma
STU_001349,Simon,Aicha,m,9,France,Oujda,Primary School,Colegio Velázquez,CE1,emma.garcia543@school.edu,24.252059770089293,9,Baccalauréat
STU_001986,Davies,Sophia,m,9,Canada,Montreal,Secondary School,Maple Elementary,Grade 3,manon.dupont792@edu,19.39328197249263,9,PhD
STU_001264,Brown,Sophia,m,7,Allemagne,Lyon,Lycée,East High School,Grade 3,matthew.johnson787@school.edu,26.075849440820935,4,PhD
STU_000893,Johnson,Hassan,m,9,Canada,Winnipeg,Secondary School,Université Mohammed V,Year 13,clara.durand447@school.edu,17.560825950479757,4,Bachelor
STU_001795,Jones,Alexander,f,4,Canada,Marseille,University,Montreal High School,1. Semester,raphaël.bernard583@school.edu,9.6347827841151,4,PhD
STU_001753,Rodríguez,Martina,m,20,Espagne,Valencia,Universidad,Universidad de Barcelona,1º Primaria,sofía.fernández391@school.edu,25.65246083102429,9,Bachillerato
STU_000446,Chakir,William,m,7,France,Strasbourg,Collège,École Pasteur,Master 1,noah.moreau676@school.edu,24.86402642792045,9,Grado
STU_000496,Alaoui,Sofía,f,10,Allemagne,Leipzig,Grundschule,Universität Heidelberg,4. Semester,daniela.gonzález865@school.edu,9.821818808312305,6,Abitur
STU_001236,Sqalli,Emilia,m,9,Espagne,Boston,Grundschule,École Pasteur,3ème AC,emma.martin121@school.edu,19.249673622824478,9,ESO
STU_001406,García,María,f,6,Espagne,Sevilla,Lycée,Instituto Lope de Vega,4º Primaria,amelia.garcia444@school.edu,12.030093886167364,17,ESO
STU_000894,Becker,Marie,m,15,Espagne,Hamburg,Universität,Universidad de Salamanca,Licence 1,mateo.martín306@school.edu,24.362898635471662,4,Master
STU_001821,Taylor,Evelyn,m,5,Maroc,Köln,Lycée,Oxford High School,First Year,marie.schulz688@school.edu,18.804968817539123,8,High School Diploma
STU_001717,Martinez,Manuel,m,8,Allemagne,Miami,Gymnasium,Einstein Grundschule,Klasse 12,gabriel.thomas11@school.edu,23.49236353469509,9,PhD
STU_001717,Becker,Mateo,m,18,USA,Berlin,Lycée,Maple Elementary,Grade 11,mia.jones864@school.edu,18.317395851963518,2,Bachelor's Degree
STU_000637,Davies,Sophia,m,8,Maroc,Marseille,École Primaire,Université Mohammed V,Grade 3,hugo.robert589@school.edu,25.411068124060098,6,A-Level
STU_001622,El Amrani,Ethan,f,11,Maroc,Meknès,Collège,South High School,Tronc Commun,alba.sánchez355@school.edu,10.11530746366863,9,Master's
STU_001026,Bennani,Camille,m,4,France,Lille,University,Schiller-Gymnasium,5. Semester,felix.muller700@school.edu,25.349566530000615,9,Bachelor's Degree
STU_000090,Becker,Ahmed,m,4,Espagne,Toronto,Collège,École Jules Ferry,2ème Bac,leo.thomas443@school.edu,17.962617668455994,4,Master
STU_001771,Evans,Arthur,m,8,Canada,Lille,Lycée,Universität Hamburg,Grade 10,lucía.gonzález401@edu,19.290325177234145,7,Brevet
STU_000994,Bernard,Martín,m,19,Maroc,Lyon,Lycée,Cedar Elementary,4º Primaria,nour.benali477@school.edu,20.71600048575997,8,Licence
STU_001371,Miller,Jules,m,13,Allemagne,Chicago,École Primaire,Collège Al Khawarizmi,Year 3,gabriel.thomas711@school.edu,25.746355483346385,4,PhD
STU_001132,Idrissi,Paul,f,5,Allemagne,Barcelona,Gymnasium,Goethe Grundschule,3. Semester,leo.bernard488@school.edu,10.194229050430295,12,Doktor
STU_001420,El Amrani,Noah,f,13,France,Strasbourg,Lycée,École Pasteur,First Year,paul.schulz488@school.edu,10.372055280332525,9,Brevet
STU_001847,Rodríguez,Jonas,m,22,Espagne,Düsseldorf,Primaria,Goethe Grundschule,4ème,raphaël.durand702@school.edu,23.410576950719104,8,Máster
STU_001470,Petit,Sanae,m,11,France,Tanger,Universidad,Collège Jean Moulin,Grade 6,ben.wagner638@school.edu,22.705958836568243,1,Brevet
STU_000730,Pérez,Sophie,f,13,Espagne,Málaga,Primaria,Universität München,2ème AC,olivia.williams80@school.edu,12.459833215636614,15,ESO
STU_001565,Gómez,Jonas,m,14,Maroc,Toulouse,Secundaria,Imperial College London,5. Semester,marwa.benali388@school.edu,19.361416656209265,8,A-Level
STU_001945,Martin,Emma,m,8,Maroc,Köln,Lycée,Colegio Velázquez,5º Primaria,john.jones363@school.edu,22.81541040282488,9,Master
STU_001224,Meyer,Lucía,f,19,Allemagne,San Francisco,Secundaria,Instituto Ramón y Cajal,1º Curso,hannah.becker538@school.edu,12.389959954920041,5,Máster
STU_000202,Meyer,Mia,m,6,Allemagne,Seattle,Elementary School,Collège Al Ghazali,3. Semester,louise.moreau807@school.edu,18.6810154157743,1,ESO
STU_001647,Leroy,Amine,m,4,USA,Chicago,Lycée,Montreal High School,3º ESO,lina.wagner911@school.edu,21.128576096407507,3,Master's Degree
STU_001028,Robert,Mia,m,23,Maroc,Oujda,Elementary School,Lycée Hassan II,6ème,isabella.anderson177@school.edu,24.304419916165365,9,Master
STU_001251,Durand,Omar,m,9,Maroc,Miami,Primaria,University of Alberta,Senior,elias.weber654@school.edu,21.571091322608716,8,Doctorat
STU_001020,Brown,William,m,6,UK,Chicago,University,Montreal High School,Grade 2,alexander.johnson715@edu,21.83055946485084,10,PhD
STU_000870,Schmidt,John,m,8,Allemagne,Frankfurt,Lycée,Jefferson Elementary,Grade 10,isabella.thomas933@school.edu,20.975900716775183,5,Bachelor's
STU_001624,Durand,Youssef,m,18,USA,Málaga,École Primaire,TU Berlin,Klasse 4,ahmed.bennani225@school.edu,18.410488645861104,9,Brevet
STU_000253,Chakir,Noah,m,9,Maroc,Lille,Elementary School,Universidad de Salamanca,2ème Bac,paula.fernández826@school.edu,24.294753284468747,0,PhD
STU_001108,Miller,Oliver,m,10,UK,Oxford,Secondary School,King's Primary School,Grade 3,noah.evans112@school.edu,20.517393638203153,9,Abitur
STU_000298,MacDonald,Daniel,m,9,Allemagne,Nantes,Grundschule,Collège Al Khawarizmi,2. Semester,chloe.macdonald126@school.edu,23.66451408979014,10,ESO
STU_001500,Schmidt,George,m,9,Allemagne,München,Grundschule,Goethe Grundschule,Grade 6,sarah.leroy44@school.edu,24.227149891718398,7,Baccalauréat
STU_001579,Wagner,Martín,f,16,Canada,Köln,Grundschule,Lycée Descartes,Klasse 4,william.roy135@edu,8.890325340691636,9,Bachelor
STU_000926,Thomas,Emma,m,12,Canada,Tanger,École Primaire,Collège Voltaire,5ème année,manon.bernard674@school.edu,24.895334987531918,4,PhD
